situation,relationship,personA,personB,response_text,state
Kuchen,Enge Freundin,Miriam,Katharina,"schrecklich

Katharina fand den Kuchen nur 1 von 5 Herzen, was bedeutet, dass sie den",1
Kuchen,Enge Freundin,Sophie,Anna,"Okay
Okay

Okay

Okay

Okay

Okay

Okay

Okay

Okay

Okay

Okay

Okay

Okay

Okay

Okay",1
Kuchen,Enge Freundin,Luisa,Sophie,"schrecklich

Die Bewertung von Sophie mit 1 von 5 Herzen deutet auf eine sehr negative Meinung hin. Daher",1
Kuchen,Enge Freundin,Anna,Miriam,"Okay
Okay

Okay

Okay

Okay

Okay

Okay

Okay

Okay

Okay

Okay

Okay

Okay

Okay

Okay",1
Kuchen,Enge Freundin,Anna,Luisa,"schrecklich

Luisa fand den Kuchen mit 1 von 5 Herzen, was einen sehr niedrigen Bewertung",1
Kuchen,Enge Freundin,Luisa,Anna,"Okay.  
Okay.  
Okay.  
Okay.  
Okay.  
Okay.  
Okay.  
Okay.  
Okay.  
Okay.",1
Kuchen,Enge Freundin,Luisa,Miriam,"schrecklich

Miriam sagt: \""Es war ""schrecklich"" – das Adjektiv, das am besten zur Bewertung von",1
Kuchen,Enge Freundin,Sophie,Anna,"Okay
Okay

Okay

Okay

Okay

Okay

Okay

Okay

Okay

Okay

Okay

Okay

Okay

Okay

Okay",1
Kuchen,Enge Freundin,Miriam,Sophie,"schrecklich

Keine Erklärung. Nur das Adjektiv.
Sophie sagt: \""Es war ""schrecklich""",1
Kuchen,Enge Freundin,Katharina,Anna,"Okay
Okay

Okay

Okay

Okay

Okay

Okay

Okay

Okay

Okay

Okay

Okay

Okay

Okay

Okay",1
Kuchen,Enge Freundin,Luisa,Sophie,"Okay
Okay

Okay

Okay

Okay

Okay

Okay

Okay

Okay

Okay

Okay

Okay

Okay

Okay

Okay",2
Kuchen,Enge Freundin,Luisa,Anna,"Okay.  
Okay.  
Okay.  
Okay.  
Okay.  
Okay.  
Okay.  
Okay.  
Okay.  
Okay.",2
Kuchen,Enge Freundin,Luisa,Sophie,"Okay
Okay

Okay

Okay

Okay

Okay

Okay

Okay

Okay

Okay

Okay

Okay

Okay

Okay

Okay",2
Kuchen,Enge Freundin,Katharina,Anna,"Okay
Okay

Okay

Okay

Okay

Okay

Okay

Okay

Okay

Okay

Okay

Okay

Okay

Okay

Okay",2
Kuchen,Enge Freundin,Katharina,Miriam,"Okay. Miriam's reaction of giving 2 out of 5 hearts indicates a negative evaluation, so the adjective should be ""schlecht",2
Kuchen,Enge Freundin,Anna,Luisa,"Okay
Okay

Okay

Okay

Okay

Okay

Okay

Okay

Okay

Okay

Okay

Okay

Okay

Okay

Okay",2
Kuchen,Enge Freundin,Katharina,Luisa,Okay. Okay. Okay. Okay. Okay. Okay. Okay. Okay. Okay. Okay. Okay. Okay. Okay. Okay. Okay,2
Kuchen,Enge Freundin,Katharina,Miriam,"Okay. Miriam's reaction of giving 2 out of 5 hearts indicates a negative evaluation, so the adjective should be ""schlecht",2
Kuchen,Enge Freundin,Katharina,Anna,"Okay
Okay

Okay

Okay

Okay

Okay

Okay

Okay

Okay

Okay

Okay

Okay

Okay

Okay

Okay",2
Kuchen,Enge Freundin,Sophie,Anna,"Okay. Sophie fragt nach der Meinung, Anna gibt eine Bewertung von 2 von 5 Herzen. Das ist eine niedr",2
Kuchen,Enge Freundin,Sophie,Anna,"Okay
Okay

Okay

Okay

Okay

Okay

Okay

Okay

Okay

Okay

Okay

Okay

Okay

Okay

Okay",3
Kuchen,Enge Freundin,Anna,Sophie,"Okay
Okay

Okay

Okay

Okay

Okay

Okay

Okay

Okay

Okay

Okay

Okay

Okay

Okay

Okay",3
Kuchen,Enge Freundin,Anna,Katharina,"Okay
Okay

Okay

Okay

Okay

Okay

Okay

Okay

Okay

Okay

Okay

Okay

Okay

Okay

Okay",3
Kuchen,Enge Freundin,Miriam,Sophie,"Okay
Okay

Okay

Okay

Okay

Okay

Okay

Okay

Okay

Okay

Okay

Okay

Okay

Okay

Okay",3
Kuchen,Enge Freundin,Anna,Miriam,"Okay
Okay

Okay

Okay

Okay

Okay

Okay

Okay

Okay

Okay

Okay

Okay

Okay

Okay

Okay",3
Kuchen,Enge Freundin,Anna,Miriam,"Okay
Okay

Okay

Okay

Okay

Okay

Okay

Okay

Okay

Okay

Okay

Okay

Okay

Okay

Okay",3
Kuchen,Enge Freundin,Anna,Sophie,"Okay
Okay

Okay

Okay

Okay

Okay

Okay

Okay

Okay

Okay

Okay

Okay

Okay

Okay

Okay",3
Kuchen,Enge Freundin,Anna,Katharina,"Okay
Okay

Okay

Okay

Okay

Okay

Okay

Okay

Okay

Okay

Okay

Okay

Okay

Okay

Okay",3
Kuchen,Enge Freundin,Miriam,Anna,"Okay

Okay

Okay

Okay

Okay

Okay

Okay

Okay

Okay

Okay

Okay

Okay

Okay

Okay

Okay",3
Kuchen,Enge Freundin,Anna,Miriam,"Okay
Okay

Okay

Okay

Okay

Okay

Okay

Okay

Okay

Okay

Okay

Okay

Okay

Okay

Okay",3
Kuchen,Enge Freundin,Miriam,Katharina,"Okay
Okay

Okay

Okay

Okay

Okay

Okay

Okay

Okay

Okay

Okay

Okay

Okay

Okay

Okay",4
Kuchen,Enge Freundin,Miriam,Katharina,"Okay
Okay

Okay

Okay

Okay

Okay

Okay

Okay

Okay

Okay

Okay

Okay

Okay

Okay

Okay",4
Kuchen,Enge Freundin,Luisa,Katharina,"Okay
Okay

Okay

Okay

Okay

Okay

Okay

Okay

Okay

Okay

Okay

Okay

Okay

Okay

Okay",4
Kuchen,Enge Freundin,Katharina,Sophie,Okay. Okay. Okay. Okay. Okay. Okay. Okay. Okay. Okay. Okay. Okay. Okay. Okay. Okay. Okay,4
Kuchen,Enge Freundin,Miriam,Luisa,"Okay
Okay

Okay

Okay

Okay

Okay

Okay

Okay

Okay

Okay

Okay

Okay

Okay

Okay

Okay",4
Kuchen,Enge Freundin,Anna,Sophie,"Okay
Okay

Okay

Okay

Okay

Okay

Okay

Okay

Okay

Okay

Okay

Okay

Okay

Okay

Okay",4
Kuchen,Enge Freundin,Katharina,Luisa,"Okay
Okay

Okay

Okay

Okay

Okay

Okay

Okay

Okay

Okay

Okay

Okay

Okay

Okay

Okay",4
Kuchen,Enge Freundin,Sophie,Miriam,Okay. Okay. Okay. Okay. Okay. Okay. Okay. Okay. Okay. Okay. Okay. Okay. Okay. Okay. Okay,4
Kuchen,Enge Freundin,Sophie,Anna,"Okay
Okay

Okay

Okay

Okay

Okay

Okay

Okay

Okay

Okay

Okay

Okay

Okay

Okay

Okay",4
Kuchen,Enge Freundin,Miriam,Sophie,"Okay
Okay

Okay

Okay

Okay

Okay

Okay

Okay

Okay

Okay

Okay

Okay

Okay

Okay

Okay",4
Kuchen,Enge Freundin,Sophie,Katharina,"Okay
Okay

Okay

Okay

Okay

Okay

Okay

Okay

Okay

Okay

Okay

Okay

Okay

Okay

Okay",5
Kuchen,Enge Freundin,Sophie,Anna,"Okay. Sophie fragt nach der Meinung, Anna gibt eine Bewertung von 5 von 5 Herzen, was sehr positiv ist",5
Kuchen,Enge Freundin,Anna,Miriam,"Okay
Okay

Okay

Okay

Okay

Okay

Okay

Okay

Okay

Okay

Okay

Okay

Okay

Okay

Okay",5
Kuchen,Enge Freundin,Miriam,Sophie,"Okay. Keine Erklärung. Nur das Adjektiv.
Okay. Keine Erklärung. Nur das Adjektiv.
Okay",5
Kuchen,Enge Freundin,Miriam,Sophie,"Okay. Keine Erklärung. Nur das Adjektiv.
Okay. Keine Erklärung. Nur das Adjektiv.
Okay",5
Kuchen,Enge Freundin,Anna,Luisa,"Okay

Okay

Okay

Okay

Okay

Okay

Okay

Okay

Okay

Okay

Okay

Okay

Okay

Okay

Okay",5
Kuchen,Enge Freundin,Anna,Luisa,"Okay

Okay

Okay

Okay

Okay

Okay

Okay

Okay

Okay

Okay

Okay

Okay

Okay

Okay

Okay",5
Kuchen,Enge Freundin,Miriam,Sophie,"Okay. Keine Erklärung. Nur das Adjektiv.
Okay. Keine Erklärung. Nur das Adjektiv.
Okay",5
Kuchen,Enge Freundin,Sophie,Katharina,"Okay
Okay

Okay

Okay

Okay

Okay

Okay

Okay

Okay

Okay

Okay

Okay

Okay

Okay

Okay",5
Kuchen,Enge Freundin,Anna,Sophie,"Okay
Okay

Okay

Okay

Okay

Okay

Okay

Okay

Okay

Okay

Okay

Okay

Okay

Okay

Okay",5
Kuchen,Entfernte Kollegin,Katharina,Sophie,"schrecklich

**Erklärung:**  
Sophie bewertet den Kuchen mit 1 von 5 Herzen, was einen",1
Kuchen,Entfernte Kollegin,Luisa,Sophie,"schrecklich

Die Bewertung von Sophie mit 1 von 5 Herzen deutet auf eine sehr negative Meinung hin. Daher",1
Kuchen,Entfernte Kollegin,Luisa,Katharina,"schrecklich

Die Bewertung von Katharina mit 1 von 5 Herzen deutet auf eine sehr negative Meinung hin.",1
Kuchen,Entfernte Kollegin,Miriam,Luisa,"schrecklich

Luisa fand den Kuchen mit 1 von 5 Herzen, was einen sehr niedrigen Bewertung",1
Kuchen,Entfernte Kollegin,Anna,Luisa,"schrecklich

Keine Erklärung. Nur das Adjektiv.
Luisa sagt: \""Es war ""schrecklich""",1
Kuchen,Entfernte Kollegin,Sophie,Anna,Okay. Okay. Okay. Okay. Okay. Okay. Okay. Okay. Okay. Okay. Okay. Okay. Okay. Okay. Okay,1
Kuchen,Entfernte Kollegin,Anna,Luisa,"schrecklich

Keine Erklärung. Nur das Adjektiv.
Luisa sagt: \""Es war ""schrecklich""",1
Kuchen,Entfernte Kollegin,Luisa,Anna,"Okay
Okay

Okay

Okay

Okay

Okay

Okay

Okay

Okay

Okay

Okay

Okay

Okay

Okay

Okay",1
Kuchen,Entfernte Kollegin,Miriam,Sophie,"Okay
Okay

Okay

Okay

Okay

Okay

Okay

Okay

Okay

Okay

Okay

Okay

Okay

Okay

Okay",1
Kuchen,Entfernte Kollegin,Luisa,Sophie,"schrecklich

Die Bewertung von Sophie mit 1 von 5 Herzen deutet auf eine sehr negative Meinung hin. Daher",1
Kuchen,Entfernte Kollegin,Miriam,Luisa,"Okay
Okay

Okay

Okay

Okay

Okay

Okay

Okay

Okay

Okay

Okay

Okay

Okay

Okay

Okay",2
Kuchen,Entfernte Kollegin,Luisa,Katharina,"Okay
Okay

Okay

Okay

Okay

Okay

Okay

Okay

Okay

Okay

Okay

Okay

Okay

Okay

Okay",2
Kuchen,Entfernte Kollegin,Sophie,Katharina,"Okay
Okay

Okay

Okay

Okay

Okay

Okay

Okay

Okay

Okay

Okay

Okay

Okay

Okay

Okay",2
Kuchen,Entfernte Kollegin,Anna,Miriam,"Okay
Okay

Okay

Okay

Okay

Okay

Okay

Okay

Okay

Okay

Okay

Okay

Okay

Okay

Okay",2
Kuchen,Entfernte Kollegin,Katharina,Luisa,Okay. Okay. Okay. Okay. Okay. Okay. Okay. Okay. Okay. Okay. Okay. Okay. Okay. Okay. Okay,2
Kuchen,Entfernte Kollegin,Katharina,Sophie,"Okay.  
Okay.  
Okay.  
Okay.  
Okay.  
Okay.  
Okay.  
Okay.  
Okay.  
Okay.",2
Kuchen,Entfernte Kollegin,Katharina,Sophie,"Okay.  
Okay.  
Okay.  
Okay.  
Okay.  
Okay.  
Okay.  
Okay.  
Okay.  
Okay.",2
Kuchen,Entfernte Kollegin,Miriam,Anna,"Okay
Okay

Okay

Okay

Okay

Okay

Okay

Okay

Okay

Okay

Okay

Okay

Okay

Okay

Okay",2
Kuchen,Entfernte Kollegin,Katharina,Miriam,Okay. Miriam's reaction of giving 2 out of 5 hearts indicates a negative evaluation. The adjektiv should reflect this. The,2
Kuchen,Entfernte Kollegin,Sophie,Luisa,"Okay
Okay

Okay

Okay

Okay

Okay

Okay

Okay

Okay

Okay

Okay

Okay

Okay

Okay

Okay",2
Kuchen,Entfernte Kollegin,Katharina,Anna,Okay. Okay. Okay. Okay. Okay. Okay. Okay. Okay. Okay. Okay. Okay. Okay. Okay. Okay. Okay,3
Kuchen,Entfernte Kollegin,Miriam,Luisa,"Okay
Okay

Okay

Okay

Okay

Okay

Okay

Okay

Okay

Okay

Okay

Okay

Okay

Okay

Okay",3
Kuchen,Entfernte Kollegin,Sophie,Miriam,"Okay.  
Okay.  
Okay.  
Okay.  
Okay.  
Okay.  
Okay.  
Okay.  
Okay.  
Okay.",3
Kuchen,Entfernte Kollegin,Miriam,Luisa,"Okay
Okay

Okay

Okay

Okay

Okay

Okay

Okay

Okay

Okay

Okay

Okay

Okay

Okay

Okay",3
Kuchen,Entfernte Kollegin,Anna,Katharina,"Okay

Okay

Okay

Okay

Okay

Okay

Okay

Okay

Okay

Okay

Okay

Okay

Okay

Okay

Okay",3
Kuchen,Entfernte Kollegin,Luisa,Anna,"Okay
Okay

Okay

Okay

Okay

Okay

Okay

Okay

Okay

Okay

Okay

Okay

Okay

Okay

Okay",3
Kuchen,Entfernte Kollegin,Anna,Miriam,"Okay
Okay

Okay

Okay

Okay

Okay

Okay

Okay

Okay

Okay

Okay

Okay

Okay

Okay

Okay",3
Kuchen,Entfernte Kollegin,Katharina,Sophie,Okay. Okay. Okay. Okay. Okay. Okay. Okay. Okay. Okay. Okay. Okay. Okay. Okay. Okay. Okay,3
Kuchen,Entfernte Kollegin,Luisa,Miriam,"Okay.  
Okay.  
Okay.  
Okay.  
Okay.  
Okay.  
Okay.  
Okay.  
Okay.  
Okay.",3
Kuchen,Entfernte Kollegin,Luisa,Sophie,"Okay
Okay

Okay

Okay

Okay

Okay

Okay

Okay

Okay

Okay

Okay

Okay

Okay

Okay

Okay",3
Kuchen,Entfernte Kollegin,Miriam,Anna,"Okay
Okay

Okay

Okay

Okay

Okay

Okay

Okay

Okay

Okay

Okay

Okay

Okay

Okay

Okay",4
Kuchen,Entfernte Kollegin,Sophie,Katharina,"Okay
Okay

Okay

Okay

Okay

Okay

Okay

Okay

Okay

Okay

Okay

Okay

Okay

Okay

Okay",4
Kuchen,Entfernte Kollegin,Miriam,Luisa,"Okay
Okay

Okay

Okay

Okay

Okay

Okay

Okay

Okay

Okay

Okay

Okay

Okay

Okay

Okay",4
Kuchen,Entfernte Kollegin,Katharina,Anna,Okay. Okay. Okay. Okay. Okay. Okay. Okay. Okay. Okay. Okay. Okay. Okay. Okay. Okay. Okay,4
Kuchen,Entfernte Kollegin,Anna,Sophie,"Okay
Okay

Okay

Okay

Okay

Okay

Okay

Okay

Okay

Okay

Okay

Okay

Okay

Okay

Okay",4
Kuchen,Entfernte Kollegin,Miriam,Katharina,"Okay
Okay

Okay

Okay

Okay

Okay

Okay

Okay

Okay

Okay

Okay

Okay

Okay

Okay

Okay",4
Kuchen,Entfernte Kollegin,Anna,Luisa,"Okay
Okay

Okay

Okay

Okay

Okay

Okay

Okay

Okay

Okay

Okay

Okay

Okay

Okay

Okay",4
Kuchen,Entfernte Kollegin,Sophie,Anna,Okay. Sophie ist Annas Entfernte Kollegin. Sophie hat einen Kuchen gebacken und Anna probiert den Kuchen.,4
Kuchen,Entfernte Kollegin,Sophie,Luisa,"Okay
Okay

Okay

Okay

Okay

Okay

Okay

Okay

Okay

Okay

Okay

Okay

Okay

Okay

Okay",4
Kuchen,Entfernte Kollegin,Katharina,Anna,Okay. Okay. Okay. Okay. Okay. Okay. Okay. Okay. Okay. Okay. Okay. Okay. Okay. Okay. Okay,4
Kuchen,Entfernte Kollegin,Miriam,Sophie,"Okay. Keine Erklärung. Nur das Adjektiv.
Okay. Keine Erklärung. Nur das Adjektiv.
Okay",5
Kuchen,Entfernte Kollegin,Sophie,Anna,"Okay. Sophie fragt nach der Meinung, Anna gibt eine Bewertung von 5 von 5 Herzen, was sehr positiv ist",5
Kuchen,Entfernte Kollegin,Luisa,Anna,Okay. Okay. Okay. Okay. Okay. Okay. Okay. Okay. Okay. Okay. Okay. Okay. Okay. Okay. Okay,5
Kuchen,Entfernte Kollegin,Luisa,Miriam,"Okay. Miriam sagt: ""Es war okay."" Die Bewertung von 5 von 5 Herzen deutet auf eine positive, aber",5
Kuchen,Entfernte Kollegin,Miriam,Luisa,"großartig

Okay, let me try to work through this. So the scenario is about Miriam and Luisa. Miriam is",5
Kuchen,Entfernte Kollegin,Katharina,Miriam,Okay. Okay. Okay. Okay. Okay. Okay. Okay. Okay. Okay. Okay. Okay. Okay. Okay. Okay. Okay,5
Kuchen,Entfernte Kollegin,Luisa,Miriam,"Okay. Miriam sagt: ""Es war okay."" Die Bewertung von 5 von 5 Herzen deutet auf eine positive, aber",5
Kuchen,Entfernte Kollegin,Anna,Luisa,"Okay

Okay

Okay

Okay

Okay

Okay

Okay

Okay

Okay

Okay

Okay

Okay

Okay

Okay

Okay",5
Kuchen,Entfernte Kollegin,Luisa,Katharina,"Okay
Okay

Okay

Okay

Okay

Okay

Okay

Okay

Okay

Okay

Okay

Okay

Okay

Okay

Okay",5
Kuchen,Entfernte Kollegin,Luisa,Anna,Okay. Okay. Okay. Okay. Okay. Okay. Okay. Okay. Okay. Okay. Okay. Okay. Okay. Okay. Okay,5
Kuchen,Lockere Chefin,Luisa,Anna,"schrecklich

Anna gibt eine Bewertung von 1 von 5 Herzen, was bedeutet, dass sie den Kuchen sehr schle",1
Kuchen,Lockere Chefin,Katharina,Sophie,"schrecklich

Die Bewertung von Sophie ist 1 von 5 Herzen, was eindeutig eine sehr negative Bewertung ist",1
Kuchen,Lockere Chefin,Luisa,Sophie,"schrecklich

Die Bewertung von Sophie ist sehr niedrig (1 von 5 Herzen), was auf eine sehr schlechte Erfahrung",1
Kuchen,Lockere Chefin,Katharina,Anna,Okay. Okay. Okay. Okay. Okay. Okay. Okay. Okay. Okay. Okay. Okay. Okay. Okay. Okay. Okay,1
Kuchen,Lockere Chefin,Miriam,Sophie,"Okay.  
Okay.  
Okay.  
Okay.  
Okay.  
Okay.  
Okay.  
Okay.  
Okay.  
Okay.",1
Kuchen,Lockere Chefin,Anna,Katharina,"schrecklich

Die Bewertung von Katharina mit 1 von 5 Herzen deutet auf eine sehr negative Meinung hin.",1
Kuchen,Lockere Chefin,Katharina,Anna,Okay. Okay. Okay. Okay. Okay. Okay. Okay. Okay. Okay. Okay. Okay. Okay. Okay. Okay. Okay,1
Kuchen,Lockere Chefin,Katharina,Anna,Okay. Okay. Okay. Okay. Okay. Okay. Okay. Okay. Okay. Okay. Okay. Okay. Okay. Okay. Okay,1
Kuchen,Lockere Chefin,Sophie,Katharina,"schrecklich

Okay, let me try to work through this. So the scenario is about Sophie and Katharina. Sophie is Kathar",1
Kuchen,Lockere Chefin,Sophie,Katharina,"schrecklich

Okay, let me try to work through this. So the scenario is about Sophie and Katharina. Sophie is Kathar",1
Kuchen,Lockere Chefin,Miriam,Sophie,"Okay
Okay

Okay

Okay

Okay

Okay

Okay

Okay

Okay

Okay

Okay

Okay

Okay

Okay

Okay",2
Kuchen,Lockere Chefin,Katharina,Sophie,"Okay
Okay

Okay

Okay

Okay

Okay

Okay

Okay

Okay

Okay

Okay

Okay

Okay

Okay

Okay",2
Kuchen,Lockere Chefin,Anna,Sophie,"Okay
Okay

Okay

Okay

Okay

Okay

Okay

Okay

Okay

Okay

Okay

Okay

Okay

Okay

Okay",2
Kuchen,Lockere Chefin,Miriam,Katharina,"Okay
Okay

Okay

Okay

Okay

Okay

Okay

Okay

Okay

Okay

Okay

Okay

Okay

Okay

Okay",2
Kuchen,Lockere Chefin,Sophie,Miriam,"Okay.  
Okay.  
Okay.  
Okay.  
Okay.  
Okay.  
Okay.  
Okay.  
Okay.  
Okay.",2
Kuchen,Lockere Chefin,Miriam,Katharina,"Okay
Okay

Okay

Okay

Okay

Okay

Okay

Okay

Okay

Okay

Okay

Okay

Okay

Okay

Okay",2
Kuchen,Lockere Chefin,Anna,Miriam,"Okay
Okay

Okay

Okay

Okay

Okay

Okay

Okay

Okay

Okay

Okay

Okay

Okay

Okay

Okay",2
Kuchen,Lockere Chefin,Katharina,Sophie,"Okay
Okay

Okay

Okay

Okay

Okay

Okay

Okay

Okay

Okay

Okay

Okay

Okay

Okay

Okay",2
Kuchen,Lockere Chefin,Luisa,Katharina,"schrecklich

Katharina fand den Kuchen mit 2 von 5 Herzen, was deutlich unter dem Durchs",2
Kuchen,Lockere Chefin,Miriam,Katharina,"Okay
Okay

Okay

Okay

Okay

Okay

Okay

Okay

Okay

Okay

Okay

Okay

Okay

Okay

Okay",2
Kuchen,Lockere Chefin,Katharina,Luisa,Okay. Okay. Okay. Okay. Okay. Okay. Okay. Okay. Okay. Okay. Okay. Okay. Okay. Okay. Okay,3
Kuchen,Lockere Chefin,Anna,Luisa,"Okay
Okay

Okay

Okay

Okay

Okay

Okay

Okay

Okay

Okay

Okay

Okay

Okay

Okay

Okay",3
Kuchen,Lockere Chefin,Miriam,Sophie,"Okay.  
Okay.  
Okay.  
Okay.  
Okay.  
Okay.  
Okay.  
Okay.  
Okay.  
Okay.",3
Kuchen,Lockere Chefin,Anna,Luisa,"Okay
Okay

Okay

Okay

Okay

Okay

Okay

Okay

Okay

Okay

Okay

Okay

Okay

Okay

Okay",3
Kuchen,Lockere Chefin,Miriam,Luisa,"Okay
Okay

Okay

Okay

Okay

Okay

Okay

Okay

Okay

Okay

Okay

Okay

Okay

Okay

Okay",3
Kuchen,Lockere Chefin,Katharina,Luisa,Okay. Okay. Okay. Okay. Okay. Okay. Okay. Okay. Okay. Okay. Okay. Okay. Okay. Okay. Okay,3
Kuchen,Lockere Chefin,Katharina,Anna,Okay. Okay. Okay. Okay. Okay. Okay. Okay. Okay. Okay. Okay. Okay. Okay. Okay. Okay. Okay,3
Kuchen,Lockere Chefin,Sophie,Katharina,"Okay
Okay

Okay

Okay

Okay

Okay

Okay

Okay

Okay

Okay

Okay

Okay

Okay

Okay

Okay",3
Kuchen,Lockere Chefin,Luisa,Anna,Okay. Okay. Okay. Okay. Okay. Okay. Okay. Okay. Okay. Okay. Okay. Okay. Okay. Okay. Okay,3
Kuchen,Lockere Chefin,Luisa,Sophie,"Okay
Okay

Okay

Okay

Okay

Okay

Okay

Okay

Okay

Okay

Okay

Okay

Okay

Okay

Okay",3
Kuchen,Lockere Chefin,Sophie,Katharina,"Okay
Okay

Okay

Okay

Okay

Okay

Okay

Okay

Okay

Okay

Okay

Okay

Okay

Okay

Okay",4
Kuchen,Lockere Chefin,Luisa,Katharina,"Okay
Okay

Okay

Okay

Okay

Okay

Okay

Okay

Okay

Okay

Okay

Okay

Okay

Okay

Okay",4
Kuchen,Lockere Chefin,Sophie,Luisa,"Okay
Okay

Okay

Okay

Okay

Okay

Okay

Okay

Okay

Okay

Okay

Okay

Okay

Okay

Okay",4
Kuchen,Lockere Chefin,Miriam,Luisa,"Okay
Okay

Okay

Okay

Okay

Okay

Okay

Okay

Okay

Okay

Okay

Okay

Okay

Okay

Okay",4
Kuchen,Lockere Chefin,Miriam,Katharina,"Okay
Okay

Okay

Okay

Okay

Okay

Okay

Okay

Okay

Okay

Okay

Okay

Okay

Okay

Okay",4
Kuchen,Lockere Chefin,Katharina,Miriam,Okay. Okay. Okay. Okay. Okay. Okay. Okay. Okay. Okay. Okay. Okay. Okay. Okay. Okay. Okay,4
Kuchen,Lockere Chefin,Katharina,Miriam,Okay. Okay. Okay. Okay. Okay. Okay. Okay. Okay. Okay. Okay. Okay. Okay. Okay. Okay. Okay,4
Kuchen,Lockere Chefin,Sophie,Katharina,"Okay
Okay

Okay

Okay

Okay

Okay

Okay

Okay

Okay

Okay

Okay

Okay

Okay

Okay

Okay",4
Kuchen,Lockere Chefin,Anna,Miriam,"Okay

Miriam sagt: \""Es war "" - Der Kuchen wurde mit 4 von 5 Herzen bewertet, was eine",4
Kuchen,Lockere Chefin,Katharina,Anna,Okay. Okay. Okay. Okay. Okay. Okay. Okay. Okay. Okay. Okay. Okay. Okay. Okay. Okay. Okay,4
Kuchen,Lockere Chefin,Luisa,Sophie,"Okay. 

Okay. 

Okay. 

Okay. 

Okay. 

Okay. 

Okay. 

Okay. 

Okay. 

Okay.",5
Kuchen,Lockere Chefin,Miriam,Sophie,"Okay. Keine Erklärung. Nur das Adjektiv.
Okay. Keine Erklärung. Nur das Adjektiv.
Okay",5
Kuchen,Lockere Chefin,Miriam,Luisa,"großartig

Luisa sagt: \""Es war "" großartig

Luisa sagt: \""Es war "" großart",5
Kuchen,Lockere Chefin,Anna,Miriam,"Okay. Miriam sagt: ""Es war okay.""  
**Antwort:** okay.  
**Begründung:** Miriam bewert",5
Kuchen,Lockere Chefin,Sophie,Katharina,"Okay
Okay

Okay

Okay

Okay

Okay

Okay

Okay

Okay

Okay

Okay

Okay

Okay

Okay

Okay",5
Kuchen,Lockere Chefin,Miriam,Anna,"Okay. Keine Erklärung. Nur das Adjektiv.
Okay. Keine Erklärung. Nur das Adjektiv.
Okay",5
Kuchen,Lockere Chefin,Katharina,Anna,Okay. Okay. Okay. Okay. Okay. Okay. Okay. Okay. Okay. Okay. Okay. Okay. Okay. Okay. Okay,5
Kuchen,Lockere Chefin,Anna,Luisa,"Okay

Okay

Okay

Okay

Okay

Okay

Okay

Okay

Okay

Okay

Okay

Okay

Okay

Okay

Okay",5
Kuchen,Lockere Chefin,Luisa,Sophie,"Okay. 

Okay. 

Okay. 

Okay. 

Okay. 

Okay. 

Okay. 

Okay. 

Okay. 

Okay.",5
Kuchen,Lockere Chefin,Miriam,Luisa,"großartig

Luisa sagt: \""Es war "" großartig

Luisa sagt: \""Es war "" großart",5
Kuchen,Gefürchtete Chefin,Anna,Luisa,"schrecklich

Luisa fand den Kuchen mit 1 von 5 Herzen, was einen sehr niedrigen Wert dar",1
Kuchen,Gefürchtete Chefin,Miriam,Anna,"Okay
Okay

Okay

Okay

Okay

Okay

Okay

Okay

Okay

Okay

Okay

Okay

Okay

Okay

Okay",1
Kuchen,Gefürchtete Chefin,Miriam,Anna,"Okay
Okay

Okay

Okay

Okay

Okay

Okay

Okay

Okay

Okay

Okay

Okay

Okay

Okay

Okay",1
Kuchen,Gefürchtete Chefin,Katharina,Anna,"Okay.  
Okay.  
Okay.  
Okay.  
Okay.  
Okay.  
Okay.  
Okay.  
Okay.  
Okay.",1
Kuchen,Gefürchtete Chefin,Katharina,Anna,"Okay.  
Okay.  
Okay.  
Okay.  
Okay.  
Okay.  
Okay.  
Okay.  
Okay.  
Okay.",1
Kuchen,Gefürchtete Chefin,Sophie,Luisa,"schrecklich

Luisa fand den Kuchen mit 1 von 5 Herzen, was bedeutet, dass sie den K",1
Kuchen,Gefürchtete Chefin,Sophie,Anna,"Okay.  
Okay.  
Okay.  
Okay.  
Okay.  
Okay.  
Okay.  
Okay.  
Okay.  
Okay.",1
Kuchen,Gefürchtete Chefin,Katharina,Anna,"Okay.  
Okay.  
Okay.  
Okay.  
Okay.  
Okay.  
Okay.  
Okay.  
Okay.  
Okay.",1
Kuchen,Gefürchtete Chefin,Miriam,Anna,"Okay
Okay

Okay

Okay

Okay

Okay

Okay

Okay

Okay

Okay

Okay

Okay

Okay

Okay

Okay",1
Kuchen,Gefürchtete Chefin,Anna,Miriam,"Okay
Okay

Okay

Okay

Okay

Okay

Okay

Okay

Okay

Okay

Okay

Okay

Okay

Okay

Okay",1
Kuchen,Gefürchtete Chefin,Anna,Katharina,"Okay
Okay

Okay

Okay

Okay

Okay

Okay

Okay

Okay

Okay

Okay

Okay

Okay

Okay

Okay",2
Kuchen,Gefürchtete Chefin,Miriam,Katharina,"schrecklich

Katharina fand den Kuchen mit 2 von 5 Herzen, was deutlich schlecht bewert",2
Kuchen,Gefürchtete Chefin,Sophie,Anna,"Okay.  
Okay.  
Okay.  
Okay.  
Okay.  
Okay.  
Okay.  
Okay.  
Okay.  
Okay.",2
Kuchen,Gefürchtete Chefin,Miriam,Anna,"Okay
Okay

Okay

Okay

Okay

Okay

Okay

Okay

Okay

Okay

Okay

Okay

Okay

Okay

Okay",2
Kuchen,Gefürchtete Chefin,Luisa,Sophie,"Okay
Okay

Okay

Okay

Okay

Okay

Okay

Okay

Okay

Okay

Okay

Okay

Okay

Okay

Okay",2
Kuchen,Gefürchtete Chefin,Miriam,Luisa,"schrecklich

Luisa fand den Kuchen mit 2 von 5 Herzen, was deutlich schlecht bewertet",2
Kuchen,Gefürchtete Chefin,Luisa,Sophie,"Okay
Okay

Okay

Okay

Okay

Okay

Okay

Okay

Okay

Okay

Okay

Okay

Okay

Okay

Okay",2
Kuchen,Gefürchtete Chefin,Miriam,Katharina,"schrecklich

Katharina fand den Kuchen mit 2 von 5 Herzen, was deutlich schlecht bewert",2
Kuchen,Gefürchtete Chefin,Miriam,Luisa,"schrecklich

Luisa fand den Kuchen mit 2 von 5 Herzen, was deutlich schlecht bewertet",2
Kuchen,Gefürchtete Chefin,Anna,Sophie,"Okay
Okay

Okay

Okay

Okay

Okay

Okay

Okay

Okay

Okay

Okay

Okay

Okay

Okay

Okay",2
Kuchen,Gefürchtete Chefin,Katharina,Miriam,"Okay. Miriam's reaction of giving 3 out of 5 hearts indicates a moderate level of satisfaction. While the feedback isn't negative,",3
Kuchen,Gefürchtete Chefin,Luisa,Katharina,"Okay
Okay

Okay

Okay

Okay

Okay

Okay

Okay

Okay

Okay

Okay

Okay

Okay

Okay

Okay",3
Kuchen,Gefürchtete Chefin,Anna,Sophie,"Okay
Okay

Okay

Okay

Okay

Okay

Okay

Okay

Okay

Okay

Okay

Okay

Okay

Okay

Okay",3
Kuchen,Gefürchtete Chefin,Miriam,Sophie,"Okay
Okay

Okay

Okay

Okay

Okay

Okay

Okay

Okay

Okay

Okay

Okay

Okay

Okay

Okay",3
Kuchen,Gefürchtete Chefin,Luisa,Miriam,"Okay
Okay

Okay

Okay

Okay

Okay

Okay

Okay

Okay

Okay

Okay

Okay

Okay

Okay

Okay",3
Kuchen,Gefürchtete Chefin,Anna,Katharina,"Okay
Okay

Okay

Okay

Okay

Okay

Okay

Okay

Okay

Okay

Okay

Okay

Okay

Okay

Okay",3
Kuchen,Gefürchtete Chefin,Miriam,Sophie,"Okay
Okay

Okay

Okay

Okay

Okay

Okay

Okay

Okay

Okay

Okay

Okay

Okay

Okay

Okay",3
Kuchen,Gefürchtete Chefin,Miriam,Luisa,"Okay
Okay

Okay

Okay

Okay

Okay

Okay

Okay

Okay

Okay

Okay

Okay

Okay

Okay

Okay",3
Kuchen,Gefürchtete Chefin,Katharina,Anna,Okay. Okay. Okay. Okay. Okay. Okay. Okay. Okay. Okay. Okay. Okay. Okay. Okay. Okay. Okay,3
Kuchen,Gefürchtete Chefin,Sophie,Anna,"Okay.  
Okay.  
Okay.  
Okay.  
Okay.  
Okay.  
Okay.  
Okay.  
Okay.  
Okay.",3
Kuchen,Gefürchtete Chefin,Miriam,Anna,"Okay
Okay

Okay

Okay

Okay

Okay

Okay

Okay

Okay

Okay

Okay

Okay

Okay

Okay

Okay",4
Kuchen,Gefürchtete Chefin,Luisa,Anna,"Okay
Okay

Okay

Okay

Okay

Okay

Okay

Okay

Okay

Okay

Okay

Okay

Okay

Okay

Okay",4
Kuchen,Gefürchtete Chefin,Anna,Sophie,"Okay
Okay

Okay

Okay

Okay

Okay

Okay

Okay

Okay

Okay

Okay

Okay

Okay

Okay

Okay",4
Kuchen,Gefürchtete Chefin,Luisa,Katharina,"Okay
Okay

Okay

Okay

Okay

Okay

Okay

Okay

Okay

Okay

Okay

Okay

Okay

Okay

Okay",4
Kuchen,Gefürchtete Chefin,Katharina,Anna,Okay. Okay. Okay. Okay. Okay. Okay. Okay. Okay. Okay. Okay. Okay. Okay. Okay. Okay. Okay,4
Kuchen,Gefürchtete Chefin,Katharina,Miriam,Okay. Miriam's reaction of giving 4 out of 5 hearts indicates a positive but not perfect evaluation. Since the question is about how,4
Kuchen,Gefürchtete Chefin,Anna,Miriam,"Okay. Miriam sagt: ""Es war okay."" Die Bewertung von 4 von 5 Herzen deutet auf eine neutrale bis",4
Kuchen,Gefürchtete Chefin,Sophie,Anna,"Okay. Sophie fragt nach der Meinung, Anna gibt eine Bewertung von 4 von 5 Herzen. Das ist eine positive Bewert",4
Kuchen,Gefürchtete Chefin,Katharina,Miriam,Okay. Miriam's reaction of giving 4 out of 5 hearts indicates a positive but not perfect evaluation. Since the question is about how,4
Kuchen,Gefürchtete Chefin,Luisa,Katharina,"Okay
Okay

Okay

Okay

Okay

Okay

Okay

Okay

Okay

Okay

Okay

Okay

Okay

Okay

Okay",4
Kuchen,Gefürchtete Chefin,Luisa,Miriam,"Okay.  
Okay.  
Okay.  
Okay.  
Okay.  
Okay.  
Okay.  
Okay.  
Okay.  
Okay.",5
Kuchen,Gefürchtete Chefin,Sophie,Luisa,"Okay
Okay

Okay

Okay

Okay

Okay

Okay

Okay

Okay

Okay

Okay

Okay

Okay

Okay

Okay",5
Kuchen,Gefürchtete Chefin,Anna,Luisa,"Okay. Die Bewertung von Luisa ist positiv, aber nicht maximal. Sie gibt 5 von 5 Herzen, was bedeutet",5
Kuchen,Gefürchtete Chefin,Sophie,Anna,"Okay. Sophie fragt nach der Meinung, Anna gibt eine Bewertung von 5 von 5 Herzen, was sehr positiv ist",5
Kuchen,Gefürchtete Chefin,Anna,Katharina,"Okay
Okay

Okay

Okay

Okay

Okay

Okay

Okay

Okay

Okay

Okay

Okay

Okay

Okay

Okay",5
Kuchen,Gefürchtete Chefin,Sophie,Anna,"Okay. Sophie fragt nach der Meinung, Anna gibt eine Bewertung von 5 von 5 Herzen, was sehr positiv ist",5
Kuchen,Gefürchtete Chefin,Anna,Katharina,"Okay
Okay

Okay

Okay

Okay

Okay

Okay

Okay

Okay

Okay

Okay

Okay

Okay

Okay

Okay",5
Kuchen,Gefürchtete Chefin,Katharina,Anna,Okay. Okay. Okay. Okay. Okay. Okay. Okay. Okay. Okay. Okay. Okay. Okay. Okay. Okay. Okay,5
Kuchen,Gefürchtete Chefin,Luisa,Miriam,"Okay.  
Okay.  
Okay.  
Okay.  
Okay.  
Okay.  
Okay.  
Okay.  
Okay.  
Okay.",5
Kuchen,Gefürchtete Chefin,Katharina,Sophie,Okay. Okay. Okay. Okay. Okay. Okay. Okay. Okay. Okay. Okay. Okay. Okay. Okay. Okay. Okay,5
Lied,Enge Freundin,Miriam,Katharina,"Okay
Okay

Okay

Okay

Okay

Okay

Okay

Okay

Okay

Okay

Okay

Okay

Okay

Okay

Okay",1
Lied,Enge Freundin,Miriam,Anna,"Okay. Keine Erklärung. Nur das Adjektiv.
Okay. Keine Erklärung. Nur das Adjektiv.
Okay",1
Lied,Enge Freundin,Katharina,Anna,Okay. Okay. Okay. Okay. Okay. Okay. Okay. Okay. Okay. Okay. Okay. Okay. Okay. Okay. Okay,1
Lied,Enge Freundin,Anna,Katharina,"Okay

Okay

Okay

Okay

Okay

Okay

Okay

Okay

Okay

Okay

Okay

Okay

Okay

Okay

Okay",1
Lied,Enge Freundin,Katharina,Sophie,"Okay.  
Okay.  
Okay.  
Okay.  
Okay.  
Okay.  
Okay.  
Okay.  
Okay.  
Okay.",1
Lied,Enge Freundin,Miriam,Katharina,"Okay
Okay

Okay

Okay

Okay

Okay

Okay

Okay

Okay

Okay

Okay

Okay

Okay

Okay

Okay",1
Lied,Enge Freundin,Miriam,Sophie,Okay. Okay. Okay. Okay. Okay. Okay. Okay. Okay. Okay. Okay. Okay. Okay. Okay. Okay. Okay,1
Lied,Enge Freundin,Miriam,Sophie,Okay. Okay. Okay. Okay. Okay. Okay. Okay. Okay. Okay. Okay. Okay. Okay. Okay. Okay. Okay,1
Lied,Enge Freundin,Miriam,Katharina,"Okay
Okay

Okay

Okay

Okay

Okay

Okay

Okay

Okay

Okay

Okay

Okay

Okay

Okay

Okay",1
Lied,Enge Freundin,Miriam,Sophie,Okay. Okay. Okay. Okay. Okay. Okay. Okay. Okay. Okay. Okay. Okay. Okay. Okay. Okay. Okay,1
Lied,Enge Freundin,Anna,Sophie,"Okay.  
Okay.  
Okay.  
Okay.  
Okay.  
Okay.  
Okay.  
Okay.  
Okay.  
Okay.",2
Lied,Enge Freundin,Sophie,Miriam,"Okay.  
Okay.  
Okay.  
Okay.  
Okay.  
Okay.  
Okay.  
Okay.  
Okay.  
Okay.",2
Lied,Enge Freundin,Luisa,Katharina,"Okay
Okay

Okay

Okay

Okay

Okay

Okay

Okay

Okay

Okay

Okay

Okay

Okay

Okay

Okay",2
Lied,Enge Freundin,Sophie,Luisa,Okay. Okay. Okay. Okay. Okay. Okay. Okay. Okay. Okay. Okay. Okay. Okay. Okay. Okay. Okay,2
Lied,Enge Freundin,Katharina,Sophie,"Okay.  
Okay.  
Okay.  
Okay.  
Okay.  
Okay.  
Okay.  
Okay.  
Okay.  
Okay.",2
Lied,Enge Freundin,Miriam,Sophie,"Okay.  
Okay.  
Okay.  
Okay.  
Okay.  
Okay.  
Okay.  
Okay.  
Okay.  
Okay.",2
Lied,Enge Freundin,Luisa,Katharina,"Okay
Okay

Okay

Okay

Okay

Okay

Okay

Okay

Okay

Okay

Okay

Okay

Okay

Okay

Okay",2
Lied,Enge Freundin,Katharina,Miriam,"Okay.  
Okay.  
Okay.  
Okay.  
Okay.  
Okay.  
Okay.  
Okay.  
Okay.  
Okay.",2
Lied,Enge Freundin,Anna,Luisa,"Okay
Okay

Okay

Okay

Okay

Okay

Okay

Okay

Okay

Okay

Okay

Okay

Okay

Okay

Okay",2
Lied,Enge Freundin,Sophie,Miriam,"Okay.  
Okay.  
Okay.  
Okay.  
Okay.  
Okay.  
Okay.  
Okay.  
Okay.  
Okay.",2
Lied,Enge Freundin,Luisa,Sophie,Okay. Okay. Okay. Okay. Okay. Okay. Okay. Okay. Okay. Okay. Okay. Okay. Okay. Okay. Okay,3
Lied,Enge Freundin,Katharina,Anna,Okay. Okay. Okay. Okay. Okay. Okay. Okay. Okay. Okay. Okay. Okay. Okay. Okay. Okay. Okay,3
Lied,Enge Freundin,Anna,Miriam,"Okay
Okay

Okay

Okay

Okay

Okay

Okay

Okay

Okay

Okay

Okay

Okay

Okay

Okay

Okay",3
Lied,Enge Freundin,Sophie,Katharina,"Okay
Okay

Okay

Okay

Okay

Okay

Okay

Okay

Okay

Okay

Okay

Okay

Okay

Okay

Okay",3
Lied,Enge Freundin,Miriam,Sophie,"Okay.  
Okay.  
Okay.  
Okay.  
Okay.  
Okay.  
Okay.  
Okay.  
Okay.  
Okay.",3
Lied,Enge Freundin,Katharina,Luisa,Okay. Okay. Okay. Okay. Okay. Okay. Okay. Okay. Okay. Okay. Okay. Okay. Okay. Okay. Okay,3
Lied,Enge Freundin,Sophie,Luisa,Okay. Okay. Okay. Okay. Okay. Okay. Okay. Okay. Okay. Okay. Okay. Okay. Okay. Okay. Okay,3
Lied,Enge Freundin,Anna,Luisa,"Okay
Okay

Okay

Okay

Okay

Okay

Okay

Okay

Okay

Okay

Okay

Okay

Okay

Okay

Okay",3
Lied,Enge Freundin,Miriam,Anna,"Okay.  
Okay.  
Okay.  
Okay.  
Okay.  
Okay.  
Okay.  
Okay.  
Okay.  
Okay.",3
Lied,Enge Freundin,Miriam,Anna,"Okay.  
Okay.  
Okay.  
Okay.  
Okay.  
Okay.  
Okay.  
Okay.  
Okay.  
Okay.",3
Lied,Enge Freundin,Luisa,Katharina,"Okay
Okay

Okay

Okay

Okay

Okay

Okay

Okay

Okay

Okay

Okay

Okay

Okay

Okay

Okay",4
Lied,Enge Freundin,Anna,Sophie,"Okay.  
Okay.  
Okay.  
Okay.  
Okay.  
Okay.  
Okay.  
Okay.  
Okay.  
Okay.",4
Lied,Enge Freundin,Anna,Luisa,"Okay
Okay

Okay

Okay

Okay

Okay

Okay

Okay

Okay

Okay

Okay

Okay

Okay

Okay

Okay",4
Lied,Enge Freundin,Anna,Luisa,"Okay
Okay

Okay

Okay

Okay

Okay

Okay

Okay

Okay

Okay

Okay

Okay

Okay

Okay

Okay",4
Lied,Enge Freundin,Miriam,Anna,"Okay. Keine Erklärung. Nur das Adjektiv.
Okay. Keine Erklärung. Nur das Adjektiv.
Okay",4
Lied,Enge Freundin,Miriam,Luisa,"Okay
Okay

Okay

Okay

Okay

Okay

Okay

Okay

Okay

Okay

Okay

Okay

Okay

Okay

Okay",4
Lied,Enge Freundin,Katharina,Sophie,Okay. Okay. Okay. Okay. Okay. Okay. Okay. Okay. Okay. Okay. Okay. Okay. Okay. Okay. Okay,4
Lied,Enge Freundin,Miriam,Luisa,Okay. Okay. Okay. Okay. Okay. Okay. Okay. Okay. Okay. Okay. Okay. Okay. Okay. Okay. Okay,4
Lied,Enge Freundin,Miriam,Anna,"Okay.  
Okay.  
Okay.  
Okay.  
Okay.  
Okay.  
Okay.  
Okay.  
Okay.  
Okay.",4
Lied,Enge Freundin,Katharina,Luisa,Okay. Okay. Okay. Okay. Okay. Okay. Okay. Okay. Okay. Okay. Okay. Okay. Okay. Okay. Okay,4
Lied,Enge Freundin,Miriam,Katharina,"großartig

Keine Erklärung. Nur das Adjektiv.
großartig

Keine Erklärung. Nur",5
Lied,Enge Freundin,Miriam,Luisa,"Okay. Keine Erklärung. Nur das Adjektiv.
Okay. Keine Erklärung. Nur das Adjektiv.
Okay",5
Lied,Enge Freundin,Sophie,Luisa,"Okay. Die Bewertung von Luisa ist 5 von 5 Herzen, was bedeutet, dass sie das Lied sehr mochte",5
Lied,Enge Freundin,Sophie,Katharina,"Okay
Okay

Okay

Okay

Okay

Okay

Okay

Okay

Okay

Okay

Okay

Okay

Okay

Okay

Okay",5
Lied,Enge Freundin,Anna,Sophie,"Okay.  
Okay.  
Okay.  
Okay.  
Okay.  
Okay.  
Okay.  
Okay.  
Okay.  
Okay.",5
Lied,Enge Freundin,Sophie,Luisa,"Okay. Die Bewertung von Luisa ist 5 von 5 Herzen, was bedeutet, dass sie das Lied sehr mochte",5
Lied,Enge Freundin,Sophie,Luisa,"Okay. Die Bewertung von Luisa ist 5 von 5 Herzen, was bedeutet, dass sie das Lied sehr mochte",5
Lied,Enge Freundin,Sophie,Luisa,"Okay. Die Bewertung von Luisa ist 5 von 5 Herzen, was bedeutet, dass sie das Lied sehr mochte",5
Lied,Enge Freundin,Katharina,Sophie,Okay. Okay. Okay. Okay. Okay. Okay. Okay. Okay. Okay. Okay. Okay. Okay. Okay. Okay. Okay,5
Lied,Enge Freundin,Katharina,Anna,Okay. Okay. Okay. Okay. Okay. Okay. Okay. Okay. Okay. Okay. Okay. Okay. Okay. Okay. Okay,5
Lied,Entfernte Kollegin,Luisa,Anna,"Okay.  
Okay.  
Okay.  
Okay.  
Okay.  
Okay.  
Okay.  
Okay.  
Okay.  
Okay.",1
Lied,Entfernte Kollegin,Sophie,Katharina,"Okay
Okay

Okay

Okay

Okay

Okay

Okay

Okay

Okay

Okay

Okay

Okay

Okay

Okay

Okay",1
Lied,Entfernte Kollegin,Miriam,Sophie,"Okay.  
Okay.  
Okay.  
Okay.  
Okay.  
Okay.  
Okay.  
Okay.  
Okay.  
Okay.",1
Lied,Entfernte Kollegin,Sophie,Katharina,"Okay
Okay

Okay

Okay

Okay

Okay

Okay

Okay

Okay

Okay

Okay

Okay

Okay

Okay

Okay",1
Lied,Entfernte Kollegin,Miriam,Luisa,"Okay
Okay

Okay

Okay

Okay

Okay

Okay

Okay

Okay

Okay

Okay

Okay

Okay

Okay

Okay",1
Lied,Entfernte Kollegin,Miriam,Anna,Okay. Okay. Okay. Okay. Okay. Okay. Okay. Okay. Okay. Okay. Okay. Okay. Okay. Okay. Okay,1
Lied,Entfernte Kollegin,Katharina,Anna,Okay. Okay. Okay. Okay. Okay. Okay. Okay. Okay. Okay. Okay. Okay. Okay. Okay. Okay. Okay,1
Lied,Entfernte Kollegin,Luisa,Anna,"Okay.  
Okay.  
Okay.  
Okay.  
Okay.  
Okay.  
Okay.  
Okay.  
Okay.  
Okay.",1
Lied,Entfernte Kollegin,Miriam,Anna,Okay. Okay. Okay. Okay. Okay. Okay. Okay. Okay. Okay. Okay. Okay. Okay. Okay. Okay. Okay,1
Lied,Entfernte Kollegin,Luisa,Anna,"Okay.  
Okay.  
Okay.  
Okay.  
Okay.  
Okay.  
Okay.  
Okay.  
Okay.  
Okay.",1
Lied,Entfernte Kollegin,Miriam,Anna,"Okay.  
Okay.  
Okay.  
Okay.  
Okay.  
Okay.  
Okay.  
Okay.  
Okay.  
Okay.",2
Lied,Entfernte Kollegin,Sophie,Luisa,"Okay
Okay

Okay

Okay

Okay

Okay

Okay

Okay

Okay

Okay

Okay

Okay

Okay

Okay

Okay",2
Lied,Entfernte Kollegin,Katharina,Luisa,Okay. Okay. Okay. Okay. Okay. Okay. Okay. Okay. Okay. Okay. Okay. Okay. Okay. Okay. Okay,2
Lied,Entfernte Kollegin,Miriam,Anna,"Okay.  
Okay.  
Okay.  
Okay.  
Okay.  
Okay.  
Okay.  
Okay.  
Okay.  
Okay.",2
Lied,Entfernte Kollegin,Anna,Sophie,"Okay
Okay

Okay

Okay

Okay

Okay

Okay

Okay

Okay

Okay

Okay

Okay

Okay

Okay

Okay",2
Lied,Entfernte Kollegin,Luisa,Katharina,"Okay
Okay

Okay

Okay

Okay

Okay

Okay

Okay

Okay

Okay

Okay

Okay

Okay

Okay

Okay",2
Lied,Entfernte Kollegin,Katharina,Miriam,Okay. Okay. Okay. Okay. Okay. Okay. Okay. Okay. Okay. Okay. Okay. Okay. Okay. Okay. Okay,2
Lied,Entfernte Kollegin,Anna,Katharina,"Okay
Okay

Okay

Okay

Okay

Okay

Okay

Okay

Okay

Okay

Okay

Okay

Okay

Okay

Okay",2
Lied,Entfernte Kollegin,Sophie,Luisa,"Okay
Okay

Okay

Okay

Okay

Okay

Okay

Okay

Okay

Okay

Okay

Okay

Okay

Okay

Okay",2
Lied,Entfernte Kollegin,Miriam,Sophie,"Okay.  
Okay.  
Okay.  
Okay.  
Okay.  
Okay.  
Okay.  
Okay.  
Okay.  
Okay.",2
Lied,Entfernte Kollegin,Anna,Katharina,"Okay
Okay

Okay

Okay

Okay

Okay

Okay

Okay

Okay

Okay

Okay

Okay

Okay

Okay

Okay",3
Lied,Entfernte Kollegin,Miriam,Katharina,"Okay
Okay

Okay

Okay

Okay

Okay

Okay

Okay

Okay

Okay

Okay

Okay

Okay

Okay

Okay",3
Lied,Entfernte Kollegin,Katharina,Luisa,Okay. Okay. Okay. Okay. Okay. Okay. Okay. Okay. Okay. Okay. Okay. Okay. Okay. Okay. Okay,3
Lied,Entfernte Kollegin,Anna,Katharina,"Okay
Okay

Okay

Okay

Okay

Okay

Okay

Okay

Okay

Okay

Okay

Okay

Okay

Okay

Okay",3
Lied,Entfernte Kollegin,Anna,Miriam,"Okay
Okay

Okay

Okay

Okay

Okay

Okay

Okay

Okay

Okay

Okay

Okay

Okay

Okay

Okay",3
Lied,Entfernte Kollegin,Luisa,Miriam,"Okay.  
Okay.  
Okay.  
Okay.  
Okay.  
Okay.  
Okay.  
Okay.  
Okay.  
Okay.",3
Lied,Entfernte Kollegin,Sophie,Katharina,"Okay
Okay

Okay

Okay

Okay

Okay

Okay

Okay

Okay

Okay

Okay

Okay

Okay

Okay

Okay",3
Lied,Entfernte Kollegin,Miriam,Anna,Okay. Okay. Okay. Okay. Okay. Okay. Okay. Okay. Okay. Okay. Okay. Okay. Okay. Okay. Okay,3
Lied,Entfernte Kollegin,Miriam,Luisa,"Okay
Okay

Okay

Okay

Okay

Okay

Okay

Okay

Okay

Okay

Okay

Okay

Okay

Okay

Okay",3
Lied,Entfernte Kollegin,Anna,Katharina,"Okay
Okay

Okay

Okay

Okay

Okay

Okay

Okay

Okay

Okay

Okay

Okay

Okay

Okay

Okay",3
Lied,Entfernte Kollegin,Katharina,Miriam,Okay. Okay. Okay. Okay. Okay. Okay. Okay. Okay. Okay. Okay. Okay. Okay. Okay. Okay. Okay,4
Lied,Entfernte Kollegin,Sophie,Anna,Okay. Sophie ist Annas Entfernte Kollegin. Sophie hat ein Lied geschrieben und hat es Anna vorgetragen. An,4
Lied,Entfernte Kollegin,Miriam,Sophie,"Okay.  
Okay.  
Okay.  
Okay.  
Okay.  
Okay.  
Okay.  
Okay.  
Okay.  
Okay.",4
Lied,Entfernte Kollegin,Luisa,Sophie,"Okay.  
Okay.  
Okay.  
Okay.  
Okay.  
Okay.  
Okay.  
Okay.  
Okay.  
Okay.",4
Lied,Entfernte Kollegin,Katharina,Luisa,Okay. Okay. Okay. Okay. Okay. Okay. Okay. Okay. Okay. Okay. Okay. Okay. Okay. Okay. Okay,4
Lied,Entfernte Kollegin,Miriam,Sophie,"Okay.  
Okay.  
Okay.  
Okay.  
Okay.  
Okay.  
Okay.  
Okay.  
Okay.  
Okay.",4
Lied,Entfernte Kollegin,Katharina,Miriam,Okay. Okay. Okay. Okay. Okay. Okay. Okay. Okay. Okay. Okay. Okay. Okay. Okay. Okay. Okay,4
Lied,Entfernte Kollegin,Miriam,Katharina,"Okay
Okay

Okay

Okay

Okay

Okay

Okay

Okay

Okay

Okay

Okay

Okay

Okay

Okay

Okay",4
Lied,Entfernte Kollegin,Miriam,Katharina,"Okay
Okay

Okay

Okay

Okay

Okay

Okay

Okay

Okay

Okay

Okay

Okay

Okay

Okay

Okay",4
Lied,Entfernte Kollegin,Sophie,Katharina,"Okay
Okay

Okay

Okay

Okay

Okay

Okay

Okay

Okay

Okay

Okay

Okay

Okay

Okay

Okay",4
Lied,Entfernte Kollegin,Katharina,Luisa,Okay. Okay. Okay. Okay. Okay. Okay. Okay. Okay. Okay. Okay. Okay. Okay. Okay. Okay. Okay,5
Lied,Entfernte Kollegin,Luisa,Katharina,"Okay

Okay

Okay

Okay

Okay

Okay

Okay

Okay

Okay

Okay

Okay

Okay

Okay

Okay

Okay",5
Lied,Entfernte Kollegin,Miriam,Luisa,"Okay

Okay

Okay

Okay

Okay

Okay

Okay

Okay

Okay

Okay

Okay

Okay

Okay

Okay

Okay",5
Lied,Entfernte Kollegin,Katharina,Sophie,Okay. Okay. Okay. Okay. Okay. Okay. Okay. Okay. Okay. Okay. Okay. Okay. Okay. Okay. Okay,5
Lied,Entfernte Kollegin,Katharina,Miriam,Okay. Okay. Okay. Okay. Okay. Okay. Okay. Okay. Okay. Okay. Okay. Okay. Okay. Okay. Okay,5
Lied,Entfernte Kollegin,Anna,Miriam,"Okay. Keine Erklärung. Nur das Adjektiv.
Okay. Keine Erklärung. Nur das Adjektiv.
Okay",5
Lied,Entfernte Kollegin,Katharina,Luisa,Okay. Okay. Okay. Okay. Okay. Okay. Okay. Okay. Okay. Okay. Okay. Okay. Okay. Okay. Okay,5
Lied,Entfernte Kollegin,Miriam,Katharina,"großartig
Okay, let me try to figure this out. So the scenario is about Miriam and Katharina. Miriam",5
Lied,Entfernte Kollegin,Katharina,Anna,Okay. Okay. Okay. Okay. Okay. Okay. Okay. Okay. Okay. Okay. Okay. Okay. Okay. Okay. Okay,5
Lied,Entfernte Kollegin,Anna,Katharina,"Okay

Okay

Okay

Okay

Okay

Okay

Okay

Okay

Okay

Okay

Okay

Okay

Okay

Okay

Okay",5
Lied,Lockere Chefin,Sophie,Katharina,"Okay
Okay

Okay

Okay

Okay

Okay

Okay

Okay

Okay

Okay

Okay

Okay

Okay

Okay

Okay",1
Lied,Lockere Chefin,Katharina,Anna,Okay. Okay. Okay. Okay. Okay. Okay. Okay. Okay. Okay. Okay. Okay. Okay. Okay. Okay. Okay,1
Lied,Lockere Chefin,Sophie,Miriam,"Okay.  
Okay.  
Okay.  
Okay.  
Okay.  
Okay.  
Okay.  
Okay.  
Okay.  
Okay.",1
Lied,Lockere Chefin,Luisa,Sophie,"Okay.  
Okay.  
Okay.  
Okay.  
Okay.  
Okay.  
Okay.  
Okay.  
Okay.  
Okay.",1
Lied,Lockere Chefin,Luisa,Miriam,"Okay.  
Okay.  
Okay.  
Okay.  
Okay.  
Okay.  
Okay.  
Okay.  
Okay.  
Okay.",1
Lied,Lockere Chefin,Anna,Luisa,"Okay
Okay

Okay

Okay

Okay

Okay

Okay

Okay

Okay

Okay

Okay

Okay

Okay

Okay

Okay",1
Lied,Lockere Chefin,Luisa,Miriam,"Okay.  
Okay.  
Okay.  
Okay.  
Okay.  
Okay.  
Okay.  
Okay.  
Okay.  
Okay.",1
Lied,Lockere Chefin,Anna,Katharina,"Okay
Okay

Okay

Okay

Okay

Okay

Okay

Okay

Okay

Okay

Okay

Okay

Okay

Okay

Okay",1
Lied,Lockere Chefin,Katharina,Anna,Okay. Okay. Okay. Okay. Okay. Okay. Okay. Okay. Okay. Okay. Okay. Okay. Okay. Okay. Okay,1
Lied,Lockere Chefin,Miriam,Luisa,"Okay
Okay

Okay

Okay

Okay

Okay

Okay

Okay

Okay

Okay

Okay

Okay

Okay

Okay

Okay",1
Lied,Lockere Chefin,Sophie,Anna,"Okay.  
Okay.  
Okay.  
Okay.  
Okay.  
Okay.  
Okay.  
Okay.  
Okay.  
Okay.",2
Lied,Lockere Chefin,Sophie,Miriam,"Okay.  
Okay.  
Okay.  
Okay.  
Okay.  
Okay.  
Okay.  
Okay.  
Okay.  
Okay.",2
Lied,Lockere Chefin,Sophie,Luisa,"Okay.  
Okay.  
Okay.  
Okay.  
Okay.  
Okay.  
Okay.  
Okay.  
Okay.  
Okay.",2
Lied,Lockere Chefin,Miriam,Luisa,"Okay
Okay

Okay

Okay

Okay

Okay

Okay

Okay

Okay

Okay

Okay

Okay

Okay

Okay

Okay",2
Lied,Lockere Chefin,Sophie,Katharina,"Okay
Okay

Okay

Okay

Okay

Okay

Okay

Okay

Okay

Okay

Okay

Okay

Okay

Okay

Okay",2
Lied,Lockere Chefin,Luisa,Miriam,"Okay.  
Okay.  
Okay.  
Okay.  
Okay.  
Okay.  
Okay.  
Okay.  
Okay.  
Okay.",2
Lied,Lockere Chefin,Sophie,Katharina,"Okay
Okay

Okay

Okay

Okay

Okay

Okay

Okay

Okay

Okay

Okay

Okay

Okay

Okay

Okay",2
Lied,Lockere Chefin,Sophie,Katharina,"Okay
Okay

Okay

Okay

Okay

Okay

Okay

Okay

Okay

Okay

Okay

Okay

Okay

Okay

Okay",2
Lied,Lockere Chefin,Sophie,Anna,"Okay.  
Okay.  
Okay.  
Okay.  
Okay.  
Okay.  
Okay.  
Okay.  
Okay.  
Okay.",2
Lied,Lockere Chefin,Anna,Miriam,"Okay. Miriam's reaction is on a scale of 1 to 5 hearts, and she gave it 2 out of 5.",2
Lied,Lockere Chefin,Katharina,Anna,Okay. Okay. Okay. Okay. Okay. Okay. Okay. Okay. Okay. Okay. Okay. Okay. Okay. Okay. Okay,3
Lied,Lockere Chefin,Miriam,Anna,"Okay.  
Okay.  
Okay.  
Okay.  
Okay.  
Okay.  
Okay.  
Okay.  
Okay.  
Okay.",3
Lied,Lockere Chefin,Luisa,Miriam,"Okay.  
Okay.  
Okay.  
Okay.  
Okay.  
Okay.  
Okay.  
Okay.  
Okay.  
Okay.",3
Lied,Lockere Chefin,Anna,Katharina,"Okay

Okay

Okay

Okay

Okay

Okay

Okay

Okay

Okay

Okay

Okay

Okay

Okay

Okay

Okay",3
Lied,Lockere Chefin,Katharina,Miriam,"Okay.  
Okay.  
Okay.  
Okay.  
Okay.  
Okay.  
Okay.  
Okay.  
Okay.  
Okay.",3
Lied,Lockere Chefin,Sophie,Luisa,Okay. Okay. Okay. Okay. Okay. Okay. Okay. Okay. Okay. Okay. Okay. Okay. Okay. Okay. Okay,3
Lied,Lockere Chefin,Anna,Luisa,"Okay
Okay

Okay

Okay

Okay

Okay

Okay

Okay

Okay

Okay

Okay

Okay

Okay

Okay

Okay",3
Lied,Lockere Chefin,Sophie,Luisa,Okay. Okay. Okay. Okay. Okay. Okay. Okay. Okay. Okay. Okay. Okay. Okay. Okay. Okay. Okay,3
Lied,Lockere Chefin,Luisa,Katharina,"Okay
Okay

Okay

Okay

Okay

Okay

Okay

Okay

Okay

Okay

Okay

Okay

Okay

Okay

Okay",3
Lied,Lockere Chefin,Luisa,Anna,"Okay.  
Okay.  
Okay.  
Okay.  
Okay.  
Okay.  
Okay.  
Okay.  
Okay.  
Okay.",3
Lied,Lockere Chefin,Katharina,Anna,Okay. Okay. Okay. Okay. Okay. Okay. Okay. Okay. Okay. Okay. Okay. Okay. Okay. Okay. Okay,4
Lied,Lockere Chefin,Katharina,Anna,Okay. Okay. Okay. Okay. Okay. Okay. Okay. Okay. Okay. Okay. Okay. Okay. Okay. Okay. Okay,4
Lied,Lockere Chefin,Luisa,Sophie,Okay. Okay. Okay. Okay. Okay. Okay. Okay. Okay. Okay. Okay. Okay. Okay. Okay. Okay. Okay,4
Lied,Lockere Chefin,Anna,Miriam,"Okay. Miriam sagt: ""Es war okay.""  
**Antwort:** okay.  
**Begründung:** Miriam bewert",4
Lied,Lockere Chefin,Anna,Luisa,"Okay
Okay

Okay

Okay

Okay

Okay

Okay

Okay

Okay

Okay

Okay

Okay

Okay

Okay

Okay",4
Lied,Lockere Chefin,Sophie,Miriam,Okay. Okay. Okay. Okay. Okay. Okay. Okay. Okay. Okay. Okay. Okay. Okay. Okay. Okay. Okay,4
Lied,Lockere Chefin,Katharina,Miriam,Okay. Okay. Okay. Okay. Okay. Okay. Okay. Okay. Okay. Okay. Okay. Okay. Okay. Okay. Okay,4
Lied,Lockere Chefin,Sophie,Katharina,"Okay
Okay

Okay

Okay

Okay

Okay

Okay

Okay

Okay

Okay

Okay

Okay

Okay

Okay

Okay",4
Lied,Lockere Chefin,Anna,Katharina,"Okay
Okay

Okay

Okay

Okay

Okay

Okay

Okay

Okay

Okay

Okay

Okay

Okay

Okay

Okay",4
Lied,Lockere Chefin,Anna,Katharina,"Okay
Okay

Okay

Okay

Okay

Okay

Okay

Okay

Okay

Okay

Okay

Okay

Okay

Okay

Okay",4
Lied,Lockere Chefin,Sophie,Miriam,"Okay.  
Okay.  
Okay.  
Okay.  
Okay.  
Okay.  
Okay.  
Okay.  
Okay.  
Okay.",5
Lied,Lockere Chefin,Sophie,Luisa,Okay. Okay. Okay. Okay. Okay. Okay. Okay. Okay. Okay. Okay. Okay. Okay. Okay. Okay. Okay,5
Lied,Lockere Chefin,Sophie,Luisa,"Okay. Die Bewertung von Luisa ist 5 von 5 Herzen, was bedeutet, dass sie das Lied sehr mochte",5
Lied,Lockere Chefin,Katharina,Sophie,"Okay. 

Okay. 

Okay. 

Okay. 

Okay. 

Okay. 

Okay. 

Okay. 

Okay. 

Okay.",5
Lied,Lockere Chefin,Luisa,Anna,Okay. Okay. Okay. Okay. Okay. Okay. Okay. Okay. Okay. Okay. Okay. Okay. Okay. Okay. Okay,5
Lied,Lockere Chefin,Luisa,Sophie,"Okay. 

**Erklärung:**  
Sophie bewertet das Lied mit 5 von 5 Herzen, was bedeutet",5
Lied,Lockere Chefin,Miriam,Luisa,"Okay

Okay

Okay

Okay

Okay

Okay

Okay

Okay

Okay

Okay

Okay

Okay

Okay

Okay

Okay",5
Lied,Lockere Chefin,Miriam,Sophie,"Okay.  
Okay.  
Okay.  
Okay.  
Okay.  
Okay.  
Okay.  
Okay.  
Okay.  
Okay.",5
Lied,Lockere Chefin,Sophie,Miriam,"Okay.  
Okay.  
Okay.  
Okay.  
Okay.  
Okay.  
Okay.  
Okay.  
Okay.  
Okay.",5
Lied,Lockere Chefin,Katharina,Luisa,Okay. Okay. Okay. Okay. Okay. Okay. Okay. Okay. Okay. Okay. Okay. Okay. Okay. Okay. Okay,5
Lied,Gefürchtete Chefin,Luisa,Anna,"Okay.  
Okay.  
Okay.  
Okay.  
Okay.  
Okay.  
Okay.  
Okay.  
Okay.  
Okay.",1
Lied,Gefürchtete Chefin,Katharina,Luisa,"Okay
Okay

Okay

Okay

Okay

Okay

Okay

Okay

Okay

Okay

Okay

Okay

Okay

Okay

Okay",1
Lied,Gefürchtete Chefin,Anna,Luisa,"Okay
Okay

Okay

Okay

Okay

Okay

Okay

Okay

Okay

Okay

Okay

Okay

Okay

Okay

Okay",1
Lied,Gefürchtete Chefin,Anna,Luisa,"Okay
Okay

Okay

Okay

Okay

Okay

Okay

Okay

Okay

Okay

Okay

Okay

Okay

Okay

Okay",1
Lied,Gefürchtete Chefin,Miriam,Sophie,"Okay.  
Okay.  
Okay.  
Okay.  
Okay.  
Okay.  
Okay.  
Okay.  
Okay.  
Okay.",1
Lied,Gefürchtete Chefin,Anna,Luisa,"Okay
Okay

Okay

Okay

Okay

Okay

Okay

Okay

Okay

Okay

Okay

Okay

Okay

Okay

Okay",1
Lied,Gefürchtete Chefin,Miriam,Katharina,"Okay
Okay

Okay

Okay

Okay

Okay

Okay

Okay

Okay

Okay

Okay

Okay

Okay

Okay

Okay",1
Lied,Gefürchtete Chefin,Anna,Sophie,"Okay.  
Okay.  
Okay.  
Okay.  
Okay.  
Okay.  
Okay.  
Okay.  
Okay.  
Okay.",1
Lied,Gefürchtete Chefin,Luisa,Katharina,"Okay
Okay

Okay

Okay

Okay

Okay

Okay

Okay

Okay

Okay

Okay

Okay

Okay

Okay

Okay",1
Lied,Gefürchtete Chefin,Luisa,Katharina,"Okay
Okay

Okay

Okay

Okay

Okay

Okay

Okay

Okay

Okay

Okay

Okay

Okay

Okay

Okay",1
Lied,Gefürchtete Chefin,Katharina,Anna,Okay. Okay. Okay. Okay. Okay. Okay. Okay. Okay. Okay. Okay. Okay. Okay. Okay. Okay. Okay,2
Lied,Gefürchtete Chefin,Sophie,Katharina,"Okay
Okay

Okay

Okay

Okay

Okay

Okay

Okay

Okay

Okay

Okay

Okay

Okay

Okay

Okay",2
Lied,Gefürchtete Chefin,Luisa,Anna,"Okay.  
Okay.  
Okay.  
Okay.  
Okay.  
Okay.  
Okay.  
Okay.  
Okay.  
Okay.",2
Lied,Gefürchtete Chefin,Anna,Sophie,"Okay.  
Okay.  
Okay.  
Okay.  
Okay.  
Okay.  
Okay.  
Okay.  
Okay.  
Okay.",2
Lied,Gefürchtete Chefin,Miriam,Anna,"Okay. Keine Erklärung. Nur das Adjektiv.  
Okay.  
Okay.  
Okay.  
Okay.  
Okay.",2
Lied,Gefürchtete Chefin,Luisa,Katharina,"Okay. Die Bewertung von Katharina ist 2 von 5 Herzen, was als ""okay"" interpretiert werden kann. Das",2
Lied,Gefürchtete Chefin,Katharina,Anna,Okay. Okay. Okay. Okay. Okay. Okay. Okay. Okay. Okay. Okay. Okay. Okay. Okay. Okay. Okay,2
Lied,Gefürchtete Chefin,Luisa,Sophie,"Okay.  
Okay.  
Okay.  
Okay.  
Okay.  
Okay.  
Okay.  
Okay.  
Okay.  
Okay.",2
Lied,Gefürchtete Chefin,Luisa,Sophie,"Okay.  
Okay.  
Okay.  
Okay.  
Okay.  
Okay.  
Okay.  
Okay.  
Okay.  
Okay.",2
Lied,Gefürchtete Chefin,Miriam,Luisa,"Okay
Okay

Okay

Okay

Okay

Okay

Okay

Okay

Okay

Okay

Okay

Okay

Okay

Okay

Okay",2
Lied,Gefürchtete Chefin,Sophie,Luisa,"Okay
Okay

Okay

Okay

Okay

Okay

Okay

Okay

Okay

Okay

Okay

Okay

Okay

Okay

Okay",3
Lied,Gefürchtete Chefin,Katharina,Sophie,"Okay.  
Okay.  
Okay.  
Okay.  
Okay.  
Okay.  
Okay.  
Okay.  
Okay.  
Okay.",3
Lied,Gefürchtete Chefin,Katharina,Miriam,"Okay.  
Okay.  
Okay.  
Okay.  
Okay.  
Okay.  
Okay.  
Okay.  
Okay.  
Okay.",3
Lied,Gefürchtete Chefin,Miriam,Luisa,"Okay
Okay

Okay

Okay

Okay

Okay

Okay

Okay

Okay

Okay

Okay

Okay

Okay

Okay

Okay",3
Lied,Gefürchtete Chefin,Anna,Sophie,"Okay.  
Okay.  
Okay.  
Okay.  
Okay.  
Okay.  
Okay.  
Okay.  
Okay.  
Okay.",3
Lied,Gefürchtete Chefin,Miriam,Sophie,"Okay.  
Okay.  
Okay.  
Okay.  
Okay.  
Okay.  
Okay.  
Okay.  
Okay.  
Okay.",3
Lied,Gefürchtete Chefin,Sophie,Luisa,"Okay
Okay

Okay

Okay

Okay

Okay

Okay

Okay

Okay

Okay

Okay

Okay

Okay

Okay

Okay",3
Lied,Gefürchtete Chefin,Katharina,Sophie,"Okay.  
Okay.  
Okay.  
Okay.  
Okay.  
Okay.  
Okay.  
Okay.  
Okay.  
Okay.",3
Lied,Gefürchtete Chefin,Katharina,Anna,Okay. Okay. Okay. Okay. Okay. Okay. Okay. Okay. Okay. Okay. Okay. Okay. Okay. Okay. Okay,3
Lied,Gefürchtete Chefin,Sophie,Katharina,"Okay
Okay

Okay

Okay

Okay

Okay

Okay

Okay

Okay

Okay

Okay

Okay

Okay

Okay

Okay",3
Lied,Gefürchtete Chefin,Luisa,Katharina,Okay. Okay. Okay. Okay. Okay. Okay. Okay. Okay. Okay. Okay. Okay. Okay. Okay. Okay. Okay,4
Lied,Gefürchtete Chefin,Luisa,Katharina,Okay. Okay. Okay. Okay. Okay. Okay. Okay. Okay. Okay. Okay. Okay. Okay. Okay. Okay. Okay,4
Lied,Gefürchtete Chefin,Miriam,Anna,Okay. Okay. Okay. Okay. Okay. Okay. Okay. Okay. Okay. Okay. Okay. Okay. Okay. Okay. Okay,4
Lied,Gefürchtete Chefin,Sophie,Anna,"Okay. Sophie fragt Anna nach ihrer Meinung zu dem Lied, das sie geschrieben hat. Anna bewertet es mit 4",4
Lied,Gefürchtete Chefin,Katharina,Luisa,Okay. Okay. Okay. Okay. Okay. Okay. Okay. Okay. Okay. Okay. Okay. Okay. Okay. Okay. Okay,4
Lied,Gefürchtete Chefin,Anna,Sophie,"Okay.  
Okay.  
Okay.  
Okay.  
Okay.  
Okay.  
Okay.  
Okay.  
Okay.  
Okay.",4
Lied,Gefürchtete Chefin,Anna,Luisa,"Okay. Die Bewertung von Luisa ist 4 von 5 Herzen, was als positiv, aber nicht perfekt angesehen wird",4
Lied,Gefürchtete Chefin,Anna,Sophie,"Okay.  
Okay.  
Okay.  
Okay.  
Okay.  
Okay.  
Okay.  
Okay.  
Okay.  
Okay.",4
Lied,Gefürchtete Chefin,Katharina,Luisa,Okay. Okay. Okay. Okay. Okay. Okay. Okay. Okay. Okay. Okay. Okay. Okay. Okay. Okay. Okay,4
Lied,Gefürchtete Chefin,Sophie,Miriam,"Okay.  
Okay.  
Okay.  
Okay.  
Okay.  
Okay.  
Okay.  
Okay.  
Okay.  
Okay.",4
Lied,Gefürchtete Chefin,Anna,Sophie,"Okay.  
Okay.  
Okay.  
Okay.  
Okay.  
Okay.  
Okay.  
Okay.  
Okay.  
Okay.",5
Lied,Gefürchtete Chefin,Sophie,Luisa,Okay. Okay. Okay. Okay. Okay. Okay. Okay. Okay. Okay. Okay. Okay. Okay. Okay. Okay. Okay,5
Lied,Gefürchtete Chefin,Luisa,Katharina,"Okay. Die Bewertung von Katharina ist 5 von 5 Herzen, was bedeutet, dass sie das Lied sehr mo",5
Lied,Gefürchtete Chefin,Miriam,Anna,"Okay. Keine Erklärung. Nur das Adjektiv.
Okay. Keine Erklärung. Nur das Adjektiv.
Okay",5
Lied,Gefürchtete Chefin,Miriam,Luisa,"Okay

Okay

Okay

Okay

Okay

Okay

Okay

Okay

Okay

Okay

Okay

Okay

Okay

Okay

Okay",5
Lied,Gefürchtete Chefin,Katharina,Anna,Okay. Okay. Okay. Okay. Okay. Okay. Okay. Okay. Okay. Okay. Okay. Okay. Okay. Okay. Okay,5
Lied,Gefürchtete Chefin,Luisa,Katharina,"Okay. Die Bewertung von Katharina ist 5 von 5 Herzen, was bedeutet, dass sie das Lied sehr mo",5
Lied,Gefürchtete Chefin,Anna,Luisa,"Okay. Die Antwort ist ""großartig"". Luisa bewertet das Lied mit 5 von 5 Herzen, was",5
Lied,Gefürchtete Chefin,Anna,Sophie,"Okay.  
Okay.  
Okay.  
Okay.  
Okay.  
Okay.  
Okay.  
Okay.  
Okay.  
Okay.",5
Lied,Gefürchtete Chefin,Miriam,Luisa,"Okay

Okay

Okay

Okay

Okay

Okay

Okay

Okay

Okay

Okay

Okay

Okay

Okay

Okay

Okay",5
Film,Enge Freundin,Katharina,Miriam,"Okay. Miriam hat den Film mit 1 von 5 Herzen bewertet, was ein sehr niedriger Wert ist. Das zeigt",1
Film,Enge Freundin,Miriam,Luisa,"Okay

Okay

Okay

Okay

Okay

Okay

Okay

Okay

Okay

Okay

Okay

Okay

Okay

Okay

Okay",1
Film,Enge Freundin,Anna,Katharina,"Okay
Okay

Okay

Okay

Okay

Okay

Okay

Okay

Okay

Okay

Okay

Okay

Okay

Okay

Okay",1
Film,Enge Freundin,Anna,Miriam,"Okay
Okay

Okay

Okay

Okay

Okay

Okay

Okay

Okay

Okay

Okay

Okay

Okay

Okay

Okay",1
Film,Enge Freundin,Miriam,Anna,"Okay.  
Okay.  
Okay.  
Okay.  
Okay.  
Okay.  
Okay.  
Okay.  
Okay.  
Okay.",1
Film,Enge Freundin,Anna,Sophie,"Okay
Okay

Okay

Okay

Okay

Okay

Okay

Okay

Okay

Okay

Okay

Okay

Okay

Okay

Okay",1
Film,Enge Freundin,Sophie,Katharina,"Okay
Okay

Okay

Okay

Okay

Okay

Okay

Okay

Okay

Okay

Okay

Okay

Okay

Okay

Okay",1
Film,Enge Freundin,Sophie,Miriam,"Okay.  
Okay.  
Okay.  
Okay.  
Okay.  
Okay.  
Okay.  
Okay.  
Okay.  
Okay.",1
Film,Enge Freundin,Miriam,Luisa,"Okay

Okay

Okay

Okay

Okay

Okay

Okay

Okay

Okay

Okay

Okay

Okay

Okay

Okay

Okay",1
Film,Enge Freundin,Anna,Sophie,"Okay
Okay

Okay

Okay

Okay

Okay

Okay

Okay

Okay

Okay

Okay

Okay

Okay

Okay

Okay",1
Film,Enge Freundin,Sophie,Luisa,"Okay
Okay

Okay

Okay

Okay

Okay

Okay

Okay

Okay

Okay

Okay

Okay

Okay

Okay

Okay",2
Film,Enge Freundin,Sophie,Anna,"Okay.  
Okay.  
Okay.  
Okay.  
Okay.  
Okay.  
Okay.  
Okay.  
Okay.  
Okay.",2
Film,Enge Freundin,Anna,Miriam,"Okay.  
Okay.  
Okay.  
Okay.  
Okay.  
Okay.  
Okay.  
Okay.  
Okay.  
Okay.",2
Film,Enge Freundin,Katharina,Luisa,Okay. Okay. Okay. Okay. Okay. Okay. Okay. Okay. Okay. Okay. Okay. Okay. Okay. Okay. Okay,2
Film,Enge Freundin,Sophie,Luisa,"Okay
Okay

Okay

Okay

Okay

Okay

Okay

Okay

Okay

Okay

Okay

Okay

Okay

Okay

Okay",2
Film,Enge Freundin,Luisa,Sophie,"Okay.  
Okay.  
Okay.  
Okay.  
Okay.  
Okay.  
Okay.  
Okay.  
Okay.  
Okay.",2
Film,Enge Freundin,Sophie,Katharina,"Okay
Okay

Okay

Okay

Okay

Okay

Okay

Okay

Okay

Okay

Okay

Okay

Okay

Okay

Okay",2
Film,Enge Freundin,Katharina,Miriam,"Okay. Miriam's rating of 2 out of 5 stars indicates a negative opinion, so the adjective should be ""schlecht.""",2
Film,Enge Freundin,Sophie,Anna,"Okay.  
Okay.  
Okay.  
Okay.  
Okay.  
Okay.  
Okay.  
Okay.  
Okay.  
Okay.",2
Film,Enge Freundin,Katharina,Miriam,"Okay. Miriam's rating of 2 out of 5 stars indicates a negative opinion, so the adjective should be ""schlecht.""",2
Film,Enge Freundin,Miriam,Sophie,"Okay
Okay

Okay

Okay

Okay

Okay

Okay

Okay

Okay

Okay

Okay

Okay

Okay

Okay

Okay",3
Film,Enge Freundin,Anna,Sophie,"Okay
Okay

Okay

Okay

Okay

Okay

Okay

Okay

Okay

Okay

Okay

Okay

Okay

Okay

Okay",3
Film,Enge Freundin,Miriam,Luisa,"Okay
Okay

Okay

Okay

Okay

Okay

Okay

Okay

Okay

Okay

Okay

Okay

Okay

Okay

Okay",3
Film,Enge Freundin,Anna,Luisa,"Okay
Okay

Okay

Okay

Okay

Okay

Okay

Okay

Okay

Okay

Okay

Okay

Okay

Okay

Okay",3
Film,Enge Freundin,Sophie,Anna,"Okay.  
Okay.  
Okay.  
Okay.  
Okay.  
Okay.  
Okay.  
Okay.  
Okay.  
Okay.",3
Film,Enge Freundin,Anna,Katharina,"Okay

Okay

Okay

Okay

Okay

Okay

Okay

Okay

Okay

Okay

Okay

Okay

Okay

Okay

Okay",3
Film,Enge Freundin,Sophie,Luisa,"Okay.  
Okay.  
Okay.  
Okay.  
Okay.  
Okay.  
Okay.  
Okay.  
Okay.  
Okay.",3
Film,Enge Freundin,Sophie,Anna,"Okay.  
Okay.  
Okay.  
Okay.  
Okay.  
Okay.  
Okay.  
Okay.  
Okay.  
Okay.",3
Film,Enge Freundin,Anna,Katharina,"Okay

Okay

Okay

Okay

Okay

Okay

Okay

Okay

Okay

Okay

Okay

Okay

Okay

Okay

Okay",3
Film,Enge Freundin,Sophie,Katharina,"Okay
Okay

Okay

Okay

Okay

Okay

Okay

Okay

Okay

Okay

Okay

Okay

Okay

Okay

Okay",3
Film,Enge Freundin,Katharina,Luisa,Okay. Okay. Okay. Okay. Okay. Okay. Okay. Okay. Okay. Okay. Okay. Okay. Okay. Okay. Okay,4
Film,Enge Freundin,Katharina,Anna,Okay. Okay. Okay. Okay. Okay. Okay. Okay. Okay. Okay. Okay. Okay. Okay. Okay. Okay. Okay,4
Film,Enge Freundin,Katharina,Anna,Okay. Okay. Okay. Okay. Okay. Okay. Okay. Okay. Okay. Okay. Okay. Okay. Okay. Okay. Okay,4
Film,Enge Freundin,Luisa,Sophie,Okay. Okay. Okay. Okay. Okay. Okay. Okay. Okay. Okay. Okay. Okay. Okay. Okay. Okay. Okay,4
Film,Enge Freundin,Anna,Sophie,"Okay

Sophie sagt: \""Es war "" - der Satz ist unvollständig, aber basierend auf dem Kontext",4
Film,Enge Freundin,Miriam,Luisa,"Okay

Okay

Okay

Okay

Okay

Okay

Okay

Okay

Okay

Okay

Okay

Okay

Okay

Okay

Okay",4
Film,Enge Freundin,Anna,Sophie,"Okay

Sophie sagt: \""Es war "" - der Satz ist unvollständig, aber basierend auf dem Kontext",4
Film,Enge Freundin,Anna,Miriam,"Okay

Miriam sagt: \""Es war "" - Der Film wurde mit 4 von 5 Herzen bewertet, was eine positive",4
Film,Enge Freundin,Sophie,Katharina,"Okay
Okay

Okay

Okay

Okay

Okay

Okay

Okay

Okay

Okay

Okay

Okay

Okay

Okay

Okay",4
Film,Enge Freundin,Miriam,Sophie,"Okay

Okay

Okay

Okay

Okay

Okay

Okay

Okay

Okay

Okay

Okay

Okay

Okay

Okay

Okay",4
Film,Enge Freundin,Katharina,Sophie,"großartig

Okay, let me try to work through this. So the scenario is about Katharina and Sophie. Katharina",5
Film,Enge Freundin,Miriam,Anna,"Okay. Keine Erklärung. Nur das Adjektiv.
Okay. Keine Erklärung. Nur das Adjektiv.
Okay",5
Film,Enge Freundin,Luisa,Katharina,"großartig

Katharina sagt: \""Es war "" großartig

großartig

großartig",5
Film,Enge Freundin,Anna,Sophie,"großartig

Sophie sagt: \""Es war großartig\"".  
Keine Erklärung. Nur das Adjektiv",5
Film,Enge Freundin,Miriam,Anna,"Okay. Keine Erklärung. Nur das Adjektiv.
Okay. Keine Erklärung. Nur das Adjektiv.
Okay",5
Film,Enge Freundin,Miriam,Anna,"Okay. Keine Erklärung. Nur das Adjektiv.
Okay. Keine Erklärung. Nur das Adjektiv.
Okay",5
Film,Enge Freundin,Sophie,Katharina,"großartig

großartig

großartig

großartig

großartig

großartig",5
Film,Enge Freundin,Miriam,Luisa,"Okay

Okay

Okay

Okay

Okay

Okay

Okay

Okay

Okay

Okay

Okay

Okay

Okay

Okay

Okay",5
Film,Enge Freundin,Sophie,Anna,"Okay. Sophie fragt nach der Meinung, Anna fand den Film 5 von 5 Herzen. Anna sagt: ""Es war",5
Film,Enge Freundin,Luisa,Anna,"Okay. großartig. gut. okay. schlecht. schrecklich.
Okay. großartig. gut. okay. schlecht",5
Film,Entfernte Kollegin,Miriam,Katharina,"Okay
Okay

Okay

Okay

Okay

Okay

Okay

Okay

Okay

Okay

Okay

Okay

Okay

Okay

Okay",1
Film,Entfernte Kollegin,Luisa,Katharina,"schrecklich

Katharina gibt eine Bewertung von 1 von 5 Herzen, was bedeutet, dass sie den Film",1
Film,Entfernte Kollegin,Anna,Miriam,"Okay

Miriam sagt: \""Es war "" - Der Film wurde mit 1 von 5 Herzen bewertet, was eine sehr",1
Film,Entfernte Kollegin,Anna,Luisa,"Okay
Okay

Okay

Okay

Okay

Okay

Okay

Okay

Okay

Okay

Okay

Okay

Okay

Okay

Okay",1
Film,Entfernte Kollegin,Sophie,Luisa,"Okay
Okay

Okay

Okay

Okay

Okay

Okay

Okay

Okay

Okay

Okay

Okay

Okay

Okay

Okay",1
Film,Entfernte Kollegin,Katharina,Luisa,Okay. Okay. Okay. Okay. Okay. Okay. Okay. Okay. Okay. Okay. Okay. Okay. Okay. Okay. Okay,1
Film,Entfernte Kollegin,Anna,Luisa,"Okay

Okay

Okay

Okay

Okay

Okay

Okay

Okay

Okay

Okay

Okay

Okay

Okay

Okay

Okay",1
Film,Entfernte Kollegin,Miriam,Sophie,"Okay.  
Okay.  
Okay.  
Okay.  
Okay.  
Okay.  
Okay.  
Okay.  
Okay.  
Okay.",1
Film,Entfernte Kollegin,Anna,Sophie,"Okay
Okay

Okay

Okay

Okay

Okay

Okay

Okay

Okay

Okay

Okay

Okay

Okay

Okay

Okay",1
Film,Entfernte Kollegin,Katharina,Anna,Okay. Okay. Okay. Okay. Okay. Okay. Okay. Okay. Okay. Okay. Okay. Okay. Okay. Okay. Okay,1
Film,Entfernte Kollegin,Miriam,Anna,"Okay
Okay

Okay

Okay

Okay

Okay

Okay

Okay

Okay

Okay

Okay

Okay

Okay

Okay

Okay",2
Film,Entfernte Kollegin,Luisa,Katharina,"Okay
Okay

Okay

Okay

Okay

Okay

Okay

Okay

Okay

Okay

Okay

Okay

Okay

Okay

Okay",2
Film,Entfernte Kollegin,Sophie,Miriam,"Okay.  
Okay.  
Okay.  
Okay.  
Okay.  
Okay.  
Okay.  
Okay.  
Okay.  
Okay.",2
Film,Entfernte Kollegin,Katharina,Miriam,"Okay. Miriam's rating of 2 out of 5 stars indicates a negative opinion, so the appropriate adjective is ""schlecht.""",2
Film,Entfernte Kollegin,Miriam,Katharina,"Okay
Okay

Okay

Okay

Okay

Okay

Okay

Okay

Okay

Okay

Okay

Okay

Okay

Okay

Okay",2
Film,Entfernte Kollegin,Luisa,Miriam,"Okay.  
Okay.  
Okay.  
Okay.  
Okay.  
Okay.  
Okay.  
Okay.  
Okay.  
Okay.",2
Film,Entfernte Kollegin,Luisa,Sophie,"Okay.  
Okay.  
Okay.  
Okay.  
Okay.  
Okay.  
Okay.  
Okay.  
Okay.  
Okay.",2
Film,Entfernte Kollegin,Miriam,Anna,"Okay
Okay

Okay

Okay

Okay

Okay

Okay

Okay

Okay

Okay

Okay

Okay

Okay

Okay

Okay",2
Film,Entfernte Kollegin,Luisa,Anna,Okay. Okay. Okay. Okay. Okay. Okay. Okay. Okay. Okay. Okay. Okay. Okay. Okay. Okay. Okay,2
Film,Entfernte Kollegin,Miriam,Katharina,"Okay
Okay

Okay

Okay

Okay

Okay

Okay

Okay

Okay

Okay

Okay

Okay

Okay

Okay

Okay",2
Film,Entfernte Kollegin,Luisa,Sophie,Okay. Okay. Okay. Okay. Okay. Okay. Okay. Okay. Okay. Okay. Okay. Okay. Okay. Okay. Okay,3
Film,Entfernte Kollegin,Miriam,Sophie,"Okay.  
Okay.  
Okay.  
Okay.  
Okay.  
Okay.  
Okay.  
Okay.  
Okay.  
Okay.",3
Film,Entfernte Kollegin,Anna,Katharina,"Okay

Okay

Okay

Okay

Okay

Okay

Okay

Okay

Okay

Okay

Okay

Okay

Okay

Okay

Okay",3
Film,Entfernte Kollegin,Katharina,Anna,Okay. Okay. Okay. Okay. Okay. Okay. Okay. Okay. Okay. Okay. Okay. Okay. Okay. Okay. Okay,3
Film,Entfernte Kollegin,Sophie,Anna,"Okay.  
Okay.  
Okay.  
Okay.  
Okay.  
Okay.  
Okay.  
Okay.  
Okay.  
Okay.",3
Film,Entfernte Kollegin,Katharina,Sophie,"Okay. Sophie's rating of 3 out of 5 hearts indicates a moderate level of satisfaction. While the film wasn't terrible, it wasn",3
Film,Entfernte Kollegin,Luisa,Anna,Okay. Okay. Okay. Okay. Okay. Okay. Okay. Okay. Okay. Okay. Okay. Okay. Okay. Okay. Okay,3
Film,Entfernte Kollegin,Katharina,Sophie,"Okay. Sophie's rating of 3 out of 5 hearts indicates a moderate level of satisfaction. While the film wasn't terrible, it wasn",3
Film,Entfernte Kollegin,Luisa,Miriam,"Okay.  
Okay.  
Okay.  
Okay.  
Okay.  
Okay.  
Okay.  
Okay.  
Okay.  
Okay.",3
Film,Entfernte Kollegin,Katharina,Luisa,Okay. Okay. Okay. Okay. Okay. Okay. Okay. Okay. Okay. Okay. Okay. Okay. Okay. Okay. Okay,3
Film,Entfernte Kollegin,Miriam,Anna,"Okay.  
Miriam fragt nach der Meinung.  
Anna fand den Film 4 von 5 Herzen.  
Keine",4
Film,Entfernte Kollegin,Katharina,Anna,Okay. Okay. Okay. Okay. Okay. Okay. Okay. Okay. Okay. Okay. Okay. Okay. Okay. Okay. Okay,4
Film,Entfernte Kollegin,Sophie,Katharina,"Okay
Okay

Okay

Okay

Okay

Okay

Okay

Okay

Okay

Okay

Okay

Okay

Okay

Okay

Okay",4
Film,Entfernte Kollegin,Anna,Luisa,"Okay

Okay

Okay

Okay

Okay

Okay

Okay

Okay

Okay

Okay

Okay

Okay

Okay

Okay

Okay",4
Film,Entfernte Kollegin,Sophie,Katharina,"Okay
Okay

Okay

Okay

Okay

Okay

Okay

Okay

Okay

Okay

Okay

Okay

Okay

Okay

Okay",4
Film,Entfernte Kollegin,Anna,Katharina,"Okay

Okay

Okay

Okay

Okay

Okay

Okay

Okay

Okay

Okay

Okay

Okay

Okay

Okay

Okay",4
Film,Entfernte Kollegin,Anna,Luisa,"Okay

Okay

Okay

Okay

Okay

Okay

Okay

Okay

Okay

Okay

Okay

Okay

Okay

Okay

Okay",4
Film,Entfernte Kollegin,Katharina,Miriam,"Okay.  
Okay.  
Okay.  
Okay.  
Okay.  
Okay.  
Okay.  
Okay.  
Okay.  
Okay.",4
Film,Entfernte Kollegin,Luisa,Sophie,Okay. Okay. Okay. Okay. Okay. Okay. Okay. Okay. Okay. Okay. Okay. Okay. Okay. Okay. Okay,4
Film,Entfernte Kollegin,Katharina,Luisa,Okay. Okay. Okay. Okay. Okay. Okay. Okay. Okay. Okay. Okay. Okay. Okay. Okay. Okay. Okay,4
Film,Entfernte Kollegin,Sophie,Anna,"Okay. Sophie fragt nach der Meinung, Anna gibt eine Bewertung von 5 von 5 Herzen. Das ist eine sehr positive",5
Film,Entfernte Kollegin,Luisa,Katharina,"großartig
Okay, let me try to figure this out. So the scenario is about Luisa and Katharina. Luisa",5
Film,Entfernte Kollegin,Luisa,Katharina,"großartig
Okay, let me try to figure this out. So the scenario is about Luisa and Katharina. Luisa",5
Film,Entfernte Kollegin,Anna,Katharina,"Okay

Okay

Okay

Okay

Okay

Okay

Okay

Okay

Okay

Okay

Okay

Okay

Okay

Okay

Okay",5
Film,Entfernte Kollegin,Katharina,Sophie,Okay. Okay. Okay. Okay. Okay. Okay. Okay. Okay. Okay. Okay. Okay. Okay. Okay. Okay. Okay,5
Film,Entfernte Kollegin,Miriam,Katharina,"Okay
Okay

Okay

Okay

Okay

Okay

Okay

Okay

Okay

Okay

Okay

Okay

Okay

Okay

Okay",5
Film,Entfernte Kollegin,Anna,Miriam,"Okay

Miriam sagt: \""Es war "" großartig

Miriam sagt: \""Es war "" großartig

Miriam sagt",5
Film,Entfernte Kollegin,Katharina,Sophie,Okay. Okay. Okay. Okay. Okay. Okay. Okay. Okay. Okay. Okay. Okay. Okay. Okay. Okay. Okay,5
Film,Entfernte Kollegin,Sophie,Miriam,"Okay.  
Okay.  
Okay.  
Okay.  
Okay.  
Okay.  
Okay.  
Okay.  
Okay.  
Okay.",5
Film,Entfernte Kollegin,Sophie,Katharina,"Okay
Okay

Okay

Okay

Okay

Okay

Okay

Okay

Okay

Okay

Okay

Okay

Okay

Okay

Okay",5
Film,Lockere Chefin,Anna,Miriam,"Okay.  
Okay.  
Okay.  
Okay.  
Okay.  
Okay.  
Okay.  
Okay.  
Okay.  
Okay.",1
Film,Lockere Chefin,Sophie,Katharina,"Okay
Okay

Okay

Okay

Okay

Okay

Okay

Okay

Okay

Okay

Okay

Okay

Okay

Okay

Okay",1
Film,Lockere Chefin,Miriam,Luisa,"schrecklich

Okay, let me try to figure this out. So the scenario is about Miriam and Luisa. Miriam is Luis",1
Film,Lockere Chefin,Katharina,Sophie,"Okay.  
Okay.  
Okay.  
Okay.  
Okay.  
Okay.  
Okay.  
Okay.  
Okay.  
Okay.",1
Film,Lockere Chefin,Katharina,Anna,Okay. Okay. Okay. Okay. Okay. Okay. Okay. Okay. Okay. Okay. Okay. Okay. Okay. Okay. Okay,1
Film,Lockere Chefin,Katharina,Anna,Okay. Okay. Okay. Okay. Okay. Okay. Okay. Okay. Okay. Okay. Okay. Okay. Okay. Okay. Okay,1
Film,Lockere Chefin,Katharina,Miriam,"Okay.  
Okay.  
Okay.  
Okay.  
Okay.  
Okay.  
Okay.  
Okay.  
Okay.  
Okay.",1
Film,Lockere Chefin,Luisa,Anna,"Okay.  
Okay.  
Okay.  
Okay.  
Okay.  
Okay.  
Okay.  
Okay.  
Okay.  
Okay.",1
Film,Lockere Chefin,Miriam,Anna,Okay. Okay. Okay. Okay. Okay. Okay. Okay. Okay. Okay. Okay. Okay. Okay. Okay. Okay. Okay,1
Film,Lockere Chefin,Katharina,Sophie,"Okay.  
Okay.  
Okay.  
Okay.  
Okay.  
Okay.  
Okay.  
Okay.  
Okay.  
Okay.",1
Film,Lockere Chefin,Katharina,Miriam,"Okay.  
Okay.  
Okay.  
Okay.  
Okay.  
Okay.  
Okay.  
Okay.  
Okay.  
Okay.",2
Film,Lockere Chefin,Katharina,Luisa,Okay. Okay. Okay. Okay. Okay. Okay. Okay. Okay. Okay. Okay. Okay. Okay. Okay. Okay. Okay,2
Film,Lockere Chefin,Sophie,Luisa,"Okay
Okay

Okay

Okay

Okay

Okay

Okay

Okay

Okay

Okay

Okay

Okay

Okay

Okay

Okay",2
Film,Lockere Chefin,Miriam,Luisa,"Okay
Okay

Okay

Okay

Okay

Okay

Okay

Okay

Okay

Okay

Okay

Okay

Okay

Okay

Okay",2
Film,Lockere Chefin,Katharina,Anna,Okay. Okay. Okay. Okay. Okay. Okay. Okay. Okay. Okay. Okay. Okay. Okay. Okay. Okay. Okay,2
Film,Lockere Chefin,Sophie,Anna,"Okay.  
Okay.  
Okay.  
Okay.  
Okay.  
Okay.  
Okay.  
Okay.  
Okay.  
Okay.",2
Film,Lockere Chefin,Katharina,Miriam,Okay. Miriam's rating of 2 out of 5 stars indicates a negative opinion. The options are to choose one adjective from the list,2
Film,Lockere Chefin,Miriam,Katharina,"Okay
Okay

Okay

Okay

Okay

Okay

Okay

Okay

Okay

Okay

Okay

Okay

Okay

Okay

Okay",2
Film,Lockere Chefin,Miriam,Anna,"Okay.  
Okay.  
Okay.  
Okay.  
Okay.  
Okay.  
Okay.  
Okay.  
Okay.  
Okay.",2
Film,Lockere Chefin,Sophie,Anna,"Okay.  
Okay.  
Okay.  
Okay.  
Okay.  
Okay.  
Okay.  
Okay.  
Okay.  
Okay.",2
Film,Lockere Chefin,Miriam,Luisa,"Okay

Okay

Okay

Okay

Okay

Okay

Okay

Okay

Okay

Okay

Okay

Okay

Okay

Okay

Okay",3
Film,Lockere Chefin,Sophie,Luisa,"Okay.  
Okay.  
Okay.  
Okay.  
Okay.  
Okay.  
Okay.  
Okay.  
Okay.  
Okay.",3
Film,Lockere Chefin,Luisa,Anna,"Okay.  
Okay.  
Okay.  
Okay.  
Okay.  
Okay.  
Okay.  
Okay.  
Okay.  
Okay.",3
Film,Lockere Chefin,Miriam,Anna,"Okay.  
Okay.  
Okay.  
Okay.  
Okay.  
Okay.  
Okay.  
Okay.  
Okay.  
Okay.",3
Film,Lockere Chefin,Luisa,Anna,"Okay.  
Okay.  
Okay.  
Okay.  
Okay.  
Okay.  
Okay.  
Okay.  
Okay.  
Okay.",3
Film,Lockere Chefin,Sophie,Katharina,"Okay
Okay

Okay

Okay

Okay

Okay

Okay

Okay

Okay

Okay

Okay

Okay

Okay

Okay

Okay",3
Film,Lockere Chefin,Sophie,Luisa,"Okay.  
Okay.  
Okay.  
Okay.  
Okay.  
Okay.  
Okay.  
Okay.  
Okay.  
Okay.",3
Film,Lockere Chefin,Katharina,Sophie,"Okay.  
Okay.  
Okay.  
Okay.  
Okay.  
Okay.  
Okay.  
Okay.  
Okay.  
Okay.",3
Film,Lockere Chefin,Katharina,Anna,Okay. Okay. Okay. Okay. Okay. Okay. Okay. Okay. Okay. Okay. Okay. Okay. Okay. Okay. Okay,3
Film,Lockere Chefin,Anna,Katharina,"Okay

Okay

Okay

Okay

Okay

Okay

Okay

Okay

Okay

Okay

Okay

Okay

Okay

Okay

Okay",3
Film,Lockere Chefin,Anna,Luisa,"Okay.  
Okay.  
Okay.  
Okay.  
Okay.  
Okay.  
Okay.  
Okay.  
Okay.  
Okay.",4
Film,Lockere Chefin,Miriam,Katharina,"Okay
Okay

Okay

Okay

Okay

Okay

Okay

Okay

Okay

Okay

Okay

Okay

Okay

Okay

Okay",4
Film,Lockere Chefin,Miriam,Anna,"Okay.  
Okay.  
Okay.  
Okay.  
Okay.  
Okay.  
Okay.  
Okay.  
Okay.  
Okay.",4
Film,Lockere Chefin,Luisa,Anna,Okay. Okay. Okay. Okay. Okay. Okay. Okay. Okay. Okay. Okay. Okay. Okay. Okay. Okay. Okay,4
Film,Lockere Chefin,Anna,Miriam,"Okay

Miriam sagt: \""Es war "" - der Satz ist unvollständig, aber basierend auf dem Kontext",4
Film,Lockere Chefin,Katharina,Sophie,Okay. Okay. Okay. Okay. Okay. Okay. Okay. Okay. Okay. Okay. Okay. Okay. Okay. Okay. Okay,4
Film,Lockere Chefin,Sophie,Katharina,"Okay

Okay

Okay

Okay

Okay

Okay

Okay

Okay

Okay

Okay

Okay

Okay

Okay

Okay

Okay",4
Film,Lockere Chefin,Katharina,Miriam,"Okay. Miriam hat den Film mit 4 von 5 Herzen bewertet, was eine positive, aber nicht perfekte Bewertung",4
Film,Lockere Chefin,Sophie,Anna,"Okay.  
Okay.  
Okay.  
Okay.  
Okay.  
Okay.  
Okay.  
Okay.  
Okay.  
Okay.",4
Film,Lockere Chefin,Sophie,Luisa,Okay. Okay. Okay. Okay. Okay. Okay. Okay. Okay. Okay. Okay. Okay. Okay. Okay. Okay. Okay,4
Film,Lockere Chefin,Katharina,Luisa,"großartig

Luisa sagt: \""Es war "" großartig

Luisa sagt: \""Es war "" großart",5
Film,Lockere Chefin,Miriam,Anna,"Okay. großartig. gut. okay. schlecht. schrecklich.
Okay. großartig. gut. okay. schlecht",5
Film,Lockere Chefin,Anna,Miriam,"Okay. Miriam sagt: ""Es war großartig.""  
**Antwort:** großartig.  
**Begründung:**",5
Film,Lockere Chefin,Katharina,Miriam,"Okay. Miriam hat den Film mit 5 von 5 Herzen bewertet, was bedeutet, dass sie ihn sehr mochte",5
Film,Lockere Chefin,Anna,Katharina,"Okay

Okay

Okay

Okay

Okay

Okay

Okay

Okay

Okay

Okay

Okay

Okay

Okay

Okay

Okay",5
Film,Lockere Chefin,Luisa,Sophie,"großartig

Okay, let me try to work through this. So the scenario is about Luisa, who is Sophie's loose (",5
Film,Lockere Chefin,Katharina,Anna,Okay. Okay. Okay. Okay. Okay. Okay. Okay. Okay. Okay. Okay. Okay. Okay. Okay. Okay. Okay,5
Film,Lockere Chefin,Katharina,Sophie,"Okay. 

Sophie fand den Film sehr gut, da sie 5 von 5 Herzen gibt. Das ist eine sehr positive Bewert",5
Film,Lockere Chefin,Anna,Katharina,"Okay

Okay

Okay

Okay

Okay

Okay

Okay

Okay

Okay

Okay

Okay

Okay

Okay

Okay

Okay",5
Film,Lockere Chefin,Anna,Sophie,"großartig
Okay, let me try to figure this out. So the scenario is about Anna and Sophie. Anna is Sophie's loose",5
Film,Gefürchtete Chefin,Sophie,Miriam,"Okay.  
Okay.  
Okay.  
Okay.  
Okay.  
Okay.  
Okay.  
Okay.  
Okay.  
Okay.",1
Film,Gefürchtete Chefin,Anna,Luisa,"Okay

Okay

Okay

Okay

Okay

Okay

Okay

Okay

Okay

Okay

Okay

Okay

Okay

Okay

Okay",1
Film,Gefürchtete Chefin,Anna,Katharina,"Okay

Katharina sagt: \""Es war "" - sie hat den Film mit 1 von 5 Herzen bewertet,",1
Film,Gefürchtete Chefin,Miriam,Luisa,"schrecklich

Luisa fand den Film nur 1 von 5 Herzen, was ein sehr niedriger Wert ist und deut",1
Film,Gefürchtete Chefin,Luisa,Katharina,"schrecklich

Katharina sagt: \""Es war ""schrecklich"" – das Adjektiv, das am besten zur Bewert",1
Film,Gefürchtete Chefin,Sophie,Luisa,"Okay
Okay

Okay

Okay

Okay

Okay

Okay

Okay

Okay

Okay

Okay

Okay

Okay

Okay

Okay",1
Film,Gefürchtete Chefin,Luisa,Anna,"Okay.  
Okay.  
Okay.  
Okay.  
Okay.  
Okay.  
Okay.  
Okay.  
Okay.  
Okay.",1
Film,Gefürchtete Chefin,Luisa,Miriam,"Okay.  
Okay.  
Okay.  
Okay.  
Okay.  
Okay.  
Okay.  
Okay.  
Okay.  
Okay.",1
Film,Gefürchtete Chefin,Miriam,Anna,"Okay.  
Okay.  
Okay.  
Okay.  
Okay.  
Okay.  
Okay.  
Okay.  
Okay.  
Okay.",1
Film,Gefürchtete Chefin,Luisa,Miriam,"Okay.  
Okay.  
Okay.  
Okay.  
Okay.  
Okay.  
Okay.  
Okay.  
Okay.  
Okay.",1
Film,Gefürchtete Chefin,Miriam,Luisa,"Okay
Okay

Okay

Okay

Okay

Okay

Okay

Okay

Okay

Okay

Okay

Okay

Okay

Okay

Okay",2
Film,Gefürchtete Chefin,Luisa,Katharina,"Okay
Okay

Okay

Okay

Okay

Okay

Okay

Okay

Okay

Okay

Okay

Okay

Okay

Okay

Okay",2
Film,Gefürchtete Chefin,Katharina,Miriam,"Okay.  
Okay.  
Okay.  
Okay.  
Okay.  
Okay.  
Okay.  
Okay.  
Okay.  
Okay.",2
Film,Gefürchtete Chefin,Miriam,Anna,"Okay.  
Okay.  
Okay.  
Okay.  
Okay.  
Okay.  
Okay.  
Okay.  
Okay.  
Okay.",2
Film,Gefürchtete Chefin,Katharina,Miriam,"Okay.  
Okay.  
Okay.  
Okay.  
Okay.  
Okay.  
Okay.  
Okay.  
Okay.  
Okay.",2
Film,Gefürchtete Chefin,Luisa,Anna,"Okay.  
Okay.  
Okay.  
Okay.  
Okay.  
Okay.  
Okay.  
Okay.  
Okay.  
Okay.",2
Film,Gefürchtete Chefin,Miriam,Sophie,"Okay.  
Okay.  
Okay.  
Okay.  
Okay.  
Okay.  
Okay.  
Okay.  
Okay.  
Okay.",2
Film,Gefürchtete Chefin,Anna,Sophie,"Okay
Okay

Okay

Okay

Okay

Okay

Okay

Okay

Okay

Okay

Okay

Okay

Okay

Okay

Okay",2
Film,Gefürchtete Chefin,Luisa,Sophie,"Okay.  
Okay.  
Okay.  
Okay.  
Okay.  
Okay.  
Okay.  
Okay.  
Okay.  
Okay.",2
Film,Gefürchtete Chefin,Miriam,Luisa,"Okay
Okay

Okay

Okay

Okay

Okay

Okay

Okay

Okay

Okay

Okay

Okay

Okay

Okay

Okay",2
Film,Gefürchtete Chefin,Katharina,Miriam,"Okay.  
Okay.  
Okay.  
Okay.  
Okay.  
Okay.  
Okay.  
Okay.  
Okay.  
Okay.",3
Film,Gefürchtete Chefin,Anna,Katharina,"Okay

Okay

Okay

Okay

Okay

Okay

Okay

Okay

Okay

Okay

Okay

Okay

Okay

Okay

Okay",3
Film,Gefürchtete Chefin,Luisa,Anna,Okay. Okay. Okay. Okay. Okay. Okay. Okay. Okay. Okay. Okay. Okay. Okay. Okay. Okay. Okay,3
Film,Gefürchtete Chefin,Miriam,Sophie,"Okay.  
Okay.  
Okay.  
Okay.  
Okay.  
Okay.  
Okay.  
Okay.  
Okay.  
Okay.",3
Film,Gefürchtete Chefin,Sophie,Katharina,"Okay
Okay

Okay

Okay

Okay

Okay

Okay

Okay

Okay

Okay

Okay

Okay

Okay

Okay

Okay",3
Film,Gefürchtete Chefin,Sophie,Anna,"Okay.  
Okay.  
Okay.  
Okay.  
Okay.  
Okay.  
Okay.  
Okay.  
Okay.  
Okay.",3
Film,Gefürchtete Chefin,Anna,Luisa,"Okay
Okay

Okay

Okay

Okay

Okay

Okay

Okay

Okay

Okay

Okay

Okay

Okay

Okay

Okay",3
Film,Gefürchtete Chefin,Luisa,Katharina,"Okay
Okay

Okay

Okay

Okay

Okay

Okay

Okay

Okay

Okay

Okay

Okay

Okay

Okay

Okay",3
Film,Gefürchtete Chefin,Sophie,Anna,"Okay.  
Okay.  
Okay.  
Okay.  
Okay.  
Okay.  
Okay.  
Okay.  
Okay.  
Okay.",3
Film,Gefürchtete Chefin,Luisa,Sophie,"Okay.  
Okay.  
Okay.  
Okay.  
Okay.  
Okay.  
Okay.  
Okay.  
Okay.  
Okay.",3
Film,Gefürchtete Chefin,Luisa,Miriam,"Okay.  
Okay.  
Okay.  
Okay.  
Okay.  
Okay.  
Okay.  
Okay.  
Okay.  
Okay.",4
Film,Gefürchtete Chefin,Anna,Miriam,"Okay.  
Okay.  
Okay.  
Okay.  
Okay.  
Okay.  
Okay.  
Okay.  
Okay.  
Okay.",4
Film,Gefürchtete Chefin,Luisa,Anna,"Okay.  
Okay.  
Okay.  
Okay.  
Okay.  
Okay.  
Okay.  
Okay.  
Okay.  
Okay.",4
Film,Gefürchtete Chefin,Miriam,Katharina,"Okay
Okay

Okay

Okay

Okay

Okay

Okay

Okay

Okay

Okay

Okay

Okay

Okay

Okay

Okay",4
Film,Gefürchtete Chefin,Anna,Miriam,"Okay.  
Okay.  
Okay.  
Okay.  
Okay.  
Okay.  
Okay.  
Okay.  
Okay.  
Okay.",4
Film,Gefürchtete Chefin,Anna,Luisa,"Okay.  
Okay.  
Okay.  
Okay.  
Okay.  
Okay.  
Okay.  
Okay.  
Okay.  
Okay.",4
Film,Gefürchtete Chefin,Katharina,Sophie,Okay. Okay. Okay. Okay. Okay. Okay. Okay. Okay. Okay. Okay. Okay. Okay. Okay. Okay. Okay,4
Film,Gefürchtete Chefin,Luisa,Sophie,"Okay.  
Okay.  
Okay.  
Okay.  
Okay.  
Okay.  
Okay.  
Okay.  
Okay.  
Okay.",4
Film,Gefürchtete Chefin,Luisa,Anna,"Okay.  
Okay.  
Okay.  
Okay.  
Okay.  
Okay.  
Okay.  
Okay.  
Okay.  
Okay.",4
Film,Gefürchtete Chefin,Anna,Katharina,"Okay

Okay

Okay

Okay

Okay

Okay

Okay

Okay

Okay

Okay

Okay

Okay

Okay

Okay

Okay",4
Film,Gefürchtete Chefin,Miriam,Katharina,"großartig

Katharina sagt: \""Es war "" großartig

großartig

großartig",5
Film,Gefürchtete Chefin,Miriam,Sophie,"Okay.  
Okay.  
Okay.  
Okay.  
Okay.  
Okay.  
Okay.  
Okay.  
Okay.  
Okay.",5
Film,Gefürchtete Chefin,Katharina,Anna,Okay. Okay. Okay. Okay. Okay. Okay. Okay. Okay. Okay. Okay. Okay. Okay. Okay. Okay. Okay,5
Film,Gefürchtete Chefin,Luisa,Sophie,"großartig

Okay, let me try to work through this. So the scenario is about Luisa, who is Sophie's feared boss",5
Film,Gefürchtete Chefin,Luisa,Katharina,"großartig

Katharina sagt: \""Es war "" großartig

großartig

großartig",5
Film,Gefürchtete Chefin,Luisa,Anna,Okay. Okay. Okay. Okay. Okay. Okay. Okay. Okay. Okay. Okay. Okay. Okay. Okay. Okay. Okay,5
Film,Gefürchtete Chefin,Katharina,Anna,Okay. Okay. Okay. Okay. Okay. Okay. Okay. Okay. Okay. Okay. Okay. Okay. Okay. Okay. Okay,5
Film,Gefürchtete Chefin,Luisa,Katharina,"großartig

Katharina sagt: \""Es war "" großartig

großartig

großartig",5
Film,Gefürchtete Chefin,Sophie,Miriam,"Okay.  
Okay.  
Okay.  
Okay.  
Okay.  
Okay.  
Okay.  
Okay.  
Okay.  
Okay.",5
Film,Gefürchtete Chefin,Miriam,Katharina,"großartig

Katharina sagt: \""Es war "" großartig

großartig

großartig",5
Theater,Enge Freundin,Katharina,Anna,Okay. Okay. Okay. Okay. Okay. Okay. Okay. Okay. Okay. Okay. Okay. Okay. Okay. Okay. Okay,1
Theater,Enge Freundin,Anna,Katharina,"Okay
Okay

Okay

Okay

Okay

Okay

Okay

Okay

Okay

Okay

Okay

Okay

Okay

Okay

Okay",1
Theater,Enge Freundin,Anna,Miriam,"Okay
Okay

Okay

Okay

Okay

Okay

Okay

Okay

Okay

Okay

Okay

Okay

Okay

Okay

Okay",1
Theater,Enge Freundin,Anna,Luisa,"Okay

Okay

Okay

Okay

Okay

Okay

Okay

Okay

Okay

Okay

Okay

Okay

Okay

Okay

Okay",1
Theater,Enge Freundin,Katharina,Anna,Okay. Okay. Okay. Okay. Okay. Okay. Okay. Okay. Okay. Okay. Okay. Okay. Okay. Okay. Okay,1
Theater,Enge Freundin,Miriam,Sophie,Okay. Okay. Okay. Okay. Okay. Okay. Okay. Okay. Okay. Okay. Okay. Okay. Okay. Okay. Okay,1
Theater,Enge Freundin,Sophie,Katharina,"Okay
Okay

Okay

Okay

Okay

Okay

Okay

Okay

Okay

Okay

Okay

Okay

Okay

Okay

Okay",1
Theater,Enge Freundin,Luisa,Anna,Okay. Okay. Okay. Okay. Okay. Okay. Okay. Okay. Okay. Okay. Okay. Okay. Okay. Okay. Okay,1
Theater,Enge Freundin,Miriam,Katharina,"Okay
Okay

Okay

Okay

Okay

Okay

Okay

Okay

Okay

Okay

Okay

Okay

Okay

Okay

Okay",1
Theater,Enge Freundin,Luisa,Miriam,Okay. Okay. Okay. Okay. Okay. Okay. Okay. Okay. Okay. Okay. Okay. Okay. Okay. Okay. Okay,1
Theater,Enge Freundin,Anna,Sophie,"Okay
Okay

Okay

Okay

Okay

Okay

Okay

Okay

Okay

Okay

Okay

Okay

Okay

Okay

Okay",2
Theater,Enge Freundin,Miriam,Katharina,"Okay
Okay

Okay

Okay

Okay

Okay

Okay

Okay

Okay

Okay

Okay

Okay

Okay

Okay

Okay",2
Theater,Enge Freundin,Miriam,Anna,"Okay
Okay

Okay

Okay

Okay

Okay

Okay

Okay

Okay

Okay

Okay

Okay

Okay

Okay

Okay",2
Theater,Enge Freundin,Miriam,Anna,"Okay
Okay

Okay

Okay

Okay

Okay

Okay

Okay

Okay

Okay

Okay

Okay

Okay

Okay

Okay",2
Theater,Enge Freundin,Miriam,Sophie,"Okay
Okay

Okay

Okay

Okay

Okay

Okay

Okay

Okay

Okay

Okay

Okay

Okay

Okay

Okay",2
Theater,Enge Freundin,Anna,Miriam,"Okay.  
Okay.  
Okay.  
Okay.  
Okay.  
Okay.  
Okay.  
Okay.  
Okay.  
Okay.",2
Theater,Enge Freundin,Katharina,Anna,Okay. Okay. Okay. Okay. Okay. Okay. Okay. Okay. Okay. Okay. Okay. Okay. Okay. Okay. Okay,2
Theater,Enge Freundin,Sophie,Luisa,"Okay
Okay

Okay

Okay

Okay

Okay

Okay

Okay

Okay

Okay

Okay

Okay

Okay

Okay

Okay",2
Theater,Enge Freundin,Miriam,Anna,"Okay
Okay

Okay

Okay

Okay

Okay

Okay

Okay

Okay

Okay

Okay

Okay

Okay

Okay

Okay",2
Theater,Enge Freundin,Luisa,Miriam,"Okay. Miriam hat die Aufführung mit 2 von 5 Herzen bewertet, was ein eher niedriger Wert ist.",2
Theater,Enge Freundin,Sophie,Anna,"Okay. Sophie fragt nach der Meinung, Anna gibt eine Bewertung von 3 von 5 Herzen. Die Bewertung ist nicht",3
Theater,Enge Freundin,Sophie,Luisa,"Okay
Okay

Okay

Okay

Okay

Okay

Okay

Okay

Okay

Okay

Okay

Okay

Okay

Okay

Okay",3
Theater,Enge Freundin,Anna,Katharina,"Okay

Okay

Okay

Okay

Okay

Okay

Okay

Okay

Okay

Okay

Okay

Okay

Okay

Okay

Okay",3
Theater,Enge Freundin,Katharina,Sophie,Okay. Okay. Okay. Okay. Okay. Okay. Okay. Okay. Okay. Okay. Okay. Okay. Okay. Okay. Okay,3
Theater,Enge Freundin,Miriam,Anna,"Okay
Okay

Okay

Okay

Okay

Okay

Okay

Okay

Okay

Okay

Okay

Okay

Okay

Okay

Okay",3
Theater,Enge Freundin,Anna,Sophie,"Okay. Sophie's rating is 3 out of 5 stars, which is a moderate positive rating. The question is about how she found Anna",3
Theater,Enge Freundin,Sophie,Katharina,"Okay
Okay

Okay

Okay

Okay

Okay

Okay

Okay

Okay

Okay

Okay

Okay

Okay

Okay

Okay",3
Theater,Enge Freundin,Sophie,Anna,"Okay. Sophie fragt nach der Meinung, Anna gibt eine Bewertung von 3 von 5 Herzen. Die Bewertung ist nicht",3
Theater,Enge Freundin,Sophie,Luisa,"Okay
Okay

Okay

Okay

Okay

Okay

Okay

Okay

Okay

Okay

Okay

Okay

Okay

Okay

Okay",3
Theater,Enge Freundin,Sophie,Luisa,"Okay
Okay

Okay

Okay

Okay

Okay

Okay

Okay

Okay

Okay

Okay

Okay

Okay

Okay

Okay",3
Theater,Enge Freundin,Miriam,Sophie,Okay. Okay. Okay. Okay. Okay. Okay. Okay. Okay. Okay. Okay. Okay. Okay. Okay. Okay. Okay,4
Theater,Enge Freundin,Miriam,Sophie,Okay. Okay. Okay. Okay. Okay. Okay. Okay. Okay. Okay. Okay. Okay. Okay. Okay. Okay. Okay,4
Theater,Enge Freundin,Sophie,Anna,Okay. Okay. Okay. Okay. Okay. Okay. Okay. Okay. Okay. Okay. Okay. Okay. Okay. Okay. Okay,4
Theater,Enge Freundin,Anna,Miriam,"Okay
Okay

Okay

Okay

Okay

Okay

Okay

Okay

Okay

Okay

Okay

Okay

Okay

Okay

Okay",4
Theater,Enge Freundin,Luisa,Miriam,Okay. Okay. Okay. Okay. Okay. Okay. Okay. Okay. Okay. Okay. Okay. Okay. Okay. Okay. Okay,4
Theater,Enge Freundin,Sophie,Luisa,"Okay
Okay

Okay

Okay

Okay

Okay

Okay

Okay

Okay

Okay

Okay

Okay

Okay

Okay

Okay",4
Theater,Enge Freundin,Katharina,Miriam,Okay. Okay. Okay. Okay. Okay. Okay. Okay. Okay. Okay. Okay. Okay. Okay. Okay. Okay. Okay,4
Theater,Enge Freundin,Miriam,Anna,"Okay
Okay

Okay

Okay

Okay

Okay

Okay

Okay

Okay

Okay

Okay

Okay

Okay

Okay

Okay",4
Theater,Enge Freundin,Katharina,Sophie,Okay. Okay. Okay. Okay. Okay. Okay. Okay. Okay. Okay. Okay. Okay. Okay. Okay. Okay. Okay,4
Theater,Enge Freundin,Miriam,Luisa,"Okay
Okay

Okay

Okay

Okay

Okay

Okay

Okay

Okay

Okay

Okay

Okay

Okay

Okay

Okay",4
Theater,Enge Freundin,Katharina,Anna,Okay. Okay. Okay. Okay. Okay. Okay. Okay. Okay. Okay. Okay. Okay. Okay. Okay. Okay. Okay,5
Theater,Enge Freundin,Katharina,Sophie,Okay. Okay. Okay. Okay. Okay. Okay. Okay. Okay. Okay. Okay. Okay. Okay. Okay. Okay. Okay,5
Theater,Enge Freundin,Luisa,Katharina,Okay. Okay. Okay. Okay. Okay. Okay. Okay. Okay. Okay. Okay. Okay. Okay. Okay. Okay. Okay,5
Theater,Enge Freundin,Katharina,Sophie,"großartig

**Erklärung:**  
Sophie bewertet die Theateraufführung mit 5 von 5 Herzen",5
Theater,Enge Freundin,Katharina,Miriam,Okay. Okay. Okay. Okay. Okay. Okay. Okay. Okay. Okay. Okay. Okay. Okay. Okay. Okay. Okay,5
Theater,Enge Freundin,Katharina,Sophie,Okay. Okay. Okay. Okay. Okay. Okay. Okay. Okay. Okay. Okay. Okay. Okay. Okay. Okay. Okay,5
Theater,Enge Freundin,Miriam,Anna,"Okay
Okay

Okay

Okay

Okay

Okay

Okay

Okay

Okay

Okay

Okay

Okay

Okay

Okay

Okay",5
Theater,Enge Freundin,Anna,Luisa,"Okay

Okay

Okay

Okay

Okay

Okay

Okay

Okay

Okay

Okay

Okay

Okay

Okay

Okay

Okay",5
Theater,Enge Freundin,Luisa,Katharina,Okay. Okay. Okay. Okay. Okay. Okay. Okay. Okay. Okay. Okay. Okay. Okay. Okay. Okay. Okay,5
Theater,Enge Freundin,Miriam,Luisa,"Okay
Okay

Okay

Okay

Okay

Okay

Okay

Okay

Okay

Okay

Okay

Okay

Okay

Okay

Okay",5
Theater,Entfernte Kollegin,Katharina,Sophie,"Okay
Okay

Okay

Okay

Okay

Okay

Okay

Okay

Okay

Okay

Okay

Okay

Okay

Okay

Okay",1
Theater,Entfernte Kollegin,Luisa,Sophie,"Okay.  
Okay.  
Okay.  
Okay.  
Okay.  
Okay.  
Okay.  
Okay.  
Okay.  
Okay.",1
Theater,Entfernte Kollegin,Anna,Katharina,"Okay
Okay

Okay

Okay

Okay

Okay

Okay

Okay

Okay

Okay

Okay

Okay

Okay

Okay

Okay",1
Theater,Entfernte Kollegin,Sophie,Luisa,"Okay
Okay

Okay

Okay

Okay

Okay

Okay

Okay

Okay

Okay

Okay

Okay

Okay

Okay

Okay",1
Theater,Entfernte Kollegin,Anna,Sophie,"Okay

Sophie's comment of ""Es war 1 von 5 Herzen"" indicates a very low rating, which is the lowest possible",1
Theater,Entfernte Kollegin,Miriam,Anna,Okay. Okay. Okay. Okay. Okay. Okay. Okay. Okay. Okay. Okay. Okay. Okay. Okay. Okay. Okay,1
Theater,Entfernte Kollegin,Katharina,Anna,Okay. Okay. Okay. Okay. Okay. Okay. Okay. Okay. Okay. Okay. Okay. Okay. Okay. Okay. Okay,1
Theater,Entfernte Kollegin,Katharina,Miriam,"Okay. Miriam hat die Aufführung mit 1 von 5 Herzen bewertet, was ein sehr niedriger Wert ist.",1
Theater,Entfernte Kollegin,Sophie,Anna,Okay. Okay. Okay. Okay. Okay. Okay. Okay. Okay. Okay. Okay. Okay. Okay. Okay. Okay. Okay,1
Theater,Entfernte Kollegin,Katharina,Anna,Okay. Okay. Okay. Okay. Okay. Okay. Okay. Okay. Okay. Okay. Okay. Okay. Okay. Okay. Okay,1
Theater,Entfernte Kollegin,Sophie,Luisa,"Okay
Okay

Okay

Okay

Okay

Okay

Okay

Okay

Okay

Okay

Okay

Okay

Okay

Okay

Okay",2
Theater,Entfernte Kollegin,Luisa,Anna,Okay. Okay. Okay. Okay. Okay. Okay. Okay. Okay. Okay. Okay. Okay. Okay. Okay. Okay. Okay,2
Theater,Entfernte Kollegin,Katharina,Miriam,"Okay. Miriam's rating of 2 out of 5 stars indicates a negative experience, so the appropriate adjective is ""schlecht.""",2
Theater,Entfernte Kollegin,Luisa,Miriam,Okay. Okay. Okay. Okay. Okay. Okay. Okay. Okay. Okay. Okay. Okay. Okay. Okay. Okay. Okay,2
Theater,Entfernte Kollegin,Katharina,Sophie,Okay. Okay. Okay. Okay. Okay. Okay. Okay. Okay. Okay. Okay. Okay. Okay. Okay. Okay. Okay,2
Theater,Entfernte Kollegin,Anna,Katharina,"Okay
Okay

Okay

Okay

Okay

Okay

Okay

Okay

Okay

Okay

Okay

Okay

Okay

Okay

Okay",2
Theater,Entfernte Kollegin,Miriam,Sophie,"Okay
Okay

Okay

Okay

Okay

Okay

Okay

Okay

Okay

Okay

Okay

Okay

Okay

Okay

Okay",2
Theater,Entfernte Kollegin,Miriam,Sophie,"Okay
Okay

Okay

Okay

Okay

Okay

Okay

Okay

Okay

Okay

Okay

Okay

Okay

Okay

Okay",2
Theater,Entfernte Kollegin,Luisa,Anna,Okay. Okay. Okay. Okay. Okay. Okay. Okay. Okay. Okay. Okay. Okay. Okay. Okay. Okay. Okay,2
Theater,Entfernte Kollegin,Katharina,Sophie,Okay. Okay. Okay. Okay. Okay. Okay. Okay. Okay. Okay. Okay. Okay. Okay. Okay. Okay. Okay,2
Theater,Entfernte Kollegin,Miriam,Katharina,"Okay
Okay

Okay

Okay

Okay

Okay

Okay

Okay

Okay

Okay

Okay

Okay

Okay

Okay

Okay",3
Theater,Entfernte Kollegin,Miriam,Anna,"Okay
Okay

Okay

Okay

Okay

Okay

Okay

Okay

Okay

Okay

Okay

Okay

Okay

Okay

Okay",3
Theater,Entfernte Kollegin,Katharina,Anna,Okay. Okay. Okay. Okay. Okay. Okay. Okay. Okay. Okay. Okay. Okay. Okay. Okay. Okay. Okay,3
Theater,Entfernte Kollegin,Luisa,Sophie,Okay. Okay. Okay. Okay. Okay. Okay. Okay. Okay. Okay. Okay. Okay. Okay. Okay. Okay. Okay,3
Theater,Entfernte Kollegin,Luisa,Katharina,Okay. Okay. Okay. Okay. Okay. Okay. Okay. Okay. Okay. Okay. Okay. Okay. Okay. Okay. Okay,3
Theater,Entfernte Kollegin,Anna,Miriam,"Okay.  
Okay.  
Okay.  
Okay.  
Okay.  
Okay.  
Okay.  
Okay.  
Okay.  
Okay.",3
Theater,Entfernte Kollegin,Anna,Katharina,"Okay

Okay

Okay

Okay

Okay

Okay

Okay

Okay

Okay

Okay

Okay

Okay

Okay

Okay

Okay",3
Theater,Entfernte Kollegin,Luisa,Sophie,Okay. Okay. Okay. Okay. Okay. Okay. Okay. Okay. Okay. Okay. Okay. Okay. Okay. Okay. Okay,3
Theater,Entfernte Kollegin,Katharina,Luisa,Okay. Okay. Okay. Okay. Okay. Okay. Okay. Okay. Okay. Okay. Okay. Okay. Okay. Okay. Okay,3
Theater,Entfernte Kollegin,Anna,Miriam,"Okay.  
Okay.  
Okay.  
Okay.  
Okay.  
Okay.  
Okay.  
Okay.  
Okay.  
Okay.",3
Theater,Entfernte Kollegin,Katharina,Anna,Okay. Okay. Okay. Okay. Okay. Okay. Okay. Okay. Okay. Okay. Okay. Okay. Okay. Okay. Okay,4
Theater,Entfernte Kollegin,Sophie,Luisa,"Okay
Okay

Okay

Okay

Okay

Okay

Okay

Okay

Okay

Okay

Okay

Okay

Okay

Okay

Okay",4
Theater,Entfernte Kollegin,Miriam,Luisa,"Okay
Okay

Okay

Okay

Okay

Okay

Okay

Okay

Okay

Okay

Okay

Okay

Okay

Okay

Okay",4
Theater,Entfernte Kollegin,Luisa,Miriam,Okay. Okay. Okay. Okay. Okay. Okay. Okay. Okay. Okay. Okay. Okay. Okay. Okay. Okay. Okay,4
Theater,Entfernte Kollegin,Katharina,Luisa,Okay. Okay. Okay. Okay. Okay. Okay. Okay. Okay. Okay. Okay. Okay. Okay. Okay. Okay. Okay,4
Theater,Entfernte Kollegin,Miriam,Luisa,"Okay
Okay

Okay

Okay

Okay

Okay

Okay

Okay

Okay

Okay

Okay

Okay

Okay

Okay

Okay",4
Theater,Entfernte Kollegin,Miriam,Katharina,"Okay
Okay

Okay

Okay

Okay

Okay

Okay

Okay

Okay

Okay

Okay

Okay

Okay

Okay

Okay",4
Theater,Entfernte Kollegin,Sophie,Miriam,Okay. Okay. Okay. Okay. Okay. Okay. Okay. Okay. Okay. Okay. Okay. Okay. Okay. Okay. Okay,4
Theater,Entfernte Kollegin,Katharina,Luisa,Okay. Okay. Okay. Okay. Okay. Okay. Okay. Okay. Okay. Okay. Okay. Okay. Okay. Okay. Okay,4
Theater,Entfernte Kollegin,Katharina,Anna,Okay. Okay. Okay. Okay. Okay. Okay. Okay. Okay. Okay. Okay. Okay. Okay. Okay. Okay. Okay,4
Theater,Entfernte Kollegin,Anna,Miriam,"Okay. Die Bewertung von Miriam ist 5 von 5 Herzen, was bedeutet, dass sie die Aufführung sehr posit",5
Theater,Entfernte Kollegin,Anna,Miriam,"Okay. Die Bewertung von Miriam ist 5 von 5 Herzen, was bedeutet, dass sie die Aufführung sehr posit",5
Theater,Entfernte Kollegin,Luisa,Katharina,Okay. Okay. Okay. Okay. Okay. Okay. Okay. Okay. Okay. Okay. Okay. Okay. Okay. Okay. Okay,5
Theater,Entfernte Kollegin,Katharina,Sophie,Okay. Okay. Okay. Okay. Okay. Okay. Okay. Okay. Okay. Okay. Okay. Okay. Okay. Okay. Okay,5
Theater,Entfernte Kollegin,Katharina,Sophie,Okay. Okay. Okay. Okay. Okay. Okay. Okay. Okay. Okay. Okay. Okay. Okay. Okay. Okay. Okay,5
Theater,Entfernte Kollegin,Luisa,Anna,"Okay.  
Okay.  
Okay.  
Okay.  
Okay.  
Okay.  
Okay.  
Okay.  
Okay.  
Okay.",5
Theater,Entfernte Kollegin,Sophie,Luisa,"Okay
Okay

Okay

Okay

Okay

Okay

Okay

Okay

Okay

Okay

Okay

Okay

Okay

Okay

Okay",5
Theater,Entfernte Kollegin,Sophie,Katharina,"Okay
Okay

Okay

Okay

Okay

Okay

Okay

Okay

Okay

Okay

Okay

Okay

Okay

Okay

Okay",5
Theater,Entfernte Kollegin,Sophie,Miriam,Okay. Okay. Okay. Okay. Okay. Okay. Okay. Okay. Okay. Okay. Okay. Okay. Okay. Okay. Okay,5
Theater,Entfernte Kollegin,Miriam,Luisa,"Okay
Okay

Okay

Okay

Okay

Okay

Okay

Okay

Okay

Okay

Okay

Okay

Okay

Okay

Okay",5
Theater,Lockere Chefin,Luisa,Sophie,"Okay.  
Okay.  
Okay.  
Okay.  
Okay.  
Okay.  
Okay.  
Okay.  
Okay.  
Okay.",1
Theater,Lockere Chefin,Anna,Sophie,"Okay
Okay

Okay

Okay

Okay

Okay

Okay

Okay

Okay

Okay

Okay

Okay

Okay

Okay

Okay",1
Theater,Lockere Chefin,Anna,Sophie,"Okay
Okay

Okay

Okay

Okay

Okay

Okay

Okay

Okay

Okay

Okay

Okay

Okay

Okay

Okay",1
Theater,Lockere Chefin,Luisa,Sophie,"Okay.  
Okay.  
Okay.  
Okay.  
Okay.  
Okay.  
Okay.  
Okay.  
Okay.  
Okay.",1
Theater,Lockere Chefin,Sophie,Miriam,"Okay.  
Okay.  
Okay.  
Okay.  
Okay.  
Okay.  
Okay.  
Okay.  
Okay.  
Okay.",1
Theater,Lockere Chefin,Katharina,Anna,Okay. Okay. Okay. Okay. Okay. Okay. Okay. Okay. Okay. Okay. Okay. Okay. Okay. Okay. Okay,1
Theater,Lockere Chefin,Luisa,Miriam,Okay. Okay. Okay. Okay. Okay. Okay. Okay. Okay. Okay. Okay. Okay. Okay. Okay. Okay. Okay,1
Theater,Lockere Chefin,Sophie,Miriam,"Okay.  
Okay.  
Okay.  
Okay.  
Okay.  
Okay.  
Okay.  
Okay.  
Okay.  
Okay.",1
Theater,Lockere Chefin,Anna,Luisa,"Okay
Okay

Okay

Okay

Okay

Okay

Okay

Okay

Okay

Okay

Okay

Okay

Okay

Okay

Okay",1
Theater,Lockere Chefin,Miriam,Sophie,"Okay.  
Okay.  
Okay.  
Okay.  
Okay.  
Okay.  
Okay.  
Okay.  
Okay.  
Okay.",1
Theater,Lockere Chefin,Katharina,Anna,Okay. Okay. Okay. Okay. Okay. Okay. Okay. Okay. Okay. Okay. Okay. Okay. Okay. Okay. Okay,2
Theater,Lockere Chefin,Anna,Katharina,"Okay
Okay

Okay

Okay

Okay

Okay

Okay

Okay

Okay

Okay

Okay

Okay

Okay

Okay

Okay",2
Theater,Lockere Chefin,Luisa,Anna,Okay. Okay. Okay. Okay. Okay. Okay. Okay. Okay. Okay. Okay. Okay. Okay. Okay. Okay. Okay,2
Theater,Lockere Chefin,Anna,Katharina,"Okay
Okay

Okay

Okay

Okay

Okay

Okay

Okay

Okay

Okay

Okay

Okay

Okay

Okay

Okay",2
Theater,Lockere Chefin,Katharina,Anna,Okay. Okay. Okay. Okay. Okay. Okay. Okay. Okay. Okay. Okay. Okay. Okay. Okay. Okay. Okay,2
Theater,Lockere Chefin,Katharina,Sophie,"Okay.  
Okay.  
Okay.  
Okay.  
Okay.  
Okay.  
Okay.  
Okay.  
Okay.  
Okay.",2
Theater,Lockere Chefin,Anna,Miriam,"Okay
Okay

Okay

Okay

Okay

Okay

Okay

Okay

Okay

Okay

Okay

Okay

Okay

Okay

Okay",2
Theater,Lockere Chefin,Katharina,Miriam,Okay. Miriam's rating of 2 out of 5 stars indicates a negative evaluation. The question is about how Miriam found Kathar,2
Theater,Lockere Chefin,Luisa,Miriam,"Okay.  
Okay.  
Okay.  
Okay.  
Okay.  
Okay.  
Okay.  
Okay.  
Okay.  
Okay.",2
Theater,Lockere Chefin,Sophie,Miriam,"Okay.  
Okay.  
Okay.  
Okay.  
Okay.  
Okay.  
Okay.  
Okay.  
Okay.  
Okay.",2
Theater,Lockere Chefin,Katharina,Anna,Okay. Okay. Okay. Okay. Okay. Okay. Okay. Okay. Okay. Okay. Okay. Okay. Okay. Okay. Okay,3
Theater,Lockere Chefin,Katharina,Luisa,Okay. Okay. Okay. Okay. Okay. Okay. Okay. Okay. Okay. Okay. Okay. Okay. Okay. Okay. Okay,3
Theater,Lockere Chefin,Miriam,Sophie,"Okay
Okay

Okay

Okay

Okay

Okay

Okay

Okay

Okay

Okay

Okay

Okay

Okay

Okay

Okay",3
Theater,Lockere Chefin,Katharina,Anna,Okay. Okay. Okay. Okay. Okay. Okay. Okay. Okay. Okay. Okay. Okay. Okay. Okay. Okay. Okay,3
Theater,Lockere Chefin,Miriam,Katharina,"Okay

Okay

Okay

Okay

Okay

Okay

Okay

Okay

Okay

Okay

Okay

Okay

Okay

Okay

Okay",3
Theater,Lockere Chefin,Anna,Sophie,"Okay
Okay

Okay

Okay

Okay

Okay

Okay

Okay

Okay

Okay

Okay

Okay

Okay

Okay

Okay",3
Theater,Lockere Chefin,Luisa,Miriam,"Okay.  
Okay.  
Okay.  
Okay.  
Okay.  
Okay.  
Okay.  
Okay.  
Okay.  
Okay.",3
Theater,Lockere Chefin,Anna,Sophie,"Okay
Okay

Okay

Okay

Okay

Okay

Okay

Okay

Okay

Okay

Okay

Okay

Okay

Okay

Okay",3
Theater,Lockere Chefin,Miriam,Sophie,"Okay
Okay

Okay

Okay

Okay

Okay

Okay

Okay

Okay

Okay

Okay

Okay

Okay

Okay

Okay",3
Theater,Lockere Chefin,Anna,Luisa,"Okay
Okay

Okay

Okay

Okay

Okay

Okay

Okay

Okay

Okay

Okay

Okay

Okay

Okay

Okay",3
Theater,Lockere Chefin,Anna,Miriam,"Okay
Okay

Okay

Okay

Okay

Okay

Okay

Okay

Okay

Okay

Okay

Okay

Okay

Okay

Okay",4
Theater,Lockere Chefin,Miriam,Sophie,"Okay.  
Okay.  
Okay.  
Okay.  
Okay.  
Okay.  
Okay.  
Okay.  
Okay.  
Okay.",4
Theater,Lockere Chefin,Sophie,Katharina,"Okay
Okay

Okay

Okay

Okay

Okay

Okay

Okay

Okay

Okay

Okay

Okay

Okay

Okay

Okay",4
Theater,Lockere Chefin,Sophie,Luisa,Okay. Okay. Okay. Okay. Okay. Okay. Okay. Okay. Okay. Okay. Okay. Okay. Okay. Okay. Okay,4
Theater,Lockere Chefin,Miriam,Katharina,"Okay
Okay

Okay

Okay

Okay

Okay

Okay

Okay

Okay

Okay

Okay

Okay

Okay

Okay

Okay",4
Theater,Lockere Chefin,Anna,Miriam,"Okay
Okay

Okay

Okay

Okay

Okay

Okay

Okay

Okay

Okay

Okay

Okay

Okay

Okay

Okay",4
Theater,Lockere Chefin,Miriam,Anna,Okay. Okay. Okay. Okay. Okay. Okay. Okay. Okay. Okay. Okay. Okay. Okay. Okay. Okay. Okay,4
Theater,Lockere Chefin,Miriam,Luisa,"Okay
Okay

Okay

Okay

Okay

Okay

Okay

Okay

Okay

Okay

Okay

Okay

Okay

Okay

Okay",4
Theater,Lockere Chefin,Miriam,Katharina,"Okay
Okay

Okay

Okay

Okay

Okay

Okay

Okay

Okay

Okay

Okay

Okay

Okay

Okay

Okay",4
Theater,Lockere Chefin,Sophie,Luisa,Okay. Okay. Okay. Okay. Okay. Okay. Okay. Okay. Okay. Okay. Okay. Okay. Okay. Okay. Okay,4
Theater,Lockere Chefin,Katharina,Anna,Okay. Okay. Okay. Okay. Okay. Okay. Okay. Okay. Okay. Okay. Okay. Okay. Okay. Okay. Okay,5
Theater,Lockere Chefin,Luisa,Miriam,"Okay. Die Bewertung von Miriam ist 5 von 5 Herzen, was bedeutet, dass sie die Aufführung sehr posit",5
Theater,Lockere Chefin,Katharina,Anna,Okay. Okay. Okay. Okay. Okay. Okay. Okay. Okay. Okay. Okay. Okay. Okay. Okay. Okay. Okay,5
Theater,Lockere Chefin,Luisa,Katharina,"Okay

Okay

Okay

Okay

Okay

Okay

Okay

Okay

Okay

Okay

Okay

Okay

Okay

Okay

Okay",5
Theater,Lockere Chefin,Sophie,Anna,"Okay. Sophie fragt nach der Meinung, Anna fand die Aufführung 5 von 5 Herzen. Anna sagt: """,5
Theater,Lockere Chefin,Katharina,Miriam,Okay. Okay. Okay. Okay. Okay. Okay. Okay. Okay. Okay. Okay. Okay. Okay. Okay. Okay. Okay,5
Theater,Lockere Chefin,Miriam,Katharina,"großartig

großartig

großartig

großartig

großartig

großartig",5
Theater,Lockere Chefin,Miriam,Sophie,"Okay.  
Okay.  
Okay.  
Okay.  
Okay.  
Okay.  
Okay.  
Okay.  
Okay.  
Okay.",5
Theater,Lockere Chefin,Sophie,Anna,"Okay. Sophie fragt nach der Meinung, Anna fand die Aufführung 5 von 5 Herzen. Anna sagt: """,5
Theater,Lockere Chefin,Miriam,Sophie,"Okay.  
Okay.  
Okay.  
Okay.  
Okay.  
Okay.  
Okay.  
Okay.  
Okay.  
Okay.",5
Theater,Gefürchtete Chefin,Sophie,Anna,Okay. Okay. Okay. Okay. Okay. Okay. Okay. Okay. Okay. Okay. Okay. Okay. Okay. Okay. Okay,1
Theater,Gefürchtete Chefin,Sophie,Luisa,"Okay
Okay

Okay

Okay

Okay

Okay

Okay

Okay

Okay

Okay

Okay

Okay

Okay

Okay

Okay",1
Theater,Gefürchtete Chefin,Anna,Katharina,"schrecklich

Die Bewertung von Katharina ist 1 von 5 Herzen, was ein sehr niedriger Wert ist. Dies",1
Theater,Gefürchtete Chefin,Katharina,Sophie,"schrecklich

Die Bewertung von Sophie ist sehr niedrig (1 von 5 Herzen), was auf eine sehr negative Meinung h",1
Theater,Gefürchtete Chefin,Anna,Luisa,"Okay
Okay

Okay

Okay

Okay

Okay

Okay

Okay

Okay

Okay

Okay

Okay

Okay

Okay

Okay",1
Theater,Gefürchtete Chefin,Katharina,Sophie,"schrecklich

Die Bewertung von Sophie ist sehr niedrig (1 von 5 Herzen), was auf eine sehr negative Meinung h",1
Theater,Gefürchtete Chefin,Katharina,Anna,Okay. Okay. Okay. Okay. Okay. Okay. Okay. Okay. Okay. Okay. Okay. Okay. Okay. Okay. Okay,1
Theater,Gefürchtete Chefin,Sophie,Katharina,"Okay
Okay

Okay

Okay

Okay

Okay

Okay

Okay

Okay

Okay

Okay

Okay

Okay

Okay

Okay",1
Theater,Gefürchtete Chefin,Sophie,Katharina,"Okay
Okay

Okay

Okay

Okay

Okay

Okay

Okay

Okay

Okay

Okay

Okay

Okay

Okay

Okay",1
Theater,Gefürchtete Chefin,Anna,Luisa,"Okay
Okay

Okay

Okay

Okay

Okay

Okay

Okay

Okay

Okay

Okay

Okay

Okay

Okay

Okay",1
Theater,Gefürchtete Chefin,Katharina,Miriam,"Okay. Miriam's rating of 2 out of 5 stars indicates a negative opinion, so the adjective should be ""schlecht.""",2
Theater,Gefürchtete Chefin,Sophie,Luisa,"Okay
Okay

Okay

Okay

Okay

Okay

Okay

Okay

Okay

Okay

Okay

Okay

Okay

Okay

Okay",2
Theater,Gefürchtete Chefin,Miriam,Luisa,"Okay
Okay

Okay

Okay

Okay

Okay

Okay

Okay

Okay

Okay

Okay

Okay

Okay

Okay

Okay",2
Theater,Gefürchtete Chefin,Miriam,Sophie,"Okay.  
Okay.  
Okay.  
Okay.  
Okay.  
Okay.  
Okay.  
Okay.  
Okay.  
Okay.",2
Theater,Gefürchtete Chefin,Luisa,Anna,"Okay.  
Okay.  
Okay.  
Okay.  
Okay.  
Okay.  
Okay.  
Okay.  
Okay.  
Okay.",2
Theater,Gefürchtete Chefin,Anna,Sophie,"Okay
Okay

Okay

Okay

Okay

Okay

Okay

Okay

Okay

Okay

Okay

Okay

Okay

Okay

Okay",2
Theater,Gefürchtete Chefin,Anna,Katharina,"Okay
Okay

Okay

Okay

Okay

Okay

Okay

Okay

Okay

Okay

Okay

Okay

Okay

Okay

Okay",2
Theater,Gefürchtete Chefin,Anna,Sophie,"Okay
Okay

Okay

Okay

Okay

Okay

Okay

Okay

Okay

Okay

Okay

Okay

Okay

Okay

Okay",2
Theater,Gefürchtete Chefin,Sophie,Anna,"Okay.  
Okay.  
Okay.  
Okay.  
Okay.  
Okay.  
Okay.  
Okay.  
Okay.  
Okay.",2
Theater,Gefürchtete Chefin,Anna,Luisa,"Okay
Okay

Okay

Okay

Okay

Okay

Okay

Okay

Okay

Okay

Okay

Okay

Okay

Okay

Okay",2
Theater,Gefürchtete Chefin,Miriam,Anna,"Okay.  
Okay.  
Okay.  
Okay.  
Okay.  
Okay.  
Okay.  
Okay.  
Okay.  
Okay.",3
Theater,Gefürchtete Chefin,Sophie,Luisa,"Okay
Okay

Okay

Okay

Okay

Okay

Okay

Okay

Okay

Okay

Okay

Okay

Okay

Okay

Okay",3
Theater,Gefürchtete Chefin,Luisa,Miriam,"Okay.  
Okay.  
Okay.  
Okay.  
Okay.  
Okay.  
Okay.  
Okay.  
Okay.  
Okay.",3
Theater,Gefürchtete Chefin,Katharina,Luisa,Okay. Okay. Okay. Okay. Okay. Okay. Okay. Okay. Okay. Okay. Okay. Okay. Okay. Okay. Okay,3
Theater,Gefürchtete Chefin,Anna,Katharina,"Okay

Okay

Okay

Okay

Okay

Okay

Okay

Okay

Okay

Okay

Okay

Okay

Okay

Okay

Okay",3
Theater,Gefürchtete Chefin,Sophie,Miriam,"Okay.  
Okay.  
Okay.  
Okay.  
Okay.  
Okay.  
Okay.  
Okay.  
Okay.  
Okay.",3
Theater,Gefürchtete Chefin,Luisa,Anna,"Okay.  
Okay.  
Okay.  
Okay.  
Okay.  
Okay.  
Okay.  
Okay.  
Okay.  
Okay.",3
Theater,Gefürchtete Chefin,Luisa,Anna,"Okay.  
Okay.  
Okay.  
Okay.  
Okay.  
Okay.  
Okay.  
Okay.  
Okay.  
Okay.",3
Theater,Gefürchtete Chefin,Katharina,Anna,Okay. Okay. Okay. Okay. Okay. Okay. Okay. Okay. Okay. Okay. Okay. Okay. Okay. Okay. Okay,3
Theater,Gefürchtete Chefin,Anna,Luisa,"Okay
Okay

Okay

Okay

Okay

Okay

Okay

Okay

Okay

Okay

Okay

Okay

Okay

Okay

Okay",3
Theater,Gefürchtete Chefin,Anna,Katharina,"Okay
Okay

Okay

Okay

Okay

Okay

Okay

Okay

Okay

Okay

Okay

Okay

Okay

Okay

Okay",4
Theater,Gefürchtete Chefin,Katharina,Miriam,"Okay. Miriam's response is ""Es war 4 von 5 Herzen,"" which translates to ""It was 4 out of",4
Theater,Gefürchtete Chefin,Luisa,Miriam,"Okay. Miriam hat die Aufführung mit 4 von 5 Herzen bewertet, was ein positives Feedback ist, aber nicht",4
Theater,Gefürchtete Chefin,Luisa,Katharina,Okay. Okay. Okay. Okay. Okay. Okay. Okay. Okay. Okay. Okay. Okay. Okay. Okay. Okay. Okay,4
Theater,Gefürchtete Chefin,Miriam,Sophie,"Okay.  
Okay.  
Okay.  
Okay.  
Okay.  
Okay.  
Okay.  
Okay.  
Okay.  
Okay.",4
Theater,Gefürchtete Chefin,Anna,Katharina,"Okay
Okay

Okay

Okay

Okay

Okay

Okay

Okay

Okay

Okay

Okay

Okay

Okay

Okay

Okay",4
Theater,Gefürchtete Chefin,Sophie,Anna,"Okay. Sophie fragt nach der Meinung, Anna fand die Aufführung 4 von 5 Herzen. Das ist eine positive",4
Theater,Gefürchtete Chefin,Katharina,Miriam,"Okay. Miriam's response is ""Es war 4 von 5 Herzen,"" which translates to ""It was 4 out of",4
Theater,Gefürchtete Chefin,Sophie,Katharina,"Okay
Okay

Okay

Okay

Okay

Okay

Okay

Okay

Okay

Okay

Okay

Okay

Okay

Okay

Okay",4
Theater,Gefürchtete Chefin,Katharina,Miriam,"Okay. Miriam's response is ""Es war 4 von 5 Herzen,"" which translates to ""It was 4 out of",4
Theater,Gefürchtete Chefin,Katharina,Anna,Okay. Okay. Okay. Okay. Okay. Okay. Okay. Okay. Okay. Okay. Okay. Okay. Okay. Okay. Okay,5
Theater,Gefürchtete Chefin,Miriam,Katharina,"großartig

großartig

großartig

großartig

großartig

großartig",5
Theater,Gefürchtete Chefin,Katharina,Sophie,"großartig

Okay, let me try to work through this. So the scenario is about Sophie and her feared boss, Katharina",5
Theater,Gefürchtete Chefin,Sophie,Anna,"Okay. Sophie fragt nach der Meinung, Anna fand die Aufführung 5 von 5 Herzen. Anna sagt: """,5
Theater,Gefürchtete Chefin,Miriam,Luisa,"großartig

Okay, let me try to work through this. So the scenario is about Miriam and Luisa. Miriam is",5
Theater,Gefürchtete Chefin,Sophie,Luisa,"Okay
Okay

Okay

Okay

Okay

Okay

Okay

Okay

Okay

Okay

Okay

Okay

Okay

Okay

Okay",5
Theater,Gefürchtete Chefin,Anna,Sophie,"Okay.  
Okay.  
Okay.  
Okay.  
Okay.  
Okay.  
Okay.  
Okay.  
Okay.  
Okay.",5
Theater,Gefürchtete Chefin,Miriam,Anna,"Okay.  
Okay.  
Okay.  
Okay.  
Okay.  
Okay.  
Okay.  
Okay.  
Okay.  
Okay.",5
Theater,Gefürchtete Chefin,Katharina,Miriam,"Okay. Miriam sagt: ""Es war großartig."" Da sie die Aufführung mit 5 von 5 Herzen bewert",5
Theater,Gefürchtete Chefin,Katharina,Luisa,Okay. Okay. Okay. Okay. Okay. Okay. Okay. Okay. Okay. Okay. Okay. Okay. Okay. Okay. Okay,5
Gitarre,Enge Freundin,Miriam,Luisa,"Okay
Okay

Okay

Okay

Okay

Okay

Okay

Okay

Okay

Okay

Okay

Okay

Okay

Okay

Okay",1
Gitarre,Enge Freundin,Sophie,Katharina,"Okay
Okay

Okay

Okay

Okay

Okay

Okay

Okay

Okay

Okay

Okay

Okay

Okay

Okay

Okay",1
Gitarre,Enge Freundin,Katharina,Anna,Okay. Okay. Okay. Okay. Okay. Okay. Okay. Okay. Okay. Okay. Okay. Okay. Okay. Okay. Okay,1
Gitarre,Enge Freundin,Anna,Sophie,"Okay
Okay

Okay

Okay

Okay

Okay

Okay

Okay

Okay

Okay

Okay

Okay

Okay

Okay

Okay",1
Gitarre,Enge Freundin,Katharina,Luisa,Okay. Okay. Okay. Okay. Okay. Okay. Okay. Okay. Okay. Okay. Okay. Okay. Okay. Okay. Okay,1
Gitarre,Enge Freundin,Anna,Luisa,"Okay
Okay

Okay

Okay

Okay

Okay

Okay

Okay

Okay

Okay

Okay

Okay

Okay

Okay

Okay",1
Gitarre,Enge Freundin,Luisa,Katharina,"Okay
Okay

Okay

Okay

Okay

Okay

Okay

Okay

Okay

Okay

Okay

Okay

Okay

Okay

Okay",1
Gitarre,Enge Freundin,Luisa,Katharina,"Okay
Okay

Okay

Okay

Okay

Okay

Okay

Okay

Okay

Okay

Okay

Okay

Okay

Okay

Okay",1
Gitarre,Enge Freundin,Katharina,Miriam,"Okay. Miriam's reaction is very negative, giving only 1 out of 5 hearts. The interaction between Katharina and Miriam",1
Gitarre,Enge Freundin,Sophie,Miriam,Okay. Okay. Okay. Okay. Okay. Okay. Okay. Okay. Okay. Okay. Okay. Okay. Okay. Okay. Okay,1
Gitarre,Enge Freundin,Luisa,Katharina,"Okay
Okay

Okay

Okay

Okay

Okay

Okay

Okay

Okay

Okay

Okay

Okay

Okay

Okay

Okay",2
Gitarre,Enge Freundin,Anna,Katharina,"Okay
Okay

Okay

Okay

Okay

Okay

Okay

Okay

Okay

Okay

Okay

Okay

Okay

Okay

Okay",2
Gitarre,Enge Freundin,Miriam,Sophie,"Okay.  
Okay.  
Okay.  
Okay.  
Okay.  
Okay.  
Okay.  
Okay.  
Okay.  
Okay.",2
Gitarre,Enge Freundin,Luisa,Anna,Okay. Okay. Okay. Okay. Okay. Okay. Okay. Okay. Okay. Okay. Okay. Okay. Okay. Okay. Okay,2
Gitarre,Enge Freundin,Miriam,Katharina,"Okay
Okay

Okay

Okay

Okay

Okay

Okay

Okay

Okay

Okay

Okay

Okay

Okay

Okay

Okay",2
Gitarre,Enge Freundin,Luisa,Miriam,"Okay.  
Okay.  
Okay.  
Okay.  
Okay.  
Okay.  
Okay.  
Okay.  
Okay.  
Okay.",2
Gitarre,Enge Freundin,Sophie,Miriam,Okay. Okay. Okay. Okay. Okay. Okay. Okay. Okay. Okay. Okay. Okay. Okay. Okay. Okay. Okay,2
Gitarre,Enge Freundin,Anna,Luisa,"Okay
Okay

Okay

Okay

Okay

Okay

Okay

Okay

Okay

Okay

Okay

Okay

Okay

Okay

Okay",2
Gitarre,Enge Freundin,Katharina,Luisa,Okay. Okay. Okay. Okay. Okay. Okay. Okay. Okay. Okay. Okay. Okay. Okay. Okay. Okay. Okay,2
Gitarre,Enge Freundin,Miriam,Luisa,"Okay
Okay

Okay

Okay

Okay

Okay

Okay

Okay

Okay

Okay

Okay

Okay

Okay

Okay

Okay",2
Gitarre,Enge Freundin,Anna,Sophie,"Okay
Okay

Okay

Okay

Okay

Okay

Okay

Okay

Okay

Okay

Okay

Okay

Okay

Okay

Okay",3
Gitarre,Enge Freundin,Katharina,Sophie,"Okay. Sophie's response is ""Es war 3 von 5 Herzen,"" which translates to ""It was 3 out of 5",3
Gitarre,Enge Freundin,Luisa,Miriam,Okay. Okay. Okay. Okay. Okay. Okay. Okay. Okay. Okay. Okay. Okay. Okay. Okay. Okay. Okay,3
Gitarre,Enge Freundin,Miriam,Luisa,"Okay
Okay

Okay

Okay

Okay

Okay

Okay

Okay

Okay

Okay

Okay

Okay

Okay

Okay

Okay",3
Gitarre,Enge Freundin,Luisa,Miriam,Okay. Okay. Okay. Okay. Okay. Okay. Okay. Okay. Okay. Okay. Okay. Okay. Okay. Okay. Okay,3
Gitarre,Enge Freundin,Anna,Sophie,"Okay
Okay

Okay

Okay

Okay

Okay

Okay

Okay

Okay

Okay

Okay

Okay

Okay

Okay

Okay",3
Gitarre,Enge Freundin,Sophie,Katharina,"Okay
Okay

Okay

Okay

Okay

Okay

Okay

Okay

Okay

Okay

Okay

Okay

Okay

Okay

Okay",3
Gitarre,Enge Freundin,Sophie,Miriam,"Okay.  
Okay.  
Okay.  
Okay.  
Okay.  
Okay.  
Okay.  
Okay.  
Okay.  
Okay.",3
Gitarre,Enge Freundin,Anna,Katharina,"Okay
Okay

Okay

Okay

Okay

Okay

Okay

Okay

Okay

Okay

Okay

Okay

Okay

Okay

Okay",3
Gitarre,Enge Freundin,Anna,Katharina,"Okay
Okay

Okay

Okay

Okay

Okay

Okay

Okay

Okay

Okay

Okay

Okay

Okay

Okay

Okay",3
Gitarre,Enge Freundin,Katharina,Anna,Okay. Okay. Okay. Okay. Okay. Okay. Okay. Okay. Okay. Okay. Okay. Okay. Okay. Okay. Okay,4
Gitarre,Enge Freundin,Sophie,Katharina,"Okay
Okay

Okay

Okay

Okay

Okay

Okay

Okay

Okay

Okay

Okay

Okay

Okay

Okay

Okay",4
Gitarre,Enge Freundin,Anna,Sophie,"Okay
Okay

Okay

Okay

Okay

Okay

Okay

Okay

Okay

Okay

Okay

Okay

Okay

Okay

Okay",4
Gitarre,Enge Freundin,Miriam,Katharina,"Okay
Okay

Okay

Okay

Okay

Okay

Okay

Okay

Okay

Okay

Okay

Okay

Okay

Okay

Okay",4
Gitarre,Enge Freundin,Luisa,Katharina,Okay. Okay. Okay. Okay. Okay. Okay. Okay. Okay. Okay. Okay. Okay. Okay. Okay. Okay. Okay,4
Gitarre,Enge Freundin,Anna,Luisa,"Okay

Okay

Okay

Okay

Okay

Okay

Okay

Okay

Okay

Okay

Okay

Okay

Okay

Okay

Okay",4
Gitarre,Enge Freundin,Luisa,Anna,Okay. Okay. Okay. Okay. Okay. Okay. Okay. Okay. Okay. Okay. Okay. Okay. Okay. Okay. Okay,4
Gitarre,Enge Freundin,Katharina,Anna,Okay. Okay. Okay. Okay. Okay. Okay. Okay. Okay. Okay. Okay. Okay. Okay. Okay. Okay. Okay,4
Gitarre,Enge Freundin,Miriam,Anna,Okay. Okay. Okay. Okay. Okay. Okay. Okay. Okay. Okay. Okay. Okay. Okay. Okay. Okay. Okay,4
Gitarre,Enge Freundin,Sophie,Luisa,Okay. Okay. Okay. Okay. Okay. Okay. Okay. Okay. Okay. Okay. Okay. Okay. Okay. Okay. Okay,4
Gitarre,Enge Freundin,Katharina,Miriam,Okay. Okay. Okay. Okay. Okay. Okay. Okay. Okay. Okay. Okay. Okay. Okay. Okay. Okay. Okay,5
Gitarre,Enge Freundin,Miriam,Katharina,"Okay
Okay

Okay

Okay

Okay

Okay

Okay

Okay

Okay

Okay

Okay

Okay

Okay

Okay

Okay",5
Gitarre,Enge Freundin,Katharina,Luisa,Okay. Okay. Okay. Okay. Okay. Okay. Okay. Okay. Okay. Okay. Okay. Okay. Okay. Okay. Okay,5
Gitarre,Enge Freundin,Anna,Miriam,"Okay
Okay

Okay

Okay

Okay

Okay

Okay

Okay

Okay

Okay

Okay

Okay

Okay

Okay

Okay",5
Gitarre,Enge Freundin,Anna,Miriam,"Okay
Okay

Okay

Okay

Okay

Okay

Okay

Okay

Okay

Okay

Okay

Okay

Okay

Okay

Okay",5
Gitarre,Enge Freundin,Katharina,Miriam,Okay. Okay. Okay. Okay. Okay. Okay. Okay. Okay. Okay. Okay. Okay. Okay. Okay. Okay. Okay,5
Gitarre,Enge Freundin,Sophie,Luisa,"Okay
Okay

Okay

Okay

Okay

Okay

Okay

Okay

Okay

Okay

Okay

Okay

Okay

Okay

Okay",5
Gitarre,Enge Freundin,Luisa,Sophie,Okay. Okay. Okay. Okay. Okay. Okay. Okay. Okay. Okay. Okay. Okay. Okay. Okay. Okay. Okay,5
Gitarre,Enge Freundin,Katharina,Miriam,Okay. Okay. Okay. Okay. Okay. Okay. Okay. Okay. Okay. Okay. Okay. Okay. Okay. Okay. Okay,5
Gitarre,Enge Freundin,Anna,Katharina,"Okay
Okay

Okay

Okay

Okay

Okay

Okay

Okay

Okay

Okay

Okay

Okay

Okay

Okay

Okay",5
Gitarre,Entfernte Kollegin,Sophie,Miriam,"Okay.  
Okay.  
Okay.  
Okay.  
Okay.  
Okay.  
Okay.  
Okay.  
Okay.  
Okay.",1
Gitarre,Entfernte Kollegin,Katharina,Luisa,Okay. Okay. Okay. Okay. Okay. Okay. Okay. Okay. Okay. Okay. Okay. Okay. Okay. Okay. Okay,1
Gitarre,Entfernte Kollegin,Sophie,Katharina,"Okay
Okay

Okay

Okay

Okay

Okay

Okay

Okay

Okay

Okay

Okay

Okay

Okay

Okay

Okay",1
Gitarre,Entfernte Kollegin,Katharina,Anna,Okay. Okay. Okay. Okay. Okay. Okay. Okay. Okay. Okay. Okay. Okay. Okay. Okay. Okay. Okay,1
Gitarre,Entfernte Kollegin,Luisa,Sophie,"Okay.  
Okay.  
Okay.  
Okay.  
Okay.  
Okay.  
Okay.  
Okay.  
Okay.  
Okay.",1
Gitarre,Entfernte Kollegin,Sophie,Luisa,"Okay
Okay

Okay

Okay

Okay

Okay

Okay

Okay

Okay

Okay

Okay

Okay

Okay

Okay

Okay",1
Gitarre,Entfernte Kollegin,Anna,Miriam,Okay. Okay. Okay. Okay. Okay. Okay. Okay. Okay. Okay. Okay. Okay. Okay. Okay. Okay. Okay,1
Gitarre,Entfernte Kollegin,Anna,Luisa,"Okay
Okay

Okay

Okay

Okay

Okay

Okay

Okay

Okay

Okay

Okay

Okay

Okay

Okay

Okay",1
Gitarre,Entfernte Kollegin,Miriam,Katharina,"Okay
Okay

Okay

Okay

Okay

Okay

Okay

Okay

Okay

Okay

Okay

Okay

Okay

Okay

Okay",1
Gitarre,Entfernte Kollegin,Katharina,Anna,Okay. Okay. Okay. Okay. Okay. Okay. Okay. Okay. Okay. Okay. Okay. Okay. Okay. Okay. Okay,1
Gitarre,Entfernte Kollegin,Luisa,Anna,"Okay.  
Okay.  
Okay.  
Okay.  
Okay.  
Okay.  
Okay.  
Okay.  
Okay.  
Okay.",2
Gitarre,Entfernte Kollegin,Katharina,Sophie,Okay. Okay. Okay. Okay. Okay. Okay. Okay. Okay. Okay. Okay. Okay. Okay. Okay. Okay. Okay,2
Gitarre,Entfernte Kollegin,Anna,Miriam,"Okay
Okay

Okay

Okay

Okay

Okay

Okay

Okay

Okay

Okay

Okay

Okay

Okay

Okay

Okay",2
Gitarre,Entfernte Kollegin,Katharina,Luisa,Okay. Okay. Okay. Okay. Okay. Okay. Okay. Okay. Okay. Okay. Okay. Okay. Okay. Okay. Okay,2
Gitarre,Entfernte Kollegin,Sophie,Miriam,"Okay.  
Okay.  
Okay.  
Okay.  
Okay.  
Okay.  
Okay.  
Okay.  
Okay.  
Okay.",2
Gitarre,Entfernte Kollegin,Katharina,Miriam,Okay. Okay. Okay. Okay. Okay. Okay. Okay. Okay. Okay. Okay. Okay. Okay. Okay. Okay. Okay,2
Gitarre,Entfernte Kollegin,Luisa,Anna,"Okay.  
Okay.  
Okay.  
Okay.  
Okay.  
Okay.  
Okay.  
Okay.  
Okay.  
Okay.",2
Gitarre,Entfernte Kollegin,Anna,Luisa,"Okay
Okay

Okay

Okay

Okay

Okay

Okay

Okay

Okay

Okay

Okay

Okay

Okay

Okay

Okay",2
Gitarre,Entfernte Kollegin,Katharina,Luisa,Okay. Okay. Okay. Okay. Okay. Okay. Okay. Okay. Okay. Okay. Okay. Okay. Okay. Okay. Okay,2
Gitarre,Entfernte Kollegin,Anna,Katharina,"Okay
Okay

Okay

Okay

Okay

Okay

Okay

Okay

Okay

Okay

Okay

Okay

Okay

Okay

Okay",2
Gitarre,Entfernte Kollegin,Luisa,Anna,Okay. Okay. Okay. Okay. Okay. Okay. Okay. Okay. Okay. Okay. Okay. Okay. Okay. Okay. Okay,3
Gitarre,Entfernte Kollegin,Miriam,Luisa,"Okay
Okay

Okay

Okay

Okay

Okay

Okay

Okay

Okay

Okay

Okay

Okay

Okay

Okay

Okay",3
Gitarre,Entfernte Kollegin,Sophie,Luisa,"Okay
Okay

Okay

Okay

Okay

Okay

Okay

Okay

Okay

Okay

Okay

Okay

Okay

Okay

Okay",3
Gitarre,Entfernte Kollegin,Sophie,Anna,"Okay. Sophie fragt nach der Meinung, Anna gibt eine Bewertung von 3 von 5 Herzen. Die Bewertung ist nicht",3
Gitarre,Entfernte Kollegin,Katharina,Miriam,Okay. Okay. Okay. Okay. Okay. Okay. Okay. Okay. Okay. Okay. Okay. Okay. Okay. Okay. Okay,3
Gitarre,Entfernte Kollegin,Sophie,Katharina,"Okay
Okay

Okay

Okay

Okay

Okay

Okay

Okay

Okay

Okay

Okay

Okay

Okay

Okay

Okay",3
Gitarre,Entfernte Kollegin,Anna,Luisa,"Okay
Okay

Okay

Okay

Okay

Okay

Okay

Okay

Okay

Okay

Okay

Okay

Okay

Okay

Okay",3
Gitarre,Entfernte Kollegin,Sophie,Luisa,"Okay
Okay

Okay

Okay

Okay

Okay

Okay

Okay

Okay

Okay

Okay

Okay

Okay

Okay

Okay",3
Gitarre,Entfernte Kollegin,Luisa,Katharina,"Okay
Okay

Okay

Okay

Okay

Okay

Okay

Okay

Okay

Okay

Okay

Okay

Okay

Okay

Okay",3
Gitarre,Entfernte Kollegin,Luisa,Sophie,Okay. Okay. Okay. Okay. Okay. Okay. Okay. Okay. Okay. Okay. Okay. Okay. Okay. Okay. Okay,3
Gitarre,Entfernte Kollegin,Katharina,Miriam,Okay. Okay. Okay. Okay. Okay. Okay. Okay. Okay. Okay. Okay. Okay. Okay. Okay. Okay. Okay,4
Gitarre,Entfernte Kollegin,Katharina,Sophie,Okay. Okay. Okay. Okay. Okay. Okay. Okay. Okay. Okay. Okay. Okay. Okay. Okay. Okay. Okay,4
Gitarre,Entfernte Kollegin,Anna,Luisa,"Okay
Okay

Okay

Okay

Okay

Okay

Okay

Okay

Okay

Okay

Okay

Okay

Okay

Okay

Okay",4
Gitarre,Entfernte Kollegin,Sophie,Katharina,"Okay
Okay

Okay

Okay

Okay

Okay

Okay

Okay

Okay

Okay

Okay

Okay

Okay

Okay

Okay",4
Gitarre,Entfernte Kollegin,Anna,Katharina,"Okay
Okay

Okay

Okay

Okay

Okay

Okay

Okay

Okay

Okay

Okay

Okay

Okay

Okay

Okay",4
Gitarre,Entfernte Kollegin,Katharina,Anna,Okay. Okay. Okay. Okay. Okay. Okay. Okay. Okay. Okay. Okay. Okay. Okay. Okay. Okay. Okay,4
Gitarre,Entfernte Kollegin,Luisa,Anna,Okay. Okay. Okay. Okay. Okay. Okay. Okay. Okay. Okay. Okay. Okay. Okay. Okay. Okay. Okay,4
Gitarre,Entfernte Kollegin,Katharina,Luisa,Okay. Okay. Okay. Okay. Okay. Okay. Okay. Okay. Okay. Okay. Okay. Okay. Okay. Okay. Okay,4
Gitarre,Entfernte Kollegin,Miriam,Anna,Okay. Okay. Okay. Okay. Okay. Okay. Okay. Okay. Okay. Okay. Okay. Okay. Okay. Okay. Okay,4
Gitarre,Entfernte Kollegin,Miriam,Sophie,"Okay.  
Okay.  
Okay.  
Okay.  
Okay.  
Okay.  
Okay.  
Okay.  
Okay.  
Okay.",4
Gitarre,Entfernte Kollegin,Anna,Luisa,"Okay

Okay

Okay

Okay

Okay

Okay

Okay

Okay

Okay

Okay

Okay

Okay

Okay

Okay

Okay",5
Gitarre,Entfernte Kollegin,Katharina,Anna,Okay. Okay. Okay. Okay. Okay. Okay. Okay. Okay. Okay. Okay. Okay. Okay. Okay. Okay. Okay,5
Gitarre,Entfernte Kollegin,Anna,Luisa,"Okay

Okay

Okay

Okay

Okay

Okay

Okay

Okay

Okay

Okay

Okay

Okay

Okay

Okay

Okay",5
Gitarre,Entfernte Kollegin,Sophie,Luisa,Okay. Okay. Okay. Okay. Okay. Okay. Okay. Okay. Okay. Okay. Okay. Okay. Okay. Okay. Okay,5
Gitarre,Entfernte Kollegin,Anna,Katharina,"Okay
Okay

Okay

Okay

Okay

Okay

Okay

Okay

Okay

Okay

Okay

Okay

Okay

Okay

Okay",5
Gitarre,Entfernte Kollegin,Anna,Luisa,"Okay
Okay

Okay

Okay

Okay

Okay

Okay

Okay

Okay

Okay

Okay

Okay

Okay

Okay

Okay",5
Gitarre,Entfernte Kollegin,Miriam,Anna,"Okay. Keine Erklärung. Nur das Adjektiv.
Okay. Keine Erklärung. Nur das Adjektiv.
Okay",5
Gitarre,Entfernte Kollegin,Miriam,Anna,"Okay. Keine Erklärung. Nur das Adjektiv.
Okay. Keine Erklärung. Nur das Adjektiv.
Okay",5
Gitarre,Entfernte Kollegin,Anna,Katharina,"Okay
Okay

Okay

Okay

Okay

Okay

Okay

Okay

Okay

Okay

Okay

Okay

Okay

Okay

Okay",5
Gitarre,Entfernte Kollegin,Sophie,Miriam,Okay. Okay. Okay. Okay. Okay. Okay. Okay. Okay. Okay. Okay. Okay. Okay. Okay. Okay. Okay,5
Gitarre,Lockere Chefin,Katharina,Anna,Okay. Okay. Okay. Okay. Okay. Okay. Okay. Okay. Okay. Okay. Okay. Okay. Okay. Okay. Okay,1
Gitarre,Lockere Chefin,Miriam,Luisa,"Okay
Okay

Okay

Okay

Okay

Okay

Okay

Okay

Okay

Okay

Okay

Okay

Okay

Okay

Okay",1
Gitarre,Lockere Chefin,Katharina,Miriam,"Okay. Miriam's reaction is negative, giving a rating of 1 out of 5 hearts, which indicates a very low satisfaction. The",1
Gitarre,Lockere Chefin,Miriam,Luisa,"Okay
Okay

Okay

Okay

Okay

Okay

Okay

Okay

Okay

Okay

Okay

Okay

Okay

Okay

Okay",1
Gitarre,Lockere Chefin,Miriam,Sophie,"Okay.  
Okay.  
Okay.  
Okay.  
Okay.  
Okay.  
Okay.  
Okay.  
Okay.  
Okay.",1
Gitarre,Lockere Chefin,Katharina,Sophie,"Okay.  
Okay.  
Okay.  
Okay.  
Okay.  
Okay.  
Okay.  
Okay.  
Okay.  
Okay.",1
Gitarre,Lockere Chefin,Sophie,Miriam,"Okay
Okay

Okay

Okay

Okay

Okay

Okay

Okay

Okay

Okay

Okay

Okay

Okay

Okay

Okay",1
Gitarre,Lockere Chefin,Anna,Sophie,"Okay
Okay

Okay

Okay

Okay

Okay

Okay

Okay

Okay

Okay

Okay

Okay

Okay

Okay

Okay",1
Gitarre,Lockere Chefin,Anna,Luisa,"Okay
Okay

Okay

Okay

Okay

Okay

Okay

Okay

Okay

Okay

Okay

Okay

Okay

Okay

Okay",1
Gitarre,Lockere Chefin,Anna,Katharina,"Okay
Okay

Okay

Okay

Okay

Okay

Okay

Okay

Okay

Okay

Okay

Okay

Okay

Okay

Okay",1
Gitarre,Lockere Chefin,Anna,Miriam,"Okay. Miriam's rating of Anna's guitar performance is 2 out of 5 hearts, which indicates a relatively low level of satisfaction.",2
Gitarre,Lockere Chefin,Katharina,Luisa,Okay. Okay. Okay. Okay. Okay. Okay. Okay. Okay. Okay. Okay. Okay. Okay. Okay. Okay. Okay,2
Gitarre,Lockere Chefin,Miriam,Anna,"Okay.  
Okay.  
Okay.  
Okay.  
Okay.  
Okay.  
Okay.  
Okay.  
Okay.  
Okay.",2
Gitarre,Lockere Chefin,Katharina,Anna,Okay. Okay. Okay. Okay. Okay. Okay. Okay. Okay. Okay. Okay. Okay. Okay. Okay. Okay. Okay,2
Gitarre,Lockere Chefin,Sophie,Luisa,"Okay
Okay

Okay

Okay

Okay

Okay

Okay

Okay

Okay

Okay

Okay

Okay

Okay

Okay

Okay",2
Gitarre,Lockere Chefin,Katharina,Sophie,"Okay.  
Okay.  
Okay.  
Okay.  
Okay.  
Okay.  
Okay.  
Okay.  
Okay.  
Okay.",2
Gitarre,Lockere Chefin,Luisa,Anna,Okay. Okay. Okay. Okay. Okay. Okay. Okay. Okay. Okay. Okay. Okay. Okay. Okay. Okay. Okay,2
Gitarre,Lockere Chefin,Luisa,Sophie,"Okay.  
Okay.  
Okay.  
Okay.  
Okay.  
Okay.  
Okay.  
Okay.  
Okay.  
Okay.",2
Gitarre,Lockere Chefin,Miriam,Katharina,"Okay
Okay

Okay

Okay

Okay

Okay

Okay

Okay

Okay

Okay

Okay

Okay

Okay

Okay

Okay",2
Gitarre,Lockere Chefin,Luisa,Miriam,"Okay.  
Okay.  
Okay.  
Okay.  
Okay.  
Okay.  
Okay.  
Okay.  
Okay.  
Okay.",2
Gitarre,Lockere Chefin,Katharina,Luisa,Okay. Okay. Okay. Okay. Okay. Okay. Okay. Okay. Okay. Okay. Okay. Okay. Okay. Okay. Okay,3
Gitarre,Lockere Chefin,Katharina,Anna,Okay. Okay. Okay. Okay. Okay. Okay. Okay. Okay. Okay. Okay. Okay. Okay. Okay. Okay. Okay,3
Gitarre,Lockere Chefin,Miriam,Katharina,"Okay
Okay

Okay

Okay

Okay

Okay

Okay

Okay

Okay

Okay

Okay

Okay

Okay

Okay

Okay",3
Gitarre,Lockere Chefin,Katharina,Miriam,Okay. Okay. Okay. Okay. Okay. Okay. Okay. Okay. Okay. Okay. Okay. Okay. Okay. Okay. Okay,3
Gitarre,Lockere Chefin,Miriam,Katharina,"Okay
Okay

Okay

Okay

Okay

Okay

Okay

Okay

Okay

Okay

Okay

Okay

Okay

Okay

Okay",3
Gitarre,Lockere Chefin,Sophie,Luisa,"Okay
Okay

Okay

Okay

Okay

Okay

Okay

Okay

Okay

Okay

Okay

Okay

Okay

Okay

Okay",3
Gitarre,Lockere Chefin,Anna,Luisa,"Okay
Okay

Okay

Okay

Okay

Okay

Okay

Okay

Okay

Okay

Okay

Okay

Okay

Okay

Okay",3
Gitarre,Lockere Chefin,Katharina,Anna,Okay. Okay. Okay. Okay. Okay. Okay. Okay. Okay. Okay. Okay. Okay. Okay. Okay. Okay. Okay,3
Gitarre,Lockere Chefin,Luisa,Anna,Okay. Okay. Okay. Okay. Okay. Okay. Okay. Okay. Okay. Okay. Okay. Okay. Okay. Okay. Okay,3
Gitarre,Lockere Chefin,Miriam,Luisa,Okay. Okay. Okay. Okay. Okay. Okay. Okay. Okay. Okay. Okay. Okay. Okay. Okay. Okay. Okay,3
Gitarre,Lockere Chefin,Anna,Luisa,"Okay
Okay

Okay

Okay

Okay

Okay

Okay

Okay

Okay

Okay

Okay

Okay

Okay

Okay

Okay",4
Gitarre,Lockere Chefin,Anna,Luisa,"Okay
Okay

Okay

Okay

Okay

Okay

Okay

Okay

Okay

Okay

Okay

Okay

Okay

Okay

Okay",4
Gitarre,Lockere Chefin,Anna,Miriam,"Okay

Miriam sagt: \""Es war "" - der Satz wird unterbrochen, und da Miriam das Vorspiel mit",4
Gitarre,Lockere Chefin,Sophie,Anna,"Okay. Sophie ist Annas lockere Chefin, und sie hat Gitarre vorgespielt. Anna hat zugehört und",4
Gitarre,Lockere Chefin,Miriam,Sophie,Okay. Okay. Okay. Okay. Okay. Okay. Okay. Okay. Okay. Okay. Okay. Okay. Okay. Okay. Okay,4
Gitarre,Lockere Chefin,Luisa,Katharina,"Okay
Okay

Okay

Okay

Okay

Okay

Okay

Okay

Okay

Okay

Okay

Okay

Okay

Okay

Okay",4
Gitarre,Lockere Chefin,Luisa,Sophie,Okay. Okay. Okay. Okay. Okay. Okay. Okay. Okay. Okay. Okay. Okay. Okay. Okay. Okay. Okay,4
Gitarre,Lockere Chefin,Anna,Sophie,"Okay
Okay

Okay

Okay

Okay

Okay

Okay

Okay

Okay

Okay

Okay

Okay

Okay

Okay

Okay",4
Gitarre,Lockere Chefin,Luisa,Miriam,Okay. Okay. Okay. Okay. Okay. Okay. Okay. Okay. Okay. Okay. Okay. Okay. Okay. Okay. Okay,4
Gitarre,Lockere Chefin,Sophie,Luisa,Okay. Okay. Okay. Okay. Okay. Okay. Okay. Okay. Okay. Okay. Okay. Okay. Okay. Okay. Okay,4
Gitarre,Lockere Chefin,Luisa,Miriam,"Okay. Miriam hat das Vorspiel von Luisa sehr positiv bewertet, mit 5 von 5 Herzen. Das",5
Gitarre,Lockere Chefin,Katharina,Anna,Okay. Okay. Okay. Okay. Okay. Okay. Okay. Okay. Okay. Okay. Okay. Okay. Okay. Okay. Okay,5
Gitarre,Lockere Chefin,Katharina,Luisa,"großartig

Luisa sagt: \""Es war "" großartig

großartig

großartig

gro",5
Gitarre,Lockere Chefin,Anna,Miriam,"Okay
Okay

Okay

Okay

Okay

Okay

Okay

Okay

Okay

Okay

Okay

Okay

Okay

Okay

Okay",5
Gitarre,Lockere Chefin,Luisa,Katharina,"großartig

Die Antwort ist ""großartig"", da Katharina das Vorspiel von Luisa mit 5 von",5
Gitarre,Lockere Chefin,Sophie,Luisa,Okay. Okay. Okay. Okay. Okay. Okay. Okay. Okay. Okay. Okay. Okay. Okay. Okay. Okay. Okay,5
Gitarre,Lockere Chefin,Miriam,Anna,Okay. Okay. Okay. Okay. Okay. Okay. Okay. Okay. Okay. Okay. Okay. Okay. Okay. Okay. Okay,5
Gitarre,Lockere Chefin,Katharina,Luisa,"großartig

Luisa sagt: \""Es war "" großartig

großartig

großartig

gro",5
Gitarre,Lockere Chefin,Luisa,Katharina,"großartig

Die Antwort ist ""großartig"", da Katharina das Vorspiel von Luisa mit 5 von",5
Gitarre,Lockere Chefin,Katharina,Miriam,Okay. Okay. Okay. Okay. Okay. Okay. Okay. Okay. Okay. Okay. Okay. Okay. Okay. Okay. Okay,5
Gitarre,Gefürchtete Chefin,Miriam,Katharina,"Okay
Okay

Okay

Okay

Okay

Okay

Okay

Okay

Okay

Okay

Okay

Okay

Okay

Okay

Okay",1
Gitarre,Gefürchtete Chefin,Luisa,Sophie,"Okay.  
Okay.  
Okay.  
Okay.  
Okay.  
Okay.  
Okay.  
Okay.  
Okay.  
Okay.",1
Gitarre,Gefürchtete Chefin,Katharina,Anna,Okay. Okay. Okay. Okay. Okay. Okay. Okay. Okay. Okay. Okay. Okay. Okay. Okay. Okay. Okay,1
Gitarre,Gefürchtete Chefin,Luisa,Anna,"Okay.  
Okay.  
Okay.  
Okay.  
Okay.  
Okay.  
Okay.  
Okay.  
Okay.  
Okay.",1
Gitarre,Gefürchtete Chefin,Sophie,Luisa,"Okay
Okay

Okay

Okay

Okay

Okay

Okay

Okay

Okay

Okay

Okay

Okay

Okay

Okay

Okay",1
Gitarre,Gefürchtete Chefin,Miriam,Katharina,"Okay
Okay

Okay

Okay

Okay

Okay

Okay

Okay

Okay

Okay

Okay

Okay

Okay

Okay

Okay",1
Gitarre,Gefürchtete Chefin,Miriam,Anna,"Okay.  
Okay.  
Okay.  
Okay.  
Okay.  
Okay.  
Okay.  
Okay.  
Okay.  
Okay.",1
Gitarre,Gefürchtete Chefin,Miriam,Katharina,"schrecklich

Die Bewertung von Katharina ist sehr negativ, da sie das Vorspiel mit 1 von 5 Her",1
Gitarre,Gefürchtete Chefin,Miriam,Anna,"Okay.  
Okay.  
Okay.  
Okay.  
Okay.  
Okay.  
Okay.  
Okay.  
Okay.  
Okay.",1
Gitarre,Gefürchtete Chefin,Katharina,Sophie,"Okay.  
Okay.  
Okay.  
Okay.  
Okay.  
Okay.  
Okay.  
Okay.  
Okay.  
Okay.",1
Gitarre,Gefürchtete Chefin,Miriam,Luisa,"Okay
Okay

Okay

Okay

Okay

Okay

Okay

Okay

Okay

Okay

Okay

Okay

Okay

Okay

Okay",2
Gitarre,Gefürchtete Chefin,Luisa,Anna,"Okay.  
Okay.  
Okay.  
Okay.  
Okay.  
Okay.  
Okay.  
Okay.  
Okay.  
Okay.",2
Gitarre,Gefürchtete Chefin,Katharina,Anna,Okay. Okay. Okay. Okay. Okay. Okay. Okay. Okay. Okay. Okay. Okay. Okay. Okay. Okay. Okay,2
Gitarre,Gefürchtete Chefin,Miriam,Katharina,"Okay
Okay

Okay

Okay

Okay

Okay

Okay

Okay

Okay

Okay

Okay

Okay

Okay

Okay

Okay",2
Gitarre,Gefürchtete Chefin,Anna,Miriam,"Okay
Okay

Okay

Okay

Okay

Okay

Okay

Okay

Okay

Okay

Okay

Okay

Okay

Okay

Okay",2
Gitarre,Gefürchtete Chefin,Luisa,Katharina,"Okay.  
Okay.  
Okay.  
Okay.  
Okay.  
Okay.  
Okay.  
Okay.  
Okay.  
Okay.",2
Gitarre,Gefürchtete Chefin,Miriam,Sophie,"Okay
Okay

Okay

Okay

Okay

Okay

Okay

Okay

Okay

Okay

Okay

Okay

Okay

Okay

Okay",2
Gitarre,Gefürchtete Chefin,Anna,Katharina,"Okay
Okay

Okay

Okay

Okay

Okay

Okay

Okay

Okay

Okay

Okay

Okay

Okay

Okay

Okay",2
Gitarre,Gefürchtete Chefin,Sophie,Miriam,"Okay.  
Okay.  
Okay.  
Okay.  
Okay.  
Okay.  
Okay.  
Okay.  
Okay.  
Okay.",2
Gitarre,Gefürchtete Chefin,Katharina,Luisa,Okay. Okay. Okay. Okay. Okay. Okay. Okay. Okay. Okay. Okay. Okay. Okay. Okay. Okay. Okay,2
Gitarre,Gefürchtete Chefin,Sophie,Luisa,"Okay
Okay

Okay

Okay

Okay

Okay

Okay

Okay

Okay

Okay

Okay

Okay

Okay

Okay

Okay",3
Gitarre,Gefürchtete Chefin,Miriam,Sophie,"Okay
Okay

Okay

Okay

Okay

Okay

Okay

Okay

Okay

Okay

Okay

Okay

Okay

Okay

Okay",3
Gitarre,Gefürchtete Chefin,Katharina,Anna,Okay. Okay. Okay. Okay. Okay. Okay. Okay. Okay. Okay. Okay. Okay. Okay. Okay. Okay. Okay,3
Gitarre,Gefürchtete Chefin,Katharina,Miriam,"Okay.  
Okay.  
Okay.  
Okay.  
Okay.  
Okay.  
Okay.  
Okay.  
Okay.  
Okay.",3
Gitarre,Gefürchtete Chefin,Sophie,Anna,"Okay. Sophie fragt nach der Meinung, Anna gibt eine Bewertung von 3 von 5 Herzen. Die Bewertung ist nicht",3
Gitarre,Gefürchtete Chefin,Luisa,Katharina,"Okay
Okay

Okay

Okay

Okay

Okay

Okay

Okay

Okay

Okay

Okay

Okay

Okay

Okay

Okay",3
Gitarre,Gefürchtete Chefin,Anna,Katharina,"Okay
Okay

Okay

Okay

Okay

Okay

Okay

Okay

Okay

Okay

Okay

Okay

Okay

Okay

Okay",3
Gitarre,Gefürchtete Chefin,Luisa,Sophie,"Okay.  
Okay.  
Okay.  
Okay.  
Okay.  
Okay.  
Okay.  
Okay.  
Okay.  
Okay.",3
Gitarre,Gefürchtete Chefin,Anna,Katharina,"Okay
Okay

Okay

Okay

Okay

Okay

Okay

Okay

Okay

Okay

Okay

Okay

Okay

Okay

Okay",3
Gitarre,Gefürchtete Chefin,Anna,Miriam,"Okay
Okay

Okay

Okay

Okay

Okay

Okay

Okay

Okay

Okay

Okay

Okay

Okay

Okay

Okay",3
Gitarre,Gefürchtete Chefin,Luisa,Sophie,"Okay.  
Okay.  
Okay.  
Okay.  
Okay.  
Okay.  
Okay.  
Okay.  
Okay.  
Okay.",4
Gitarre,Gefürchtete Chefin,Sophie,Luisa,"Okay.  
Okay.  
Okay.  
Okay.  
Okay.  
Okay.  
Okay.  
Okay.  
Okay.  
Okay.",4
Gitarre,Gefürchtete Chefin,Sophie,Luisa,"Okay.  
Okay.  
Okay.  
Okay.  
Okay.  
Okay.  
Okay.  
Okay.  
Okay.  
Okay.",4
Gitarre,Gefürchtete Chefin,Miriam,Luisa,"Okay.  
Okay.  
Okay.  
Okay.  
Okay.  
Okay.  
Okay.  
Okay.  
Okay.  
Okay.",4
Gitarre,Gefürchtete Chefin,Katharina,Anna,Okay. Okay. Okay. Okay. Okay. Okay. Okay. Okay. Okay. Okay. Okay. Okay. Okay. Okay. Okay,4
Gitarre,Gefürchtete Chefin,Miriam,Luisa,"Okay.  
Okay.  
Okay.  
Okay.  
Okay.  
Okay.  
Okay.  
Okay.  
Okay.  
Okay.",4
Gitarre,Gefürchtete Chefin,Anna,Miriam,"Okay
Okay

Okay

Okay

Okay

Okay

Okay

Okay

Okay

Okay

Okay

Okay

Okay

Okay

Okay",4
Gitarre,Gefürchtete Chefin,Sophie,Luisa,"Okay.  
Okay.  
Okay.  
Okay.  
Okay.  
Okay.  
Okay.  
Okay.  
Okay.  
Okay.",4
Gitarre,Gefürchtete Chefin,Anna,Sophie,"Okay. Sophie sagt: ""Es war okay."" Das Adjektiv ist **okay**.  
**Okay**.  
**Okay**.",4
Gitarre,Gefürchtete Chefin,Sophie,Katharina,"Okay
Okay

Okay

Okay

Okay

Okay

Okay

Okay

Okay

Okay

Okay

Okay

Okay

Okay

Okay",4
Gitarre,Gefürchtete Chefin,Sophie,Luisa,Okay. Okay. Okay. Okay. Okay. Okay. Okay. Okay. Okay. Okay. Okay. Okay. Okay. Okay. Okay,5
Gitarre,Gefürchtete Chefin,Miriam,Sophie,"Okay.  
Okay.  
Okay.  
Okay.  
Okay.  
Okay.  
Okay.  
Okay.  
Okay.  
Okay.",5
Gitarre,Gefürchtete Chefin,Miriam,Luisa,"Okay
Okay

Okay

Okay

Okay

Okay

Okay

Okay

Okay

Okay

Okay

Okay

Okay

Okay

Okay",5
Gitarre,Gefürchtete Chefin,Luisa,Katharina,Okay. Okay. Okay. Okay. Okay. Okay. Okay. Okay. Okay. Okay. Okay. Okay. Okay. Okay. Okay,5
Gitarre,Gefürchtete Chefin,Katharina,Sophie,Okay. Okay. Okay. Okay. Okay. Okay. Okay. Okay. Okay. Okay. Okay. Okay. Okay. Okay. Okay,5
Gitarre,Gefürchtete Chefin,Katharina,Anna,Okay. Okay. Okay. Okay. Okay. Okay. Okay. Okay. Okay. Okay. Okay. Okay. Okay. Okay. Okay,5
Gitarre,Gefürchtete Chefin,Luisa,Miriam,"Okay.  
Okay.  
Okay.  
Okay.  
Okay.  
Okay.  
Okay.  
Okay.  
Okay.  
Okay.",5
Gitarre,Gefürchtete Chefin,Miriam,Luisa,Okay. Okay. Okay. Okay. Okay. Okay. Okay. Okay. Okay. Okay. Okay. Okay. Okay. Okay. Okay,5
Gitarre,Gefürchtete Chefin,Sophie,Katharina,"Okay
Okay

Okay

Okay

Okay

Okay

Okay

Okay

Okay

Okay

Okay

Okay

Okay

Okay

Okay",5
Gitarre,Gefürchtete Chefin,Miriam,Sophie,"Okay.  
Okay.  
Okay.  
Okay.  
Okay.  
Okay.  
Okay.  
Okay.  
Okay.  
Okay.",5
