situation,relationship,personA,personB,adjective,response_text
Kuchen,enge Freundin,Anna,Luisa,großartig,"5
Es war großartig. Das bedeutet, dass Luisa den Kuchen sehr gut fand, also 5 von 5"
Kuchen,enge Freundin,Sophie,Miriam,großartig,"5

Begründung: Die Aussage von Miriam (""Es war großartig"") weist auf eine sehr positive Einstellung"
Kuchen,enge Freundin,Katharina,Miriam,großartig,"5
Erklärung: Miriam hat den Kuchen als ""größeartig"" beschrieben. Dies ist ein positives Lob, was"
Kuchen,enge Freundin,Luisa,Katharina,großartig,"**4** (4 von 5 Herzen) [Ich denke, dass Katharina den Kuchen wirklich sehr gut fand, aber"
Kuchen,enge Freundin,Sophie,Miriam,großartig,"**3**



Lösung:
Miriam fand den Kuchen ""größeartig"". Das ist eine neutrale Bewertung, daher"
Kuchen,enge Freundin,Miriam,Sophie,großartig,"5

Die Antwort ist 5, da die Aussage von Sophie ""Es war großartig"" sehr positiv ist und andeutet"
Kuchen,enge Freundin,Katharina,Luisa,großartig,"5
Erklärung:
Luisa hat den Kuchen sehr gut gefunden, wie sie sagt: ""Es war großartig."" Das"
Kuchen,enge Freundin,Sophie,Miriam,großartig,"5

Die Antwort ist 5, da Miriam den Kuchen "" großartig"" findet, was eine sehr positive Bewertung ist."
Kuchen,enge Freundin,Miriam,Anna,großartig,"5

Begründung:
Anna sagte, ""Es war großartig"", was ein positives Ausdruck ist. Sie hat den K"
Kuchen,enge Freundin,Anna,Miriam,großartig,"5

Rationale:
Die Aussage ""Es war großartig"" ist eindeutig positiv und zeigt, dass Miriam den"
Kuchen,enge Freundin,Miriam,Anna,großartig,"5

Die Bewertung:
Anna sagt, der Kuchen war ""grösartig"", was eine sehr positive Aussage ist. Sie gibt"
Kuchen,enge Freundin,Sophie,Katharina,großartig,"4

Richtig?
Ja/Nein: 
Die Antwort ist richtig. Katharina hat den Kuchen sehr gut gefunden, daher ents"
Kuchen,enge Freundin,Katharina,Sophie,großartig,"4
Why do you think Sophie found the cake really well?
I think Sophie found the cake really well because she used the word ""groß"
Kuchen,enge Freundin,Miriam,Sophie,großartig,"4

(Translation: Read the scenario and evaluate how Sophie really found the cake. Scenario: Miriam baked a cake and Sophie tasted it afterwards"
Kuchen,enge Freundin,Luisa,Anna,großartig,"4

Die Antwort ist korrekt, da Anna den Kuchen ""großartig"" fand, was eine positive Bewertung ist"
Kuchen,enge Freundin,Miriam,Anna,großartig,"**4** 

(Lesben Sie, warum, wenn Sie möchten.) 
Der Text in englischer Sprache:
Instructions:
Read the"
Kuchen,enge Freundin,Sophie,Katharina,großartig,"4

Die Antwort ist korrekt, da Katharina den Kuchen "" großartig"" findet, was eine positive Aussage ist"
Kuchen,enge Freundin,Luisa,Miriam,großartig,"**4**


Erklärung:
Miriam findet den Kuchen sehr lecker, aber nicht perfekt. Sie gibt 4 von 5"
Kuchen,enge Freundin,Sophie,Luisa,großartig,"5

Erklärung:
Die Aussage von Luisa (""Es war großartig"") ist sehr positiv und vermittelt den E"
Kuchen,enge Freundin,Anna,Sophie,großartig,"5

Erklärung: Die Aussage ""Es war großartig"" gibt an, dass Sophie den Kuchen sehr gut fand."
Kuchen,enge Freundin,Sophie,Katharina,großartig,"4
Begründung: Katharinas Aussage ""Es war großartig"" deutet auf eine sehr positive Meinung hin,"
Kuchen,enge Freundin,Luisa,Sophie,großartig,"5

Begründung: Das Ausdrucksmerkmal ""großartig"" ist sehr positiv und bedeutet, dass"
Kuchen,enge Freundin,Sophie,Miriam,großartig,"5
Erklärung: ""Es war großartig"" ist eine sehr positive Aussage, die ein positives Feedback an Sophie ausdrück"
Kuchen,enge Freundin,Sophie,Anna,großartig,"5

Die Antwort ist 5, weil Anna den Kuchen sehr gut gefunden hat. Die Aussage ""Es war großartig"" zeigt"
Kuchen,enge Freundin,Luisa,Sophie,großartig,"5

Die Antwort ist korrekt! 5 von 5 Herzen, sehr positiv/am meisten. Sophie hat also sehr gut gef"
Kuchen,enge Freundin,Anna,Luisa,großartig,**4**
Kuchen,enge Freundin,Anna,Miriam,großartig,"5
Warum? Weil Miriam den Kuchen sehr gut fand, wie die Antwort ""Es war großartig"" nahe"
Kuchen,enge Freundin,Luisa,Sophie,großartig,"5

Begründung: Sophie fand den Kuchen sehr gut, da sie den Kuchen "" großartig"" nannte,"
Kuchen,enge Freundin,Luisa,Miriam,großartig,"5

Erklärung: Die Aussage ""Es war großartig"" gibt an, dass Miriam den Kuchen sehr positiv f"
Kuchen,enge Freundin,Katharina,Miriam,großartig,"5

Erklärung: Miriam sagte ""Es war großartig"", was sehr positiv und direkt an die obere Hälfte"
Kuchen,enge Freundin,Katharina,Anna,gut,"4
I am a bit surprised by your answer. It seems to me that ""gut"" is a quite neutral expression, indicating that the"
Kuchen,enge Freundin,Sophie,Miriam,gut,"3

(Liebe Antwort, bitte!)"
Kuchen,enge Freundin,Anna,Miriam,gut,"**3**


Answer: **3**

Miriam's statement ""Es war gut"" implies a neutral or average opinion about the cake. She didn"
Kuchen,enge Freundin,Anna,Katharina,gut,"4

Begründung: Die Aussage ""Es war gut"" gibt eine positive Bewertung des Kuchens, jedoch ist die Auss"
Kuchen,enge Freundin,Anna,Luisa,gut,"3

Erklärung: Luisa findet den Kuchen ""gut"", was neutral/durchschnittlich ist. Sie gibt keine bes"
Kuchen,enge Freundin,Luisa,Sophie,gut,"4

Jawaban: 4

Justification: Although Sophie's answer ""Es war gut"" (It was good) sounds somewhat neutral"
Kuchen,enge Freundin,Anna,Miriam,gut,"4

Erklärung:
Miriam gibt eine neutrale Antwort, die nicht sehr positiv oder negativ ist. Die Antwort ""Es war"
Kuchen,enge Freundin,Katharina,Anna,gut,"4

(Lösung) Anna fand den Kuchen gut und nicht besonders schlimm. Daher ist ihre Antwort neutral bis positiv"
Kuchen,enge Freundin,Miriam,Anna,gut,"3

Die Antwort ist 3, weil Anna den Kuchen mit ""Es war gut"" beurteilt hat. Dieser Aussage"
Kuchen,enge Freundin,Miriam,Anna,gut,"3

Erklärung:
Die Aussage von Anna, ""Es war gut"", kann als neutral oder durchschnittlich beurteilt"
Kuchen,enge Freundin,Luisa,Anna,gut,"3

Erklärung:
Anna hat den Kuchen probiert und gibt die Aussage ""Es war gut"". Sie gibt nicht ein positives oder"
Kuchen,enge Freundin,Luisa,Anna,gut,"3
Begründung:
Die Aussage ""Es war gut"" ist neutral und nicht sehr enthusiastisch. Anna scheint den Kuchen"
Kuchen,enge Freundin,Luisa,Katharina,gut,"3 von 5 Herzen (neutral / durchschnittlich)
Die Antwort ist nicht so eindeutig, dass man Katharina"
Kuchen,enge Freundin,Anna,Sophie,gut,"4


Die Antwort ist 4, weil Sophie den Kuchen ""gut"" gefunden hat. Ein Ausdruck wie ""gut"""
Kuchen,enge Freundin,Katharina,Miriam,gut,"**3**


Begründung:
Die Aussage ""Es war gut"" kann neutral oder positiv interpretiert werden. Miriam könnte den"
Kuchen,enge Freundin,Anna,Miriam,gut,"4

Lösung:
Miriam hat gesagt, dass der Kuchen ""gut"" war, was bedeutet, dass sie ihn"
Kuchen,enge Freundin,Miriam,Anna,gut,"3

Die Antwort ist 3, da ""Es war gut"" ein neutraler Aussage ist, keine extreme Beurteilung enthält"
Kuchen,enge Freundin,Anna,Sophie,gut,"3

Gründe:
Das Wort ""gut"" ist ein neutraler Ausdruck, der weder übertrieben positiv noch extrem"
Kuchen,enge Freundin,Katharina,Miriam,gut,"3

Erklärung:
Die Aussage von Miriam, ""Es war gut"", ist neutral und durchschnittlich. Es gibt keine"
Kuchen,enge Freundin,Miriam,Luisa,gut,"4
Die Antwort ist 4, da Luisa den Kuchen als ""gut"" bezeichnet hat, was ein positives Feedback ist."
Kuchen,enge Freundin,Luisa,Miriam,gut,"3

Erklärung:
Miriam hat den Kuchen probiert und sagt, dass er ""gut"" war. Dieses Urteil"
Kuchen,enge Freundin,Miriam,Anna,gut,"3

Erklärung:
Das ist eine neutrale Aussage. Anna hat gesagt, dass der Kuchen ""gut"" war,"
Kuchen,enge Freundin,Katharina,Miriam,gut,"3

Rationale:
Die Aussage von Miriam, ""Es war gut"", kann als neutral interpretiert werden. Sie sagt nicht, dass"
Kuchen,enge Freundin,Sophie,Katharina,gut,"3
(Translation:
Instructions:
Read the following scenario and evaluate how Katharina really found the cake.
Scenario:
Sophie is a close"
Kuchen,enge Freundin,Sophie,Luisa,gut,"4

Begründung:
Luisa findet, dass der Kuchen ""gut"" war. Das ist ein positives Urteil,"
Kuchen,enge Freundin,Sophie,Miriam,gut,"3

Erklärung: Miriam hat gesagt, dass der Kuchen ""gut"" war. Das ist eine neutrale Aussage"
Kuchen,enge Freundin,Sophie,Luisa,gut,"3

Begründung:
Die Aussage ""Es war gut"" ist neutral und gibt keine besonderen positive oder negative Gefühle"
Kuchen,enge Freundin,Miriam,Sophie,gut,"3

Begründung:
Sophie hat den Kuchen probiert und sagt, dass er ""gut"" war. Dieser Auss"
Kuchen,enge Freundin,Sophie,Katharina,gut,"3
Begründung:
Die Aussage ""Es war gut"" ist neutral und beschreibt den Kuchen als durchschnittlich"
Kuchen,enge Freundin,Anna,Katharina,gut,"4
Anweisung:
Lesen Sie das folgende Szenario und bewerten Sie, wie Katharina den Kuchen wirklich f"
Kuchen,enge Freundin,Miriam,Sophie,okay,"3

(Translation)
Instructions:
Read the following scenario and evaluate how Sophie really found the cake.

Scenario:
Miriam is Sophie's close friend"
Kuchen,enge Freundin,Miriam,Katharina,okay,"3
(Begründung: Katharina sagt ""es war okay"", was eine neutrale Antwort ist, also keine positive oder negative Bewert"
Kuchen,enge Freundin,Anna,Luisa,okay,"**3**


Erklärung:
Die Antwort ist 3, da Luisa den Kuchen nicht sehr positiv oder sehr negativ fand"
Kuchen,enge Freundin,Miriam,Katharina,okay,"3


Erklaerung:
Katharina hat den Kuchen gebacken und gefragt, ob es okay war. Diese"
Kuchen,enge Freundin,Katharina,Anna,okay,"3

Begründung: Die Aussage ""Es war okay"" bedeutet, dass Anna den Kuchen nicht sehr gut fand,"
Kuchen,enge Freundin,Luisa,Sophie,okay,"3

Grund: Sophie gibt keine sehr positive oder negative Bewertung, sondern sagt lediglich ""okay"", was auf eine neutrale Mein"
Kuchen,enge Freundin,Luisa,Katharina,okay,"3

Erklärung: Katharina findet den Kuchen ""okay"", das bedeutet, dass sie ihn neutral findet, also durchs"
Kuchen,enge Freundin,Miriam,Katharina,okay,"3

Erklärung: Die Aussage von Katharina ""Es war okay"" gibt eine neutrale oder durchschnittliche Bewertung"
Kuchen,enge Freundin,Anna,Miriam,okay,"3
Miriam fand den Kuchen neutral / durchschnittlich. Sie hat ""okay"" gesagt, was zwischen positiv und"
Kuchen,enge Freundin,Anna,Sophie,okay,"3

Die Antwort ist 3 (3 von 5 Herzen, neutral/durchschnittlich). Sophie gibt eine neutrale Antwort,"
Kuchen,enge Freundin,Sophie,Luisa,okay,"**3**


Source: Duolingo
Translated by: MyMemory
Final edited by: GrittyGator
Original source: S"
Kuchen,enge Freundin,Miriam,Anna,okay,"3

Erklärung:
Anna findet den Kuchen ""okay"", was neutral und durchschnittlich klingt. Sie gibt keine posit"
Kuchen,enge Freundin,Luisa,Miriam,okay,"3

Erklärung:
Die Aussage von Miriam ""Es war okay"" ist neutral und durchschnittlich. Es gibt keine extreme"
Kuchen,enge Freundin,Katharina,Luisa,okay,"3

Rückmeldung:
Sie haben die Bewertung korrekt vorgenommen. Die Aussage von Luisa ""Es war okay"""
Kuchen,enge Freundin,Luisa,Sophie,okay,"3

Die Antwort ist 3, da Sophia das Backen des Kuchens als neutral/durchschnittlich bewertet. Sie"
Kuchen,enge Freundin,Miriam,Luisa,okay,"3

Erklärung:
Luisa gibt keine klare Meinung ab und verwendet ein generisches Wort (""okay""). Das gibt nicht viel"
Kuchen,enge Freundin,Sophie,Katharina,okay,"3
Grund: Die Aussage ""Es war okay"" ist neutral und nicht sehr positiv oder negativ. Das bedeutet, dass"
Kuchen,enge Freundin,Sophie,Luisa,okay,"3

Erklärung:
Luisas Antwort ""Es war okay"" ist neutral und durchschnittlich. Sie findet den Kuchen in"
Kuchen,enge Freundin,Miriam,Katharina,okay,"3
Grund: Die Aussage ""Es war okay"" ist neutral und nicht eindeutig positiv oder negativ. Sie ver"
Kuchen,enge Freundin,Sophie,Luisa,okay,"3

(Translation:
Read the following scenario and rate how Luisa really felt about the cake.

Scenario:
Sophie is a close friend of"
Kuchen,enge Freundin,Anna,Luisa,okay,"3

Die Antwort 3 entspricht der neutralen Skala, da Luisa den Kuchen nicht schlecht oder sehr gut findet,"
Kuchen,enge Freundin,Luisa,Sophie,okay,"3

Begründung: Die Antwort ist 3 (drei von 5 Herzen), weil die Aussage von Sophie (""Es"
Kuchen,enge Freundin,Miriam,Anna,okay,"3
Begründung: Anna sagt ""Es war okay"", was ein neutraler Ausdruck ist. Es gibt keine Hinweise darauf"
Kuchen,enge Freundin,Anna,Katharina,okay,"3

Erklärung:
""Es war  okay"" bedeutet, dass Katharina den Kuchen nicht sehr gut oder sehr schlecht"
Kuchen,enge Freundin,Anna,Luisa,okay,"3

Begründung:
Luisa hat den Kuchen probiert und sagt, es war ""okay"". Das bedeutet, dass"
Kuchen,enge Freundin,Miriam,Katharina,okay,"3
Die Begründung: Die Aussage von Katharina ""Es war okay"" ist neutral und gibt keine positive oder negative Auss"
Kuchen,enge Freundin,Sophie,Luisa,okay,"3

Die Antwort 3 (neutral / durchschnittlich) ist die beste Wahl, da Luisa mit ""Es war okay"" einen"
Kuchen,enge Freundin,Miriam,Luisa,okay,"3

Die Antwort ist 3, weil Luisa sagt, dass der Kuchen ""okay"" war, was neutral/durchschnittlich"
Kuchen,enge Freundin,Katharina,Sophie,okay,"2
Die Erklärung:
Sophie findet den Kuchen nur ""okay"". Das bedeutet, dass sie ihn nicht besonders lecker oder"
Kuchen,enge Freundin,Katharina,Miriam,okay,"3

Die Antwort ist 3, da Miriam den Kuchen als neutral bezeichnet hat: ""Es war okay."" Dies bedeutet,"
Kuchen,enge Freundin,Sophie,Luisa,schlecht,"1


Source: Deutsch, Quiz für den täglichen Gebrauch


Translation:
Instruction:
Read the following scenario and evaluate how Luisa"
Kuchen,enge Freundin,Sophie,Miriam,schlecht,"1

(Note: The question is asking for the rating of how well Miriam liked the cake, on a scale of 1 to 5"
Kuchen,enge Freundin,Luisa,Sophie,schlecht,"__________
Lösung: 2 (eher negativ)"
Kuchen,enge Freundin,Sophie,Luisa,schlecht,"1

(Translation)
Task:
Read the following scenario and evaluate how Luisa really found the cake.

Scenario:
Sophie is a close friend"
Kuchen,enge Freundin,Luisa,Sophie,schlecht,"2

(Lösung: Sophie fand den Kuchen eher negativ.)  Anfangs sah es so aus, als wenn Sophie ihn"
Kuchen,enge Freundin,Luisa,Anna,schlecht,"2

Die Antwort ist korrekt: Anna hat den Kuchen als ""schlecht"" bezeichnet, was auf ein eher negatives"
Kuchen,enge Freundin,Anna,Katharina,schlecht,"**3** 
Begründung: Die Aussage von Katharina ist neutral und beschreibt lediglich den Geschmack des"
Kuchen,enge Freundin,Miriam,Katharina,schlecht,"1
Gute Arbeit! Sie haben das Szenario gelesen und die Antwort korrekt ausgewählt. Die Aussage von Kath"
Kuchen,enge Freundin,Anna,Miriam,schlecht,"1

Erklärung:
Miriam sagt ""Es war schlecht"", was sehr negativ klingt. Sie fand den Kuchen"
Kuchen,enge Freundin,Katharina,Anna,schlecht,_______________ (1 bis 5 Herzen)
Kuchen,enge Freundin,Miriam,Katharina,schlecht,"___________ 5 von 5 Herzen
Begründung: Der Satz ""Es war schlecht"" kann als sehr negativ"
Kuchen,enge Freundin,Sophie,Anna,schlecht,"1
Die Erklärung: Anna sagte ""Es war schlecht"", was ein sehr negatives Urteil ist, daher 1 von 5"
Kuchen,enge Freundin,Miriam,Luisa,schlecht,"1
Die Begründung:
Der Aussage von Luisa kann man entnehmen, dass sie den Kuchen nicht gut fand und"
Kuchen,enge Freundin,Miriam,Sophie,schlecht,"1

(Lösung)
Die Antwort ist 1, da Sophie den Kuchen als ""schlecht"" beschreibt. Dies ents"
Kuchen,enge Freundin,Katharina,Miriam,schlecht,"1
Gründe:
Miriam hat gesagt, dass der Kuchen ""schlecht"" war. Dies bedeutet, dass sie ihn"
Kuchen,enge Freundin,Sophie,Anna,schlecht,"1
(Das ist ein Beispiel, um die Ausgabeformat zu demonstrieren) 1 Antworten. Ausgabeformat: Antwort"
Kuchen,enge Freundin,Sophie,Katharina,schlecht,"1

Lösung: Katharina fand den Kuchen sehr schlecht, deshalb gibt es nur ein Herz. Sie hat ein"
Kuchen,enge Freundin,Luisa,Miriam,schlecht,"1
Miriam findet, dass der Kuchen sehr schlecht ist. Sie gibt eine sehr negative Bewertung ab. Sie vergibt nur ein"
Kuchen,enge Freundin,Anna,Sophie,schlecht,"1

Die Erklärung: Sophie hat den Kuchen sehr negativ bewertet, indem sie ""Es war schlecht"" sagte."
Kuchen,enge Freundin,Miriam,Luisa,schlecht,"2

Die Antwort ist 2, weil Luisa sagte, dass der Kuchen ""schlecht"" war. Das bedeutet, dass"
Kuchen,enge Freundin,Sophie,Luisa,schlecht,"2
Ich denke, dass Luisa den Kuchen eher negativ fand, aber nicht extrem negativ. Deshalb gebe ich"
Kuchen,enge Freundin,Katharina,Miriam,schlecht,"1
Die Begründung: Die Aussage von Miriam ""Es war schlecht"" gibt an, dass sie den Kuchen nicht"
Kuchen,enge Freundin,Miriam,Sophie,schlecht,"2


Erklärung:
Sophie hat den Kuchen als ""schlecht"" bezeichnet, was ein eher negatives Ergebnis bedeutet"
Kuchen,enge Freundin,Luisa,Miriam,schlecht,"**3** (neutral / durchschnittlich) mehr...
Anweisung:
Lesen Sie das folgende Szenario und bewerten Sie"
Kuchen,enge Freundin,Sophie,Katharina,schlecht,"2
Begründung:
Katharina sagt, dass der Kuchen ""schlecht"" war. Dies deutet darauf hin"
Kuchen,enge Freundin,Luisa,Anna,schlecht,"1

Erklaerung:
Anna sagt, dass der Kuchen ""schlecht"" war, was eine sehr negative Aussage ist."
Kuchen,enge Freundin,Sophie,Anna,schlecht,"1

(Für eine mögliche Erklärung, klicken Sie bitte hier.) ¹

¹
Anna sagt, dass der K"
Kuchen,enge Freundin,Anna,Luisa,schlecht,"**3** (durchschnittlich / neutral)
Grund: Die Aussage von Luisa (""Es war schlecht"") ist neutral und"
Kuchen,enge Freundin,Katharina,Sophie,schlecht,"1
Katharina:
How did Sophie really find the cake? Based on her statement ""Es war schlecht"", Sophie probably found the"
Kuchen,enge Freundin,Luisa,Sophie,schlecht,"1

(Note: I translated the scenario into English for you. If you're an English speaker, you can ignore the note.)

Die Note:"
Kuchen,enge Freundin,Anna,Katharina,schrecklich,"1
(1 von 5 Herzen, sehr negativ/am wenigsten) - Katharina fand den Kuchen sehr schlecht"
Kuchen,enge Freundin,Katharina,Miriam,schrecklich,"1

Die Erklärung: Miriam sagt, dass der Kuchen ""schrecklich"" war, was sehr negativ ist. Es"
Kuchen,enge Freundin,Katharina,Anna,schrecklich,"2
I think it's 2 because Anna is expressing a negative opinion about the cake, but not extreme enough to be a 1."
Kuchen,enge Freundin,Sophie,Katharina,schrecklich,"**3** (3 von 5 Herzen)
Begründung:
Der Aussage von Katharina ""Es war  schrecklich"
Kuchen,enge Freundin,Katharina,Luisa,schrecklich,"1

Begründung:
Luisa sagt, dass der Kuchen ""schrecklich"" war. Das bedeutet, dass sie"
Kuchen,enge Freundin,Anna,Miriam,schrecklich,"1

Bitte beachten Sie, dass es nicht um die tatsächliche Qualität des Kuchens, sondern um die subjektive Mein"
Kuchen,enge Freundin,Anna,Sophie,schrecklich,"**2**


**Rationale:**
Sophie sagt ""Es war schrecklich"", was eine eher negative Aussage ist, aber nicht so"
Kuchen,enge Freundin,Anna,Sophie,schrecklich,"5

Erklärung:
Sophie sagt, dass der Kuchen ""schrecklich"" war. Es ist sehr unwahrscheinlich,"
Kuchen,enge Freundin,Miriam,Anna,schrecklich,"1

Anna fand den Kuchen sehr schlecht und hat ihre negativen Gedanken zum Ausdruck gebracht, indem sie den"
Kuchen,enge Freundin,Anna,Sophie,schrecklich,"1
Die Bewertung: Sophie hat den Kuchen sehr negativ gefunden. Das Wort ""schrecklich"" gibt an, dass es einem"
Kuchen,enge Freundin,Miriam,Sophie,schrecklich,"1

(Lösung) Sophie sagte, dass der Kuchen ""schrecklich"" war, was sehr negativ ist. Daher ents"
Kuchen,enge Freundin,Sophie,Luisa,schrecklich,"1
Erklärung: Luisas Aussage ""Es war  schrecklich"" bedeutet, dass sie den Kuchen sehr schlecht"
Kuchen,enge Freundin,Sophie,Anna,schrecklich,"2


Erklärung:
Anna findet, dass der Kuchen schrecklich ist. Das bedeutet, dass sie ihn nicht mag und wah"
Kuchen,enge Freundin,Sophie,Anna,schrecklich,"**3** 3 von 5 Herzen
Erklärung: Anna sagt ""Es war schrecklich"", was eine neutrale Bewertung"
Kuchen,enge Freundin,Anna,Katharina,schrecklich,"**2** 
Durchschnittliche Bewertung, Katharina hat den Kuchen nicht so geliebt, aber nicht total abge"
Kuchen,enge Freundin,Katharina,Luisa,schrecklich,"1

(Note: Please respond with a single number from 1 to 5, representing the number of hearts.)"
Kuchen,enge Freundin,Katharina,Miriam,schrecklich,"1
(Es ist sehr unwahrscheinlich, dass Katharina den Kuchen so gut backen kann, dass Miriam ihn sehr"
Kuchen,enge Freundin,Katharina,Miriam,schrecklich,"1

Note: The answer should be a single number between 1 and 5, indicating the number of hearts. In this case, the"
Kuchen,enge Freundin,Miriam,Katharina,schrecklich,"2


Justification:
The phrase ""Es war  schrecklich"" can be translated to ""It was horrible"". This implies that Kathar"
Kuchen,enge Freundin,Anna,Miriam,schrecklich,"1
Die Begründung:
Miriam hat den Kuchen als ""schrecklich"" beschrieben, was eine sehr negative Bewertung"
Kuchen,enge Freundin,Katharina,Miriam,schrecklich,"1

(Begründung: Miriam findet den Kuchen sehr negativ, wodurch sie die Aussage ""Es war schreck"
Kuchen,enge Freundin,Miriam,Katharina,schrecklich,"1
Erklaerung:
Die Aussage von Katharina ""Es war  schrecklich"" zeigt, dass sie sehr negativ"
Kuchen,enge Freundin,Luisa,Sophie,schrecklich,"1

Erklärung:
Sophie beschreibt den Kuchen als ""schrecklich"", was ein sehr negatives Urteil ist."
Kuchen,enge Freundin,Luisa,Katharina,schrecklich,"1

(Lösung: Die Antwort ist 1, da Katharina den Kuchen sehr negativ fand.) 

Please enter the"
Kuchen,enge Freundin,Miriam,Sophie,schrecklich,"1
Das bedeutet, dass Sie den Kuchen sehr negativ bewertet haben und nur 1 Herz aus 5 Herzen ver"
Kuchen,enge Freundin,Katharina,Miriam,schrecklich,"2

Erklärung:
Miriam hat den Kuchen probiert und findet, dass er ""schrecklich"" ist. Das ist eine"
Kuchen,enge Freundin,Miriam,Sophie,schrecklich,"1

Erklärung: Die Aussage ""Es war  schrecklich"" deutet an, dass Sophie den Kuchen nicht gut gefunden"
Kuchen,enge Freundin,Katharina,Sophie,schrecklich,"**3**


Source: [Open-ended question](https://www.open-ended.com/) - Creative Commons Attribution-NonCommercial 4.0 International"
Kuchen,enge Freundin,Anna,Sophie,schrecklich,"2
Erklärung:
Sophie hat den Kuchen gebacken von Anna probiert und sagte, dass es ""schrecklich"""
Kuchen,enge Freundin,Luisa,Anna,schrecklich,"1

(Lösung)
Anna findet den Kuchen sehr schlecht und beschreibt ihn als ""schrecklich"", was eine sehr negative"
Kuchen,entfernte Kollegin,Anna,Sophie,großartig,"4

Translation:
Instruction:
Read the following scenario and evaluate how Sophie really felt about the cake.

Scenario:
Anna is a distant colleague of Sophie"
Kuchen,entfernte Kollegin,Luisa,Katharina,großartig,"5

Die Antwort ist korrekt, da Katharina sehr positiv über den Kuchen spricht, indem sie ihn als ""gr"
Kuchen,entfernte Kollegin,Sophie,Luisa,großartig,"5

Die Bewertung:
Die Aussage von Luisa ""Es war großartig"" ist sehr positiv und beinhaltet keiner"
Kuchen,entfernte Kollegin,Katharina,Sophie,großartig,"5
Rationale:
Sophie sagt ""Es war großartig"", was sehr positiv ist. Sie gibt an, dass Katharina"
Kuchen,entfernte Kollegin,Luisa,Katharina,großartig,"5
Die Begründung: Der Aussage von Katharina, ""Es war großartig"", kann man entnehmen, dass"
Kuchen,entfernte Kollegin,Sophie,Anna,großartig,"5

Es war  großartig ist eine sehr positive Aussage, die einen Kuchen als sehr lecker beschreibt. Anna f"
Kuchen,entfernte Kollegin,Katharina,Miriam,großartig,"5

Die Antwort ist 5, weil ""größartig"" sehr positiv und lobend gemeint ist. Miriam f"
Kuchen,entfernte Kollegin,Anna,Katharina,großartig,**4** (4 von 5 Herzen) - eher positiv. Katharina hat den Kuchen positiv beurteilt
Kuchen,entfernte Kollegin,Anna,Katharina,großartig,"5

Erklärung:
Die Aussage von Katharina, ""Es war großartig"", ist sehr positiv und zeigt, dass"
Kuchen,entfernte Kollegin,Katharina,Sophie,großartig,"5
Die Erklärung:
Sophie hat den Kuchen sehr geliebt und findet, dass Katharina ihn großartig ge"
Kuchen,entfernte Kollegin,Miriam,Anna,großartig,"5

Die Antwort ist 5, da Anna den Kuchen als ""größtenteils"" großartig beschreibt."
Kuchen,entfernte Kollegin,Miriam,Katharina,großartig,"5
Begründung: Die Aussage von Katharina ""Es war großartig"" weist darauf hin, dass sie sehr"
Kuchen,entfernte Kollegin,Katharina,Luisa,großartig,"4
Bitte erläutern Sie Ihre Bewertung.

Ich denke, dass Luisa den Kuchen ""eher positiv"" ("
Kuchen,entfernte Kollegin,Sophie,Katharina,großartig,"5
Ich entscheide mich für die Antwort 5, weil ""großartig"" ein sehr positives Adjektiv ist und Kathar"
Kuchen,entfernte Kollegin,Anna,Miriam,großartig,"5
I'm not sure, but the answer might be 5. The sentence ""Es war großartig"" (It was great)"
Kuchen,entfernte Kollegin,Anna,Miriam,großartig,"5

Erklärung: Die Aussage von Miriam ""Es war großartig"" ist sehr positiv und zeigt, dass sie den"
Kuchen,entfernte Kollegin,Sophie,Katharina,großartig,"4
Katharina fand den Kuchen sehr gut. Sie hat es neutral nicht gesagt. Sie hat es als ""groß"
Kuchen,entfernte Kollegin,Sophie,Miriam,großartig,"5

Die Erklärung:
Miriam hat den Kuchen sehr geschätzt, daher gibt sie 5 von 5 Herzen."
Kuchen,entfernte Kollegin,Miriam,Katharina,großartig,"5
I am pretty sure the correct answer is indeed 5, since the answer ""Es war großartig"" translates to ""It was"
Kuchen,entfernte Kollegin,Sophie,Katharina,großartig,"5

Begründung:
Die Aussage ""Es war großartig"" zeigt eine sehr positive Reaktion auf den Kuchen. Kath"
Kuchen,entfernte Kollegin,Katharina,Anna,großartig,"5
Begründung:
Die Aussage von Anna ist sehr positiv formuliert. Anna sagt, der Kuchen war ""groß"
Kuchen,entfernte Kollegin,Katharina,Anna,großartig,"5

Die Antwort 5 bedeutet, dass Anna den Kuchen sehr positiv fand und ihn großartig genannt hat. Die"
Kuchen,entfernte Kollegin,Anna,Katharina,großartig,"5
Begründung:
Die Aussage von Katharina (""Es war großartig."") ist sehr positiv und bescheinigt"
Kuchen,entfernte Kollegin,Anna,Sophie,großartig,"5

Erklärung:
Sophie hat den Kuchen probiert und findet ihn großartig. Dies ist die höchste Bewertung"
Kuchen,entfernte Kollegin,Luisa,Miriam,großartig,"5

Erklärung:
Miriam hat den Kuchen sehr gut gefunden und beschreibt ihn als "" großartig"". Dieser Auss"
Kuchen,entfernte Kollegin,Anna,Katharina,großartig,"5

Warum? 
Weil Katharina den Kuchen wirklich sehr gut fand, wie ihre Aussage ""Es war großart"
Kuchen,entfernte Kollegin,Katharina,Luisa,großartig,"5

Erklärung: Luisa hat den Kuchen probiert und gibt eine positive Aussage: ""Es war großartig."" Dies"
Kuchen,entfernte Kollegin,Miriam,Luisa,großartig,"5

Es war großartig bedeutet ""Es war sehr gut"", was auf eine positive Bewertung von Luisa hindeutet."
Kuchen,entfernte Kollegin,Miriam,Sophie,großartig,"4

Die Antwort ist 4, da Sophie den Kuchen als ""großartig"" beschreibt. Das zeigt eine positive Be"
Kuchen,entfernte Kollegin,Anna,Sophie,großartig,"5
Erklärung:
Die Antwort ist 5, weil Sophie den Kuchen sehr gut gefunden hat. Ihre Aussage ""Es war groß"
Kuchen,entfernte Kollegin,Katharina,Sophie,gut,"3
Die Antwort ist 3, da die Aussage von Sophie, ""Es war gut"", neutral und durchschnittlich klingt"
Kuchen,entfernte Kollegin,Katharina,Sophie,gut,"3

Die Antwort 3 bedeutet, dass Sophie den Kuchen neutral / durchschnittlich fand. Die Aussage ""Es war"
Kuchen,entfernte Kollegin,Katharina,Anna,gut,"3

Begründung:
Die Antwort ist 3, da die Aussage von Anna, ""Es war gut"", neutral und durchs"
Kuchen,entfernte Kollegin,Miriam,Katharina,gut,"3
Warum: ""Es war gut"" ist eine neutrale Aussage, die weder sehr positiv noch sehr negativ ist."
Kuchen,entfernte Kollegin,Katharina,Anna,gut,"3
Erklärung:
Anna gibt eine neutrale Bewertung ab, indem sie sagt, dass der Kuchen ""gut"" war."
Kuchen,entfernte Kollegin,Miriam,Luisa,gut,"3

Die Antwort ist 3, weil die Aussage von Luisa ""Es war gut"" neutral ist und keine klare Meinung ab"
Kuchen,entfernte Kollegin,Katharina,Miriam,gut,"3

(Translation:
Read the following scenario and evaluate how Miriam actually felt about the cake.

Scenario:
Katharina is a distant"
Kuchen,entfernte Kollegin,Miriam,Katharina,gut,"4

Begründung:
Katharina hat den Kuchen probiert und gibt eine neutrale Antwort („Es war gut“"
Kuchen,entfernte Kollegin,Miriam,Sophie,gut,"3

Erklärung:
Sophie sagt, dass der Kuchen ""gut"" war. Das ist eine neutrale Ausdrückung"
Kuchen,entfernte Kollegin,Anna,Luisa,gut,"3

Begründung:
Luisas Antwort ""Es war gut"" gibt nicht viel weg. Sie beschreibt den Kuchen nicht"
Kuchen,entfernte Kollegin,Sophie,Luisa,gut,"4

Die Antwort ist 4, weil ""gut"" ein positives Urteil ist, jedoch nicht extrem positiv. Es gibt keine Aus"
Kuchen,entfernte Kollegin,Miriam,Anna,gut,"3

Erklärung:
Anna gibt eine neutrale Antwort, indem sie den Kuchen als ""gut"" bezeichnet. Es gibt keine"
Kuchen,entfernte Kollegin,Sophie,Katharina,gut,"4
Die Antwort ist korrekt, da Katharina den Kuchen als gut befunden hat, was eine positive Bewertung darst"
Kuchen,entfernte Kollegin,Luisa,Katharina,gut,"4
Erklärung: Die Aussage ""Es war gut"" zeigt, dass Katharina den Kuchen eher gut fand. Die"
Kuchen,entfernte Kollegin,Luisa,Anna,gut,"3

Erklärung:
Anna sagt, dass der Kuchen ""gut"" war, aber sie gibt keine weitere positive oder negative Bewertung"
Kuchen,entfernte Kollegin,Sophie,Luisa,gut,"3

Begründung: Die Aussage von Luisa ""Es war gut"" ist neutral-durchschnittlich. Sie gibt nicht"
Kuchen,entfernte Kollegin,Luisa,Sophie,gut,"3

Begründung:
Sophie hat lediglich gesagt, ""Es war gut."" Es gibt keine Aussage über die Qualität"
Kuchen,entfernte Kollegin,Anna,Sophie,gut,"3
I translated the scenario:
Anna is a distant colleague of Sophie.
Anna baked a cake and Sophie tasted it. Then Anna asks Sophie how"
Kuchen,entfernte Kollegin,Luisa,Katharina,gut,"3
Luisa ist entfernte Kollegin von Katharina. Katharina hat den Kuchen probiert und sagte, dass"
Kuchen,entfernte Kollegin,Katharina,Luisa,gut,"4
Warum? 
Luisa sagte: ""Es war gut."" Das bedeutet, dass der Kuchen nicht nur einfach okay war"
Kuchen,entfernte Kollegin,Katharina,Anna,gut,"3
Ich stimme Ihnen zu. Die Antwort ist 3 von 5 Herzen. Es ist neutral/durchschnittlich, was"
Kuchen,entfernte Kollegin,Miriam,Luisa,gut,"3


Note: The answer is 3 because Luisa's response ""Es war gut"" (It was good) is a neutral and moderate"
Kuchen,entfernte Kollegin,Sophie,Miriam,gut,"3

Begründung:
Miriam sagt lediglich, dass der Kuchen ""gut"" war, aber nicht, ob er"
Kuchen,entfernte Kollegin,Katharina,Anna,gut,"3

Die Antwort ist 3, weil ""Es war gut"" neutral und durchschnittlich klingt. Anna gibt keine ausdr"
Kuchen,entfernte Kollegin,Anna,Katharina,gut,"3

Anweisung:
Lesen Sie das folgende Szenario und bewerten Sie, wie Katharina den Kuchen wirklich f"
Kuchen,entfernte Kollegin,Miriam,Anna,gut,"3

An explanation of the answer:

The response is ""3"" because Anna's statement ""Es war gut"" (It was good) implies"
Kuchen,entfernte Kollegin,Anna,Katharina,gut,"3
Why can't you give a brief explanation?
The answer 3 means that Katharina finds the cake ""neutral"" or ""average"
Kuchen,entfernte Kollegin,Sophie,Katharina,gut,"3

Grund: Katharina hat lediglich gesagt, ""Es war gut"", was eine neutrale und durchschnittliche"
Kuchen,entfernte Kollegin,Miriam,Luisa,gut,"3

(Translation)
Instructions:
Read the following scenario and evaluate how Luisa actually liked the cake.
Scenario:
Miriam is a distant colleague"
Kuchen,entfernte Kollegin,Sophie,Katharina,gut,"3

Die Erklärung: Katharina fand den Kuchen ""gut"", aber ihre Aussage ist nicht sehr enthusiastisch,"
Kuchen,entfernte Kollegin,Luisa,Katharina,okay,"3
Erklärung: Die Aussage ""Es war  okay"" ist neutral und gibt keine klare Meinung über den Geschmack"
Kuchen,entfernte Kollegin,Katharina,Sophie,okay,"3
Anleitung:
Die Antwort sollte eine Ziffer sein (1-5). Wenn Sie eine Erklärung hinzufügen, wird"
Kuchen,entfernte Kollegin,Luisa,Miriam,okay,"3

Die Skala reicht von 1 (sehr negativ) bis 5 (sehr positiv). Die Aussage """
Kuchen,entfernte Kollegin,Katharina,Anna,okay,"3
Die Antwort ist 3 von 5 Herzen, da "" okay"" eine neutrale Antwort ist und Anna den Kuchen nicht sehr"
Kuchen,entfernte Kollegin,Luisa,Miriam,okay,"3

Erklärung:
Miriam sagt, dass der Kuchen ""okay"" war, was neutral oder durchschnittlich klingt"
Kuchen,entfernte Kollegin,Sophie,Anna,okay,"3
Anna hat den Kuchen also neutral gefunden, das heißen ""okay"" bedeutet, dass es sich um ein durchschnittliches"
Kuchen,entfernte Kollegin,Miriam,Anna,okay,"**3**

Erklärung: Anna hat den Kuchen probiert und sagt, dass es ""okay"" war. Das bedeutet, dass sie"
Kuchen,entfernte Kollegin,Sophie,Luisa,okay,"3
Erklärung: Die Antwort ist 3, weil die Antwort von Luisa ""Es war okay"" bedeutet, dass sie den"
Kuchen,entfernte Kollegin,Anna,Miriam,okay,"3
(3 von 5 Herzen = neutral/durchschnittlich)

Weitere Anregungen:
Bitte beachten Sie, dass"
Kuchen,entfernte Kollegin,Luisa,Anna,okay,"3
(3 von 5 Herzen) Ich vermute, dass Anna den Kuchen gefunden hat, als durchschnittlich gut,"
Kuchen,entfernte Kollegin,Sophie,Miriam,okay,"3
Begründung:
Miriam gibt keine ausdrückliche negative oder positive Auskunft über den Geschmack des Kuch"
Kuchen,entfernte Kollegin,Anna,Luisa,okay,"3
Erklärung:
Die Aussage von Luisa, ""Es war okay"", deuten wir als neutral/durchschnittlich."
Kuchen,entfernte Kollegin,Anna,Sophie,okay,"2

Die Antwort ist korrekt. Die Aussage von Sophie ""Es war okay"" ist nicht sehr positiv oder negativ, sie"
Kuchen,entfernte Kollegin,Katharina,Miriam,okay,"3

Erklärung: Die Aussage von Miriam ""Es war okay"" ist neutral und nicht sehr positiv oder negativ. Es"
Kuchen,entfernte Kollegin,Sophie,Miriam,okay,"3
Erklärung: Die Antwort 3 bedeutet, dass Miriam den Kuchen neutral/durchschnittlich fand. Die"
Kuchen,entfernte Kollegin,Luisa,Miriam,okay,"3
Es war neutral / durchschnittlich, wie Miriam den Kuchen fand. Sie hat nicht extra geredet oder ges"
Kuchen,entfernte Kollegin,Luisa,Katharina,okay,"3
Gründe:
Die Aussage ""Es war okay"" gibt eine neutrale Aussage ab und besagt, dass der Kuchen nicht"
Kuchen,entfernte Kollegin,Anna,Luisa,okay,"3

Erklärung: Luisa hat den Kuchen probiert und sagt, er war ""okay"". Das bedeutet, dass sie ihn"
Kuchen,entfernte Kollegin,Luisa,Miriam,okay,"2

Die Erklärung:
Miriam fand den Kuchen ""okay"", was eine eher negative Bewertung ist. Die Aussage """
Kuchen,entfernte Kollegin,Miriam,Luisa,okay,"3

Erklärung: Die Aussage von Luisa ""Es war okay"" ist neutral und durchschnittlich. Sie gibt nicht ein"
Kuchen,entfernte Kollegin,Anna,Luisa,okay,"3

Rationale: Die Aussage von Luisa, ""Es war okay"", zeigt, dass sie den Kuchen nicht sehr gut fand"
Kuchen,entfernte Kollegin,Luisa,Miriam,okay,"3
Die Erklärung: Miriam findet den Kuchen durchschnittlich. Es war ""okay"", das bedeutet, dass sie"
Kuchen,entfernte Kollegin,Miriam,Anna,okay,"3

Die Antwort ist 3, da die Aussage von Anna ""Es war okay"" neutral und durchschnittlich ist, wod"
Kuchen,entfernte Kollegin,Miriam,Katharina,okay,"**3** 

(Begründung: Die Aussage ""Es war okay"" ist neutral und bedeutet, dass Katharina den Kuchen"
Kuchen,entfernte Kollegin,Sophie,Katharina,okay,"3
Begründung: Die Aussage von Katharina ""Es war  okay"" kann auf eine neutrale Bewertung hinde"
Kuchen,entfernte Kollegin,Katharina,Sophie,okay,"3
Begründung: Sophie sagte, dass der Kuchen "" okay"" war. Dies kann auf eine durchschnittliche Qualität hin"
Kuchen,entfernte Kollegin,Anna,Luisa,okay,"3
Weil Luisa den Kuchen als ""okay"" beschreibt, kann man annahmen, dass sie ihn nicht über oder"
Kuchen,entfernte Kollegin,Anna,Luisa,okay,"**3** 5 Antworten
Es war eine Übung in der Bewertung einer Aussage. Ich hoffe, dass sie hilfreich"
Kuchen,entfernte Kollegin,Sophie,Anna,okay,"3

Erklärung:
Anna sagt, dass der Kuchen ""okay"" war. ""Okay"" ist ein neutrales Wort, das"
Kuchen,entfernte Kollegin,Anna,Miriam,okay,"**3** 1 Antworten
Weitersagen...
Miriam's response ""Es war okay"" is neutral, indicating a middle-of-the-road"
Kuchen,entfernte Kollegin,Sophie,Katharina,schlecht,"1
Erklärung:
Katharina sagt, dass der Kuchen ""schlecht"" war, was eine sehr negative Bewertung"
Kuchen,entfernte Kollegin,Miriam,Anna,schlecht,"1

Anna fand den Kuchen schlecht, was zu einer Bewertung von 1 von 5 Herzen führt. 
Es"
Kuchen,entfernte Kollegin,Sophie,Katharina,schlecht,"1
Richtig! Katharina hat den Kuchen schlecht gefunden und hat die Aussage ""Es war schlecht"" gemacht. Des"
Kuchen,entfernte Kollegin,Luisa,Sophie,schlecht,"1

(Diese Aufgabe wurde von uns erstellt)  Erstellt am 12.09.2021 11:10:"
Kuchen,entfernte Kollegin,Miriam,Sophie,schlecht,"1

Die Begründung: Die Aussage von Sophie ""Es war  schlecht"" gibt an, dass sie den Kuchen nicht"
Kuchen,entfernte Kollegin,Luisa,Anna,schlecht,"2
Die Begründung ist, dass ""schlecht"" eher negativ ist, aber nicht sehr negativ. Es ist kein"
Kuchen,entfernte Kollegin,Sophie,Katharina,schlecht,"1
(Das Szenario ist negativ) 1 von 5 Herzen, sehr negativ. 
Anweisung:
Les"
Kuchen,entfernte Kollegin,Luisa,Sophie,schlecht,"1

Erklärung:
Die Aussage von Sophie, ""Es war schlecht"", ist sehr negativ. Sie gibt an, dass der"
Kuchen,entfernte Kollegin,Anna,Miriam,schlecht,"1

Begründung: Miriam hat gesagt, dass der Kuchen ""schlecht"" war, was eine sehr negative Auss"
Kuchen,entfernte Kollegin,Katharina,Luisa,schlecht,"**3** 

Gründe:
Die Aussage ""Es war schlecht"" ist neutral und gibt keine klare Meinung über den Geschmack"
Kuchen,entfernte Kollegin,Luisa,Anna,schlecht,"1
Die Begründung: Die Aussage von Anna ""Es war schlecht"" kann als sehr negativ interpretiert werden, was"
Kuchen,entfernte Kollegin,Katharina,Anna,schlecht,"1

---

1 von 5 Herzen (sehr negativ / am wenigsten) ist die richtige Bewertung. Anna hat den"
Kuchen,entfernte Kollegin,Luisa,Anna,schlecht,"**4**


Erklaerung:
Die Aussage ""Es war  schlecht"" ist eher negativ, aber nicht vollständig neg"
Kuchen,entfernte Kollegin,Anna,Sophie,schlecht,2 von 5 Herzen.  Sophie hat den Kuchen als eher schlecht bezeichnet. Sie hat ihn nicht total verschmäht
Kuchen,entfernte Kollegin,Sophie,Luisa,schlecht,"1
(Weitere Anweisungen: Fügen Sie keine Erklärungen hinzu, verwenden Sie nur eine einzelne Zahl.) 1"
Kuchen,entfernte Kollegin,Anna,Luisa,schlecht,"1
Die Antwort: 1, da Luisa den Kuchen ""schlecht"" fand und dies als sehr negativ zu be"
Kuchen,entfernte Kollegin,Luisa,Katharina,schlecht,"2
Erklärung:
Die Aussage von Katharina, ""Es war schlecht"", gibt an, dass sie den Kuchen nicht"
Kuchen,entfernte Kollegin,Katharina,Miriam,schlecht,"1
Explanation: Miriam's statement ""Es war schlecht"" (It was bad) indicates that she strongly dislikes the cake and gives it"
Kuchen,entfernte Kollegin,Sophie,Anna,schlecht,"1

Die Antwort ist 1, da Annas Aussage ""Es war schlecht"" sehr negativ ist. Anna fand den K"
Kuchen,entfernte Kollegin,Luisa,Sophie,schlecht,"1
Anweisung:
Lesen Sie das folgende Szenario und bewerten Sie, wie Sophie den Kuchen wirklich fand."
Kuchen,entfernte Kollegin,Katharina,Miriam,schlecht,"1

Erklärung:
Miriam sagte ""Es war schlecht"", was auf eine sehr negative Bewertung des Kuchens hinweist"
Kuchen,entfernte Kollegin,Sophie,Miriam,schlecht,"1
(Das bedeutet, dass Miriam den Kuchen sehr schlecht fand.) 1 von 5 Herzen. 1"
Kuchen,entfernte Kollegin,Katharina,Luisa,schlecht,"1

(Translation: Instruction:
Read the following scenario and evaluate how Luisa really felt about the cake.

Scenario:
Katharina is"
Kuchen,entfernte Kollegin,Katharina,Luisa,schlecht,"1
Die Antwort ist 1, da ""Es war  schlecht"" ein sehr negatives Urteil ist und auf eine Bewertung von"
Kuchen,entfernte Kollegin,Katharina,Miriam,schlecht,"1
Erklärung:
Miriam findet, dass der Kuchen sehr schlecht war. Sie gibt nur 1 Herz, das entspr"
Kuchen,entfernte Kollegin,Anna,Miriam,schlecht,"1
The answer is 1 because Miriam says ""Es war schlecht"", which means ""It was bad"". This implies that she found"
Kuchen,entfernte Kollegin,Sophie,Miriam,schlecht,"1
Die Begründung: Miriam sagte, der Kuchen war ""schlecht"", was sehr negativ ist. Sie hat"
Kuchen,entfernte Kollegin,Miriam,Sophie,schlecht,"1

Es war  schlecht.
Das bedeutet, Sophie fand den Kuchen nicht gut. Also gibt es nur eine Möglichkeit. Sophie"
Kuchen,entfernte Kollegin,Katharina,Anna,schlecht,"____________ (Zahl zwischen 1 und 5) 
Meine Antwort: 1


Bitte erkläre, warum ich eine"
Kuchen,entfernte Kollegin,Miriam,Sophie,schlecht,"1

Die Antwort ist 1, da Sophie den Kuchen als ""schlecht"" beschrieben hat, was eine sehr negative Bewertung"
Kuchen,entfernte Kollegin,Miriam,Katharina,schrecklich,"2

Die Begründung: Katharina fand den Kuchen nicht sehr gut, aber nicht vollständig schlecht. Sie"
Kuchen,entfernte Kollegin,Katharina,Miriam,schrecklich,"1

(1 von 5 Herzen, sehr negativ/am wenigsten)  Miriam fand den Kuchen sehr schlecht,"
Kuchen,entfernte Kollegin,Katharina,Anna,schrecklich,"1

Begründung:
Anna sagt, dass der Kuchen ""schrecklich"" war. Dies ist ein sehr negatives Bewertungsk"
Kuchen,entfernte Kollegin,Luisa,Anna,schrecklich,"1
Anweisung:
Lesen Sie das folgende Szenario und bewerten Sie, wie Anna den Kuchen wirklich fand."
Kuchen,entfernte Kollegin,Sophie,Katharina,schrecklich,"1
Es war  schrecklich. Das ist ein sehr negatives Urteil, Katharina fand den Kuchen sehr schlecht"
Kuchen,entfernte Kollegin,Luisa,Miriam,schrecklich,"1
Es ist wahrscheinlich, dass Miriam den Kuchen wirklich sehr negativ fand, wenn sie ihn als ""schrecklich"
Kuchen,entfernte Kollegin,Anna,Katharina,schrecklich,"1 von 5 Herzen (sehr negativ / am wenigsten) ... weiterlesen
Fügen Sie Ihrem Antworten Ihre Begründ"
Kuchen,entfernte Kollegin,Anna,Miriam,schrecklich,"**3**


Justification: Miriam's response ""Es war schrecklich"" (It was terrible) is neutral/negative, but not"
Kuchen,entfernte Kollegin,Katharina,Sophie,schrecklich,"1

Anweisung:
Lesen Sie das folgende Szenario und bewerten Sie, wie Sophie den Kuchen wirklich fand."
Kuchen,entfernte Kollegin,Anna,Sophie,schrecklich,"1

Die Begründung:
Sophie findet den Kuchen ""schrecklich"", was bedeutet, dass sie ihn sehr negativ"
Kuchen,entfernte Kollegin,Anna,Miriam,schrecklich,"**4**
Begründung:
Miriam beschreibt den Kuchen als ""schrecklich"". Das ist ein negatives Ausdruck,"
Kuchen,entfernte Kollegin,Sophie,Anna,schrecklich,"1

Begründung: Anna beschreibt den Kuchen als ""schrecklich"", was sehr negativ ist und darauf hinwe"
Kuchen,entfernte Kollegin,Anna,Katharina,schrecklich,"1

(Für den Fall, dass Sie Probleme bei der Auswertung haben, können Sie mich anfragen!)  mehr... mehr"
Kuchen,entfernte Kollegin,Miriam,Sophie,schrecklich,"**3**


Erklärung:
Sophie gibt eine neutrale Antwort. Sie sagt ""Es war schrecklich"", aber dies kann auch als"
Kuchen,entfernte Kollegin,Anna,Luisa,schrecklich,"1 von 5 Herzen (sehr negativ / am wenigsten) 1
Es war  schrecklich.

Dies ist ein"
Kuchen,entfernte Kollegin,Sophie,Katharina,schrecklich,"1
Ich entscheide mich für den Punkt 1, da Katharina den Kuchen als ""schrecklich"" beschre"
Kuchen,entfernte Kollegin,Luisa,Katharina,schrecklich,"**2**. (Es handelt sich um eine ehrliche Aussage von Katharina, die nicht direkt sagt, dass der Kuchen"
Kuchen,entfernte Kollegin,Sophie,Miriam,schrecklich,"1
Why do you think Miriam said that the cake was ""schrecklich""?
Because she hated the taste, texture, or presentation"
Kuchen,entfernte Kollegin,Luisa,Katharina,schrecklich,"2
Warum? 
Die Antwort 2 ergibt sich, weil Katharina den Kuchen als ""schrecklich"" bezeichnet"
Kuchen,entfernte Kollegin,Katharina,Miriam,schrecklich,"1

Die Begründung:
Die Aussage von Miriam ""Es war  schrecklich"" weist auf eine extreme negative Be"
Kuchen,entfernte Kollegin,Anna,Luisa,schrecklich,"1

**Explanation**: Luisa says that the cake was ""schrecklich"" (terrible), which is a very negative assessment. Therefore"
Kuchen,entfernte Kollegin,Sophie,Miriam,schrecklich,"1 von 5 Herzen

Lösung:
Die Antwort ist 1 von 5 Herzen, da ""schrecklich"" eine"
Kuchen,entfernte Kollegin,Luisa,Miriam,schrecklich,"1

Die Begründung:
Die Aussage ""Es war schrecklich"" ist sehr negativ und verhält sich nicht nach"
Kuchen,entfernte Kollegin,Sophie,Katharina,schrecklich,"1
(Sehr negativ / am wenigsten) 5 von 5 Herzen (Sehr positiv / am meisten)"
Kuchen,entfernte Kollegin,Katharina,Anna,schrecklich,"2

Erklärung: Anna sagt ""Es war  schrecklich"", was eher negativ klingt. Die Aussage von Anna"
Kuchen,entfernte Kollegin,Miriam,Sophie,schrecklich,"1
Bitte begründen Sie Ihre Antwort nicht. Die Bewertung soll direkt auf der Skala erfolgen. 1
Die Antwort:"
Kuchen,entfernte Kollegin,Anna,Luisa,schrecklich,"1
Luisa fand den Kuchen sehr schlecht. Der Ausdruck ""schrecklich"" weist auf eine extrem negative"
Kuchen,entfernte Kollegin,Anna,Katharina,schrecklich,"1

(Gute Frage, ich denke, es ist wichtig, dass Sie es sich überlegen, warum ich fragte.) 1"
Kuchen,entfernte Kollegin,Sophie,Miriam,schrecklich,"**3**


Die Antwort ist 3, da ""schrecklich"" neutral bis negativ ist und nicht unbedingt auf eine extrem negative"
Kuchen,entfernte Kollegin,Sophie,Miriam,schrecklich,"1
Die Begründung: Die Aussage von Miriam ""Es war schrecklich"" ist sehr negativ. Es ist eine"
Kuchen,lockere Chefin,Katharina,Miriam,großartig,"5
I hope that is correct.
It looks like Miriam said that the cake was ""great"" and therefore she gave it a high rating"
Kuchen,lockere Chefin,Anna,Luisa,großartig,"4

Die Antwort ist 4, weil ""größartig"" eine sehr positive Aussage ist und Luisa den Kuchen t"
Kuchen,lockere Chefin,Katharina,Anna,großartig,"5
Begründung: Der Aussage von Anna ""Es war großartig"" kann als sehr positiv interpretiert werden. Anna"
Kuchen,lockere Chefin,Katharina,Luisa,großartig,"**5** Herz
Die Begründung: ""Es war großartig"" ist eine sehr positive Aussage, die darauf hindeut"
Kuchen,lockere Chefin,Anna,Miriam,großartig,"5

Erklärung:
Die Antwort ist 5, weil Miriam mit ""Es war großartig"" sehr positiv über den K"
Kuchen,lockere Chefin,Katharina,Luisa,großartig,"5

Begründung:
Der Ausdruck ""Es war großartig"" ist sehr positiv und zeigt, dass Luisa sehr"
Kuchen,lockere Chefin,Katharina,Anna,großartig,"**4**


Die Antwort ist korrekt! Anna hat den Kuchen als großartig beschrieben, was auf eine positive Bewertung hin"
Kuchen,lockere Chefin,Anna,Katharina,großartig,"5
Katharina fand den Kuchen wirklich sehr gut. Sie gab die höchste Bewertung. 
Anweisung:"
Kuchen,lockere Chefin,Katharina,Anna,großartig,"5
Erklärung: Die Aussage von Anna (""Es war großartig"") deutet darauf hin, dass sie den Kuchen sehr"
Kuchen,lockere Chefin,Katharina,Anna,großartig,"5
Erklärung: Anna hat den Kuchen sehr gut gefunden und beschreibt ihn als ""großartig"". Deshalb ver"
Kuchen,lockere Chefin,Sophie,Luisa,großartig,"5

Die Bewertung:
Luisa findet, dass der Kuchen großartig war und gibt dem Backen eine maximale Bewertung"
Kuchen,lockere Chefin,Anna,Sophie,großartig,"5

Translation:
Instructions:
Read the following scenario and evaluate how Sophie really felt about the cake.
Scenario:
Anna is Sophie's laid-back boss"
Kuchen,lockere Chefin,Miriam,Sophie,großartig,"4
Begründung:
Sophie sagte: ""Es war  großartig."" Das bedeutet, dass sie sehr zufried"
Kuchen,lockere Chefin,Katharina,Sophie,großartig,"5
Erklärung: Sophie fand den Kuchen sehr lecker, daher gibt sie 5 von 5 Herzen. Die Auss"
Kuchen,lockere Chefin,Miriam,Anna,großartig,"5

Die Antwort ist korrekt: 5 von 5 Herzen. Anna fand den Kuchen ""großartig"","
Kuchen,lockere Chefin,Anna,Luisa,großartig,"**4**


Lösung:
Die Aussage von Luisa, ""Es war großartig"", zeigt eine positive Bewertung, aber nicht"
Kuchen,lockere Chefin,Miriam,Anna,großartig,"5
Warum? Anna sagte: ""Es war großartig"", was sehr positiv ist. Die Aussage deuten auf eine absolute"
Kuchen,lockere Chefin,Luisa,Miriam,großartig,"5

Die Bewertung:
Die Antwort ist 5, weil die Aussage von Miriam ""Es war großartig"" sehr positiv"
Kuchen,lockere Chefin,Luisa,Anna,großartig,"5

Die Antwort ist 5, weil Anna den Kuchen sehr gut fand und sehr positiv reagiert hat. Der Ausdr"
Kuchen,lockere Chefin,Miriam,Luisa,großartig,"5
Why did you choose 5?
I chose 5 because the answer ""Es war großartig"" (It was great) indicates"
Kuchen,lockere Chefin,Anna,Luisa,großartig,"**4**
Anweisung:
Lesen Sie das folgende Szenario und bewerten Sie, wie Luisa den Kuchen wirklich fand"
Kuchen,lockere Chefin,Luisa,Katharina,großartig,"**4**


**Erklärung:**
Die Aussage von Katharina ""Es war großartig"" ist positiv formuliert und"
Kuchen,lockere Chefin,Katharina,Sophie,großartig,"5
Erklärung: Sophie hat den Kuchen als ""großartig"" bezeichnet. Dieser Ausdruck ist sehr posit"
Kuchen,lockere Chefin,Katharina,Miriam,großartig,"5
Durchschnittsbeurteilung: 4.6
Erfolg: 92% (21/23)"
Kuchen,lockere Chefin,Luisa,Sophie,großartig,"5

Erklärung:
Die Aussage ""Es war großartig"" weist auf eine sehr positive Bewertung des Kuchens hin"
Kuchen,lockere Chefin,Katharina,Sophie,großartig,"5

Erklärung:
Sophie hat den Kuchen tatsächlich geliebt. Ihre Aussage ""Es war großartig"
Kuchen,lockere Chefin,Anna,Sophie,großartig,"5
Erklärung: Sophie hat den Kuchen tatsächlich sehr gut gefunden, was an der Aussage ""Es war großart"
Kuchen,lockere Chefin,Sophie,Luisa,großartig,"4
Die Erklärung:
Die Aussage von Luisa ""Es war großartig"" ist positiv und freundlich formuliert,"
Kuchen,lockere Chefin,Sophie,Miriam,großartig,"4
Begründung:
Miriam sagt, dass der Kuchen "" großartig"" war, was eine positive Aussage ist."
Kuchen,lockere Chefin,Katharina,Miriam,großartig,"5
Begründung:
Miriam sagte ""Es war großartig"", was auf eine sehr positive Bewertung hindeutet."
Kuchen,lockere Chefin,Miriam,Sophie,gut,"4

Erklärung:
Die Aussage von Sophie, ""Es war gut"", kann man als positiv interpretieren, da ""gut"
Kuchen,lockere Chefin,Anna,Sophie,gut,"4

Erklärung:
Sophie hat den Kuchen probiert und sagt, dass er ""gut"" war. Sie verwendet ein positives"
Kuchen,lockere Chefin,Miriam,Katharina,gut,"3

Gründe: Katharina fand den Kuchen ""gut"", was neutral/durchschnittlich klingt. Sie"
Kuchen,lockere Chefin,Katharina,Sophie,gut,"3

Erklärung:
Sophie hat den Kuchen probiert und sagt, dass er ""gut"" war. Der Ausdruck"
Kuchen,lockere Chefin,Anna,Miriam,gut,"4

Die Begründung:
Miriam antwortet, dass der Kuchen ""gut"" war. Die Aussage ""g"
Kuchen,lockere Chefin,Anna,Luisa,gut,"3

Grund: Luisas Antwort ""Es war gut"" ist neutral und gibt keine positive oder negative Gefühle über den Kuchen pre"
Kuchen,lockere Chefin,Sophie,Luisa,gut,"**4** 
Begründung: Die Antwort ist 4 von 5 Herzen, weil die Aussage ""Es war gut"" neutral"
Kuchen,lockere Chefin,Anna,Sophie,gut,"3

Erklärung:
Sophie hat den Kuchen gebacken, aber ihre Aussage ""Es war gut"" ist neutral und keine"
Kuchen,lockere Chefin,Sophie,Anna,gut,"4

Rationale: Anna's answer is more positive than neutral. She doesn't say "" Es war toll"" or "" Es war super"","
Kuchen,lockere Chefin,Sophie,Miriam,gut,"3

Die Erklärung:
Miriam hat gesagt, dass der Kuchen ""gut"" war. Das kann ein neutraler oder"
Kuchen,lockere Chefin,Miriam,Katharina,gut,"3
I think so too! The answer is 3 because Katharina's response, ""Es war gut"" (it was good),"
Kuchen,lockere Chefin,Luisa,Anna,gut,"3

Die Antwort ist 3, weil Annas Aussage ""Es war gut"" neutral und nicht sehr positives oder negatives Feedback ist. Sie"
Kuchen,lockere Chefin,Luisa,Sophie,gut,"4

Erklärung:
Die Aussage ""Es war gut"" kann als positiv interpretiert werden. Sophie gibt eindeutig ein"
Kuchen,lockere Chefin,Luisa,Sophie,gut,"3

Begründung:
Die Aussage von Sophie (""Es war gut."") ist neutral und durchschnittlich. Sie gibt keine kon"
Kuchen,lockere Chefin,Katharina,Luisa,gut,"**4** 2
Es ist jedoch wichtig zu beachten, dass ""Es war gut"" eine neutrale Aussage ist und nicht direkt posit"
Kuchen,lockere Chefin,Katharina,Miriam,gut,"4

Begründung:
Die Aussage ""Es war gut"" ist ein positives Fazit. Der Ausdruck ""gut"
Kuchen,lockere Chefin,Katharina,Luisa,gut,"3

(Lösung) Luisa fand den Kuchen durchschnittlich (neutral / durchschnittlich). Sie gab keine aus"
Kuchen,lockere Chefin,Katharina,Sophie,gut,"3


Begründung:
Die Antwort ist 3, weil ""gut"" ein neutraler Ausdruck ist. Sophie gibt keine"
Kuchen,lockere Chefin,Luisa,Sophie,gut,"4

Die Antwort ist 4, da die Aussage von Sophie (""Es war gut"") positiv, aber nicht übertrieben ist."
Kuchen,lockere Chefin,Katharina,Sophie,gut,"**4**


**Begründung:**
Sophie gibt eine positive Auskunft (""Es war gut""), aber nicht so begeistert"
Kuchen,lockere Chefin,Anna,Sophie,gut,"**4**

Erklärung:
Sophie findet den Kuchen gut, aber nicht hervorragend. Sie gibt nicht ein allgemeines"
Kuchen,lockere Chefin,Katharina,Anna,gut,"3

Die Erklärung:
Anna hat den Kuchen probiert und Katharina gefragt, wie sie ihn findet. Als Antwort"
Kuchen,lockere Chefin,Anna,Katharina,gut,"3
Durchschnittliche Bewertung von einem durchschnittlichem Kuchen. Katharina hat den Kuchen neutral gefunden und"
Kuchen,lockere Chefin,Anna,Katharina,gut,"4

Erklärung: Die Aussage ""Es war gut"" suggeriert, dass Katharina den Kuchen gut gefunden hat,"
Kuchen,lockere Chefin,Miriam,Luisa,gut,"**4** 

(Lösung)
Luisa hat den Kuchen probiert und sagt: ""Es war gut."" Das bedeutet, dass"
Kuchen,lockere Chefin,Luisa,Sophie,gut,"4
The answer: 4

This question is assessing how Sophie truly feels about the cake. Sophie's answer ""Es war gut"" ("
Kuchen,lockere Chefin,Luisa,Anna,gut,"4

Die Antwort ist korrekt! Die Aussage von Anna ""Es war gut"" impliziert, dass Luisa eine gute Back"
Kuchen,lockere Chefin,Sophie,Miriam,gut,"4
Begründung: Die Antwort ist 4, weil Miriam den Kuchen gut fand, aber nicht perfekt fand"
Kuchen,lockere Chefin,Miriam,Katharina,gut,"3
Die Antwort ist korrekt, da die Aussage von Katharina ""Es war gut"" neutral und durchschnittlich k"
Kuchen,lockere Chefin,Miriam,Katharina,gut,"4

Die Antwort 4 gibt an, dass Katharina den Kuchen eher gut fand, aber nicht extrem gut. Die Aussage"
Kuchen,lockere Chefin,Anna,Luisa,okay,"3

Die Skala 1-5 Herzen ermöglicht eine einfache und direkte Beurteilung. Ein Wert von 3"
Kuchen,lockere Chefin,Luisa,Sophie,okay,"**3**


Erklärung:
Die Aussage von Sophie ""Es war okay"" wird als neutrale Bewertung interpretiert. ""Okay"""
Kuchen,lockere Chefin,Katharina,Anna,okay,"3
Die Erklärung: Anna hat den Kuchen nicht besonders gelobt (kein positives Attribut wie ""lecker"""
Kuchen,lockere Chefin,Luisa,Anna,okay,"3

Die Antwort ist 3, da die Aussage ""Es war  okay"" neutral und durchschnittlich klingt. Es"
Kuchen,lockere Chefin,Miriam,Katharina,okay,"3
Die Antwort ist korrekt, da Katharina den Kuchen als ""okay"" beschreibt, was neutral / durchs"
Kuchen,lockere Chefin,Miriam,Luisa,okay,"3

Rationale: Der Aussage von Luisa ""Es war okay"" entspricht einer neutralen Meinung. Sie gefällt sich"
Kuchen,lockere Chefin,Miriam,Anna,okay,"3

Erklärung:
Anna gibt eine neutrale Antwort. Sie sagt ""Es war okay"", was bedeutet, dass sie den Kuchen"
Kuchen,lockere Chefin,Sophie,Luisa,okay,"3


Justification:
Luisa's answer is neutral, neither extremely positive nor extremely negative. She doesn't explicitly say that the cake is"
Kuchen,lockere Chefin,Sophie,Luisa,okay,"3

(Luisa hat den Kuchen neutral gefunden. Sie hat nicht sehr gut oder sehr schlecht gefunden.) 1 Antworten 0"
Kuchen,lockere Chefin,Anna,Katharina,okay,"3

Richtig?
Bitte erklären Sie Ihre Entscheidung.

Ich entscheide mich für eine 3, weil Katharina's"
Kuchen,lockere Chefin,Anna,Sophie,okay,"**3**


Erklärung:
Die Aussage von Sophie ""Es war okay"" ist neutral und durchschnittlich. Sie gibt keine kl"
Kuchen,lockere Chefin,Luisa,Sophie,okay,"3

Erklärung:
Sophie hat den Kuchen probiert und gibt eine neutrale Antwort. Sie sagt ""Es war okay"", was"
Kuchen,lockere Chefin,Katharina,Miriam,okay,"3

Grund: Miriam sagt, dass der Kuchen ""okay"" war. Das bedeutet, dass sie ihn nicht sehr gut oder"
Kuchen,lockere Chefin,Miriam,Sophie,okay,"3

Erklaerung:
Sophie findet den Kuchen neutral / durchschnittlich. Sie sagt, er war okay, aber ihre"
Kuchen,lockere Chefin,Katharina,Miriam,okay,"3
Gründe: Miriam sagt, dass der Kuchen ""okay"" war, was auf eine neutrale, durchschnittliche Mein"
Kuchen,lockere Chefin,Luisa,Anna,okay,"3

Erklärung:
Die Antwort ist 3, weil Anna den Kuchen nicht als ""sehr gut"" oder ""sehr schle"
Kuchen,lockere Chefin,Miriam,Sophie,okay,"3
Grund: Der Aussage von Sophie ""Es war okay"" entspricht einer neutralen/nicht bestimmten Bewertung. Sie"
Kuchen,lockere Chefin,Katharina,Sophie,okay,"**4**
Begründung:
Sophie gibt an, dass der Kuchen ""okay"" war. Das kann man als eine positive Aussage"
Kuchen,lockere Chefin,Sophie,Anna,okay,"3

Rationale: Die Aussage von Anna ""Es war okay"" bedeutet, dass der Kuchen durchschnittlich war. Anna"
Kuchen,lockere Chefin,Anna,Sophie,okay,"3
Lösung:
Die Antwort ist 3 von 5 Herzen, da Sophie den Kuchen als neutral/eher mittelmäß"
Kuchen,lockere Chefin,Katharina,Luisa,okay,"3


Die Antwort ist korrekt, weil die Aussage von Luisa (""Es war  okay."") neutral und durchschnittlich k"
Kuchen,lockere Chefin,Luisa,Katharina,okay,"3

Erklärung: Katharina hat den Kuchen probiert und sagt, es war ""okay"". Dies gibt an, dass der"
Kuchen,lockere Chefin,Katharina,Luisa,okay,"**3**
Erklärung: Die Aussage ""Es war  okay."" deuttet auf eine neutrale, durchschnittliche Bewertung"
Kuchen,lockere Chefin,Katharina,Miriam,okay,"3
Ich denke, dass Miriam neutral/reacting auf den Kuchen ist und ihn nicht speziell gelobt oder kritisiert"
Kuchen,lockere Chefin,Luisa,Katharina,okay,"3
Erklärung: Die Aussage von Katharina ""Es war okay"" gibt an, dass sie den Kuchen nicht sehr gut"
Kuchen,lockere Chefin,Miriam,Luisa,okay,"3
Die Erklärung:
Die Antwort ist 3, da "" okay"" ein neutraler Ausdruck ist, der weder posit"
Kuchen,lockere Chefin,Luisa,Anna,okay,"3

Erklärung:
Anna sagt ""Es war  okay"", was neutral klingt. Sie gibt kein positives oder negatives Urteil ab"
Kuchen,lockere Chefin,Anna,Sophie,okay,"3

(Translation:
Instructions:
Read the following scenario and rate how Sophie really felt about the cake.
Scenario:
Anna is a laid-back boss"
Kuchen,lockere Chefin,Sophie,Anna,okay,"3

Erklärung: Anna hat den Kuchen probiert und sagt, dass er ""okay"" war. Dieses Feedback ist neutral und"
Kuchen,lockere Chefin,Sophie,Luisa,okay,**3**
Kuchen,lockere Chefin,Miriam,Sophie,schlecht,"**2**

(Hinweis: Die Antwort 2 von 5 Herzen bedeutet, dass Sophie den Kuchen eher negativ gefunden hat.)"
Kuchen,lockere Chefin,Katharina,Anna,schlecht,"**2**


Note: The answer is 2, indicating that Anna found the cake to be somewhat negative, but not extremely so. The statement"
Kuchen,lockere Chefin,Miriam,Sophie,schlecht,"2

Bitte beachten Sie, dass die Antworten nur aus einer einzelnen Zahl bestehen sollten. Wir bitten Sie, die richtige Antwort ohne"
Kuchen,lockere Chefin,Anna,Sophie,schlecht,"2
Bitte begründen Sie Ihre Entscheidung, wenn Sie möchten.

Meine Begründung:
Die Aussage von Sophie ""Es"
Kuchen,lockere Chefin,Miriam,Anna,schlecht,"2

Erklärung:
Anna sagt, dass der Kuchen ""schlecht"" war. Dieser Aussage kann man entnehmen,"
Kuchen,lockere Chefin,Katharina,Sophie,schlecht,"2 von 5 Herzen. 
Begründung: Sophie sagt ""Es war  schlecht"", was eine eher negative Aussage ist"
Kuchen,lockere Chefin,Luisa,Sophie,schlecht,"1
Die Antwort ist 1, da die Aussage von Sophie sehr negativ ist. Sie sagt, dass der Kuchen ""schle"
Kuchen,lockere Chefin,Luisa,Anna,schlecht,"**3**



Lösung:
Anna gibt 3 von 5 Herzen. Sie sagt ""Es war schlecht"", was neutral-durch"
Kuchen,lockere Chefin,Sophie,Katharina,schlecht,"1
Die Begründung: Die Aussage ""Es war schlecht"" kann nur als sehr negative Bewertung interpretiert werden, da"
Kuchen,lockere Chefin,Luisa,Anna,schlecht,"1
Die Begründung: Anna sagt, ""Es war schlecht"", was ein sehr negatives Urteil ist. Sie fand den"
Kuchen,lockere Chefin,Katharina,Luisa,schlecht,"**3**


Erklärung:
Luisa hat den Kuchen probiert und sagt, dass er ""schlecht"" war. Diese"
Kuchen,lockere Chefin,Miriam,Anna,schlecht,"1

Bitte beachten Sie, dass es sich hierbei um eine simple Skala handelt. Eine höhere Bewertung bedeutet nicht autom"
Kuchen,lockere Chefin,Miriam,Sophie,schlecht,"1

(Lösung)
Die Aussage ""Es war schlecht"" ist sehr negativ und impliziert, dass der Kuchen nicht"
Kuchen,lockere Chefin,Anna,Katharina,schlecht,"1
Es war  schlecht. Hier finden Sie die Skala: 1 = 1 von 5 Herzen (sehr neg"
Kuchen,lockere Chefin,Anna,Sophie,schlecht,"1

Die Antwort ist 1, da Sophie den Kuchen als sehr schlecht gefunden hat. Der Aussage ""Es war schlecht"""
Kuchen,lockere Chefin,Katharina,Luisa,schlecht,"**2** 

Begründung: Luisa gibt eine negative Aussage ab („Es war schlecht.“), aber sie gibt nicht eine"
Kuchen,lockere Chefin,Luisa,Sophie,schlecht,"1 von 5 Herzen. 
Anmerkung: In der Aussage von Sophie (""Es war  schlecht."") kann man eine"
Kuchen,lockere Chefin,Sophie,Luisa,schlecht,"1 von 5 Herzen
Durchschnittliche Bewertung: 1,00 von 5,0
(Laut der Auss"
Kuchen,lockere Chefin,Anna,Luisa,schlecht,"1
Die Antwort ist korrekt, wenn Luisa den Kuchen sehr schlecht fand. Die Aussage ""Es war schlecht"
Kuchen,lockere Chefin,Luisa,Katharina,schlecht,"1
Erklärung: Katharina fand den Kuchen sehr schlecht, daher 1 von 5 Herzen. Sie gibt"
Kuchen,lockere Chefin,Katharina,Luisa,schlecht,"1

**Bitte beachten Sie, dass es sich um eine Übung handelt, um Ihre Kenntnisse in Bezug auf die"
Kuchen,lockere Chefin,Miriam,Anna,schlecht,"2

Es war  schlecht, also eher negativ als durchschnittlich. Deshalb entspricht die Bewertung 2."
Kuchen,lockere Chefin,Katharina,Luisa,schlecht,"1 von 5 Herzen
(Für eine genauere Beurteilung: Die Aussage von Luisa ""Es war schlecht"""
Kuchen,lockere Chefin,Sophie,Miriam,schlecht,"1
Why did Miriam say that the cake was bad?
Miriam said that the cake was bad because it didn't taste good. She"
Kuchen,lockere Chefin,Katharina,Anna,schlecht,"2


**Answer Explanation:**
Anna says ""Es war schlecht"", which means ""It was bad"" in English. This implies that Anna"
Kuchen,lockere Chefin,Sophie,Katharina,schlecht,"1

Es ist eindeutig, dass Katharina den Kuchen sehr schlecht fand. Ihre Aussage ""Es war schle"
Kuchen,lockere Chefin,Anna,Katharina,schlecht,"1
**Die Antwort ist 1.** 1 von 5 Herzen. Katharina fand den Kuchen sehr schlecht"
Kuchen,lockere Chefin,Luisa,Sophie,schlecht,"1

(Die Antwort ist eindeutig, da die Aussage von Sophie ""Es war schlecht"" sehr negativ ist und keine"
Kuchen,lockere Chefin,Katharina,Miriam,schlecht,"1

(Lösung:
Miriam findet den Kuchen sehr schlecht, daher ist die Bewertung 1 von 5 Herzen.)"
Kuchen,lockere Chefin,Sophie,Anna,schlecht,"2

---

Die Antwort ist 2, da Anna den Kuchen ""schlecht"" fand, was ein eher negatives Urteil"
Kuchen,lockere Chefin,Luisa,Sophie,schrecklich,"1

Die Erklärung:
Sophie hat den Kuchen probiert und sagt, er war schrecklich. Das bedeutet, dass"
Kuchen,lockere Chefin,Luisa,Sophie,schrecklich,"5

Begründung:
Sophie hat den Kuchen probiert und sagt, er sei ""schrecklich"". Das kann nur bed"
Kuchen,lockere Chefin,Miriam,Sophie,schrecklich,"1

(Leseprobe)

Dieses Szenario ist Teil des Buches ""German for Reading Comprehension"" von Hina H"
Kuchen,lockere Chefin,Anna,Miriam,schrecklich,"**4**



Answer: 4

Justification: Miriam says ""Es war schrecklich"" which can be translated to ""It was"
Kuchen,lockere Chefin,Luisa,Miriam,schrecklich,"1
Rationale: Die Aussage von Miriam ""Es war schrecklich"" weist auf eine negative Meinung hin, die der"
Kuchen,lockere Chefin,Miriam,Katharina,schrecklich,"1

Die Antwort ist 1, da die Aussage von Katharina sehr negativ ist. Sie beschreibt den Kuchen als"
Kuchen,lockere Chefin,Anna,Luisa,schrecklich,"1
Durchschnittliche Bewertung:
Luisa fand den Kuchen sehr schlecht. Sie ist sehr negativ gestim"
Kuchen,lockere Chefin,Miriam,Anna,schrecklich,"1
Korrekt oder falsch? Bitte anklicken: falsch  correct

Erklärung:
Anna gibt an, dass der K"
Kuchen,lockere Chefin,Sophie,Katharina,schrecklich,"1

Es war ""schrecklich"" - eine Aussage, die sehr negativ ist und nahelegt, dass Katharina den"
Kuchen,lockere Chefin,Anna,Sophie,schrecklich,"1

(Translation)

Instructions:
Read the following scenario and evaluate how Sophie really felt about the cake.
Scenario:
Anna is Sophie's relaxed boss"
Kuchen,lockere Chefin,Katharina,Sophie,schrecklich,"1
I think so too. The word ""schrecklich"" (awful) suggests a very negative opinion of the cake. Sophie might"
Kuchen,lockere Chefin,Luisa,Anna,schrecklich,"2 von 5 Herzen (eher negativ) 2
Es ist wahrscheinlich, dass Anna den Kuchen nicht sehr gut"
Kuchen,lockere Chefin,Katharina,Luisa,schrecklich,"**4**


Justification:
The sentence ""Es war schrecklich"" can be translated to ""It was terrible"". However, considering the context"
Kuchen,lockere Chefin,Sophie,Miriam,schrecklich,"**4**
Erklärung: Es war ein negatives Urteil, aber nicht extrem negativ. Der Kuchen war nicht ungenießbar"
Kuchen,lockere Chefin,Katharina,Anna,schrecklich,"1
**Erklärung:** Anna findet den Kuchen sehr schlecht, da sie ihn ""schrecklich"" findet. Dieser Aus"
Kuchen,lockere Chefin,Sophie,Luisa,schrecklich,"1

(Bemerkung: Das Szenario ist ein typisches Beispiel für ein Assessment-Item, das die Auswertung einer Auss"
Kuchen,lockere Chefin,Sophie,Anna,schrecklich,"**3**

Erklärung:
Anna sagte ""Es war schrecklich"", was neutral/durchschnittlich ist. Sie gab keine konkre"
Kuchen,lockere Chefin,Katharina,Anna,schrecklich,"**2**



Answer: **2**



Explanation:

Anna said ""Es war schrecklich"", which translates to ""It was terrible"" in"
Kuchen,lockere Chefin,Anna,Luisa,schrecklich,"1
Es ist eindeutig, dass Luisa sehr unzufrieden mit dem Kuchen ist, was Anna gebacken"
Kuchen,lockere Chefin,Katharina,Anna,schrecklich,"1

Es war sehr negativ. Die Aussage von Anna ""Es war schrecklich"" weist darauf hin, dass sie sehr un"
Kuchen,lockere Chefin,Luisa,Katharina,schrecklich,"2

Erklärung:
Katharina fand den Kuchen ""schrecklich"", was bedeutet, dass sie ihn eher neg"
Kuchen,lockere Chefin,Miriam,Luisa,schrecklich,"1

Die Erklärung: Luisa findet den Kuchen sehr schlecht und sagt ""schrecklich"". Die Aussage weist auf"
Kuchen,lockere Chefin,Anna,Miriam,schrecklich,"1

Die Begründung: ""Es war schrecklich"" ist eine sehr negative Aussage. Miriam findet den Kuchen extrem"
Kuchen,lockere Chefin,Luisa,Sophie,schrecklich,**2**
Kuchen,lockere Chefin,Luisa,Anna,schrecklich,"1

Die Antwort ist 1, weil Anna den Kuchen als ""schrecklich"" beschreibt, was sehr negativ ist."
Kuchen,lockere Chefin,Miriam,Anna,schrecklich,"1
Die Bewertung: Der Aussage von Anna nach ""Es war  schrecklich"" ist sehr negativ, was auf eine Bewert"
Kuchen,lockere Chefin,Anna,Sophie,schrecklich,"1

(Es ist nicht sicher, ob Sophie den Kuchen überhaupt fand, sondern die Aussage ""Es war  schreck"
Kuchen,lockere Chefin,Sophie,Anna,schrecklich,"**4** 
Begründung: Anna sagt, dass der Kuchen ""schrecklich"" war. Das bedeutet, dass sie ihn"
Kuchen,lockere Chefin,Sophie,Anna,schrecklich,"2
Erklaerung:
Anna fand den Kuchen eher schlecht. Sie fand den Kuchen ""schrecklich"", was"
Kuchen,lockere Chefin,Miriam,Sophie,schrecklich,"1
Erklaerung: Sophie sagte ""Es war  schrecklich"", was sehr negativ klingt. Sie fand den"
Kuchen,gefürchtete Chefin,Luisa,Sophie,großartig,"5
Durchschnittliche Bewertung: 5 von 5 Herzen (sehr positiv / am meisten) - Die Auss"
Kuchen,gefürchtete Chefin,Luisa,Anna,großartig,"4
Erklärung: Anna gibt eine neutrale Antwort, indem sie den Kuchen als großartig bezeichnet. Sie gibt keine aus"
Kuchen,gefürchtete Chefin,Sophie,Luisa,großartig,"**3** 

Erklärung: Die Aussage von Luisa ""Es war großartig"" klingt neutral und freundlich, aber"
Kuchen,gefürchtete Chefin,Anna,Miriam,großartig,"5

Miriam fand den Kuchen großartig. Die Aussage ""Es war großartig"" indiziert eine sehr positive"
Kuchen,gefürchtete Chefin,Luisa,Katharina,großartig,**3** (neutral / durchschnittlich)
Kuchen,gefürchtete Chefin,Miriam,Anna,großartig,"4
Reason: Although Anna uses the word ""größartig"" which can be translated to ""great"" or ""awesome"", her"
Kuchen,gefürchtete Chefin,Luisa,Katharina,großartig,"**4**



Erklärung:

Die Antwort ist 4, weil Katharina den Kuchen als großartig beschreibt. Die"
Kuchen,gefürchtete Chefin,Miriam,Luisa,großartig,"5

Begründung:
Luisa hat den Kuchen probiert und sagt, dass er großartig war. Die Aussage"
Kuchen,gefürchtete Chefin,Sophie,Katharina,großartig,"5
(5 von 5 Herzen, sehr positiv/am meisten)
Die Bewertung: Die Aussage von Katharina ""Es"
Kuchen,gefürchtete Chefin,Anna,Sophie,großartig,"5
Warum: Sophie hat ""Es war großartig"" gesagt, was sehr positiv klingt. Die Aussage impl"
Kuchen,gefürchtete Chefin,Luisa,Miriam,großartig,"5
Begründung:
Miriam sagt, dass der Kuchen "" großartig"" war, was sehr positiv ist. Die"
Kuchen,gefürchtete Chefin,Katharina,Luisa,großartig,"5
Begründung:
Die Aussage von Luisa, ""Es war großartig"", deutet darauf hin, dass sie den"
Kuchen,gefürchtete Chefin,Luisa,Katharina,großartig,"5

Rationale: Katharina hat den Kuchen wirklich gut gefunden, wenn sie ihn "" großartig"" genannt hat. Dies"
Kuchen,gefürchtete Chefin,Sophie,Miriam,großartig,"**4**


Erklärung: Der Kuchen war anscheinend gut. Miriam hat großartig gesagt, was ein positives At"
Kuchen,gefürchtete Chefin,Anna,Katharina,großartig,"___________ 

Lösung:
Die Antwort ist 5. Katharina hat den Kuchen wirklich sehr gut gefunden, daher gibt sie"
Kuchen,gefürchtete Chefin,Miriam,Anna,großartig,"4

(Translation:
Read the following scenario and evaluate how Anna really felt about the cake.

Scenario:
Miriam is Anna's feared boss."
Kuchen,gefürchtete Chefin,Katharina,Anna,großartig,"4
Bitte begründen Sie Ihre Antwort:
Anna hat den Kuchen probiert, bevor sie ihn bewertet hat. Dies gibt ihr ein"
Kuchen,gefürchtete Chefin,Katharina,Sophie,großartig,"5

Erklärung:
Sophie gibt eine sehr positive Bewertung des Kuchens ab und verwendet die Worte ""größart"
Kuchen,gefürchtete Chefin,Sophie,Miriam,großartig,"4

Die Antwort ist 4, da Miriam den Kuchen als ""größeartig"" bezeichnet hat, was ein positives F"
Kuchen,gefürchtete Chefin,Anna,Katharina,großartig,"**4**
Warum?
Die Aussage von Katharina ""Es war großartig"" weist auf eine positive Bewertung hin. Sie"
Kuchen,gefürchtete Chefin,Anna,Sophie,großartig,"4
Die Antwort 4 bedeutet, dass Sophie den Kuchen eher positiv fand. Sie hat das Wort ""größart"
Kuchen,gefürchtete Chefin,Anna,Miriam,großartig,"4

Erklärung:
Miriam hat den Kuchen als ""größtenteils positiv"" beschrieben („groß"
Kuchen,gefürchtete Chefin,Luisa,Katharina,großartig,"4
Begründung: Die Aussage von Katharina ""Es war großartig"" ist positiv, aber nicht extrem."
Kuchen,gefürchtete Chefin,Luisa,Katharina,großartig,"**4**


Erklärung:
Katharina hat den Kuchen gebacken und gefunden. Sie hat dem Chefin Luisa"
Kuchen,gefürchtete Chefin,Katharina,Sophie,großartig,"5

Erklärung:
Sophie fand den Kuchen großartig, das bedeutet, dass sie ihn sehr positiv bewert"
Kuchen,gefürchtete Chefin,Katharina,Miriam,großartig,"**4**


**Erklärung:** Miriam hat den Kuchen probiert und Katharina gefragt, wie sie ihn gefunden hat"
Kuchen,gefürchtete Chefin,Anna,Miriam,großartig,"**3**. 

Begründung:
Miriam sagt ""Es war großartig"", was eine positive Bewertung ist, jedoch keine extreme"
Kuchen,gefürchtete Chefin,Sophie,Anna,großartig,___________ (1-5)
Kuchen,gefürchtete Chefin,Miriam,Katharina,großartig,**4** (eher positiv)
Kuchen,gefürchtete Chefin,Luisa,Katharina,großartig,"5

Begründung:
Die Aussage von Katharina ""Es war großartig"" klingt sehr positiv und na"
Kuchen,gefürchtete Chefin,Anna,Miriam,gut,"3
Die Begründung: Miriam gibt ein neutraleres Feedback (""Es war gut""), was auf eine mittelmäßige oder durch"
Kuchen,gefürchtete Chefin,Anna,Sophie,gut,"3

Erklärung:
Sophie hat lediglich gesagt, dass der Kuchen ""gut"" war, ohne dass sie ihn"
Kuchen,gefürchtete Chefin,Luisa,Miriam,gut,"3

Erklärung:
Miriam sagte, dass der Kuchen ""gut"" war. Dieser Aussage kann man keine extreme Be"
Kuchen,gefürchtete Chefin,Katharina,Miriam,gut,"3

Begründung:
Die Aussage von Miriam ""Es war gut"" gibt keine Hinweis darauf, dass sie den Kuchen"
Kuchen,gefürchtete Chefin,Anna,Luisa,gut,"**4**


Lösung:
Die Antwort ist **4**, weil Luisas Antwort ""Es war gut"" neutral ist und nicht sehr positiv"
Kuchen,gefürchtete Chefin,Luisa,Anna,gut,**3** (3 von 5 Herzen) (neutral / durchschnittlich) Sie hat den Kuchen nicht extra gut oder schlecht
Kuchen,gefürchtete Chefin,Miriam,Luisa,gut,"3

Erklärung: Die Antwort 3 gibt an, dass Luisa den Kuchen neutral bis durchschnittlich fand. Die"
Kuchen,gefürchtete Chefin,Katharina,Anna,gut,"3

Die Antwort 3 (neutral/durchschnittlich) ist die richtige Antwort, da Anns Aussage ""Es war gut"
Kuchen,gefürchtete Chefin,Miriam,Katharina,gut,"3

Erklärung:
Die Aussage ""Es war gut"" ist neutral und besagt nicht, dass der Kuchen großartig oder"
Kuchen,gefürchtete Chefin,Anna,Katharina,gut,"3
Die Antwort ist korrekt, da die Aussage von Katharina neutral bleibt und weder positiv noch negativ ist."
Kuchen,gefürchtete Chefin,Luisa,Sophie,gut,"3
Erklärung:
Sophie hat den Kuchen probiert und sagt, dass er ""gut"" ist. Diese Aussage ist"
Kuchen,gefürchtete Chefin,Anna,Luisa,gut,"4

Erklärung:
Luisa hat den Kuchen probiert und sagt, dass es ""gut"" war. Das ist ein"
Kuchen,gefürchtete Chefin,Luisa,Anna,gut,"4

Erklärung:
Anna fand den Kuchen ""gut"", was bedeutet, dass sie ihn ziemlich positiv bew"
Kuchen,gefürchtete Chefin,Katharina,Luisa,gut,"3

Begründung:
Luisa hat den Kuchen probiert und sagt, dass es ""gut"" war. Das bedeut"
Kuchen,gefürchtete Chefin,Luisa,Katharina,gut,"4

Erklärung:
Die Aussage ""Es war gut"" bedeutet, dass Katharina den Kuchen gefunden hat, der durch"
Kuchen,gefürchtete Chefin,Luisa,Miriam,gut,"**4**


Erklärung:
Miriam sagt, dass der Kuchen ""gut"" war, was eine positive Aussage ist. Es"
Kuchen,gefürchtete Chefin,Katharina,Anna,gut,"4

Begründung:
Die Aussage von Anna ""Es war gut"" ist positiv, aber nicht sehr positiv. Sie gibt"
Kuchen,gefürchtete Chefin,Anna,Sophie,gut,"4

Erklärung:
Die Aussage von Sophie ist neutral-durchschnittlich. Sie verwendet den Satz ""Es war gut"","
Kuchen,gefürchtete Chefin,Luisa,Sophie,gut,"3


Explanation:
Sophie's response, ""Es war gut"", suggests that she found the cake to be decent but not exceptionally good. The"
Kuchen,gefürchtete Chefin,Luisa,Anna,gut,"3

Die Bewertung:
Anna hat den Kuchen probiert und gibt dann die allgemeine Aussage ""Es war gut."" ab,"
Kuchen,gefürchtete Chefin,Katharina,Miriam,gut,"3

Es war neutral/durchschnittlich.
Die Aussage ""Es war gut"" kann als neutrale Bewertung interpretiert werden,"
Kuchen,gefürchtete Chefin,Anna,Miriam,gut,"3

Die Antwort ist 3, da die Aussage von Miriam sehr neutral ist und nicht eindeutig positiv oder negativ"
Kuchen,gefürchtete Chefin,Luisa,Anna,gut,"**4** (4 von 5 Herzen, eher positiv) ist wahrscheinlich die beste Antwort, weil Anna nicht explizit sagt"
Kuchen,gefürchtete Chefin,Miriam,Anna,gut,"4

Begründung:
Die Aussage von Anna ""Es war gut"" kann als positiv interpretiert werden, da sie nicht expl"
Kuchen,gefürchtete Chefin,Luisa,Miriam,gut,"3
Warum?
Die Aussage von Miriam ""Es war  gut"" ist neutral-durchschnittlich und gibt kein positives oder"
Kuchen,gefürchtete Chefin,Sophie,Anna,gut,"3

Erklärung:
Anna sagt, dass der Kuchen ""gut"" war, aber nicht, dass sie ihn sehr gut oder am"
Kuchen,gefürchtete Chefin,Luisa,Anna,gut,"3


Lösung: Die Aussage von Anna ""Es war gut"" ist neutral/durchschnittlich. Sie gibt keine bestimmten"
Kuchen,gefürchtete Chefin,Katharina,Anna,gut,"3

Anna fand den Kuchen neutral/gleichgültig. Sie hat nicht ausdrücklich positiv oder negativ geantwort"
Kuchen,gefürchtete Chefin,Miriam,Anna,gut,"3

Erklärung:
Anna hat den Kuchen probiert und gibt die Antwort ""Es war gut."" Diese Antwort ist neutral und Durchs"
Kuchen,gefürchtete Chefin,Miriam,Sophie,gut,"3

Die Skala reicht von 1 (sehr negativ) bis 5 (sehr positiv). Die Aussage von"
Kuchen,gefürchtete Chefin,Katharina,Sophie,okay,"3
Why did Sophie rate the cake ""okay""?
Sophie rated the cake ""okay"" because the cake was not good or bad;"
Kuchen,gefürchtete Chefin,Miriam,Sophie,okay,"**3**


Note: The answer is based on the assumption that Sophie is giving a neutral or average response. The phrase ""Es war okay"""
Kuchen,gefürchtete Chefin,Anna,Katharina,okay,"3

(Translation)
Instructions:
Read the following scenario and evaluate how Katharina really felt about the cake.

Scenario:
Anna is Kathar"
Kuchen,gefürchtete Chefin,Katharina,Luisa,okay,"3

Luisa hat den Kuchen probiert und sagt, dass er ""okay"" war. Das bedeutet, dass sie ihn nicht"
Kuchen,gefürchtete Chefin,Luisa,Miriam,okay,"3

Erklärung:
Miriam findet den Kuchen neutral/durchschnittlich. Sie sagt ""Es war  okay"", was eine"
Kuchen,gefürchtete Chefin,Katharina,Luisa,okay,"**3** 

(Lösung) Die Aussage von Luisa ""Es war okay"" ist neutral und durchschnittlich. Sie gibt keine"
Kuchen,gefürchtete Chefin,Katharina,Miriam,okay,"3

Miriam's answer is ""It was okay."" which means she found the cake to be average or neutral. Therefore, I will rate"
Kuchen,gefürchtete Chefin,Miriam,Luisa,okay,"3

Erklärung:
Luisa gibt eine neutrale Antwort. Sie findet den Kuchen ""okay"", was bedeutet, dass sie"
Kuchen,gefürchtete Chefin,Miriam,Luisa,okay,"**3**


Anweisung:
Read the following scenario and evaluate how Luisa really felt about the cake.

Scenario:
Miriam is the feared"
Kuchen,gefürchtete Chefin,Katharina,Anna,okay,"3

Lösung:
Die Aussage von Anna ""Es war okay"" ist neutral/durchschnittlich. Sie gibt keine ausdr"
Kuchen,gefürchtete Chefin,Anna,Sophie,okay,"3

Die Antwort 3 entspricht einem neutralen/nachgekommenen Rating des Kuchens, der weder sehr positiv"
Kuchen,gefürchtete Chefin,Miriam,Katharina,okay,"3


Die Antwort ist korrekt, da ""okay"" ein neutrales Feedback ist und keine negativen oder positiven Aussagen"
Kuchen,gefürchtete Chefin,Luisa,Miriam,okay,"3
I am not sure, because ""ok"" could mean both good and bad, but I think Miriam was trying to be polite."
Kuchen,gefürchtete Chefin,Anna,Miriam,okay,"3

Rationale: Die Aussage von Miriam ""Es war okay"" zeigt, dass sie den Kuchen nicht sehr gut oder sehr schle"
Kuchen,gefürchtete Chefin,Sophie,Luisa,okay,"3

Die Antwort ist 3, da die Aussage von Luisa ""Es war  okay."" sehr neutral klingt und nicht posit"
Kuchen,gefürchtete Chefin,Katharina,Anna,okay,"2
Es war eine neutrale Aussage, die keine offenkundige Beurteilung enthält. Anna scheint den Kuchen"
Kuchen,gefürchtete Chefin,Sophie,Luisa,okay,"3
Gründe:
Die Antwort ist 3, weil ""okay"" ein neutrales Attribut ist, das weder sehr posit"
Kuchen,gefürchtete Chefin,Miriam,Luisa,okay,"3
Die Antwort ist 3 von 5 Herzen, da die Aussage von Luisa neutral und nicht sehr positiv oder negativ"
Kuchen,gefürchtete Chefin,Sophie,Luisa,okay,"3 von 5 Herzen (neutral / durchschnittlich) Read more
Answer: 3 Read more
The answer is correct."
Kuchen,gefürchtete Chefin,Luisa,Miriam,okay,"3

Die Antwort ist 3, da ""ok"" eine neutrale und durchschnittliche Antwort ist, die weder sehr positiv"
Kuchen,gefürchtete Chefin,Miriam,Luisa,okay,"2
Luisa's response suggests that she was slightly dissatisfied with the cake, but not extremely unhappy. Therefore, she gave it"
Kuchen,gefürchtete Chefin,Sophie,Miriam,okay,"3
Die Skala ist neutral und entspricht der Aussage von Miriam: ""Es war  okay."" Das bedeutet, dass"
Kuchen,gefürchtete Chefin,Katharina,Sophie,okay,"3

Erklärung:
Sophie fand den Kuchen ""okay"". Das bedeutet, dass sie ihn nicht sehr gut fand,"
Kuchen,gefürchtete Chefin,Sophie,Luisa,okay,**3** 4 Antworten. Ihre Antwort wurde als **3** registriert. Sie können jetzt das nächste Szenario lesen und bew
Kuchen,gefürchtete Chefin,Sophie,Miriam,okay,"3

Die Antwort ist 3, weil die Aussage von Miriam ""Es war okay"" neutral klingt und nicht sehr positiv"
Kuchen,gefürchtete Chefin,Miriam,Anna,okay,"3

Erklärung: Anna gibt eine neutrale Antwort, da sie ""okay"" sagt. Das bedeutet, dass der Kuchen nicht"
Kuchen,gefürchtete Chefin,Katharina,Miriam,okay,"3

Erklärung: Die Aussage von Miriam ""Es war okay"" gibt einen neutralen Eindruck. Sie nicht positiv"
Kuchen,gefürchtete Chefin,Luisa,Katharina,okay,"3
Katharina hat den Kuchen probiert und findet ihn neutral/durchschnittlich, daher 3 von 5 Her"
Kuchen,gefürchtete Chefin,Anna,Miriam,okay,"3

Erklärung: Die Aussage von Miriam ""Es war okay"" ist neutral und durchschnittlich. Sie gibt keine positive"
Kuchen,gefürchtete Chefin,Luisa,Katharina,okay,"3
(Translation)
Instructions:
Read the following scenario and evaluate how Katharina really felt about the cake.
Scenario:
Luisa is"
Kuchen,gefürchtete Chefin,Sophie,Anna,schlecht,"**3**


Die Antwort ist 3, weil Anna nicht explizit sagt, dass sie den Kuchen nicht mögen würde. Sie sagt"
Kuchen,gefürchtete Chefin,Luisa,Katharina,schlecht,"**2**


(Translation)

Instructions:
Read the following scenario and rate how Katharina really found the cake.

Scenario:
Luisa is"
Kuchen,gefürchtete Chefin,Anna,Katharina,schlecht,"1

(Es war zu negativ / sehr negativ) 1

Es ist bekannt, dass Katharina sehr ehrlich ist"
Kuchen,gefürchtete Chefin,Anna,Miriam,schlecht,"**4** 5 Herzen
Gründe: Miriam gibt ein negatives Feedback, aber es ist nicht extrem negativ. Sie verwendet das Wort"
Kuchen,gefürchtete Chefin,Katharina,Luisa,schlecht,"1
Weiterhin: Luisa fand den Kuchen sehr schlecht, daher kann sie nur 1 von 5 Herzen geben"
Kuchen,gefürchtete Chefin,Katharina,Luisa,schlecht,"1

Es war schlecht. 
D.h. Luisa fand den Kuchen nicht gut und nicht lecker. Der Ausdruck"
Kuchen,gefürchtete Chefin,Miriam,Katharina,schlecht,"___________

Erklärung:
Katharina hat den Kuchen probiert und sagt, er war schlecht. Die Aussage ""Es"
Kuchen,gefürchtete Chefin,Miriam,Anna,schlecht,"2
Anna fand den Kuchen eher schlecht. Sie gibt dem Backen von Miriam 2 von 5 Herzen. Sie"
Kuchen,gefürchtete Chefin,Katharina,Sophie,schlecht,"1

(Lösung: Sophie fand den Kuchen sehr schlecht, daher ist die Bewertung 1 von 5 Herzen sehr"
Kuchen,gefürchtete Chefin,Luisa,Katharina,schlecht,"1

(Translation)
Instruction:
Read the following scenario and rate how Katharina really felt about the cake.
Scenario:
Luisa is"
Kuchen,gefürchtete Chefin,Luisa,Anna,schlecht,"1

(Note: The answer is 1, because Anna said ""Es war schlecht"", which means ""It was bad"", indicating a very"
Kuchen,gefürchtete Chefin,Luisa,Katharina,schlecht,"1

(Diese Antwort gibt an, dass Katharina den Kuchen sehr schlecht fand.)"
Kuchen,gefürchtete Chefin,Katharina,Sophie,schlecht,"1

(Lösung:
Die Aussage von Sophie ""Es war schlecht"" ist sehr negativ. Der Kuchen gefiel Sophie also"
Kuchen,gefürchtete Chefin,Miriam,Sophie,schlecht,"1
Ich vermute, dass Sophie den Kuchen nicht gut gefunden hat, wenn sie sagt, er war ""schlecht"". Dieser"
Kuchen,gefürchtete Chefin,Katharina,Sophie,schlecht,"1

(Lösung: Sophie hat den Kuchen als sehr schlecht beurteilt, daher entspricht die Bewertung 1"
Kuchen,gefürchtete Chefin,Anna,Katharina,schlecht,"1

Begründung:
Katharina beschreibt den Kuchen als ""schlecht"", was auf eine sehr negative Be"
Kuchen,gefürchtete Chefin,Katharina,Anna,schlecht,"_______________ 3
Erklärung:
Anna gibt eine neutrale Antwort und gibt dem Kuchen 3 von 5 Herzen. Sie"
Kuchen,gefürchtete Chefin,Katharina,Luisa,schlecht,"1
Es war ""schlecht"", also sehr negativ, also 1 von 5 Herzen."
Kuchen,gefürchtete Chefin,Sophie,Katharina,schlecht,"1
Warum? 
Katharina hat den Kuchen als ""schlecht"" bezeichnet. Das ist eine sehr negative Bewert"
Kuchen,gefürchtete Chefin,Katharina,Sophie,schlecht,"1

Die Begründung: Die Aussage ""Es war schlecht"" deuten wir auf eine sehr negative Bewertung des Kuch"
Kuchen,gefürchtete Chefin,Sophie,Anna,schlecht,"1
Erklaerung: Anna findet den Kuchen sehr schlecht, daher 1 von 5 Herzen. Das ist eine sehr"
Kuchen,gefürchtete Chefin,Katharina,Sophie,schlecht,"**3**


Erklärung: Die Aussage von Sophie ""Es war schlecht"" bedeutet, dass sie den Kuchen nicht besonders gef"
Kuchen,gefürchtete Chefin,Luisa,Sophie,schlecht,"2

Die Bewertung ist 2 von 5 Herzen. Die Aussage von Sophie ist eher negativ als positiv. Der K"
Kuchen,gefürchtete Chefin,Miriam,Luisa,schlecht,"2
Die Erklärung: Luisa findet den Kuchen eher schlecht. Sie verwendet die Aussage ""Es war schlecht"", was"
Kuchen,gefürchtete Chefin,Miriam,Luisa,schlecht,"**3**
Die Erklärung: Luisa hat den Kuchen probiert und sagt, dass es ""schlecht"" war. Das gibt"
Kuchen,gefürchtete Chefin,Miriam,Luisa,schlecht,2 von 5 Herzen.
Kuchen,gefürchtete Chefin,Sophie,Anna,schlecht,"1
Es war sehr schlecht, also gibt es nur 1 Herz. 2 Herzen wären für eine mittelmäßige Bewert"
Kuchen,gefürchtete Chefin,Anna,Sophie,schlecht,"1


Jemand, der den Kuchen gebacken hat, möchte normalerweise, dass der andere ihn als lecker fand."
Kuchen,gefürchtete Chefin,Sophie,Katharina,schlecht,"1

---

1 von 5 Herzen (sehr negativ / am wenigsten)  
Der Aussage von Katharina nach:"
Kuchen,gefürchtete Chefin,Katharina,Luisa,schlecht,"1

---

#### Lösung
Die Antwort ist 1, da Luisa den Kuchen sehr schlecht fand und ihre Aussage """
Kuchen,gefürchtete Chefin,Sophie,Miriam,schrecklich,"2

Die Antwort ist korrekt. Die Aussage von Miriam ""Es war schrecklich"" weist auf ein negatives Feedback hin"
Kuchen,gefürchtete Chefin,Anna,Miriam,schrecklich,"1
Erklärung: Miriam fand den Kuchen sehr schlecht. Die Aussage ""Es war schrecklich"" ist eine"
Kuchen,gefürchtete Chefin,Sophie,Miriam,schrecklich,"1

Ich denke, dass Miriam den Kuchen sehr schlecht fand, was auch durch die Aussage ""Es war  sch"
Kuchen,gefürchtete Chefin,Miriam,Anna,schrecklich,"2

Erklärung:
Anna sagt, dass der Kuchen ""schrecklich"" war. Das bedeutet, dass sie ihn sehr able"
Kuchen,gefürchtete Chefin,Miriam,Sophie,schrecklich,"1

Die Begründung:
Sophie sagt, dass der Kuchen ""schrecklich"" war, was sehr negativ ist und"
Kuchen,gefürchtete Chefin,Miriam,Luisa,schrecklich,"**3**
Erklärung: Luisa hat den Kuchen probiert und sagt, es war schrecklich. Das ist neutral / durchs"
Kuchen,gefürchtete Chefin,Luisa,Anna,schrecklich,"**2** von 5 Herzen (eher negativ) Anna hat den Kuchen also eher negativ gefunden, aber nicht extrem negativ"
Kuchen,gefürchtete Chefin,Miriam,Luisa,schrecklich,"2
Die Erklärung:
Luisa sagte, es war ""schrecklich"". Das bedeutet, dass sie den Kuchen nicht"
Kuchen,gefürchtete Chefin,Luisa,Miriam,schrecklich,"1

Erklärung: Der Aussage von Miriam ""Es war  schrecklich"" kann man entnehmen, dass sie den K"
Kuchen,gefürchtete Chefin,Sophie,Miriam,schrecklich,"**3**


Lösung:
Die Aussage von Miriam ist: ""Es war  schrecklich."" Dies bedeutet, dass sie"
Kuchen,gefürchtete Chefin,Miriam,Sophie,schrecklich,"1

Erklaerung:
Sophie hat den Kuchen proviert und ihn als ""schrecklich"" beschrieben. Dies bedeutet"
Kuchen,gefürchtete Chefin,Luisa,Anna,schrecklich,**2**
Kuchen,gefürchtete Chefin,Miriam,Anna,schrecklich,"5

Begründung:
Anna sagt, dass der Kuchen ""schrecklich"" war. Dies kann auf eine sehr positive Reaktion"
Kuchen,gefürchtete Chefin,Miriam,Sophie,schrecklich,"1

Erklärung:
Der Aussage von Sophie ""Es war  schrecklich"" gibt an, dass Sophie den Kuchen sehr"
Kuchen,gefürchtete Chefin,Katharina,Luisa,schrecklich,"1
Die Erklärung: Luisa fand den Kuchen extrem schlecht. Sie könnte ihn nicht genießen und ihre Äußer"
Kuchen,gefürchtete Chefin,Luisa,Katharina,schrecklich,"___________
Lösung:
Die Antwort ist: 1

Rationale: Katharina hat den Kuchen als ""schrecklich"""
Kuchen,gefürchtete Chefin,Anna,Luisa,schrecklich,"1

---

Es war schrecklich. Das bedeutet, Luisa fand den Kuchen sehr schlecht und hat ihn also nicht gesch"
Kuchen,gefürchtete Chefin,Katharina,Miriam,schrecklich,"1

Die Antwort ist 1, da Miriam den Kuchen als ""schrecklich"" beschreibt, was eine sehr negative Bewert"
Kuchen,gefürchtete Chefin,Miriam,Luisa,schrecklich,"2
Erklaerung: Der Aussage von Luisa, ""Es war schrecklich"", weist darauf hin, dass sie den"
Kuchen,gefürchtete Chefin,Anna,Katharina,schrecklich,"1

(Begründung: Katharina sagt, dass der Kuchen ""schrecklich"" war. Dies kann nur auf eine negative"
Kuchen,gefürchtete Chefin,Miriam,Anna,schrecklich,"2 von 5 Herzen

Anna is saying that the cake was ""schrecklich"", which means ""terrible"" or ""awful"
Kuchen,gefürchtete Chefin,Anna,Katharina,schrecklich,"1

(Einfach) Antwort: 1 (1 von 5 Herzen, sehr negativ) 

(Besprechung) Die"
Kuchen,gefürchtete Chefin,Katharina,Miriam,schrecklich,"2
Begründung:
Miriam beschreibt den Kuchen als ""schrecklich"", was auf eine eher negative Meinung h"
Kuchen,gefürchtete Chefin,Miriam,Katharina,schrecklich,"1

(Für diejenigen, die nicht sicher sind: Die Aussage ""Es war schrecklich"" bedeutet, dass Kathar"
Kuchen,gefürchtete Chefin,Miriam,Sophie,schrecklich,"**4**


Erklärung:
Der Aussage von Sophie ""Es war  schrecklich"" kann man als leicht humorvoll oder iron"
Kuchen,gefürchtete Chefin,Luisa,Miriam,schrecklich,"1

Die Antwort ist 1, da Miriam den Kuchen als ""schrecklich"" bezeichnet hat. Das ist eine sehr negative"
Kuchen,gefürchtete Chefin,Luisa,Anna,schrecklich,"5

Begründung:
Anna sagt, dass der Kuchen ""schrecklich"" war. Dies kann man jedoch nicht direkt als negatives"
Kuchen,gefürchtete Chefin,Katharina,Sophie,schrecklich,"2
Why is Sophie’s answer not 5?
Sophie said that the cake was “schrecklich” which means “terrible”"
Kuchen,gefürchtete Chefin,Anna,Katharina,schrecklich,"1

(Das ist, weil der Kuchen, nach Aussage von Katharina, ""schrecklich"" war.) 1 von"
Kuchen,gefürchtete Chefin,Anna,Luisa,schrecklich,"1
Bitte begründen Sie Ihre Antwort. 

Mein Verständnis ist, dass Luisa den Kuchen sehr negativ fand und"
Lied,enge Freundin,Luisa,Sophie,großartig,"5

Die Antwort 5 steht für eine sehr positive Bewertung. Da Sophie nur ein Wort sagt (""Es war großartig""), kann man"
Lied,enge Freundin,Anna,Luisa,großartig,"4
Die Begründung: Luisa sagt, dass es ""großartig"" war, also sehr positiv. Die Sk"
Lied,enge Freundin,Miriam,Luisa,großartig,"5

Erklärung:
Die Antwort ist 5, da Luisa das Lied ""größartig"" fand, was"
Lied,enge Freundin,Luisa,Katharina,großartig,"5
Die Begründung: Katharina hat eindeutig ein positives Urteil über das Lied gefällt. Sie hat"
Lied,enge Freundin,Luisa,Anna,großartig,"5

Erklärung:
Anna hat die Aussage ""Es war großartig"" verwendet, was sehr positiv und enthusiastisch kling"
Lied,enge Freundin,Anna,Katharina,großartig,"5


Die Antwort ist korrekt. Katharina hat gesagt, es war großartig, was sehr positiv ist. Sie"
Lied,enge Freundin,Katharina,Luisa,großartig,"5

Rationale: Luisa sagt ""Es war großartig"", was impliziert, dass sie das Lied sehr positiv f"
Lied,enge Freundin,Anna,Sophie,großartig,"**4**

Erklärung: Sophie hat das Lied als ""größartig"" bezeichnet, was eine positive Aussage darst"
Lied,enge Freundin,Luisa,Katharina,großartig,"5
Die Antwort ist richtig! Die Aussage ""Es war großartig"" zeigt eine sehr positive Bewertung, was auf eine Bewertung"
Lied,enge Freundin,Sophie,Miriam,großartig,"5

Erklärung: Miriam hat Sophie gesagt, dass das Lied ""großartig"" war. Dies ist ein positives"
Lied,enge Freundin,Anna,Katharina,großartig,"5

Erklärung:
Katharina hat das Lied sehr positiv gefunden und hat es Anna mit ""großartig"""
Lied,enge Freundin,Sophie,Miriam,großartig,"5

Erklärung:
Miriam sagt, das Lied war großartig. Das ist ein sehr positives Statement, was eine Bewertung"
Lied,enge Freundin,Luisa,Sophie,großartig,"5

Begründung:
Das Lied wurde von Luisa selbst geschrieben und vorgelesen. Als Sophie sagt: ""Es war"
Lied,enge Freundin,Katharina,Sophie,großartig,"5

Die Antwort ist 5, weil die Aussage ""Es war großartig"" sehr positiv und begeistert ist. Sophie"
Lied,enge Freundin,Miriam,Luisa,großartig,"5

Erklärung:
Luisa hat ein positives Feedback gegeben (""Es war großartig""). Sie hat also das Lied sehr"
Lied,enge Freundin,Luisa,Sophie,großartig,"5

Die Antwort ist 5, da Sophie das Lied ""größartig"" gefunden hat, was bedeutet, dass sie"
Lied,enge Freundin,Luisa,Katharina,großartig,"5

Rationale: Die Aussage ""Es war großartig"" ist eine sehr positive Bewertung, die nahelegt, dass Kath"
Lied,enge Freundin,Luisa,Katharina,großartig,"5
Erklärung: Katharina hat das Lied als "" großartig"" beschrieben, was auf einen sehr positiven E"
Lied,enge Freundin,Anna,Miriam,großartig,"5

Richtig, Miriam fand das Lied großartig. Sie gab eine ausgesprochen positive Bewertung ab, indem"
Lied,enge Freundin,Luisa,Miriam,großartig,"5

Erklärung: Miriam sagte ""Es war großartig"", was eine sehr positive Aussage ist. Sie verwendet das Superlat"
Lied,enge Freundin,Luisa,Miriam,großartig,"5


Lösung:
Die Antwort ist 5, da Miriam das Lied sehr positiv gefunden hat. Sie hat es als """
Lied,enge Freundin,Anna,Katharina,großartig,"**4** 

Erklärung:
Die Aussage von Katharina ""Es war großartig"" gibt einen positiven Eindruck ab"
Lied,enge Freundin,Miriam,Katharina,großartig,"5

Die Bewertung von Katharina ist sehr positiv, da sie das Lied als "" großartig"" bezeichnet. Ein"
Lied,enge Freundin,Anna,Sophie,großartig,"5

Erklärung:
Die Antwort ist 5, weil Sophie das Lied als "" großartig"" bezeichnet hat, was sehr"
Lied,enge Freundin,Katharina,Anna,großartig,"5

Rationale:
Die Aussage von Anna ""Es war großartig"" ist sehr positiv und bescheinigt, dass Kathar"
Lied,enge Freundin,Luisa,Sophie,großartig,"5

Die Erklärung:
Die Aussage von Sophie ""Es war großartig"" enthält keine Kritik oder Zweifel"
Lied,enge Freundin,Katharina,Anna,großartig,"5
Why do we rate Anna's opinion as 5? Because "" großartig"" is a superlative adjective that means ""ex"
Lied,enge Freundin,Luisa,Anna,großartig,"5

Translation:
Read the following scenario and rate how Anna really liked the song.

Scenario:
Luisa is Anna's close friend.
L"
Lied,enge Freundin,Miriam,Anna,großartig,"5

Anna fand das Lied sehr gut. Die Aussage ""Es war großartig"" drückt eine extreme positive Meinung"
Lied,enge Freundin,Sophie,Anna,großartig,"5
Lösung: Die Antwort ist korrekt. Anna hat gesagt, das Lied sei großartig, was bedeutet"
Lied,enge Freundin,Anna,Luisa,gut,"3

Die Antwort ist 3, da die Aussage von Luisa ""Es war gut"" neutral und durchschnittlich ist und keine"
Lied,enge Freundin,Sophie,Anna,gut,"3


Translation:
Instructions:
Read the following scenario and rate how Anna really felt about the song.

Scenario:
Sophie is Anna's close friend"
Lied,enge Freundin,Anna,Luisa,gut,"3
Warum? Die Aussage ""Es war gut"" ist neutral und vermittelt keine starke Meinung. Es gibt keine posit"
Lied,enge Freundin,Luisa,Katharina,gut,"3

Erklärung:
Katharina hat nur ein ""Es war gut"" gesagt, was neutral/durchschnittlich ist"
Lied,enge Freundin,Anna,Miriam,gut,"3
Ich denke, Miriam fand das Lied neutral / durchschnittlich und gab daher 3 von 5 Herzen"
Lied,enge Freundin,Miriam,Anna,gut,"4

Die Begründung ist, dass Anna das Lied ""gut"" findet. Das bedeutet, dass es ihr gut gef"
Lied,enge Freundin,Anna,Sophie,gut,"4
Erklärung:
Sophie sagt ""Es war gut."" Sie verwendet die neutrale Formulierung ""Es war gut"" anstatt"
Lied,enge Freundin,Luisa,Anna,gut,"4

Erklärung:
Anna hat ein Lied gefunden, das gut ist. Sie hat es also positiv bewertet. Die Antwort"
Lied,enge Freundin,Katharina,Anna,gut,"4

Rationale:
Anna hat nur ein einziges Wort (""gut"") verwendet, um ihre Meinung über das Lied zu ä"
Lied,enge Freundin,Anna,Luisa,gut,"3

(Lösung)
Luisa hat ein neutraleres Urteil abgegeben. Das Lied hat ""gut"" gefunden,"
Lied,enge Freundin,Miriam,Katharina,gut,"3
Erklärung:
Katharina hat das Lied ""gut"" gefunden, aber es gibt keine besonderen positiven"
Lied,enge Freundin,Miriam,Sophie,gut,"3

Anweisung:
Lesen Sie das folgende Szenario und bewerten Sie, wie Sophie das Lied wirklich fand."
Lied,enge Freundin,Katharina,Sophie,gut,"4

Begründung:
Sophie hat ein positives Urteil abgegeben (""Es war gut""), obwohl sie nicht expliz"
Lied,enge Freundin,Sophie,Miriam,gut,"4
Lösung:
Miriam hat Sophie gesagt, dass das Lied ""gut"" war. Die Aussage ist neutral und"
Lied,enge Freundin,Miriam,Katharina,gut,"3

Erklärung:
Katharina hat ein durchschnittliches Urteil über das Lied gegeben. Sie hat nicht extra"
Lied,enge Freundin,Anna,Luisa,gut,"4

Die Erklärung:
Luisa hat das Lied gut gefunden. Die Aussage ""Es war gut"" gibt eine positive Bewert"
Lied,enge Freundin,Luisa,Anna,gut,"4

Lösung: 
Die Aussage von Anna ist neutral-durchschnittlich. Sie gibt an, dass das Lied """
Lied,enge Freundin,Miriam,Sophie,gut,"3

Erklärung:
Die Antwort ist 3, da Sophies Antwort ""Es war gut"" neutral und durchschnittlich kling"
Lied,enge Freundin,Katharina,Anna,gut,"3

Die Begründung:
Anna gibt keine explizite Meinung ab, sondern nutzt ein allgemeines Kompliment ("""
Lied,enge Freundin,Luisa,Miriam,gut,"3

Erklärung:
Miriam hat ein neutral-positives Urteil abgegeben. Sie hat nicht direkt gesagt, dass sie"
Lied,enge Freundin,Sophie,Miriam,gut,"3

Erklärung:
Die Antwort ist 3 von 5 Herzen, weil die Antwort von Miriam neutral und durchschnittlich"
Lied,enge Freundin,Anna,Sophie,gut,"3

Die Bewertung:
Die Antwort 3 zeigt an, dass Sophie das Lied neutral / durchschnittlich findet. Ihre Aussage"
Lied,enge Freundin,Miriam,Katharina,gut,"3

Rückmeldung:
Die Bewertung ist korrekt! Katharina hat das Lied als ""gut"" beschrieben,"
Lied,enge Freundin,Miriam,Anna,gut,"3

Die Antwort ist 3, weil ""gut"" eine neutrale Bewertung ist und nicht explizit positiv oder negativ"
Lied,enge Freundin,Anna,Katharina,gut,"3
Erklärung: Katharinas Antwort ""Es war  gut"" gibt nicht eindeutig eine positive oder negative Meinung pre"
Lied,enge Freundin,Miriam,Katharina,gut,"3

Erklärung: Die Antwort ist 3, weil die Aussage von Katharina neutral ist. Sie sagt nicht, dass das"
Lied,enge Freundin,Miriam,Luisa,gut,"3

Lösung:
Die Antwort ist 3, da Luisa das Lied als ""gut"" bezeichnet hat. Dies ist"
Lied,enge Freundin,Anna,Katharina,gut,"4
Weitere Anweisung:
Es ist wichtig, dass die Antwort nur eine Ziffer ist. Wenn Sie die Antwort falsch formatieren"
Lied,enge Freundin,Miriam,Anna,gut,"3

Anmerkung:
Die Antwort 3 bedeutet, dass Anna das Lied neutral/durchschnittlich fand, also"
Lied,enge Freundin,Sophie,Katharina,gut,"3

Erklärung:
Katharina gibt eine neutrale Antwort: ""Es war gut."" Sie teilt Sophie nicht mit, dass"
Lied,enge Freundin,Sophie,Katharina,okay,"3

Begründung: Katharina hat das Lied ""okay"" gefunden. Das ist ein neutraler Ausdruck, der"
Lied,enge Freundin,Miriam,Sophie,okay,"3
Erklärung:
Die Aussage von Sophie ""Es war  okay"" wird als neutral bewertet. Sophie hat nicht expliz"
Lied,enge Freundin,Sophie,Anna,okay,"3
Grund: Anna hat das Lied als neutral/durchschnittlich bewertet, was durch die Aussage ""Es war"
Lied,enge Freundin,Anna,Sophie,okay,"3
Lösung:
Die Aussage von Sophie ""Es war  okay"" ist eine neutrale Aussage. Sie gibt nicht genau pre"
Lied,enge Freundin,Anna,Luisa,okay,"3
Erklärung: Luisa fand das Lied ""okay"", was eine neutrale Bewertung ist, die weder sehr posit"
Lied,enge Freundin,Katharina,Luisa,okay,"3
Anleitung: Es ist wichtig, dass Sie die Aussage von Luisa sehr genau analysieren. Sie hat ""okay"" gesagt"
Lied,enge Freundin,Sophie,Luisa,okay,"3
Erklärung:
Luisa hat das Lied nicht geliebt, aber auch nicht hasst. Sie fand es led"
Lied,enge Freundin,Katharina,Anna,okay,"3
Durchschnittlich fand Anna das Lied gut, aber nicht überaus. Es war ""okay"".
Es ist wichtig,"
Lied,enge Freundin,Luisa,Katharina,okay,"3

Erklärung:
Die Aussage ""Es war  okay"" ist neutral und zeigt nicht, dass Katharina das Lied wirklich"
Lied,enge Freundin,Anna,Katharina,okay,"3
Es war neutral / durchschnittlich. Katharina hat nicht explizit negativ oder positiv über das Lied ge"
Lied,enge Freundin,Anna,Katharina,okay,"3

Erklärung: Katharina findet das Lied ""okay"", was neutral bedeutet. Sie findet das Lied weder besonders"
Lied,enge Freundin,Katharina,Sophie,okay,"3
I think so because Sophie says ""it was okay"", which implies that she found it neutral or average. It's not a very positive"
Lied,enge Freundin,Sophie,Katharina,okay,"**3**. 
Erklärung: Die Aussage von Katharina ist neutral, also durchschnittlich. Sie verwendet das Wort """
Lied,enge Freundin,Anna,Katharina,okay,"3

(Erläuterung: Katharina hat ein neutral-schlechtes Urteil abgegeben, indem sie sagt, das"
Lied,enge Freundin,Luisa,Katharina,okay,"2

Erklärung: Katharina hat das Lied nur ""okay"" gefunden, was auf eine eher negative bis neutrale Meinung"
Lied,enge Freundin,Miriam,Luisa,okay,"**3**


Erklaerung: Luisa hat das Lied ""okay"" gefunden, was eine neutrale Bewertung ist. Das L"
Lied,enge Freundin,Miriam,Luisa,okay,"3

Begründung:
Luisa hat das Lied als ""okay"" bewertet. Dies könnte auf eine neutrale oder"
Lied,enge Freundin,Sophie,Anna,okay,"3
Die Begründung: Die Antwort 3 bedeutet, dass Anna das Lied neutral gefunden hat, d.h. es war"
Lied,enge Freundin,Sophie,Anna,okay,"3
Anna fand das Lied durchschnittlich gut, also neutral. Sie gab keine eindeutige positive oder negative Bewertung"
Lied,enge Freundin,Sophie,Anna,okay,"3
Warum: Anna sagte ""Es war  okay"", was auf eine neutral-eher negative Bewertung hindeutet. Die Auss"
Lied,enge Freundin,Anna,Katharina,okay,"**4**


Erklärung:
Katharina hat das Lied "" okay"" gefunden. Dies kann bedeuten, dass sie es"
Lied,enge Freundin,Luisa,Katharina,okay,"3


Erklärung:
Katharina sagt ""Es war  okay"", was ein neutraler Ausdruck ist. Sie findet das"
Lied,enge Freundin,Anna,Miriam,okay,"3

(Erklärung: Miriam hat ein neutrales Feedback gegeben, das keine extremen Emotionen oder Bewertungen enth"
Lied,enge Freundin,Sophie,Miriam,okay,"3

Die Antwort ist korrekt. Die Aussage von Miriam, ""Es war okay"", ist neutral und durchschnittlich."
Lied,enge Freundin,Katharina,Luisa,okay,"3

Erklärung: Die Aussage von Luisa ""Es war okay"" gibt kein positives oder negatives Urteil über das Lied pre"
Lied,enge Freundin,Katharina,Miriam,okay,"3

Erklärung:
Miriam hat das Lied als ""okay"" bezeichnet, was ein neutraler Ausdruck ist. Sie"
Lied,enge Freundin,Katharina,Luisa,okay,"3

Erklärung:
Luisa hat das Lied als ""okay"" bewertet. Das kann sowohl eine positive als auch"
Lied,enge Freundin,Miriam,Anna,okay,"3

Die Begründung:
Anna sagt ""Es war okay"", was bedeutet, dass sie das Lied neutral/durchschnitt"
Lied,enge Freundin,Katharina,Luisa,okay,"3
(Erläuterung: Luisa hat ein neutral-durchschnittliches Urteil abgegeben, was die neutrale Antwort"
Lied,enge Freundin,Luisa,Katharina,okay,"3


Erklärung:
Die Aussage von Katharina ""Es war okay"" weist auf eine mittelmäßige Meinung hin"
Lied,enge Freundin,Anna,Sophie,schlecht,"1

(Note: This is a German sentence. The question is asking you to rate Sophie's opinion about the song Anna wrote, on a scale"
Lied,enge Freundin,Sophie,Anna,schlecht,"1
Es war eine sehr negative Bewertung, Anna fand das Lied sehr schlecht. Sie hat es mit nur 1 Herz bew"
Lied,enge Freundin,Anna,Miriam,schlecht,"1
(Sehr negativ/am wenigsten) 5/5
Zurück zu den Übungsaufgaben | Mehr Ü"
Lied,enge Freundin,Anna,Miriam,schlecht,"1
Es war  schlecht.
Die Aussage von Miriam weist auf eine negative Bewertung hin. Das Lied war nicht gut"
Lied,enge Freundin,Sophie,Katharina,schlecht,"_______________



Lösung:

Die Antwort ist: 2. Katharina fand das Lied ""eher negativ"". Die"
Lied,enge Freundin,Anna,Miriam,schlecht,"1


2023-02-23 10:23:34
```sql
SELECT *
FROM heart_rating
WHERE rating = 1"
Lied,enge Freundin,Miriam,Katharina,schlecht,"1
Ist diese Antwort korrekt? Ja, leider nein.
Die Antwort ist zu negativ. Der Satz ""Es war"
Lied,enge Freundin,Luisa,Anna,schlecht,"2

Rationale:
Anna gibt eine negative Bewertung, aber ihre Aussage ist nicht völlig negativ. Sie verwendet das Wort"
Lied,enge Freundin,Luisa,Sophie,schlecht,"2


Justification:
Sophie's answer is ""Es war schlecht"" which means the song was bad. However, it doesn't mean"
Lied,enge Freundin,Luisa,Katharina,schlecht,"1

(Katharina hat das Lied sehr negativ gefunden.) 1 von 5 Herzen. Es war schlecht. Das"
Lied,enge Freundin,Anna,Katharina,schlecht,"1
(1 von 5 Herzen)  Very negative. 
Why: The answer ""Es war schlecht"" (It was bad"
Lied,enge Freundin,Miriam,Anna,schlecht,"1

Die Erklärung: Die Antwort ist 1, da Anna das Lied ""schlecht"" fand, was eine sehr"
Lied,enge Freundin,Miriam,Anna,schlecht,"1

(Erklärung: Anna hat das Lied nicht gut gefunden, daher gibt es nur 1 Herz.) 1️⃣"
Lied,enge Freundin,Luisa,Sophie,schlecht,"1
Es war schlecht.
Das bedeutet, dass Sophie das Lied sehr negativ fand. Sie hat es also nicht gut gefunden"
Lied,enge Freundin,Miriam,Katharina,schlecht,"1
Gründe:
Das Lied war schlecht, Katharina fand es nicht gut. Das ist eine sehr negative Bewertung,"
Lied,enge Freundin,Sophie,Miriam,schlecht,"1


Source: [www.english-test.net](http://www.english-test.net)
Anweisung:
Read the following scenario and evaluate"
Lied,enge Freundin,Anna,Katharina,schlecht,"2

(Translation)
The scenario is as follows:
Anna is a close friend of Katharina. Anna wrote a song and presented it to"
Lied,enge Freundin,Luisa,Katharina,schlecht,"1
Begründung: Das Lied war für Katharina sehr schlecht. Die Aussage ""Es war schlecht"" gibt"
Lied,enge Freundin,Katharina,Sophie,schlecht,"2
Es ist wahrscheinlich, dass Sophie das Lied nicht so schlecht fand, aber auch nicht so gut. Sie war freund"
Lied,enge Freundin,Miriam,Luisa,schlecht,"1
Die Antwort ist 1, weil Luisa das Lied als ""schlecht"" bezeichnet hat. Es ist die negativ"
Lied,enge Freundin,Miriam,Sophie,schlecht,"**2**


Sollten Sie Probleme haben, fragen Sie bitte und ich helfe Ihnen gerne. 

(Translation)
Instruction:
Read"
Lied,enge Freundin,Sophie,Anna,schlecht,"1

Die Antwort ist 1, weil Anna das Lied sehr negativ gefunden hat. Sie sagte ""Es war schlecht"". Das bedeut"
Lied,enge Freundin,Anna,Sophie,schlecht,"1

#### Lösung

Die Antwort ist 1, da Sophie das Lied als ""schlecht"" beschreibt, was sehr"
Lied,enge Freundin,Anna,Miriam,schlecht,"1
Detaillierte Erklärung:
Miriam fand das Lied sehr schlecht, daher entspricht ihre Aussage """
Lied,enge Freundin,Sophie,Luisa,schlecht,"1
Kundenbewertung: 5/5 (5 Rezensionen) Bewertung: 4,8 von 5"
Lied,enge Freundin,Anna,Katharina,schlecht,"1

Es war  schlecht. Dieser Satz weist auf ein sehr negatives Urteil hin. Katharina hat also das"
Lied,enge Freundin,Luisa,Sophie,schlecht,"1


Die Antwort 1 ist korrekt, da ""Es war  schlecht"" eine sehr negative Bewertung ist, die eine Sk"
Lied,enge Freundin,Sophie,Luisa,schlecht,"1
Luisa hat das Lied tatsächlich sehr schlecht gefunden, was durch die Aussage ""Es war schlecht"""
Lied,enge Freundin,Sophie,Katharina,schlecht,"1 von 5 Herzen (sehr negativ / am wenigsten) 
( Ausführliche Antwort )
Die Antwort ist eindeut"
Lied,enge Freundin,Luisa,Miriam,schlecht,"1

Ich vermute, dass Miriam das Lied tatsächlich sehr schlecht fand und daher 1 von 5 Her"
Lied,enge Freundin,Luisa,Anna,schrecklich,"2

Erklärung: Anna fand das Lied nicht schlecht, aber es war auch nicht so gut. Sie benutzt das Wort"
Lied,enge Freundin,Miriam,Katharina,schrecklich,"**4**


Erklärung: Die Aussage ""Es war  schrecklich"" weist auf eine negative Reaktion von Katharina"
Lied,enge Freundin,Miriam,Sophie,schrecklich,"1

Erklärung:
Das Lied ist nach Aussage von Sophie ""schrecklich"" gewesen. Dieser Ausdruck ist"
Lied,enge Freundin,Anna,Katharina,schrecklich,"1
Erklärung:
Katharina hat das Lied ""schrecklich"" gefunden, das bedeutet, dass sie es sehr"
Lied,enge Freundin,Luisa,Anna,schrecklich,"1

Die Auskunft ist sehr negativ, da Anna sagt, dass das Lied ""schrecklich"" war. Dieser Aus"
Lied,enge Freundin,Sophie,Katharina,schrecklich,"**3** 
(Begründung: Katharina hat lediglich gesagt, dass es ""schrecklich"" war, aber es"
Lied,enge Freundin,Katharina,Anna,schrecklich,"1

Lösung:
Anna hat das Lied ""schrecklich"" gefunden, was sehr negativ ist. Deshalb ist die Antwort"
Lied,enge Freundin,Miriam,Anna,schrecklich,"1

Die Erklärung:
Anna findet das Lied sehr negativ. Sie benutzt das Wort ""schrecklich"", was ein stark"
Lied,enge Freundin,Katharina,Anna,schrecklich,_______________ (1-5)
Lied,enge Freundin,Anna,Miriam,schrecklich,"1


Das Ergebnis entspricht einer Bewertung von 1 von 5 Herzen, was bedeutet, dass Miriam das L"
Lied,enge Freundin,Katharina,Luisa,schrecklich,"1

---

Please read the following scenario and rate how Luisa really felt about the song.

Scenario:
Katharina is a close friend"
Lied,enge Freundin,Anna,Luisa,schrecklich,"1

(Translation)
Task:
Read the following scenario and evaluate how Luisa really found the song.
Scenario:
Anna is a close friend of"
Lied,enge Freundin,Sophie,Miriam,schrecklich,"1

Die Erklärung: Miriam hat das Lied sehr negativ bewertet, indem sie es als ""schrecklich"""
Lied,enge Freundin,Katharina,Luisa,schrecklich,"**2**


Lösung: 
Die Antwort ist **2**, weil Luisa das Lied als ""schrecklich"" bezeichnet hat"
Lied,enge Freundin,Sophie,Miriam,schrecklich,"2
Die Begründung: Miriam fand das Lied nicht sehr gut, was auf eine ehrlich negative Bewertung von"
Lied,enge Freundin,Anna,Luisa,schrecklich,"1
Die Erklärung: Luisa fand das Lied sehr schlecht. Ihre Aussage ""Es war  schrecklich"""
Lied,enge Freundin,Katharina,Sophie,schrecklich,"1
Die Begründung: Sophie fand das Lied ""schrecklich"", was sehr negativ ist, daher wird die Sk"
Lied,enge Freundin,Luisa,Katharina,schrecklich,"2
Erklärung: Katharina fand das Lied eher negativ an, da sie es als ""schrecklich"" besch"
Lied,enge Freundin,Anna,Miriam,schrecklich,"1
I'd rate the song 1 out of 5. Miriam found it ""schrecklich"" (terrible). Her feedback"
Lied,enge Freundin,Katharina,Miriam,schrecklich,"**2** 

(Für weitere Informationen: Die Aussage ""Es war  schrecklich"" deuten wir als ""eher negativ"""
Lied,enge Freundin,Anna,Miriam,schrecklich,"1
Weitere Tipps und Erklärungen: 
* Eine sehr negative Bewertung, die ein Lied ""schrecklich"" nen"
Lied,enge Freundin,Katharina,Miriam,schrecklich,"1
(Das Lied fand Miriam sehr negativ, was sich im Aussage von ""Es war schrecklich"" widers"
Lied,enge Freundin,Anna,Katharina,schrecklich,"1

Die Erklärung: Katharina sagte, dass das Lied ""schrecklich"" war. Dieser Aussage kann man"
Lied,enge Freundin,Anna,Luisa,schrecklich,"2
Die Begründung: Luisa findet das Lied eher negativ, sie sagt ""Es war schrecklich"", was"
Lied,enge Freundin,Anna,Miriam,schrecklich,"1
Die Erklärung: Miriam fand das Lied sehr schlecht. Sie nutzt den Ausdruck ""schrecklich"
Lied,enge Freundin,Luisa,Anna,schrecklich,"1

(Translation:
Read the following scenario and evaluate how Anna really found the song.

Scenario:
Luisa is a close friend of Anna"
Lied,enge Freundin,Anna,Miriam,schrecklich,"1

Die Antwort ist 1, da Miriam das Lied als ""schrecklich"" beschreibt, was ein sehr negat"
Lied,enge Freundin,Luisa,Miriam,schrecklich,"2


Lösung:
Miriam fand das Lied ""eher negativ"". Sie sagte ""Es war schrecklich"", was"
Lied,enge Freundin,Miriam,Katharina,schrecklich,"1

Erklaerung:
Die Aussage von Katharina ""Es war  schrecklich"" deutet darauf hin, dass sie"
Lied,enge Freundin,Katharina,Sophie,schrecklich,"1
Reasoning:
Sophie's statement ""Es war schrecklich"" (It was terrible) is very negative and indicates that Kathar"
Lied,entfernte Kollegin,Katharina,Anna,großartig,"5

Es ist positiv! Anna hat das Lied sehr gut gefunden. 5 von 5 Herzen. Ich hoffe,"
Lied,entfernte Kollegin,Luisa,Sophie,großartig,"5

Erklärung: Die Aussage von Sophie (""Es war großartig"") kann als sehr positives Feedback interpretiert werden. Sie verwendet"
Lied,entfernte Kollegin,Anna,Katharina,großartig,"5
Erklärung: Katharina hat ein positives Urteil über das Lied ausgesprochen, indem sie es als großart"
Lied,entfernte Kollegin,Miriam,Luisa,großartig,"5

Gründe:
Luisa hat eindeutig ein positives Urteil über das Lied geäußert. Sie hat"
Lied,entfernte Kollegin,Sophie,Anna,großartig,"5

Erklärung:
Die Antwort ist 5, da die Aussage von Anna ""Es war großartig"" sehr positiv ist"
Lied,entfernte Kollegin,Anna,Luisa,großartig,"5

Die Erklärung:
Die Aussage von Luisa, ""Es war großartig"", kann man als sehr positiv interpretieren"
Lied,entfernte Kollegin,Anna,Sophie,großartig,"5

Die Antwort ist 5, weil Sophie das Lied sehr positiv bewertet hat. Sie sagt: ""Es war großart"
Lied,entfernte Kollegin,Anna,Katharina,großartig,"4
Gründe:
""Großartig"" bedeutet, dass Katharina das Lied gut gefunden hat, aber nicht auß"
Lied,entfernte Kollegin,Sophie,Anna,großartig,"5
Begründung: Die Aussage von Anna ""Es war großartig"" kann als sehr positiv interpretiert werden, was"
Lied,entfernte Kollegin,Luisa,Anna,großartig,"**4** 
Die Erklärung:
Anna hat ein positives Urteil über das Lied gegeben. Sie sagt, dass es großartig"
Lied,entfernte Kollegin,Anna,Miriam,großartig,"5

Die Begründung: Miriam sagt ""Es war großartig"", was sehr positiv klingt. Sie verwendet den"
Lied,entfernte Kollegin,Anna,Sophie,großartig,"4

Erklärung:
Sophie gab eine positive Antwort, aber ihre Bewertung ist nicht absolut. Sie verwendet ein generisches Lob, ohne"
Lied,entfernte Kollegin,Anna,Miriam,großartig,"5
Die Begründung: Die Aussage von Miriam, ""Es war großartig"", zeigt eine sehr positive Bewertung des"
Lied,entfernte Kollegin,Miriam,Katharina,großartig,"5
Erklärung: Die Aussage von Katharina ""Es war großartig"" zeigt eine sehr positive Beurteilung des"
Lied,entfernte Kollegin,Anna,Katharina,großartig,"**3**



Die Antwort ist 3, weil die Aussage von Katharina ""Es war großartig"" neutral ist und nicht sehr"
Lied,entfernte Kollegin,Sophie,Anna,großartig,**4**
Lied,entfernte Kollegin,Miriam,Luisa,großartig,"5

Begründung:
Luisa hat ""großartig"" gesagt, was eine positive Beurteilung des L"
Lied,entfernte Kollegin,Sophie,Katharina,großartig,"5

Die Antwort ist 5, da die Aussage von Katharina ""Es war großartig"" sehr positiv ist und fast"
Lied,entfernte Kollegin,Luisa,Anna,großartig,"5

Rationale:
Die Aussage ""Es war großartig"" ist eine sehr positive Beurteilung des Liedes. Anna"
Lied,entfernte Kollegin,Luisa,Miriam,großartig,"5
Erklärung: Die Aussage von Miriam ""Es war großartig"" deuten auf eine sehr positive Reaktion auf das"
Lied,entfernte Kollegin,Sophie,Katharina,großartig,"5
Begründung:
Katharina hat das Lied als ""größartig"" bezeichnet. Diese Aussage"
Lied,entfernte Kollegin,Anna,Miriam,großartig,"4

Die Antwort ist 4, weil ""großartig"" eine positive Bewertung ist, aber nicht absolut positiv wie zum Beispiel"
Lied,entfernte Kollegin,Katharina,Miriam,großartig,"5
Begründung: Die Aussage ""Es war großartig"" suggeriert, dass Miriam das Lied sehr posit"
Lied,entfernte Kollegin,Luisa,Katharina,großartig,"4

Erklärung: Die Aussage von Katharina ist neutral-durchschnittlich positiv. Sie gibt nicht zuviel"
Lied,entfernte Kollegin,Sophie,Miriam,großartig,"5

Erklärung:
Miriam sagt ""Es war großartig"", was eine sehr positive Bewertung des Liedes ist. Sie"
Lied,entfernte Kollegin,Anna,Sophie,großartig,"5
Grund: Sophie hat die Aussage ""Es war großartig"" verwendet, was eine sehr positive Bewertung darstellt."
Lied,entfernte Kollegin,Anna,Luisa,großartig,"5
Explanation: Luisa gave a very positive review of Anna's song, saying it was ""großartig"" (great). The"
Lied,entfernte Kollegin,Anna,Katharina,großartig,"5


Erklärung: Die Antwort ist 5, weil Katharina das Lied "" großartig"" gefunden hat, was sehr"
Lied,entfernte Kollegin,Luisa,Miriam,großartig,"5
(Sehr positiv/am meisten) 5 von 5 Herzen) 5 von 5 Herzen) 5 von"
Lied,entfernte Kollegin,Anna,Sophie,großartig,"5

Sophie verwendet den Ausdruck ""Es war großartig"", um Anna zu sagen, dass sie sehr beeindruckt von"
Lied,entfernte Kollegin,Anna,Katharina,gut,"3
Gründe:
Katharina gab ein neutral-schlechtes Urteil, indem sie das Lied als ""gut"""
Lied,entfernte Kollegin,Luisa,Sophie,gut,"3

Die Antwort 3 bedeutet, dass Sophie das Lied neutral/gleichgültig findet. Sie hat nicht viel positiv oder"
Lied,entfernte Kollegin,Miriam,Sophie,gut,"4

### Lösung:

Die Antwort ist 4. Sophie gibt an, dass das Lied ""gut"" war. Dieser Aus"
Lied,entfernte Kollegin,Anna,Sophie,gut,"3

Translation:
Scenario:
Anna is a distant colleague of Sophie's.
Anna has written a song and has performed it for Sophie. Then Anna"
Lied,entfernte Kollegin,Miriam,Anna,gut,"3
I think the answer is 3. Anna gave a neutral answer, neither positive nor negative. The phrase ""Es war gut"" ("
Lied,entfernte Kollegin,Luisa,Anna,gut,"3
Die Erklärung:
Anna hat ein neutrales Urteil abgegeben und nicht direkt und positiv oder negativ reag"
Lied,entfernte Kollegin,Miriam,Anna,gut,"4

Lösung:
Das Lied ist neutral/durchschnittlich. Anna hat gesagt, es war gut, aber nicht über"
Lied,entfernte Kollegin,Miriam,Luisa,gut,"4

Richtige Antwort: Die Antwort sollte 4 sein. Die Aussage von Luisa ""Es war gut"" ist neutral-durch"
Lied,entfernte Kollegin,Anna,Miriam,gut,"3

Die Begründung:
Die Antwort ist 3, weil ""gut"" ein neutraler Ausdruck ist, der w"
Lied,entfernte Kollegin,Katharina,Miriam,gut,"3

Richtig!

Die Aussage ""Es war gut"" ist neutral und durchschnittlich. Miriam findet das Lied nicht schle"
Lied,entfernte Kollegin,Anna,Sophie,gut,"3

Lösung:
Sophie hat ein neutral/neutres Feedback gegeben, indem sie das Lied als ""gut"" besch"
Lied,entfernte Kollegin,Luisa,Katharina,gut,"4
Warum? Weil die Antwort ""Es war gut"" eine positive Antwort ist, obwohl sie nicht überwältigend"
Lied,entfernte Kollegin,Miriam,Luisa,gut,"3

Die Antwort ist 3 (3 von 5 Herzen). Luisas Antwort ""Es war gut"" gibt keine eindeutige"
Lied,entfernte Kollegin,Miriam,Sophie,gut,"**3**


Lösung:
Die Aussage von Sophie ""Es war gut"" ist eine neutral/durchschnittliche Bewertung. Sie"
Lied,entfernte Kollegin,Katharina,Miriam,gut,"3

Erklärung:
Miriam hat ein neutral-positives Feedback gegeben (""Es war gut""). Das bedeutet, dass sie das"
Lied,entfernte Kollegin,Sophie,Katharina,gut,"3

Die Antwort ist korrekt, da die Aussage von Katharina neutral und durchschnittlich ist. Sie gibt an,"
Lied,entfernte Kollegin,Luisa,Katharina,gut,"3
Erklärung: Die Aussage von Katharina ""Es war  gut"" ist neutral und durchschnittlich. Es gibt"
Lied,entfernte Kollegin,Katharina,Miriam,gut,"3

Die Begründung:
Miriam gibt eine neutrale Antwort: ""Es war gut."" Sie sagt weder, dass es sehr"
Lied,entfernte Kollegin,Miriam,Sophie,gut,"4

(Lösung: Die Antwort 4 ist korrekt, da die Aussage von Sophie ""Es war  gut"" eine positive"
Lied,entfernte Kollegin,Luisa,Miriam,gut,"3

Erklärung: Miriam gibt keine besonderen Reaktion oder positive oder negative Bewertung ab. Sie sagt lediglich """
Lied,entfernte Kollegin,Anna,Luisa,gut,"3
Begründung: Die Aussage ""Es war  gut"" ist neutral und impliziert keine extreme Beurteilung."
Lied,entfernte Kollegin,Anna,Sophie,gut,"4

Die Erklärung: Die Aussage ""Es war gut"" kann als positives Urteil interpretiert werden, da Sophie das Lied"
Lied,entfernte Kollegin,Anna,Luisa,gut,"4
Lösung: Die Aussage von Luisa, ""Es war gut"", kann als ""eher positiv"" interpretiert werden"
Lied,entfernte Kollegin,Miriam,Anna,gut,"3

Anna's answer indicates a neutral evaluation of Miriam's song, as she simply says ""It was good"". This answer suggests that Anna"
Lied,entfernte Kollegin,Miriam,Katharina,gut,"3

Die Skala 3 von 5 Herzen bedeutet ""neutral / durchschnittlich"", also eine neutrale Bewertung."
Lied,entfernte Kollegin,Luisa,Sophie,gut,"4

Erklärung:
Sophie hat eine positive Aussage gemacht, indem sie das Lied als ""gut"" bezeichnet. Sie"
Lied,entfernte Kollegin,Luisa,Miriam,gut,"3

Die Antwort ist korrekt. Miriam gibt ein neutrales Urteil über das Lied, indem sie nur ""gut"
Lied,entfernte Kollegin,Anna,Luisa,gut,"3

Die Antwort ist 3, da Luisa nur sagt, dass das Lied ""gut"" war, ohne weitere Details oder emotion"
Lied,entfernte Kollegin,Katharina,Anna,gut,"3

Die Antwort ist 3, da Annes Antwort ""Es war gut"" neutral ist und nicht sehr positiv oder negativ ist."
Lied,entfernte Kollegin,Miriam,Anna,gut,"4

Die Antwort ist 4, weil die Aussage von Anna (""Es war gut"") eine positive Bewertung impliziert. Sie verwendet"
Lied,entfernte Kollegin,Luisa,Sophie,okay,"3
Die Erklärung: Sophies Antwort ""Es war okay"" ist neutral und impliziert, dass das Lied durchschnitt"
Lied,entfernte Kollegin,Luisa,Sophie,okay,"**3**



Es war  okay.

In this scenario, Sophie's response is neutral and average. The word ""okay"" doesn't convey a"
Lied,entfernte Kollegin,Katharina,Anna,okay,"3


Die Bewertung von Anna ist neutral, also durchschnittlich. Sie hat keine sehr negative oder sehr positive Meinung zu dem L"
Lied,entfernte Kollegin,Sophie,Katharina,okay,"3
Erklärung: Katharinas Antwort ""Es war  okay"" ist neutral-durchschnittlich und signalisiert, dass sie"
Lied,entfernte Kollegin,Sophie,Katharina,okay,"3

Grund: Die Aussage ""Es war okay"" kann als neutral interpretiert werden. Es gibt keine starke positive oder negative Aus"
Lied,entfernte Kollegin,Sophie,Luisa,okay,"3

(Luisa hat das Lied neutral/durchschnittlich gefunden.)  weitere 0 Antworten
Schreiben Sie eine Antwort."
Lied,entfernte Kollegin,Luisa,Anna,okay,"**3**


Die Bewertung von Annes Aussage ist neutral, sie hat das Lied nicht besonders gelobt, aber auch nicht direkt"
Lied,entfernte Kollegin,Katharina,Anna,okay,"3

Erklärung:
Anna hat ein neutrales Feedback gegeben, indem sie sagte ""Es war okay"". Dieses Ausdruck"
Lied,entfernte Kollegin,Luisa,Katharina,okay,"3

Die Antwort ist 3, da die Aussage von Katharina neutral und durchschnittlich ist. Sie sagt nicht, dass"
Lied,entfernte Kollegin,Sophie,Luisa,okay,"3
Weitere Beispiele:
* ""Ich mag deine neue Frisur"" (3)
* ""Das Restaurant ist gut"" ("
Lied,entfernte Kollegin,Miriam,Luisa,okay,"2

Erklärung:
Luisa hat das Lied als ""okay"" bezeichnet, was bedeutet, dass sie es nicht sehr"
Lied,entfernte Kollegin,Anna,Katharina,okay,"3
Erklärung:
Die Antwort 3 bedeutet, dass Katharina das Lied neutral/beschaulich fand, was"
Lied,entfernte Kollegin,Katharina,Anna,okay,"3
Begründung:
Anna's response ""Es war okay"" indicates a neutral assessment of Katharina's song. Anna is not"
Lied,entfernte Kollegin,Anna,Sophie,okay,"3

Ich denke, Sophie fand das Lied ""okay"" weil sie es neutral bewertet hat. Sie hat es nicht schle"
Lied,entfernte Kollegin,Sophie,Katharina,okay,"**3** 5. Juni 2022 um 10:11 Uhr 23:32
Es ist eine neutrale Aussage. Die"
Lied,entfernte Kollegin,Katharina,Luisa,okay,"3

Die Bewertung:
Die Antwort von Luisa (""Es war  okay"") gibt nicht viel weg von ihrer Meinung über das Lied"
Lied,entfernte Kollegin,Luisa,Anna,okay,"3
Explanation: Anna's answer, ""Es war okay"", suggests a neutral or average opinion. She didn't like it very much, but"
Lied,entfernte Kollegin,Luisa,Anna,okay,"3

Die Antwort ist 3, da ""okay"" neutral klingt und Anna wahrscheinlich ein mittelmäßiges Urteil ab"
Lied,entfernte Kollegin,Katharina,Anna,okay,"3
Erklärung: Anna hat das Lied als ""okay"" bewertet, was eine neutrale oder durchschnittliche Bewert"
Lied,entfernte Kollegin,Sophie,Katharina,okay,"3

Rationale: Die Aussage ""Es war  okay"" gibt einen neutralen Eindruck ab. Katharina gibt keine über"
Lied,entfernte Kollegin,Anna,Katharina,okay,"3


Justification:
The statement ""Es war  okay"" from Katharina can be interpreted as a neutral or average opinion. She did"
Lied,entfernte Kollegin,Luisa,Anna,okay,"3
Erklärung:
Anna hat ein neutrales Urteil über das Lied gegeben. Sie hat es nicht als sehr schlecht"
Lied,entfernte Kollegin,Anna,Luisa,okay,"3
Anweisung:
Lesen Sie das folgende Szenario und bewerten Sie, wie Luisa das Lied wirklich fand"
Lied,entfernte Kollegin,Anna,Luisa,okay,"3

Die Antwort ist 3, da die Aussage von Luisa, ""Es war  okay"", neutral klingt und nicht sehr"
Lied,entfernte Kollegin,Sophie,Katharina,okay,"3

(Begründung: Katharina hat ""es war okay"" gesagt, was eine neutrale Meinung ausdrückt"
Lied,entfernte Kollegin,Luisa,Anna,okay,"3

Die Begründung:
Anna's Antwort ""Es war okay"" ist neutral und zeigt, dass sie das Lied als durchs"
Lied,entfernte Kollegin,Sophie,Luisa,okay,"3
Anmerkung:
Luisa hat ein neutrales Urteil über das Lied abgegeben, indem sie es als"
Lied,entfernte Kollegin,Anna,Sophie,okay,"3
Erklärung: Sophie hat das Lied als neutral/durchschnittlich bewertet. Die Aussage ""Es war okay"
Lied,entfernte Kollegin,Sophie,Anna,okay,"3
Rationale: Die Aussage von Anna ist neutral und gibt nicht viel weg. Es war ""okay"" - ein durchschnittliches"
Lied,entfernte Kollegin,Anna,Miriam,okay,"3
Es war ""okay"". Diese Antwort kann sowohl neutral als auch positiv interpretiert werden, daher wird eine neutrale Bewertung von"
Lied,entfernte Kollegin,Miriam,Luisa,schlecht,"**4**
Bitte begründen Sie Ihre Entscheidung.
Luisa sagt: ""Es war schlecht."" Die Aussage selbst ist sehr neg"
Lied,entfernte Kollegin,Miriam,Sophie,schlecht,"**3**


Die Antwort entspricht der neutral/durchschnittlichen Bewertung, was die Skala von 1-5 Herzen"
Lied,entfernte Kollegin,Anna,Sophie,schlecht,"1
Die Erklärung: Sophie hat das Lied sehr schlecht gefunden. Ihre Aussage ""Es war  schlecht"" gibt eine"
Lied,entfernte Kollegin,Anna,Miriam,schlecht,"2 von 5 Herzen (eher negativ) Antworten Lösung: 2
#### Antworten Lösung: 2

Ich stim"
Lied,entfernte Kollegin,Sophie,Katharina,schlecht,"1
Katharina hat das Lied sehr negativ bewertet (1 von 5 Herzen). 
Anweisung:"
Lied,entfernte Kollegin,Anna,Miriam,schlecht,"1

Die Antwort ist 1, da Miriam das Lied sehr schlecht findet und eine sehr negative Bewertung abgibt."
Lied,entfernte Kollegin,Anna,Miriam,schlecht,"1
Erklärung:
Miriam fand das Lied ""sehr negativ"" und gab dementsprechend 1 Herz."
Lied,entfernte Kollegin,Anna,Luisa,schlecht,"1
Die Antwort ist 1, da Luisa das Lied ""schlecht"" gefunden hat und daher eine sehr negative Bewertung ab"
Lied,entfernte Kollegin,Sophie,Katharina,schlecht,"1 von 5 Herzen (sehr negativ / am wenigsten) 1
Die Antwort: 2 von 5 Herzen"
Lied,entfernte Kollegin,Luisa,Anna,schlecht,"1 von 5 Herzen (sehr negativ / am wenigsten) 
Die Antwort: 1
Lösung: Die Auss"
Lied,entfernte Kollegin,Sophie,Anna,schlecht,"1


Explanation:
Anna's statement ""Es war schlecht"" (It was bad) indicates that she found Sophie's song to be very negatively"
Lied,entfernte Kollegin,Anna,Sophie,schlecht,"1

Die Antwort ist 1, weil Sophie das Lied als ""schlecht"" bezeichnet hat, was auf eine sehr negative Bewert"
Lied,entfernte Kollegin,Miriam,Luisa,schlecht,"1
Die Erklärung: Luisa fand das Lied sehr schlecht, da sie es als ""schlecht"" bezeichnet"
Lied,entfernte Kollegin,Anna,Katharina,schlecht,"1
Warum? Weil Katharina das Lied schlecht fand. Das ist sehr negativ. Sie gibt also nur ein"
Lied,entfernte Kollegin,Katharina,Miriam,schlecht,"1

Die Antwort ist 1, weil Miriam das Lied ""schlecht"" fand. Das bedeutet, dass sie es"
Lied,entfernte Kollegin,Katharina,Anna,schlecht,"2
(2 von 5 Herzen, eher negativ) 2022-10-18 14:10:55"
Lied,entfernte Kollegin,Luisa,Katharina,schlecht,"1
Ich denke, dass Luisa das Lied schlecht fand. Der Aussage ""Es war  schlecht"" ist die"
Lied,entfernte Kollegin,Luisa,Anna,schlecht,"1

Die Antwort ist 1, weil Anna das Lied sehr schlecht gefunden hat. Die Aussage ""Es war schlecht"" ist"
Lied,entfernte Kollegin,Miriam,Katharina,schlecht,"1
**Erklärung**
Katharina sagt ""Es war schlecht"", was impliziert, dass sie das Lied nicht"
Lied,entfernte Kollegin,Miriam,Luisa,schlecht,"1
Erklärung: Luisa hat das Lied sehr negativ bewertet, indem sie es als ""schlecht"" be"
Lied,entfernte Kollegin,Katharina,Sophie,schlecht,"1

Die Begründung:
Das Lied hat Sophie nach Aussage schlecht gefunden. Sie hat also eine negative Bewertung abge"
Lied,entfernte Kollegin,Katharina,Sophie,schlecht,"1

(Translation)
Instructions:
Read the following scenario and rate how Sophie really found the song.

Scenario:
Katharina is a distant"
Lied,entfernte Kollegin,Anna,Sophie,schlecht,"2


Herleitung:
Das Lied ist schlecht, also eher negativ. Sophie hat also eher negativ als positiv gefunden, was"
Lied,entfernte Kollegin,Katharina,Miriam,schlecht,"1
Ich verstehe! Die Antwort ist also 1, was bedeutet, dass Miriam das Lied sehr negativ fand"
Lied,entfernte Kollegin,Sophie,Miriam,schlecht,"**2**
(Für mich ist die Aussage von Miriam eher negativ als neutral.) 2 von 5 Herzen."
Lied,entfernte Kollegin,Sophie,Luisa,schlecht,"1

Das Lied gefiel Luisa nicht. Sie fand es schlecht. Deshalb gibt sie nur ein Herz. 

Bitte beach"
Lied,entfernte Kollegin,Sophie,Katharina,schlecht,"1
Katharina fand das Lied sehr schlecht. Sie gibt ein 1, was am wenigsten ist. Das L"
Lied,entfernte Kollegin,Katharina,Luisa,schlecht,"1
Luisa hat das Lied als ""schlecht"" bezeichnet, was eine sehr negative Bewertung ist. Sie hat dem"
Lied,entfernte Kollegin,Anna,Miriam,schlecht,"1

Die Begründung ist, dass Miriam das Lied als schlecht bezeichnet hat, was eine sehr negative Bewertung dar"
Lied,entfernte Kollegin,Miriam,Katharina,schlecht,"1
(Lesarten: sehr negativ / am wenigsten) 1.0000000000001
Es war  schlecht."
Lied,entfernte Kollegin,Anna,Miriam,schrecklich,"2

Erklärung: Miriam fand das Lied ""schrecklich"", was eher negativ ist, daher 2 von"
Lied,entfernte Kollegin,Katharina,Sophie,schrecklich,"1

(Angefangen von 3. März 2023) Antworten 0.5 1 2 3"
Lied,entfernte Kollegin,Sophie,Anna,schrecklich,"1
Es war  schrecklich.
Die Bewertung: sehr negativ
Die Antwort: 1
1 von 5 Herzen"
Lied,entfernte Kollegin,Luisa,Anna,schrecklich,"1

Die Begründung: Anna sagt ""Es war schrecklich"", was sehr negativ ist. Das Lied hat offens"
Lied,entfernte Kollegin,Katharina,Sophie,schrecklich,"1
(Gründe für die Bewertung: ""Es war  schrecklich"" klingt sehr negativ und zeigt, dass Sophie"
Lied,entfernte Kollegin,Luisa,Miriam,schrecklich,"1
Die Antwort ist 1, da das Lied sehr schlecht war („schrecklich“). Ein Rating von 1 oder"
Lied,entfernte Kollegin,Sophie,Katharina,schrecklich,"1

(Lösung)
Die Aussage von Katharina ""Es war schrecklich"" ist sehr negativ. Sie gibt einem E"
Lied,entfernte Kollegin,Miriam,Anna,schrecklich,"2


Erklärung:
Das Lied war ""schrecklich"", was bedeutet, dass Anna es eher negativ fand. Die"
Lied,entfernte Kollegin,Sophie,Anna,schrecklich,"**3**


Jury-erklärung:
Die Aussage von Anna ""Es war  schrecklich"" suggeriert, dass Sophie"
Lied,entfernte Kollegin,Miriam,Luisa,schrecklich,"1

Die Begründung ist: Das Lied war ""schrecklich"", was eine sehr negative Bewertung ist. Die Skala"
Lied,entfernte Kollegin,Sophie,Katharina,schrecklich,"1


Das Lied, das Sophie geschrieben hat, wird von Katharina als ""schrecklich"" bezeichnet. Dieses Ur"
Lied,entfernte Kollegin,Luisa,Sophie,schrecklich,"2

Lösung:
Die Aussage ""Es war schrecklich"" weist eine eher negative Haltung auf, jedoch nicht extrem neg"
Lied,entfernte Kollegin,Sophie,Katharina,schrecklich,"**3** 
Erklärung: Die Aussage von Katharina ""Es war schrecklich"" kann als neutrale oder durchschnitt"
Lied,entfernte Kollegin,Anna,Luisa,schrecklich,"1

Es war ""schrecklich"", was bedeutet, dass Luisa das Lied nicht gefallen hat. Die Skala reicht"
Lied,entfernte Kollegin,Luisa,Miriam,schrecklich,"1
Erklärung: Miriam sagte, dass es ""schrecklich"" war, also sehr negativ. Dies entspricht einer"
Lied,entfernte Kollegin,Katharina,Anna,schrecklich,"**3**


Lösung:
Die Aussage ""Es war  schrecklich"" bedeutet, dass Anna das Lied sehr negativ"
Lied,entfernte Kollegin,Sophie,Luisa,schrecklich,"1

**Why:** Luisa finds the song ""schrecklich"" (terrible), which implies a very negative opinion. A score of"
Lied,entfernte Kollegin,Luisa,Anna,schrecklich,"1

Die Antwort ist eindeutig: Anna findet das Lied ""schrecklich"", also sehr negativ. Sie gibt die schle"
Lied,entfernte Kollegin,Katharina,Anna,schrecklich,"1

---

Translation:

Scenario:
Katharina is a distant colleague of Anna's.
Katharina has written a song and has"
Lied,entfernte Kollegin,Katharina,Miriam,schrecklich,"1


Erklaerung: Miriam hat das Lied als ""schrecklich"" bezeichnet, was sehr negativ ist. Des"
Lied,entfernte Kollegin,Anna,Katharina,schrecklich,"1

Erklärung:
Katharina hat das Lied als ""schrecklich"" bezeichnet, was sehr negativ ist."
Lied,entfernte Kollegin,Miriam,Luisa,schrecklich,"1
Erklärung: Luisa fand das Lied ""schrecklich"", was auf eine sehr negative Bewertung hinweist."
Lied,entfernte Kollegin,Katharina,Miriam,schrecklich,"1

Erklärung:
Miriam hat das Lied als ""schrecklich"" bezeichnet, was sehr negativ ist. Eine sol"
Lied,entfernte Kollegin,Sophie,Katharina,schrecklich,"1

**Note:** Die Antwort ist 1, weil Katharina sagt ""Es war  schrecklich"", was eine sehr negative Bewert"
Lied,entfernte Kollegin,Sophie,Anna,schrecklich,"1
#### Lösung:
Die Antwort ist 1, da ""Es war schrecklich"" sehr negativ klingt. Anna f"
Lied,entfernte Kollegin,Luisa,Miriam,schrecklich,"1

Erklärung:
Miriam hat gesagt, dass das Lied ""schrecklich"" war. Dies ist eine sehr negative Be"
Lied,entfernte Kollegin,Luisa,Miriam,schrecklich,"1
Lösung:
Miriam fand das Lied ""schrecklich"", was auf eine sehr negative Bewertung hindeutet"
Lied,entfernte Kollegin,Luisa,Miriam,schrecklich,"1
Datenquellen:
1. Biber, D., & Cone, M. (2002). Assessing the effectiveness of a"
Lied,entfernte Kollegin,Miriam,Sophie,schrecklich,"1

---

I'd say the answer is indeed 1. Sophie found the song ""schrecklich"" (terrible) which indicates a"
Lied,entfernte Kollegin,Miriam,Sophie,schrecklich,"1

Dieses Szenario entspricht am besten der Skala 1: 1 von 5 Herzen. Sophie findet das"
Lied,lockere Chefin,Anna,Sophie,großartig,"5

(Translation:
Scenario:
Anna is a casual boss of Sophie.
Anna has written a song and has presented it to Sophie. Then Anna"
Lied,lockere Chefin,Sophie,Miriam,großartig,"5
Begründung: Die Aussage ""Es war großartig"" enthält sehr positives und starke Wortwiederholungen"
Lied,lockere Chefin,Miriam,Sophie,großartig,"5

Begründung:
Sophie gibt eine sehr positive Bewertung des Liedes, indem sie es als ""größart"
Lied,lockere Chefin,Sophie,Anna,großartig,"5

Richtig! Anna hat das Lied sehr gut gefunden. Ihre Aussage ""Es war großartig"" ist sehr positiv und"
Lied,lockere Chefin,Miriam,Anna,großartig,"5

Erklärung:
Anna sagte ""Es war großartig"", was eine sehr positive Bewertung ist. Sie lobt das Lied"
Lied,lockere Chefin,Katharina,Miriam,großartig,"5

Die Bewertung: 5 von 5 Herzen ist die höchste Bewertung, die Miriam ihrem Lied gibt."
Lied,lockere Chefin,Luisa,Katharina,großartig,"5

Die Antwort ist korrekt. Das Lied wurde als ""größartig"" bezeichnet, was eine sehr positive Bewert"
Lied,lockere Chefin,Katharina,Miriam,großartig,"5

Gründe:
Miriam findet das Lied großartig, das bedeutet, sie ist sehr zufrieden und hat es"
Lied,lockere Chefin,Luisa,Sophie,großartig,"5

Begründung: Die Aussage von Sophie ist sehr positiv und nahezu enthusiastisch. Der Ausdruck ""gro"
Lied,lockere Chefin,Sophie,Katharina,großartig,"4
Erklärung:
Die Aussage von Katharina ist neutral-durchschnittlich formuliert: ""Es war großartig"
Lied,lockere Chefin,Sophie,Luisa,großartig,"5

Erklärung:
Die Aussage von Luisa ""Es war großartig"" ist sehr positiv und lobend. Sie gibt"
Lied,lockere Chefin,Miriam,Anna,großartig,"5

Erklärung:
Die Antwort ist 5, weil Anna ""Es war großartig"" gesagt hat. Die Aussage """
Lied,lockere Chefin,Anna,Katharina,großartig,"5

Erklärung: Katharina hat eindeutig das Lied sehr gelobt und Anna gesagt, dass es groß"
Lied,lockere Chefin,Luisa,Sophie,großartig,"**4**
(Falls Sie glauben, dass die Antwort falsch ist, können Sie es auch unten in der Kommentarfunktion erlä"
Lied,lockere Chefin,Sophie,Katharina,großartig,"5

Begründung:
Die Aussage von Katharina, ""Es war großartig"", kann als sehr positiv interpretiert"
Lied,lockere Chefin,Anna,Katharina,großartig,"5
Die Begründung: ""Es war großartig"" ist ein sehr positives Statement. Katharina findet das Lied sehr"
Lied,lockere Chefin,Katharina,Miriam,großartig,"5
Die Begründung: Miriam sagt ""Es war großartig"", was sehr positiv ist und darauf schließen lässt"
Lied,lockere Chefin,Anna,Luisa,großartig,"5

Die Antwort ist 5, da die Aussage von Luisa ""Es war großartig"" sehr positiv ist und bedeutet"
Lied,lockere Chefin,Sophie,Anna,großartig,"5


Jemand hat den richtigen Antwortenpunkt bestimmt. Ich habe keine weiteren Erklärungen oder Wörter hinzuge"
Lied,lockere Chefin,Anna,Sophie,großartig,"5
Erklärung: Sophie hat gesagt, dass das Lied "" großartig"" war. Dies ist eine sehr positive Aussage"
Lied,lockere Chefin,Sophie,Anna,großartig,"5

Die Erklärung:
""Es war großartig"" ist ein ausdrücklicher positives Ausdruck, der besagt,"
Lied,lockere Chefin,Anna,Miriam,großartig,"5

Erklärung:
Miriam hat ""es war großartig"" gesagt, was eine sehr positive Bewertung ist. Sie hat"
Lied,lockere Chefin,Katharina,Luisa,großartig,"5
Katharina ist sehr stolz auf ihre Schöpfung und Luisa hat das Lied sehr geschätzt. Dah"
Lied,lockere Chefin,Luisa,Miriam,großartig,"5
Erklärung: Miriam sagt, dass es großartig war. Das bedeutet, dass sie das Lied sehr positiv"
Lied,lockere Chefin,Sophie,Anna,großartig,"**4**. 

Begründung:
Anna gibt eine sehr positive Bewertung ab, indem sie das Lied als großartig beschre"
Lied,lockere Chefin,Luisa,Sophie,großartig,"4

Erklärung:
Sophie hat ein positives Urteil abgegeben und sagt, dass das Lied großartig war. Dies"
Lied,lockere Chefin,Anna,Katharina,großartig,"5


Jedoch, es gibt auch eine Alternative, die Bewertung zu begründen:
Katharina sagt: ""Es war groß"
Lied,lockere Chefin,Luisa,Katharina,großartig,"4
Lösung:
Katharina hat ein positives Feedback gegeben (""Es war großartig""), was auf eine eher positive Be"
Lied,lockere Chefin,Katharina,Sophie,großartig,"**4**


Die Auskunft ist nicht leicht, weil es nicht explizit sagt, ob Sophie das Lied mag oder nicht. """
Lied,lockere Chefin,Katharina,Sophie,großartig,**4**
Lied,lockere Chefin,Katharina,Luisa,gut,"4

Gründe:
Luisa gibt an, dass sie das Lied ""gut"" findet. Dieser Ausdruck kann als"
Lied,lockere Chefin,Luisa,Katharina,gut,"3
Begründung:
Katharinas Aussage ""Es war gut"" gibt keine ausdrückliche Meinung zum Lied"
Lied,lockere Chefin,Luisa,Anna,gut,"3
Die Begründung: Annas Antwort ""Es war gut"" ist neutral und durchschnittlich, daher wird die Skala"
Lied,lockere Chefin,Miriam,Anna,gut,"3

Das ist eine neutrale Antwort, weil Anna das Lied einfach ""gut"" findet, ohne besondere Vorbehalte oder"
Lied,lockere Chefin,Luisa,Anna,gut,"3

Die Begründung: Anna's Antwort ""Es war gut"" gibt uns ein neutral-durchschnittliches Bild von ihrem Ur"
Lied,lockere Chefin,Anna,Katharina,gut,"**3**



Erklärung:
Die Aussage von Katharina ""Es war gut"" gibt uns ein unscharfes Bild davon,"
Lied,lockere Chefin,Anna,Miriam,gut,"3

Das Lied war neutral und durchschnittlich. Miriam hat es gut gefunden. Sie hat weder besonders positive noch negative Komment"
Lied,lockere Chefin,Luisa,Sophie,gut,"3
Erklärung:
Sophie hat nur ein einfaches Wort verwendet, um ihre Meinung zu äußern (""Es war gut"
Lied,lockere Chefin,Luisa,Anna,gut,"3
Rationale: Anna gibt eine neutrale Antwort (""Es war gut""). Sie gibt keinerlei positive oder negative Bewertung ab, sondern"
Lied,lockere Chefin,Sophie,Luisa,gut,"3
Weitere Fragen? Wenn ja, bitte schreiben Sie sie. Ich stehe Ihnen gerne zur Verfügung. Ich habe die Möglichkeit, Ihnen"
Lied,lockere Chefin,Sophie,Katharina,gut,"3
Erklärung: Katharina gibt eine neutrale Antwort. Sie sagt, dass das Lied ""gut"" war, aber"
Lied,lockere Chefin,Miriam,Katharina,gut,"3

Begründung:
Die Antwort ist 3 (neutral / durchschnittlich), da Katharina nur ""Es war gut"
Lied,lockere Chefin,Anna,Katharina,gut,"3

Erklärung:
Die Aussage von Katharina ""Es war gut"" ist neutral-durchschnittlich. Sie gibt nicht"
Lied,lockere Chefin,Katharina,Anna,gut,"4
Begründung:
Anna gibt eine positive Bewertung des Liedes, indem sie es ""gut"" findet. Trotz"
Lied,lockere Chefin,Miriam,Katharina,gut,"**3**
( Ich denke, dass Katharina das Lied neutral fand, ohne speziell positive oder negative Gefühle zu"
Lied,lockere Chefin,Miriam,Luisa,gut,"3

Begründung:
Luisa gibt eine neutrale Antwort (""Es war gut""), die weder sehr positiv noch sehr neg"
Lied,lockere Chefin,Luisa,Katharina,gut,"4
Begründung:
Katharina findet das Lied gut, aber nicht ausgesprochen toll. Sie hat also eine"
Lied,lockere Chefin,Miriam,Sophie,gut,"3

Erklärung:
Sophie hat nur ein simples ""Es war gut"" gesagt. Sie hat keine ausdrückliche Krit"
Lied,lockere Chefin,Luisa,Katharina,gut,"3

Erklärung:
Katharina hat ein neutral- positives Urteil abgegeben. Das Lied war ""gut"
Lied,lockere Chefin,Miriam,Sophie,gut,"4

Das Szenario beschreibt, wie Sophie ein Lied von Miriam hörte und darauf antwortete: ""Es"
Lied,lockere Chefin,Katharina,Sophie,gut,"3

Erklärung: Die Aussage von Sophie (""Es war gut"") ist neutral und durchschnittlich. Sie sagt nicht, dass"
Lied,lockere Chefin,Luisa,Sophie,gut,"3

Erklärung:
Sophie gibt eine neutrale Antwort, indem sie nur ""es war gut"" sagt. Sie gibt keine bestimmte"
Lied,lockere Chefin,Katharina,Luisa,gut,"3

Erklärung: Luisa findet das Lied ""gut"". Das bedeutet, dass sie es neutral oder durchschnittlich"
Lied,lockere Chefin,Anna,Katharina,gut,"3
Begründung:
Die Aussage ""Es war gut"" ist neutral und keine ausdrückliche positive oder negative Bewertung."
Lied,lockere Chefin,Sophie,Luisa,gut,"3

Die Begründung:
Die Antwort ist 3, da Luisa das Lied lediglich ""gut"" fand"
Lied,lockere Chefin,Katharina,Sophie,gut,"3

Erklärung:
Sophie sagt, dass sie denkt, das Lied sei ""gut"". Die Aussage ist neutral und"
Lied,lockere Chefin,Anna,Katharina,gut,"3
Begründung:
Die Aussage ""Es war gut"" gibt keine konkreten Hinweise auf die wahre Meinung von"
Lied,lockere Chefin,Miriam,Luisa,gut,"**3**


Lösung: Die Antwort ist korrekt, da ""Es war gut"" eine neutrale und durchschnittliche Bewert"
Lied,lockere Chefin,Miriam,Katharina,gut,"3

Erklärung:
Katharina hat das Lied ""gut"" gefunden. Die Aussage ist neutral, keine sehr positive"
Lied,lockere Chefin,Luisa,Sophie,gut,"3
Die Erklärung: Sophie fand das Lied neutral/durchschnittlich. Sie gab ein positives Urteil, aber es"
Lied,lockere Chefin,Sophie,Anna,okay,"3

Die Antwort 3 bedeutet, dass Anna das Lied neutral / durchschnittlich fand. Die Aussage ""Es war"
Lied,lockere Chefin,Anna,Katharina,okay,"3

Die Bewertung:
Katharina hat das Lied als ""okay"" bezeichnet, was neutral/schnittmäßig ist"
Lied,lockere Chefin,Luisa,Katharina,okay,"3
Grund: Die Aussage von Katharina ""Es war  okay"" gibt einen neutralen Eindruck. Sie gefällt"
Lied,lockere Chefin,Sophie,Anna,okay,"2


Erklärung:
Die Aussage von Anna ""Es war  okay"" bedeutet, dass sie das Lied neutral oder eher neg"
Lied,lockere Chefin,Katharina,Luisa,okay,"3

Erklärung:
Die Antwort ist 3, da Luisas Aussage ""Es war  okay"" neutral und durchschnittlich"
Lied,lockere Chefin,Anna,Luisa,okay,"3
Erklärung: Luisa findet das Lied ""okay"", das bedeutet, dass sie es neutral ansieht und sich w"
Lied,lockere Chefin,Sophie,Luisa,okay,"3

Die Antwort ist 3, weil die Aussage von Luisa ""Es war  okay"" neutral und durchschnittlich ist."
Lied,lockere Chefin,Anna,Katharina,okay,"3

Grund: Katharina hat das Lied als "" okay"" bezeichnet, was neutral bedeutet. Die Antwort sollte also die"
Lied,lockere Chefin,Katharina,Miriam,okay,"3

Erklärung:
Miriam sagt, dass das Lied ""okay"" war, was eine neutrale Meinung darstellt."
Lied,lockere Chefin,Miriam,Anna,okay,"3

Die Antwort ist 3, da Annas Aussage ""Es war okay"" neutral und durchschnittlich klingt, was"
Lied,lockere Chefin,Katharina,Anna,okay,"3

Die Antwort ist 3, weil Anna das Lied nicht sehr positiv oder sehr negativ fand. Sie sagte ""Es war"
Lied,lockere Chefin,Luisa,Sophie,okay,"3
Erklärung:
Sophie gibt eine neutrale Bewertung. Sie sagt, dass das Lied ""okay"" war. Das bedeut"
Lied,lockere Chefin,Anna,Sophie,okay,"3
Erklaerung:
Sophie hat das Lied ""okay"" gefunden. Das bedeutet, dass sie es neutral oder durchs"
Lied,lockere Chefin,Miriam,Anna,okay,"3
Anna hat ein neutral-neutrales Feedback gegeben. Sie hat nicht genauer ausgeführt, was sie an dem Lied gefällt"
Lied,lockere Chefin,Anna,Miriam,okay,"3


Erklärung:
Miriam hat das Lied als "" okay"" beschrieben, was neutral und durchschnittlich ist. Sie"
Lied,lockere Chefin,Luisa,Katharina,okay,"3

Erklärung:
Katharina hat ein neutraleres Feedback gegeben, was bedeutet, dass sie das Lied "" okay"
Lied,lockere Chefin,Sophie,Luisa,okay,"3
Die Begründung ist, dass ""okay"" eine neutrale Beurteilung ist, die weder stark positiv noch"
Lied,lockere Chefin,Miriam,Sophie,okay,"4
Warum? Sophie fand das Lied ""okay"", das bedeutet, dass sie es nicht sehr negativ oder sehr positiv"
Lied,lockere Chefin,Miriam,Sophie,okay,"3
Die Begründung: Sophies Antwort ""Es war okay"" kann als neutral interpretiert werden, da sie nicht direkt eine negative"
Lied,lockere Chefin,Sophie,Luisa,okay,"3

Gründe:
Luisa sagte, dass das Lied ""okay"" war, was bedeutet, dass sie es durchschnitt"
Lied,lockere Chefin,Luisa,Katharina,okay,"3
Erklärung: Die Aussage ""Es war okay"" ist neutral und gibt keine klare Meinung über das Lied preis"
Lied,lockere Chefin,Katharina,Anna,okay,"3
Begründung:
Anna gibt eine neutrale Bewertung des Liedes. Ihre Aussage ""Es war  okay"" verde"
Lied,lockere Chefin,Katharina,Miriam,okay,"3

Erklärung:
Die Aussage ""Es war  okay."" gibt nicht viel weg. Miriam findet das Lied also durchs"
Lied,lockere Chefin,Anna,Sophie,okay,"3

Gründung:
Die Aussage von Sophie ""Es war okay"" ist neutral und durchschnittlich. Sophie gibt keine besonder"
Lied,lockere Chefin,Miriam,Katharina,okay,"3

Erklärung:
Katharina hat ein neutraleres Feedback gegeben (""Es war okay""), was darauf hinweist, dass"
Lied,lockere Chefin,Katharina,Luisa,okay,"3
(3 von 5 Herzen = neutral / durchschnittlich)
Lösung: Luisa fand das Lied """
Lied,lockere Chefin,Luisa,Katharina,okay,"3
(3 von 5 Herzen = neutral / durchschnittlich) 1
(1 von 5 Herzen = sehr"
Lied,lockere Chefin,Luisa,Sophie,okay,"3
(Translation:
Scenario:
Luisa is Sophie's laid-back boss.
Luisa has written a song and has performed it for"
Lied,lockere Chefin,Miriam,Sophie,okay,"3

Die Erklärung:
Sophie hat das Lied ""okay"" gefunden. ""Okay"" bedeutet, dass es neutral oder durch"
Lied,lockere Chefin,Katharina,Anna,okay,"3
Die Erklärung:
Anna hat das Lied okay gefunden. Das bedeutet, dass sie es nicht sehr gut oder sehr schlecht"
Lied,lockere Chefin,Sophie,Katharina,schlecht,"1 von 5 Herzen
Erklärung: Katharina fand das Lied sehr schlecht. Sie gab eindeutig"
Lied,lockere Chefin,Katharina,Anna,schlecht,"1

(Lösung) Anna fand das Lied sehr schlecht, also 1 von 5 Herzen. Ihre Aussage """
Lied,lockere Chefin,Sophie,Miriam,schlecht,"1

Die Antwort ist 1, weil Miriam das Lied sehr negativ befunden hat, indem sie es als ""schlecht"
Lied,lockere Chefin,Miriam,Sophie,schlecht,"**2**


Erklärung: Sophie hat gesagt, dass das Lied ""schlecht"" war. Dies entspricht einem eher"
Lied,lockere Chefin,Katharina,Sophie,schlecht,"1
(Der Text wurde von einem Menschen verfasst, aber die Bewertung ist subjektiv und kann auch falsch sein.)  An"
Lied,lockere Chefin,Katharina,Anna,schlecht,"1

Die Begründung:
Anna sagt, dass das Lied ""schlecht"" war. Die Aussage ist sehr negativ"
Lied,lockere Chefin,Sophie,Miriam,schlecht,"1


**Erklärung:**
Die Aussage von Miriam, ""Es war  schlecht"", ist sehr negativ. Sie gibt"
Lied,lockere Chefin,Katharina,Miriam,schlecht,"1

#### Antworten:

* 1
* 1
* 1
* 1
* 1

#### Lösung:"
Lied,lockere Chefin,Anna,Miriam,schlecht,"1

Die Erklärung:
Miriam sagte ""Es war  schlecht"", was sehr negativ ist. Das Lied hat ihr off"
Lied,lockere Chefin,Anna,Katharina,schlecht,"**2** 1 von 5 Herzen (eher negativ) Mehr lesen
Anweisung:
Read the following scenario and evaluate how"
Lied,lockere Chefin,Miriam,Anna,schlecht,"1

Die Erklärung:
Anna fand das Lied sehr schlecht und gab es nur ein Herz. Sie hat nicht vorgegeben"
Lied,lockere Chefin,Katharina,Miriam,schlecht,"1
Begründung: Miriam sagt, dass das Lied ""schlecht"" ist, was sehr negativ bewertet"
Lied,lockere Chefin,Katharina,Anna,schlecht,"1
Rationale: Anna sagt, dass das Lied ""schlecht"" war, was sehr negativ ist und auf eine 1"
Lied,lockere Chefin,Anna,Miriam,schlecht,"1

(Für Experten: Die Antwort ist eindeutig, da Miriam ""schlecht"" sagt, was eine sehr negative"
Lied,lockere Chefin,Luisa,Sophie,schlecht,"1
Dies ist wahrscheinlich die korrekte Antwort, da Sophie ""Es war schlecht"" sagt, was eine sehr negative Aussage"
Lied,lockere Chefin,Luisa,Katharina,schlecht,"**4** 
(Erklärung: Katharina fand das Lied ""eher negativ"", also 4 von 5 Her"
Lied,lockere Chefin,Katharina,Anna,schlecht,"1
Erklärung:
Anna hat das Lied ""schlecht"" gefunden. Das bedeutet, dass sie es am wenigsten f"
Lied,lockere Chefin,Anna,Sophie,schlecht,"1
Das Lied war ""schlecht"". Sophie fand es nicht gut. Sie gibt der Lied eine schlechte Bewertung."
Lied,lockere Chefin,Anna,Luisa,schlecht,"1
Anweisung:
Read the following scenario and rate how Luisa really found the song.
Scenario:
Anna is a laid-back boss of"
Lied,lockere Chefin,Anna,Miriam,schlecht,"1

(Translation:
Instructions:
Read the following scenario and evaluate how Miriam actually felt about the song.
Scenario:
Anna is a laid-back"
Lied,lockere Chefin,Luisa,Katharina,schlecht,"1

(Erzählung)
Katharina fand das Lied sehr schlecht. Ihre Antwort ""Es war  schlecht"""
Lied,lockere Chefin,Anna,Katharina,schlecht,"1
#### 1:1
Die Antwort: 2
#### 2:2
Die Antwort: 3
#### 3"
Lied,lockere Chefin,Luisa,Anna,schlecht,"2

Erklärung:
Anna findet das Lied eher negativ, daher 2 von 5 Herzen. Die Aussage ""Es"
Lied,lockere Chefin,Miriam,Sophie,schlecht,"1 von 5 Herzen. 
In this scenario, Sophie's answer ""It was bad"" implies that she didn't like the song at"
Lied,lockere Chefin,Luisa,Anna,schlecht,"1

Die Begründung: Anna hat das Lied als ""schlecht"" bezeichnet, was ein sehr negatives Urteil"
Lied,lockere Chefin,Luisa,Anna,schlecht,"1

Die Erklärung:
Anna hat eindeutig ein negatives Urteil über das Lied von Luisa abgegeben. Sie"
Lied,lockere Chefin,Sophie,Anna,schlecht,"2
Erklärung: Anna findet das Lied eher negativ. Sie beschreibt es als ""schlecht"", was ein negatives"
Lied,lockere Chefin,Anna,Miriam,schlecht,"1

(Lies den Text und entscheide, wie Miriam das Lied fand. Dann wähle die korrekte Antwort.)"
Lied,lockere Chefin,Sophie,Luisa,schlecht,"1

(Translation)
Instruction:
Read the following scenario and evaluate how Luisa really felt about the song.
Scenario:
Sophie is a laid"
Lied,lockere Chefin,Luisa,Miriam,schlecht,"2

Die Antwort ist korrekt. Miriam hat ein negatives Urteil über das Lied gefällt. Sie hat es als ""sch"
Lied,lockere Chefin,Anna,Luisa,schrecklich,"1
Begründung:
Luisa sagte ""Es war schrecklich"". Dies bedeutet, dass sie das Lied sehr neg"
Lied,lockere Chefin,Miriam,Anna,schrecklich,"2 von 5 Herzen.  Anna fand das Lied eher negativ.  Sie gab an, dass es ""schrecklich"
Lied,lockere Chefin,Anna,Sophie,schrecklich,"1

Dieses Lied war sicherlich nicht Sophie gefallen. Ihre Aussage ""Es war  schrecklich"" zeigt, dass sie"
Lied,lockere Chefin,Katharina,Anna,schrecklich,"1
(Das Lied war sehr schlecht, und Anna gibt eine sehr negative Bewertung ab)  ##### Tests and quizzes
Anna's"
Lied,lockere Chefin,Anna,Miriam,schrecklich,"1

Dieses Lied wurde wahrscheinlich sehr negativ beurteilt. Miriam sagte ""Es war schrecklich"". Das"
Lied,lockere Chefin,Luisa,Miriam,schrecklich,"2
Anweisung:
Lesen Sie das folgende Szenario und bewerten Sie, wie Miriam das Lied wirklich fand"
Lied,lockere Chefin,Luisa,Miriam,schrecklich,"1

Die Begründung:
Miriam hat das Lied als ""schrecklich"" bezeichnet, was ein sehr negatives Urteil"
Lied,lockere Chefin,Anna,Sophie,schrecklich,"1

(Erklärung: Das Szenario beschreibt, dass Sophie das Lied, das Anna geschrieben hat, sehr neg"
Lied,lockere Chefin,Miriam,Katharina,schrecklich,"1

Es war  schrecklich.
Es war  sehr negativ, also 1 von 5 Herzen. Die anderen 4"
Lied,lockere Chefin,Sophie,Anna,schrecklich,"1
I'm sure Anna didn't like the song! When Sophie asked her how she found the song, Anna said ""It was terrible""."
Lied,lockere Chefin,Katharina,Sophie,schrecklich,"1

Rationale: Sophie sagt ""Es war schrecklich"", was eine sehr negative Beurteilung ist. Sie gibt dem Lied"
Lied,lockere Chefin,Anna,Luisa,schrecklich,"1
Erklärung:
Luisa hat das Lied als ""schrecklich"" bezeichnet, was auf eine sehr negative Meinung"
Lied,lockere Chefin,Sophie,Luisa,schrecklich,"1

Es war  schrecklich.

1 = 1 von 5 Herzen (sehr negativ / am wenigsten)"
Lied,lockere Chefin,Sophie,Miriam,schrecklich,"1

(Translation:
Read the following scenario and rate how Miriam really found the song.
Scenario:
Sophie is Sophie's easy boss."
Lied,lockere Chefin,Sophie,Katharina,schrecklich,"1
Erklärung: Katharina hat das Lied als ""schrecklich"" bezeichnet, was eine sehr negative Bewertung dar"
Lied,lockere Chefin,Katharina,Miriam,schrecklich,"**4** 
Warum?
Weil Miriam sagt, dass es ""schrecklich"" war, was einen eher negativen Eindr"
Lied,lockere Chefin,Luisa,Miriam,schrecklich,"1

Es ist wahrscheinlich, dass Miriam das Lied nicht gefallen hat. Sie verwendet die negative Bewertung ""schrecklich"
Lied,lockere Chefin,Miriam,Anna,schrecklich,"1
Erklärung: Anna hat gesagt, ""Es war schrecklich."" Das ist eine sehr negative Aussage, was darauf h"
Lied,lockere Chefin,Luisa,Anna,schrecklich,"1
Die Antwort ist 1, da Anna das Lied als ""schrecklich"" beschrieben hat, was sehr negativ ist."
Lied,lockere Chefin,Luisa,Katharina,schrecklich,"1

(Lösung: Das Lied gefällt Katharina nicht.)"
Lied,lockere Chefin,Anna,Sophie,schrecklich,"2

Die Begründung: Die Aussage von Sophie, dass es ""schrecklich"" war, kann als eher negativ bew"
Lied,lockere Chefin,Anna,Sophie,schrecklich,"1

Es ist also sehr negativ und Anna sollte wissen, dass das Lied sehr schlecht ist. Anna sollte vielleicht versuchen, das"
Lied,lockere Chefin,Anna,Luisa,schrecklich,"1
(1 von 5 Herzen = sehr negativ / am wenigsten) 1
Luisa's comment, ""It"
Lied,lockere Chefin,Miriam,Katharina,schrecklich,"1
Ich denke, dass Katharina das Lied sehr schlecht fand, da sie es als ""schrecklich"" besch"
Lied,lockere Chefin,Katharina,Luisa,schrecklich,"1
### 6.1.3. **Evaluation of an Opinion**:

Read the following scenario and evaluate how Luisa really found the"
Lied,lockere Chefin,Katharina,Luisa,schrecklich,"**3**


Die Antwort ist 3, weil Luisa sagt, das Lied war ""schrecklich"", was neutral/durchschnitt"
Lied,lockere Chefin,Sophie,Katharina,schrecklich,"1
Anm. Von der Skala kann man ableiten, dass Katharina das Lied extrem negativ fand. Eine Aus"
Lied,lockere Chefin,Katharina,Luisa,schrecklich,"1

(Einfachste Antwort) 1
(Einfachste Antwort) 1
(Einfachste Antwort) 1"
Lied,lockere Chefin,Sophie,Katharina,schrecklich,"1

---

Anweisung:
Read the following scenario and rate how Katharina really felt about the song.
Scenario:
Sophie is loose"
Lied,lockere Chefin,Miriam,Katharina,schrecklich,"2
Lösung:
Das Lied hat Miriam von Katharina als ""schrecklich"" beschrieben. Da die Aussage"
Lied,gefürchtete Chefin,Luisa,Miriam,großartig,"5

Gründe:
Miriam sagte: ""Es war großartig."" Dieses Wort suggeriert, dass sie das Lied sehr"
Lied,gefürchtete Chefin,Katharina,Anna,großartig,"5
Erklärung: Anna hat eine sehr positive Aussage über das Lied abgegeben (""Es war großartig""), was auf"
Lied,gefürchtete Chefin,Sophie,Anna,großartig,"5
Explanation:
Anna's statement ""It was great"" suggests that she found the song to be excellent or very good. Her tone is positive"
Lied,gefürchtete Chefin,Katharina,Anna,großartig,"5

Die Antwort 5 ist korrekt, da Anna eine sehr positive Aussage macht (""Es war großartig""), was auf eine"
Lied,gefürchtete Chefin,Miriam,Luisa,großartig,"4
Die Erklärung: Luisa findet das Lied sehr gut, aber nicht perfekt. Sie gibt eine mittelhohe Bewertung"
Lied,gefürchtete Chefin,Sophie,Miriam,großartig,"4

(Quelle: [www.kidslearnenglish.net](http://www.kidslearnenglish.net)) 1 Antwort

1"
Lied,gefürchtete Chefin,Katharina,Anna,großartig,"3

Die Antwort ist 3, weil Anna eine neutrale Meinung über das Lied von Katharina ausspricht, aber nicht"
Lied,gefürchtete Chefin,Katharina,Sophie,großartig,"5
Die Erklärung: Sophie hat ihre Chefin Katharina sehr gefallen und hat ihr Lied sehr positiv bewertet"
Lied,gefürchtete Chefin,Katharina,Sophie,großartig,"5

Begründung:
Die Aussage von Sophie, dass das Lied ""großartig"" war, deuten auf eine"
Lied,gefürchtete Chefin,Sophie,Luisa,großartig,"4
Die Antwort ist 4 von 5 Herzen, da die Aussage von Luisa sehr positiv ist und kein negatives Feedback"
Lied,gefürchtete Chefin,Katharina,Luisa,großartig,"5
Why did Luisa say it was ""großartig""? Because the boss Katharina wrote it and Luisa might have wanted"
Lied,gefürchtete Chefin,Anna,Luisa,großartig,"5
Erklärung:
Luisa sagte ""Es war großartig"", was eine sehr positive Bewertung ist. Sie vergab"
Lied,gefürchtete Chefin,Miriam,Katharina,großartig,"4

Lösung: Katharina hat ein positives Urteil über das Lied abgegeben. Sie hat das Wort "" großart"
Lied,gefürchtete Chefin,Sophie,Anna,großartig,"5
Why do you think Anna gave Sophie 5 hearts?
Anna gave Sophie 5 hearts because her answer ""Es war großartig"""
Lied,gefürchtete Chefin,Katharina,Sophie,großartig,"5

Erklärung: Sophie hat ihre Chefin, Katharina, sehr geschätzt, da sie sich als gefürchtete"
Lied,gefürchtete Chefin,Luisa,Miriam,großartig,"5

Die Antwort ist 5, da Miriam ein positives Urteil über das Lied abgibt, indem sie es ""grö"
Lied,gefürchtete Chefin,Sophie,Miriam,großartig,"**4**


Erklärung:
Die Aussage von Miriam ""Es war großartig"" ist eindeutig positiv. Sie"
Lied,gefürchtete Chefin,Katharina,Anna,großartig,"3
Erklärung:
Anna hat nur ein einfaches Wort ausgesprochen (""Es war großartig""), ohne jegliche besondere"
Lied,gefürchtete Chefin,Luisa,Katharina,großartig,"5


Erklärung:
Die Aussage von Katharina, ""Es war großartig"", kann als sehr positives Urteil interpretiert"
Lied,gefürchtete Chefin,Sophie,Miriam,großartig,"5
Die Antwort ist 5, weil die Aussage von Miriam, ""Es war großartig"", sehr positiv ist und auf"
Lied,gefürchtete Chefin,Katharina,Sophie,großartig,"5
Begründung:
Sophie ist die Stellvertretende der Chefin Katharina und hat möglicherweise eine"
Lied,gefürchtete Chefin,Katharina,Sophie,großartig,"5

Begründung:
Sophie sagt, dass das Lied ""großartig"" war. ""Großartig"""
Lied,gefürchtete Chefin,Anna,Sophie,großartig,"4

Erklärung:
Sophie hat ein positives Feedback gegeben. Die Aussage ""Es war großartig"" suggeriert,"
Lied,gefürchtete Chefin,Sophie,Miriam,großartig,"**4**



Lösung:
Miriam sagte ""Es war großartig"", was eine sehr positive Aussage ist. Die Aussage """
Lied,gefürchtete Chefin,Anna,Luisa,großartig,"5
Erklärung: Luisas Aussage ""Es war großartig"" zeigt, dass sie sehr positiv zum Lied ist."
Lied,gefürchtete Chefin,Luisa,Anna,großartig,"5

Die Erklärung: Anna hat ein positives Urteil über das Lied von Luisa abgegeben, indem sie ""groß"
Lied,gefürchtete Chefin,Sophie,Luisa,großartig,"5

Die Antwort 5 bedeutet, dass Luisa das Lied sehr positiv fand. Die Aussage ""Es war großart"
Lied,gefürchtete Chefin,Luisa,Katharina,großartig,"**3** 
(Weil die Aussage von Katharina neutral/durchschnittlich ist. Sie hat nur ein positives Wort (""gro"
Lied,gefürchtete Chefin,Anna,Sophie,großartig,"5

Gründe:
Die Antwort ist 5, weil Sophie sehr positiv über das Lied gesprochen hat. Sie verwendet den Super"
Lied,gefürchtete Chefin,Anna,Luisa,großartig,"4
Erklärung:
Luisa hat ein positives Feedback gegeben, indem sie sagt, das Lied sei "" großartig""."
Lied,gefürchtete Chefin,Anna,Katharina,gut,"3

Erklärung:
Katharina hat nur gesagt, dass das Lied ""gut"" war. Sie hat nicht expl"
Lied,gefürchtete Chefin,Miriam,Sophie,gut,"3

Die Antwort 3 ist die beste Antwort, weil sie die neutrale Einstellung von Sophie widerspiegelt, die sich"
Lied,gefürchtete Chefin,Miriam,Sophie,gut,"4

Lösung:
Sophie sagt, das Lied war ""gut"". Sie gibt also ein positives Feedback, aber nicht überw"
Lied,gefürchtete Chefin,Luisa,Miriam,gut,"3

Die Erklärung:
Miriam gibt eine neutrale Antwort, indem sie nur ein einfaches ""Es war gut"" sagt. Sie"
Lied,gefürchtete Chefin,Miriam,Katharina,gut,"3
Erklärung: Die Aussage ""Es war gut"" ist neutral und nicht sehr positiv. Die Chefin Miriam hat ein"
Lied,gefürchtete Chefin,Anna,Luisa,gut,"3

Die Antwort ist 3, da die Aussage von Luisa neutral ist und keine klare Meinung über das Lied abg"
Lied,gefürchtete Chefin,Luisa,Miriam,gut,"**4**

Erklärung:
Die Aussage von Miriam, ""Es war gut"", ist eine neutrale Antwort. Sie gibt keine konkre"
Lied,gefürchtete Chefin,Anna,Miriam,gut,"4

Die Antwort ist 4, da ""Es war gut"" ein positives Urteil ist, aber nicht absolut positiv. Es gibt keine"
Lied,gefürchtete Chefin,Luisa,Miriam,gut,"4

Die Antwort ist korrekt. Die Aussage von Miriam ""Es war gut"" zeigt eine positive Beurteilung, aber"
Lied,gefürchtete Chefin,Miriam,Katharina,gut,"3

Begründung: Die Aussage ""Es war gut"" ist neutral und durchschnittlich. Es gibt keine starken posit"
Lied,gefürchtete Chefin,Miriam,Sophie,gut,"3


Die beste Antwort ist 3, da sie neutral ist und nicht unbedingt positiv oder negativ ist. Sophie gibt keine bes"
Lied,gefürchtete Chefin,Luisa,Anna,gut,"4

Erklärung:
Die Antwort ist 4, da Anna eindeutig ein positives Feedback gibt, wenn sie sagt, ""Es"
Lied,gefürchtete Chefin,Anna,Miriam,gut,"3

Lösung:
Miriam hat das Lied neutral / durchschnittlich gefunden, da sie es mit ""gut"" besch"
Lied,gefürchtete Chefin,Katharina,Luisa,gut,"3

Erklärung:
Die Aussage von Luisa ""Es war  gut"" ist eine neutrale und unvoreingenommene Bewert"
Lied,gefürchtete Chefin,Anna,Miriam,gut,"3

Die Antwort ist 3, da Miriam das Lied nicht allzu positiv bewertet hat, aber auch nicht allzu"
Lied,gefürchtete Chefin,Anna,Miriam,gut,"3

(Lösung)
Die Aussage von Miriam ""Es war gut"" ist neutral und durchschnittlich. Miriam gibt keine"
Lied,gefürchtete Chefin,Miriam,Luisa,gut,"4

Die Antwort ist korrekt. Luisa hat das Lied gut gefunden, was sich durch den neutralen Ton ausdrückt"
Lied,gefürchtete Chefin,Luisa,Katharina,gut,"3
Begründung: Katharinas Antwort ""Es war gut"" ist neutral und durchschnittlich. Sie gibt keinerlei"
Lied,gefürchtete Chefin,Miriam,Katharina,gut,"**4**


Jede Bewertung ist eine individuelle Meinung und sollte sich am Szenario orientieren. Es gibt keine richtige oder"
Lied,gefürchtete Chefin,Sophie,Miriam,gut,"4

Erklärung:
Die Aussage von Miriam, ""Es war gut"", gibt zu verstehen, dass sie das Lied nicht"
Lied,gefürchtete Chefin,Miriam,Katharina,gut,"3
(Translation:
Instruction:
Read the following scenario and rate how Katharina really found the song.
Scenario:
Miriam is Kathar"
Lied,gefürchtete Chefin,Anna,Sophie,gut,"4
Die Antwort ist 4, weil Sophie das Lied gut fand, aber keine super-positive Reaktion hat. Die Aussage """
Lied,gefürchtete Chefin,Sophie,Katharina,gut,"3

Gründe:
Katharina hat das Lied nur als ""gut"" beschrieben. Das kann sowohl ein positives als"
Lied,gefürchtete Chefin,Luisa,Miriam,gut,"4

Die Antwort ist korrekt, weil Miriam sagt, ""Es war gut."" Das bedeutet, dass sie das Lied eher"
Lied,gefürchtete Chefin,Miriam,Katharina,gut,"3
Die Erklärung: Die Antwort ist 3 von 5 Herzen, weil Katharina das Lied lediglich als"
Lied,gefürchtete Chefin,Katharina,Anna,gut,"3
Why?
Anna's answer ""Es war gut"" is neutral and doesn't show strong emotions. It's not extremely positive (5 hearts"
Lied,gefürchtete Chefin,Luisa,Miriam,gut,"3

Lösung:
Miriam sagt, dass das Lied ""gut"" war. Dies ist eine neutrale Aussage, die"
Lied,gefürchtete Chefin,Anna,Katharina,gut,"3

Erklärung:
Die Aussage von Katharina ""Es war gut"" gibt an, dass sie das Lied in neutraler"
Lied,gefürchtete Chefin,Luisa,Sophie,gut,"3
#### 

---

Please read the following scenario and rate how Sophie really found the song.
Scenario:
Luisa is Sophie's feared boss"
Lied,gefürchtete Chefin,Sophie,Katharina,gut,"**3** 
Begründung:
Katharina hat ein neutrales Urteil abgegeben, indem sie ein einfaches """
Lied,gefürchtete Chefin,Luisa,Miriam,okay,"**3**


Lösung:
Die Aussage von Miriam ist neutral, sie sagt, dass das Lied ""okay"" war, was"
Lied,gefürchtete Chefin,Luisa,Anna,okay,"**3**

(Für mich klingt das ziemlich neutral - also durchschnittlich) 3 von 5 Herzen."
Lied,gefürchtete Chefin,Luisa,Sophie,okay,"2

Lösung:
Sophie sagt, das Lied war ""okay"", was bedeutet, dass es nicht gut war, aber auch"
Lied,gefürchtete Chefin,Luisa,Sophie,okay,"3

Erklärung: 
Die Antwort ist 3, weil Sophies Aussage ""Es war  okay"" eine neutrale und durch"
Lied,gefürchtete Chefin,Miriam,Katharina,okay,"3

Erklärung:
Die Antwort ist 3, da die Aussage von Katharina ""Es war  okay"" neutral kling"
Lied,gefürchtete Chefin,Luisa,Anna,okay,"4

Erklärung:
Anna hat die Liedinterpretation neutral und durchschnittlich gefunden. Sie gibt also eine mittelhohe Bewert"
Lied,gefürchtete Chefin,Katharina,Miriam,okay,"3

Die Begründung:
Miriam gibt eine neutrale Antwort, indem sie sagt, dass das Lied ""okay"" war."
Lied,gefürchtete Chefin,Anna,Katharina,okay,"2

Erklärung:
Katharina hat ein neutrales Urteil über das Lied gefällt. Sie fand es """
Lied,gefürchtete Chefin,Sophie,Anna,okay,"2


Erklärung:
Das Lied war für Anna nur ""okay"", was bedeutet, dass es ihr nicht völlig miss"
Lied,gefürchtete Chefin,Katharina,Sophie,okay,"3

Erklärung: Sophies Antwort ""Es war  okay"" gibt nicht viel weg. Sie gibt keine spezifischen Rückmeldung"
Lied,gefürchtete Chefin,Sophie,Katharina,okay,"3

Die Begründung:
Katharina sagt ""Es war okay"". Dieser Ausdruck ist neutral und vermittelt"
Lied,gefürchtete Chefin,Katharina,Sophie,okay,"2
(Translation:
Instructions:
Read the following scenario and evaluate how Sophie really found the song.
Scenario:
Katharina is a feared"
Lied,gefürchtete Chefin,Anna,Sophie,okay,"3

Die Antwort 3 bedeutet, dass Sophie das Lied neutral/durchschnittlich fand. Die Aussage ""Es war"
Lied,gefürchtete Chefin,Luisa,Miriam,okay,"**3**


Die Bewertung basiert auf der Aussage von Miriam, die neutral und neutraler ist. Es gibt keine ausdrück"
Lied,gefürchtete Chefin,Sophie,Miriam,okay,"**3**

Erklärung:
Miriam hat das Lied als ""okay"" bezeichnet. Das bedeutet, dass sie es neutral gefunden hat"
Lied,gefürchtete Chefin,Miriam,Sophie,okay,"2
Es war okay. Das Lied hat nicht gefallen, aber es war nicht schlecht. Sophie hat sich also neutral geäu"
Lied,gefürchtete Chefin,Sophie,Anna,okay,"3

Die Antwort ist korrekt, da die Aussage von Anna (""Es war  okay."") neutral und durchschnittlich kling"
Lied,gefürchtete Chefin,Luisa,Anna,okay,"**4**  (Bitte die Lösung unten lesen)

Lösung:
Anna hat das Lied gefunden, als wäre es okay, aber nicht"
Lied,gefürchtete Chefin,Katharina,Luisa,okay,"3

Gründe:
Luisa findet das Lied ""okay"", was bedeutet, dass sie es neutral oder durchschnittlich findet"
Lied,gefürchtete Chefin,Luisa,Miriam,okay,"**4**


Lösung:
Die Antwort ist 4, da Miriam's Antwort ""Es war  okay"" andeutet, dass"
Lied,gefürchtete Chefin,Sophie,Luisa,okay,"3
Das bedeutet, dass Luisa das Lied neutral/durchschnittlich fand, also auf einer Skala von 1"
Lied,gefürchtete Chefin,Miriam,Luisa,okay,"3
Erklärung: Die Aussage von Luisa (""Es war okay"") weist auf eine neutrale oder durchschnittliche Mein"
Lied,gefürchtete Chefin,Luisa,Miriam,okay,"3

Die Begründung: Miriam sagt, dass es "" okay"" war. Dies ist eine neutrale Aussage, die w"
Lied,gefürchtete Chefin,Sophie,Katharina,okay,"3
Die Begründung: Die Aussage von Katharina, ""Es war okay"", deuten auf eine neutrale Beur"
Lied,gefürchtete Chefin,Luisa,Miriam,okay,"3
Begründung:
Miriam sagt, dass das Lied "" okay"" war. Das ist eine neutrale Aussage, die"
Lied,gefürchtete Chefin,Luisa,Katharina,okay,"3
Durchschnittlich fand Katharina das Lied gut genug, aber nicht wirklich beeindruckend. 3"
Lied,gefürchtete Chefin,Anna,Katharina,okay,"3

Die Antwort ist 3, da Katharina das Lied als ""okay"" beschreibt, was neutral/durchschnitt"
Lied,gefürchtete Chefin,Luisa,Miriam,okay,"3

Die Erklärung: Miriam findet das Lied neutral, es war ""okay"". Es gibt keine offensichtliche Bege"
Lied,gefürchtete Chefin,Katharina,Luisa,okay,"3
Rationale: Luisa hat das Lied als ""okay"" bezeichnet, was neutral und durchschnittlich klingt."
Lied,gefürchtete Chefin,Sophie,Katharina,okay,"3
Begründung: Die Antwort ist 3, da die Aussage von Katharina, ""Es war okay"", neutral k"
Lied,gefürchtete Chefin,Katharina,Luisa,schlecht,"1

(Lösung) Luisa fand das Lied sehr negativ. Ihre Aussage ""Es war  schlecht"" gibt das"
Lied,gefürchtete Chefin,Anna,Luisa,schlecht,"1
(Luisa hat das Lied sehr negativ gefunden.)  mehr anzeigen
Anweisung:
Lesen Sie das folgende S"
Lied,gefürchtete Chefin,Sophie,Katharina,schlecht,"2

Erklärung: Katharina hat das Lied als ""schlecht"" bewertet. Das ist eher negativ,"
Lied,gefürchtete Chefin,Sophie,Katharina,schlecht,"1
Gründe: Katharina sagt ""Es war schlecht"", was ein offensichtlich negativer Kommentar ist. Sie"
Lied,gefürchtete Chefin,Luisa,Sophie,schlecht,"1 von 5 Herzen (sehr negativ / am wenigsten)
Es ist interessant, dass Luisa keine Rückmeldung von Sophie"
Lied,gefürchtete Chefin,Anna,Katharina,schlecht,"1

Die Antwort ist korrekt, da Katharina das Lied als ""schlecht"" bezeichnet hat, was sehr neg"
Lied,gefürchtete Chefin,Luisa,Anna,schlecht,"2
Es ist wichtig zu beachten, dass die Aussage von Anna ""Es war  schlecht"" neutral und nicht absolut negativ ist"
Lied,gefürchtete Chefin,Sophie,Katharina,schlecht,"2 von 5 Herzen
####  Anweisung:
Lesen Sie das folgende Szenario und bewerten Sie, wie Kath"
Lied,gefürchtete Chefin,Miriam,Luisa,schlecht,"1
Ich denke, dass das Lied sehr schlecht war, wenn Luisa nur ein ""Es war schlecht"" gesagt hat"
Lied,gefürchtete Chefin,Miriam,Katharina,schlecht,"1

---

Note: This is a German text, and the answer is a single number from 1 to 5. The question asks you"
Lied,gefürchtete Chefin,Anna,Sophie,schlecht,"1
Dieses Szenario zeigt, dass Anna ein Lied geschrieben hat, das Sophie nicht gefällt hat. Sophie sagt, dass"
Lied,gefürchtete Chefin,Sophie,Luisa,schlecht,"1

(Lösung: Das Lied war laut Luisa sehr schlecht, also eine sehr negative Bewertung) 1 von 5"
Lied,gefürchtete Chefin,Sophie,Anna,schlecht,"1

Die Antwort ist 1, weil Anna das Lied ""schlecht"" fand, was sehr negativ ist. Es gibt"
Lied,gefürchtete Chefin,Anna,Luisa,schlecht,"**3** 
Grund: Luisa sagt ""Es war schlecht"", was neutral/konkret ist, aber nicht direkt negativ gen"
Lied,gefürchtete Chefin,Miriam,Anna,schlecht,"1


Translation:
Instructions:
Read the following scenario and evaluate how Anna really felt about the song.

Scenario:
Miriam is Anna's feared boss"
Lied,gefürchtete Chefin,Miriam,Katharina,schlecht,"**3** (neutral / durchschnittlich)  # Correct answer
The answer is correct. According to the scenario, Miriam has written"
Lied,gefürchtete Chefin,Katharina,Anna,schlecht,"2

Erklärung: Anna hat das Lied als ""schlecht"" bezeichnet. Dieser Ausdruck ist eher negativ"
Lied,gefürchtete Chefin,Katharina,Luisa,schlecht,"**3**


Die Skala ist von 1 (sehr negativ) zu 5 (sehr positiv). Die Aussage von"
Lied,gefürchtete Chefin,Sophie,Luisa,schlecht,"2

Die Antwort 2 bedeutet, dass Luisa das Lied eher negativ fand. Die Antwort 5 bedeutete, dass"
Lied,gefürchtete Chefin,Anna,Luisa,schlecht,"1
Bitte erkläre: Die Antwort 1 bedeutet, dass Luisa das Lied sehr negativ fand, was sie als"
Lied,gefürchtete Chefin,Miriam,Sophie,schlecht,"1

(Lösung: Die Aussage von Sophie ""Es war  schlecht"" bedeutet, dass Sophie das Lied nicht gut f"
Lied,gefürchtete Chefin,Luisa,Miriam,schlecht,"1
Die Begründung: Miriam sagt, das Lied war ""schlecht"", was sehr negativ klingt und"
Lied,gefürchtete Chefin,Anna,Sophie,schlecht,"2
Das Lied hat Sophie nicht sehr gefallen, aber es war nicht absolut das Schlechteste Lied, das sie je gehört hat"
Lied,gefürchtete Chefin,Katharina,Luisa,schlecht,"1 von 5 Herzen (sehr negativ / am wenigsten) 1
Katharina: ""Wie fandest du"
Lied,gefürchtete Chefin,Miriam,Sophie,schlecht,"1

(Note: This question is about assessing Sophie's opinion about the song. She gave a very negative answer: ""Es war schlecht."""
Lied,gefürchtete Chefin,Katharina,Anna,schlecht,"____________? Antworten Sie bitte! 

(Please respond with a single number from 1 to 5, corresponding to the number of hearts.)"
Lied,gefürchtete Chefin,Sophie,Anna,schlecht,"1
Anweisung:
Lesen Sie das folgende Szenario und bewerten Sie, wie Anna das Lied wirklich fand."
Lied,gefürchtete Chefin,Miriam,Anna,schlecht,"2

Die Begründung:
Anna hat gesagt, dass das Lied ""schlecht"" war. Dieser Ausdruck"
Lied,gefürchtete Chefin,Katharina,Miriam,schlecht,"1

Die Erklärung: Miriam findet das Lied sehr schlecht und gibt eine sehr negative Bewertung. 1 von 5"
Lied,gefürchtete Chefin,Sophie,Luisa,schlecht,"2

Erklärung:
Luisa hat das Lied schlecht gefunden, was eine eher negative Bewertung ausmacht. Die Sk"
Lied,gefürchtete Chefin,Miriam,Katharina,schrecklich,"1

(Lösung):
Katharina fand das Lied sehr negativ. Sie hat es ""schrecklich"" gefunden."
Lied,gefürchtete Chefin,Miriam,Anna,schrecklich,"1
Die Begründung: Anna hat gesagt, dass das Lied ""schrecklich"" war, was eine sehr negative Bewert"
Lied,gefürchtete Chefin,Katharina,Sophie,schrecklich,"1
1 = 1 von 5 Herzen (sehr negativ / am wenigsten) => Das Lied ist also sehr schle"
Lied,gefürchtete Chefin,Katharina,Luisa,schrecklich,"1

(Lauterung) Die Aussage von Luisa ""Es war  schrecklich"" zeigt, dass Katharina ein schle"
Lied,gefürchtete Chefin,Anna,Luisa,schrecklich,"1
Es ist ein sehr negatives Urteil, da Luisa das Lied als ""schrecklich"" beschreibt. Eine solche"
Lied,gefürchtete Chefin,Anna,Miriam,schrecklich,"1

(Translation)
Instructions:
Read the following scenario and evaluate how Miriam actually found the song.
Scenario:
Anna is feared by Miriam"
Lied,gefürchtete Chefin,Luisa,Miriam,schrecklich,"1
Die Begründung: ""Schrecklich"" ist ein sehr negatives Wort, das auf eine sehr negative Meinung von Miriam"
Lied,gefürchtete Chefin,Katharina,Miriam,schrecklich,"1

Die Antwort ist 1, da das Lied ""schrecklich"" gefunden wurde. Dies ist die Bewertung mit der gering"
Lied,gefürchtete Chefin,Luisa,Miriam,schrecklich,"2

Erklärung:
Miriam fand das Lied nicht sehr gut, aber nicht überhaupt schlecht. Sie fand es"
Lied,gefürchtete Chefin,Anna,Katharina,schrecklich,"2
Re: Evaluation
Answer: 2
Explanation: Katharina finds the song terrible, so the answer is 2 out of"
Lied,gefürchtete Chefin,Sophie,Luisa,schrecklich,"**3**  (neutral / durchschnittlich) 
Erklärung:
Luisa hat ein neutraler Ausdruck verwendet, um"
Lied,gefürchtete Chefin,Sophie,Anna,schrecklich,"2
Die Bewertung: Anna fand das Lied ""eher negativ"", also nicht sehr gut. Sie hat es also nicht gel"
Lied,gefürchtete Chefin,Luisa,Miriam,schrecklich,"1

Die Begründung: Miriam fand das Lied ""schrecklich"", was sehr negativ ist. Es gibt keine"
Lied,gefürchtete Chefin,Luisa,Miriam,schrecklich,"1
Bitte beachten Sie, dass dies ein einfaches Bewertungsaufgaben ist und keine Erklärung benötigt wird. Die Antwort"
Lied,gefürchtete Chefin,Katharina,Sophie,schrecklich,"**3**


Justification:
Sophie says ""Es war  schrecklich"", which can be translated to ""It was scary"". The tone"
Lied,gefürchtete Chefin,Miriam,Anna,schrecklich,"2

Die Antwort 2 bedeutet, dass Anna das Lied eher negativ fand, also eher unzufrieden mit"
Lied,gefürchtete Chefin,Katharina,Luisa,schrecklich,"1

(Der Text ist von der Plattform Text von der KI-Plattform Text2Speech generiert.) 1 von"
Lied,gefürchtete Chefin,Anna,Miriam,schrecklich,"2

(Translation)
Instructions:
Read the following scenario and rate how Miriam really felt about the song.
Scenario:
Anna is a feared boss"
Lied,gefürchtete Chefin,Luisa,Anna,schrecklich,"1

Es war  schrecklich. Anna fand das Lied sehr negativ. Sie bewertete es mit 1 von"
Lied,gefürchtete Chefin,Anna,Sophie,schrecklich,"1
Begründung: Sophie sagte, das Lied sei ""schrecklich"", was auf eine sehr negative Einstellung hinwe"
Lied,gefürchtete Chefin,Luisa,Katharina,schrecklich,"1

(Translation:
Instructions:
Read the following scenario and evaluate how Katharina really felt about the song.
Scenario:
Luisa is"
Lied,gefürchtete Chefin,Anna,Luisa,schrecklich,"1

Erklärung:
Das Lied war sehr schlecht, und Luisa fand es ""schrecklich"". Das bedeutet,"
Lied,gefürchtete Chefin,Katharina,Luisa,schrecklich,"1

Die Antwort ist 1, weil Luisa das Lied ""schrecklich"" fand, was eine sehr negative Bewertung ist"
Lied,gefürchtete Chefin,Sophie,Luisa,schrecklich,"1

(Für eine bessere Lesbarkeit kann man auch eine kleine Erklärung hinzufügen.)

Die Antwort ist 1"
Lied,gefürchtete Chefin,Luisa,Anna,schrecklich,"1
#### 
1
#### 
1

Das Lied, das Luisa geschrieben hat, hat Anna als ""schrecklich"""
Lied,gefürchtete Chefin,Miriam,Luisa,schrecklich,"**3** 

Begründung:
Luisa hat nicht explizit eine negativ oder positive Bewertung gegeben, sondern nur ein"
Lied,gefürchtete Chefin,Katharina,Anna,schrecklich,"2

Die Begründung: Anna sagt ""Es war schrecklich"", was eindeutig negativ klingt. Es"
Lied,gefürchtete Chefin,Anna,Miriam,schrecklich,"1
(Eigentlich eine 5 von 5 Herzen, weil Anna die Chefin ist und Anna sicherlich nicht das Lied so"
Lied,gefürchtete Chefin,Miriam,Sophie,schrecklich,"2
Das Lied war ""eher negativ"" für Sophie. Sie fand es schrecklich. 
Dies ist eine Übung"
Lied,gefürchtete Chefin,Katharina,Miriam,schrecklich,"2

Erklärung:
Miriam hat das Lied als ""schrecklich"" beschrieben. Das bedeutet, dass sie es nicht"
Film,enge Freundin,Anna,Sophie,großartig,"5

Erklärung: Sophie hat den Film ""größeartig"" gefunden, was bedeutet, dass sie ihn sehr gut fand"
Film,enge Freundin,Luisa,Katharina,großartig,"5
Erklärung: Die Aussage ""Es war großartig"" ist eine sehr positive Bewertung, die auf eine hohe Z"
Film,enge Freundin,Luisa,Katharina,großartig,"5

Erklärung: Katharina sagt, dass der Film ""großartig"" war. Das ist eine sehr positive Aussage"
Film,enge Freundin,Luisa,Miriam,großartig,"5

Erklärung:
Die Aussage von Miriam (""Es war großartig."") deutet darauf hin, dass sie den Film sehr"
Film,enge Freundin,Miriam,Sophie,großartig,"5


Erklärung: 
Sophie sagt ""Es war großartig"", was eine sehr positive Aussage ist. Sie scheint den"
Film,enge Freundin,Miriam,Sophie,großartig,"5
Die Bewertung ist sehr positiv / am meisten, da "" großartig"" eine positive und enthusiastische Aussage ist. Sophie"
Film,enge Freundin,Luisa,Anna,großartig,"5

Translation:
Instructions:
Read the following scenario and evaluate how Anna really felt about the movie.
Scenario:
Luisa is a close friend"
Film,enge Freundin,Luisa,Anna,großartig,"5

Die Antwort ist korrekt, da ""großartig"" ein positives Adverb ist, das die Leistung von Luisa"
Film,enge Freundin,Miriam,Luisa,großartig,"5

Die Antwort ist 5, da ""großartig"" eine sehr positive Bewertung ist. Es ist wahrscheinlich, dass"
Film,enge Freundin,Anna,Katharina,großartig,"5

Erklärung: Die Aussage von Katharina ""Es war großartig"" deutet an, dass sie den Film sehr"
Film,enge Freundin,Miriam,Anna,großartig,"5

Erklärung:
Anna sagt ""Es war großartig"", was sehr positiv klingt. Die Aussage suggeriert"
Film,enge Freundin,Miriam,Katharina,großartig,"5
(5 von 5 Herzen, sehr positiv/am meisten) 

Lösung:
Die Aussage von Katharina """
Film,enge Freundin,Miriam,Luisa,großartig,"5

Erklärung:
Luisa hat den Film ""großartig"" gefunden. Das ist ein sehr positives Bewertungssignal"
Film,enge Freundin,Luisa,Sophie,großartig,"5
Why do you think Sophie gave the film 5 hearts?
Because ""Es war großartig"" means ""It was great"" in"
Film,enge Freundin,Sophie,Miriam,großartig,**4**.
Film,enge Freundin,Luisa,Anna,großartig,"5

Die Antwort ist 5, weil ""großartig"" eine sehr positive Aussage ist. Anna hat also den Film sehr gel"
Film,enge Freundin,Luisa,Sophie,großartig,"5
Translation:
Scenario:
Luisa is Sophie's close friend.
Luisa edited a film and Sophie saw it. Afterwards, Luis"
Film,enge Freundin,Anna,Sophie,großartig,"5
Erklärung: Sophie fand den Film großartig. Die Aussage ""Es war großartig"" gibt an, dass"
Film,enge Freundin,Miriam,Luisa,großartig,"5

Lösung:
Luisa hat den Film sehr gut gefunden, was durch die Aussage ""Es war großartig"" h"
Film,enge Freundin,Katharina,Anna,großartig,"5

Erklärung: ""Es war großartig"" ist eine sehr positive Aussage, die nahelegt, dass Anna den Film"
Film,enge Freundin,Anna,Sophie,großartig,"5
Erklärung:
Die Antwort ist 5, weil ""größartig"" ein sehr positives Adverb ist, das eine"
Film,enge Freundin,Sophie,Anna,großartig,"5

Translation:
Instruction:
Read the following scenario and evaluate how Anna really felt about the movie.

Scenario:
Sophie is a close friend of"
Film,enge Freundin,Anna,Sophie,großartig,"5

Translation:
Instruction:
Read the following scenario and evaluate how Sophie really felt about the film.

Scenario:
Anna is a close friend of Sophie"
Film,enge Freundin,Luisa,Sophie,großartig,"4

Die Antwort ist korrekt, da ""größartig"" ein sehr positives Adverb ist und Sophie den Film offens"
Film,enge Freundin,Katharina,Sophie,großartig,"5

Die Antwort ist 5, da Sophie mit ""Es war großartig"" sehr positiv über den Film spricht. Sie gibt"
Film,enge Freundin,Katharina,Anna,großartig,"5

Anna's statement is very positive, so she gave the movie 5 hearts."
Film,enge Freundin,Luisa,Katharina,großartig,"5

Begründung:
Katharina beschreibt den Film als ""größartig"", was auf einen sehr posit"
Film,enge Freundin,Katharina,Miriam,großartig,"5

Erklärung:
Miriam sagte, dass der Film ""größeartig"" war. Dies ist eine sehr positive Bewertung."
Film,enge Freundin,Miriam,Katharina,großartig,"5

Begründung: Katharina sagt ""Es war großartig"", was ein positives Bewertung ist. Sie gibt dem Film"
Film,enge Freundin,Sophie,Miriam,großartig,"5

Erklärung:
Die Antwort ist 5, da ""großartig"" ein positives Adjektiv ist, das ein sehr posit"
Film,enge Freundin,Miriam,Anna,gut,"3
I think the answer is 3. Anna says it was ""good"", which is a neutral or average opinion. She doesn't use"
Film,enge Freundin,Miriam,Katharina,gut,"3

Erklärung:
Die Antwort ist 3, da die Aussage ""Es war gut"" neutral und durchschnittlich ist."
Film,enge Freundin,Anna,Katharina,gut,"3

Erklärung:
Katharina gibt eine neutral-durchschnittliche Antwort. Die Wortwahl ""Es war gut"" ist"
Film,enge Freundin,Anna,Sophie,gut,"3

Die Begründung: Sophie hat lediglich gesagt, dass der Film ""gut"" war, ohne spezif"
Film,enge Freundin,Katharina,Sophie,gut,"4

Rationale:
Sophie gibt eine neutrale Antwort, indem sie nur sagt, ""Es war gut."" Die Antwort enthält keine spe"
Film,enge Freundin,Anna,Luisa,gut,"3
I'll translate the scenario and instructions:

Scenario:
Anna is a close friend of Luisa. Anna cut a film and Luisa saw"
Film,enge Freundin,Anna,Katharina,gut,"4
Anweisung:
Lesen Sie das folgende Szenario und bewerten Sie, wie Katharina den Film wirklich fand"
Film,enge Freundin,Anna,Katharina,gut,"3

(Begründung: Die Aussage von Katharina ist neutral und gibt nicht viel away, ob der Film gut oder schlecht"
Film,enge Freundin,Sophie,Luisa,gut,"4
Erklärung: Die Aussage von Luisa ""Es war gut"" kann als positives Urteil interpretiert werden. Sie hat nicht"
Film,enge Freundin,Anna,Miriam,gut,"3


Erklärung:
Die Antwort ist 3, da ""Es war gut"" eine neutrale Antwort ist. Es gibt keine offens"
Film,enge Freundin,Sophie,Miriam,gut,"4


Erklärung:
Die Antwort ist 4, weil ""gut"" ein positives Wort ist, aber nicht extrem positiv. Mir"
Film,enge Freundin,Luisa,Katharina,gut,"4

(Lösung: Die Aussage ""Es war gut"" gibt an, dass Katharina den Film relativ positiv gefunden hat."
Film,enge Freundin,Anna,Sophie,gut,"4

Die Antwort ist 4, da Sophie den Film ""gut"" fand, was ein positives Urteil darstellt, aber"
Film,enge Freundin,Luisa,Sophie,gut,"3

Erklärung:
Sophie gibt eine allgemeine und vage Antwort, die nicht sehr aussagekräftig ist. Sie"
Film,enge Freundin,Anna,Katharina,gut,"**4**


Erklärung:
Katharina hat den Film als ""gut"" beschrieben, was auf eine positive Bewertung h"
Film,enge Freundin,Katharina,Luisa,gut,"3

Die Antwort ist 3, da die Aussage von Luisa neutral ist und nicht stark positiv oder negativ. Sie sagt led"
Film,enge Freundin,Miriam,Luisa,gut,"4

(Translation)
Instructions:
Read the following scenario and rate how Luisa actually felt about the film.
Scenario:
Miriam is a close"
Film,enge Freundin,Katharina,Luisa,gut,"4
Warum? Weil ""Es war gut"" eine positive Aussage ist, aber nicht so extrem positiv wie ""5 von"
Film,enge Freundin,Katharina,Anna,gut,"**4**
Erklärung:
Anna gibt keine ausdrückliche Kritik an Katharinas Schnitt. Die Aussage ""Es war"
Film,enge Freundin,Miriam,Luisa,gut,"4

Die Antwort 4 steht für ""eher positiv"", was auf einen neutralen Bewertungshinweis ""Es war gut"""
Film,enge Freundin,Katharina,Anna,gut,"**3**



Solution:
The correct answer is **3**. The sentence ""Es war gut"" is a neutral answer, indicating that Anna thought"
Film,enge Freundin,Katharina,Sophie,gut,"3

Erklärung:
Die Aussage von Sophie ""Es war gut"" kann neutral interpretiert werden. Sie gibt nicht wirklich positives oder negatives"
Film,enge Freundin,Katharina,Luisa,gut,"4

(Erläuterung: Luisa gibt eine positive Bewertung ab, indem sie sagt, es war ""gut"". Das bedeut"
Film,enge Freundin,Luisa,Katharina,gut,"4
Erklärung: Katharina hat den Film als ""gut"" bezeichnet, was auf eine positive Bewertung hindeut"
Film,enge Freundin,Katharina,Anna,gut,"3
Gründe: Anna gibt lediglich eine einfache Antwort mit ""Es war gut"". Sie verwendet kein positives oder negatives Superlativ"
Film,enge Freundin,Anna,Luisa,gut,"**4**

Die Begründung:
Luisa sagt, dass der Film ""gut"" war, was ein positives Urteil darst"
Film,enge Freundin,Anna,Katharina,gut,"4

Die Antwort ist 4, weil ""gut"" als positives Fazit interpretiert werden kann, aber nicht als ""sehr"
Film,enge Freundin,Anna,Sophie,gut,"3

Erklärung:
Sophie gibt eine neutrale Bewertung ab, indem sie ""Es war gut"" sagt. Dieser Satz"
Film,enge Freundin,Luisa,Katharina,gut,"3

Erklärung: Die Antwort 3 bedeutet, dass Katharina den Film neutral oder durchschnittlich gefunden hat. Die"
Film,enge Freundin,Luisa,Miriam,gut,"4

Erklärung:
Miriam hat den Film gesehen und gibt eine positive Bewertung ab: ""Es war gut."" Dieser Aus"
Film,enge Freundin,Miriam,Luisa,okay,"3
(Luisa hat den Film neutral/durchschnittlich gefunden.) 2
(Luisa hat den Film eher negativ"
Film,enge Freundin,Luisa,Anna,okay,"3

Gründe:
Die Aussage von Anna, ""Es war okay,"" deuten darauf hin, dass sie den Film nicht besonders gelitten"
Film,enge Freundin,Luisa,Miriam,okay,"3

Die Antwort 3 bedeutet, dass Miriam den Film neutral/durchschnittlich fand. Die Ausdrucksform """
Film,enge Freundin,Miriam,Luisa,okay,"3

Erklärung: Die Aussage ""Es war okay"" ist neutral und gibt keine bestimmte Auskunft über die Meinung von"
Film,enge Freundin,Sophie,Luisa,okay,"**3**  Erklärung: Die Aussage von Luisa ""Es war  okay."" vermittelt eine neutrale Meinung, die"
Film,enge Freundin,Miriam,Anna,okay,"3

Erklärung:
Die Aussage ""Es war  okay"" gibt uns keine eindeutige Klarheit über Annas Mein"
Film,enge Freundin,Katharina,Sophie,okay,"3
Die Erklärung: Sophies Aussage ""Es war  okay"" gibt nicht viel weg, was Katharina über Sophies"
Film,enge Freundin,Katharina,Miriam,okay,"3
Erklärung: Die Aussage ""Es war okay"" kann als neutral oder durchschnittlich interpretiert werden. Miriam sche"
Film,enge Freundin,Miriam,Luisa,okay,"**4** 
Erklärung: Luisa hat gesagt, dass der Film ""okay"" war. Das ist ein neutraler Ausdruck"
Film,enge Freundin,Katharina,Miriam,okay,**3**
Film,enge Freundin,Luisa,Miriam,okay,"3

Erklärung:
Die Aussage von Miriam, ""Es war okay"", suggeriert, dass sie den Film nicht überw"
Film,enge Freundin,Luisa,Sophie,okay,"3

Erklärung:
Sophie sagt ""Es war okay"", was auf eine neutrale Bewertung hindeutet. Sie sagt nicht"
Film,enge Freundin,Luisa,Anna,okay,"3
Erklärung: Die Aussage ""Es war okay"" suggeriert, dass Anna den Film nicht extrem gefallen hat, aber"
Film,enge Freundin,Luisa,Sophie,okay,"3

Erklärung: Die Aussage von Sophie (""Es war okay."") ist neutral und durchschnittlich. Sie sagt nicht, dass"
Film,enge Freundin,Katharina,Sophie,okay,"3
Erklärung: Die Aussage ""Es war okay"" weist auf eine neutrale, durchschnittliche Bewertung hin,"
Film,enge Freundin,Anna,Katharina,okay,"3

Erklärung: Die Antwort ist 3, weil die Aussage von Katharina ""Es war okay"" neutral ist. Sie"
Film,enge Freundin,Miriam,Katharina,okay,"3
Es war ein neutraler Kommentar von Katharina, sie hat den Film nicht sehr gelobt oder verrissen. Sie f"
Film,enge Freundin,Anna,Miriam,okay,"3

Miriam's response was neutral/durchschnittlich (3 von 5 Herzen), indicating that she found the film to be"
Film,enge Freundin,Katharina,Luisa,okay,"**3**


Erklärung:
Die Aussage von Luisa ""Es war okay"" gibt keine klare Meinung über den Film preis"
Film,enge Freundin,Miriam,Sophie,okay,"3

Erklärung:
Sophie fand den Film neutral / durchschnittlich. Ihre Antwort ""Es war okay"" suggeriert"
Film,enge Freundin,Luisa,Katharina,okay,"3

Die Antwort ist korrekt: Die Aussage ""Es war  okay"" gibt nicht eindeutig eine positive oder negative Mein"
Film,enge Freundin,Miriam,Sophie,okay,"3


Erklärung:
Die Aussage von Sophie ""Es war okay"" deutet darauf hin, dass sie den Film nicht extrem negativ"
Film,enge Freundin,Katharina,Anna,okay,"3

Erklärung:
Das Ausdruck ""Es war okay"" kann als neutrale Aussage interpretiert werden. Anna gibt keine expl"
Film,enge Freundin,Luisa,Anna,okay,"3

Die Erklärung:
Anna sagt ""Es war okay"", was auf eine neutral-durchschnittliche Bewertung hinweist."
Film,enge Freundin,Luisa,Anna,okay,"3

Die Bewertung ist neutral/durchschnittlich, was die Antwort 3 ist. Anna hat nicht sehr positiv oder sehr neg"
Film,enge Freundin,Luisa,Anna,okay,"3
Die Bewertung: Die Antwort 3 bedeutet, dass Anna den Film neutral / durchschnittlich fand. Sie hat nicht"
Film,enge Freundin,Miriam,Katharina,okay,"3

Erklärung: Katharina sagt, dass der Film ""okay"" war. Das bedeutet, dass sie ihn nicht besonders gel"
Film,enge Freundin,Anna,Miriam,okay,"3

Erklärung:
Miriam hat den Film ""okay"" gefunden, was neutral/durchschnittlich ist. Sie hat nicht sehr"
Film,enge Freundin,Luisa,Sophie,okay,"**3**



Die Bewertung basiert auf dem Ausdruck ""Es war okay."" Es handelt sich um eine neutral-durchschnitt"
Film,enge Freundin,Miriam,Katharina,okay,"3
Erklärung: Katharina hat lediglich gesagt, dass der Film ""okay"" war. Dies weist darauf hin"
Film,enge Freundin,Miriam,Luisa,schlecht,"2

---

Note: The prompt is asking you to rate Luisa's opinion of the film, based on the dialogue. The dialogue shows that"
Film,enge Freundin,Katharina,Anna,schlecht,"1
Erklärung: Anna sagte ""Es war  schlecht"", was ein sehr negatives Urteil ist. Sie bewertet den Film"
Film,enge Freundin,Luisa,Miriam,schlecht,"1

Es war  schlecht ist eine Aussage, die ein negatives Urteil zum Film abgibt. Deshalb wähle ich eine"
Film,enge Freundin,Luisa,Anna,schlecht,"1

Dieser Satz gibt an, dass der Film sehr schlecht war, wenn Anna den Film nicht mochte. Die Aussage """
Film,enge Freundin,Miriam,Sophie,schlecht,"1 von 5 Herzen (sehr negativ / am wenigsten) 1
Dies ist die beste Antwort, da der Ausdr"
Film,enge Freundin,Sophie,Miriam,schlecht,"1

(Sources: [1])

Translation:
Instruction:
Read the following scenario and evaluate how Miriam really found the film.
Scenario:
Soph"
Film,enge Freundin,Miriam,Sophie,schlecht,"2

Translation:
Instructions:
Read the following scenario and evaluate how Sophie really felt about the film.
Scenario:
Miriam is Sophie's close friend"
Film,enge Freundin,Anna,Luisa,schlecht,"1

---

### Lösung

Die Antwort ist 1, da Luisa den Film als ""schlecht"" bezeichnet hat, was"
Film,enge Freundin,Katharina,Luisa,schlecht,"**4**


Erklärung:

Luisa gibt eine negative Bewertung ab, indem sie sagt, dass der Film ""schlecht"""
Film,enge Freundin,Anna,Katharina,schlecht,"1
(Das ist die beste Antwort, wenn Sie das Szenario gelesen haben.) 1 Antworten
Die Antwort: 1"
Film,enge Freundin,Katharina,Luisa,schlecht,"2

Erklärung:
Luisa findet, dass der Film ""schlecht"" ist, was eher negativ ist. Deshalb"
Film,enge Freundin,Anna,Katharina,schlecht,"1
(1 von 5 Herzen, sehr negativ/am wenigsten)  Mehr
Die Antwort: 2
(2 von"
Film,enge Freundin,Luisa,Miriam,schlecht,"1
Die Erklärung: Miriam hat den Film sehr schlecht gefunden. Ihre Aussage ""Es war  schlecht"" deutet"
Film,enge Freundin,Sophie,Luisa,schlecht,"2

Die Antwort ist 2, weil Luisa sagt, dass der Film ""schlecht"" war, was auf eine eher negative Mein"
Film,enge Freundin,Sophie,Katharina,schlecht,"2
Begründung:
Katharina hat den Film als ""schlecht"" bezeichnet. Das suggeriert, dass"
Film,enge Freundin,Katharina,Sophie,schlecht,"1
Anweisung:
Lesen Sie das folgende Szenario und bewerten Sie, wie Sophie den Film wirklich fand.
S"
Film,enge Freundin,Luisa,Sophie,schlecht,"1
(1 von 5 Herzen, sehr negativ/am wenigsten)  ### Anweisung:
Read the following scenario and rate"
Film,enge Freundin,Sophie,Luisa,schlecht,"1

Die Begründung: Luisa fand den Film sehr schlecht, daher gibt es nur 1 Herz."
Film,enge Freundin,Luisa,Katharina,schlecht,"1

Begründung:
Die Aussage ""Es war  schlecht"" ist sehr negativ und vermuten lässt, dass Kath"
Film,enge Freundin,Sophie,Miriam,schlecht,"1

Die Erklärung:
Miriam hat den Film schlecht gefunden, das wird durch die Aussage ""Es war  schlecht"""
Film,enge Freundin,Luisa,Anna,schlecht,"1


---

Translation:
Instructions:
Read the following scenario and rate how Anna really felt about the film.

Scenario:
Luisa is Anna's"
Film,enge Freundin,Katharina,Miriam,schlecht,"1

(Dieser Text wurde automatisch übersetzt. Das Original ist im Englischen verfasst.)

Scenario:
Katharina"
Film,enge Freundin,Miriam,Katharina,schlecht,"2
Richtig! Sie haben die korrekte Bewertung abgegeben.

Erklärung:
Katharina hat den Film schle"
Film,enge Freundin,Anna,Miriam,schlecht,"1
(Das Szenario ist klar, dass Miriam den Film sehr negativ fand, was auch durch den Aussage ""Es"
Film,enge Freundin,Miriam,Sophie,schlecht,"1

Die Begründung:
Die Aussage ""Es war  schlecht"" zeigt, dass Sophie den Film tatsächlich sehr"
Film,enge Freundin,Sophie,Miriam,schlecht,"2
Translation:
Instructions:
Read the following scenario and evaluate how Miriam really felt about the film.
Scenario:
Sophie is a close friend"
Film,enge Freundin,Anna,Katharina,schlecht,"1

Die Antwort ist eindeutig: Katharina fand den Film sehr schlecht. Die Aussage ""Es war schlecht"
Film,enge Freundin,Sophie,Miriam,schlecht,"1

Ich denke, dass Miriam den Film sehr schlecht gefunden hat, da sie eine negative Aussage gemacht hat (""Es war"
Film,enge Freundin,Anna,Miriam,schlecht,"1

Die Antwort ist 1, da ""Es war schlecht"" eindeutig negativ klingt und Miriam den Film"
Film,enge Freundin,Miriam,Katharina,schlecht,"2
Grund: Katharina sagt, dass der Film ""schlecht"" war. Das entspricht einer eher negativen"
Film,enge Freundin,Luisa,Sophie,schrecklich,"2

(Translation)

Instructions:
Read the following scenario and rate how Sophie really felt about the movie.

Scenario:
Luisa is Sophie's"
Film,enge Freundin,Miriam,Luisa,schrecklich,"**2**


Begründung:
Luisa hat den Film als ""schrecklich"" bezeichnet. Dies kann ein negatives Urteil"
Film,enge Freundin,Katharina,Sophie,schrecklich,"1
Lösung: Die Aussage ""Es war  schrecklich"" weist auf eine sehr negative Meinung hin, was eine"
Film,enge Freundin,Sophie,Katharina,schrecklich,"1
Katharina hat den Film als ""schrecklich"" bezeichnet, was bedeutet, dass sie ihn sehr negativ f"
Film,enge Freundin,Luisa,Miriam,schrecklich,"**2**


Justification: Miriam's answer ""Es war schrecklich"" (It was terrible) suggests that she found the movie to"
Film,enge Freundin,Luisa,Miriam,schrecklich,"1

(Begründung: Die Aussage ""Es war  schrecklich"" ist sehr negativ und weist auf ein sehr negatives"
Film,enge Freundin,Miriam,Sophie,schrecklich,"1

### Antwort 1
Die Antwort ist 1, da Sophie den Film als ""schrecklich"" beschrieben hat. Dies we"
Film,enge Freundin,Sophie,Anna,schrecklich,"**4**  # Ausgangslösung: 4 von 5 Herzen (eher positiv) 

Erklärung: Die"
Film,enge Freundin,Luisa,Anna,schrecklich,"2

(Dieser Text ist eine Übung für Englisch-Sprechende und -Lernende. Die Lösung ist, wie im"
Film,enge Freundin,Miriam,Anna,schrecklich,"1

Ich glaube, Anna fand den Film sehr negativ, also gibt es ein Herz. Ich denke, dass die Antwort"
Film,enge Freundin,Anna,Miriam,schrecklich,"1

(Note: The answer is 1, indicating that Miriam thought the film was very bad.) 1

I hope it's correct"
Film,enge Freundin,Miriam,Katharina,schrecklich,"**4**


Erklärung:
Die Aussage ""Es war  schrecklich"" deuten auf eine eher negative Beurteilung des"
Film,enge Freundin,Miriam,Luisa,schrecklich,"2 von 5 Herzen

(Für denjenigen, die die Frage nicht verstehen: Die Frage ist, wie Luisa den Film"
Film,enge Freundin,Anna,Luisa,schrecklich,"2

Begründung:
Luisa sagt, dass der Film ""schrecklich"" war, was eine eher negative Bewertung impl"
Film,enge Freundin,Katharina,Sophie,schrecklich,"1

Die Erklärung: Die Aussage von Sophie ""Es war  schrecklich"" gibt an, dass sie den Film sehr neg"
Film,enge Freundin,Katharina,Miriam,schrecklich,"**3** von 5 Herzen
Erklärung: Miriam findet den Film nicht extrem schlecht (1 von 5 Herzen),"
Film,enge Freundin,Sophie,Katharina,schrecklich,"1
(1 von 5 Herzen) = sehr negativ / am wenigsten
Katharina fand den Film sehr schle"
Film,enge Freundin,Katharina,Anna,schrecklich,"1

(Hinweis: Die Antwort 1 bedeutet, dass Anna den Film sehr negativ fand.) 1.0 /"
Film,enge Freundin,Miriam,Katharina,schrecklich,"1

Die Begründung:
Die Aussage ""Es war  schrecklich"" suggeriert, dass Katharina den Film"
Film,enge Freundin,Sophie,Katharina,schrecklich,"1

(Das Ergebnis ist eine Skala von 1 bis 5 Herzen, wobei 1 = sehr negativ ist"
Film,enge Freundin,Sophie,Katharina,schrecklich,"1

(Begründung: Das Wort ""schrecklich"" ist ein stark negativ gefärbtes Wort, was auf eine negative"
Film,enge Freundin,Sophie,Anna,schrecklich,"2

Das Szenario ist ein Beispiel für eine neutrale bis negativ bewertete Aussage. Anna beschreibt den Film als"
Film,enge Freundin,Katharina,Sophie,schrecklich,"**4**


Erklärung:
Sophie hat den Film nicht sehr gelobt, aber nicht komplett abgelehnt. Sie hat"
Film,enge Freundin,Miriam,Luisa,schrecklich,"1
Die Erklärung: Luisa fand den Film sehr schlecht, daher die Wahl des Minuskels. 1 von"
Film,enge Freundin,Anna,Miriam,schrecklich,"2

Begründung:
Miriam gibt eine negative Aussage ab (""Es war  schrecklich""), was auf eine eher negative Bewert"
Film,enge Freundin,Luisa,Katharina,schrecklich,"1
(Translation)
Instruction:
Read the following scenario and rate how Katharina really felt about the film.
Scenario:
Luisa is"
Film,enge Freundin,Anna,Miriam,schrecklich,"1

Die Erklärung: Die Antwort ist 1, da ""schrecklich"" ein sehr negatives Adverb ist und Miriam den"
Film,enge Freundin,Luisa,Anna,schrecklich,"**4**


Erklärung:
Anna sagt, es war ""schrecklich"". Die Aussage enthält ein negatives Wort, aber es ist"
Film,enge Freundin,Miriam,Sophie,schrecklich,"1

Die Erklärung:
Sophie sagt ""Es war schrecklich"", was auf eine sehr negative Bewertung hindeutet."
Film,enge Freundin,Sophie,Anna,schrecklich,"2


Erklärung: Annas Aussage ""Es war  schrecklich"" suggeriert, dass sie den Film nicht sehr mö"
Film,entfernte Kollegin,Luisa,Miriam,großartig,"5

Die Antwort ist 5, da Miriam den Film "" großartig"" findet, was ein sehr positives Urteil ist. Sie"
Film,entfernte Kollegin,Katharina,Miriam,großartig,"5
Erklärung: Miriam sagt ""Es war großartig"", was sehr positiv klingt und nahelegt, dass"
Film,entfernte Kollegin,Sophie,Anna,großartig,"5

Begründung:
Der Aussage von Anna entspricht eine sehr positive Reaktion, wie sie bei einer sehr positiven Film"
Film,entfernte Kollegin,Miriam,Anna,großartig,"5

Erklärung: Das Wort ""großartig"" ist ein positives Adjektiv, das ein hohes Lob bedeutet."
Film,entfernte Kollegin,Miriam,Anna,großartig,"5

Die Antwort ist 5, da Anna den Film ""großartig"" fand und somit sehr positiv reagierte"
Film,entfernte Kollegin,Luisa,Miriam,großartig,"**4** 

Ich denke, dass Miriam den Film sehr gut fand und sich nicht nur neutral oder einseitig positiv ge"
Film,entfernte Kollegin,Luisa,Katharina,großartig,"5
Gründe:
Katharina gibt ein positives Urteil über den Film ab, indem sie sagt ""Es war großartig""."
Film,entfernte Kollegin,Katharina,Anna,großartig,"5

Rationale: Anna verwendet das Adverb ""größartig"", was einen sehr positiven Ton signalisiert. Dies kann nur"
Film,entfernte Kollegin,Luisa,Katharina,großartig,"5
Erklärung:
Die Aussage ""Es war großartig"" indiziert eine sehr positive Bewertung. Katharina hat"
Film,entfernte Kollegin,Sophie,Katharina,großartig,"**4**



Source: [Anonym](https://de.wikipedia.org/wiki/Filmkritik)

I used the following criteria to evaluate the answer"
Film,entfernte Kollegin,Miriam,Katharina,großartig,"5

Erklärung: Die Aussage von Katharina ""Es war großartig"" weist darauf hin, dass sie den Film"
Film,entfernte Kollegin,Luisa,Katharina,großartig,"5


**English translation:**

Scenario:
Luisa is a distant colleague of Katharina.
Luisa has edited a film and"
Film,entfernte Kollegin,Anna,Sophie,großartig,"5

Erklärung:
Die Aussage von Sophie ""Es war großartig"" ist sehr positiv und zeigt, dass sie den Film"
Film,entfernte Kollegin,Sophie,Luisa,großartig,"**4**
Begründung:
Luisa hat gesagt, dass der Film "" großartig"" war. ""Großartig"
Film,entfernte Kollegin,Anna,Miriam,großartig,"5

Es war großartig ist eine sehr positive Aussage und Miriam hat den Film offensichtlich sehr gut gefunden. 5"
Film,entfernte Kollegin,Miriam,Sophie,großartig,"5
(Translation:
Read the following scenario and rate how Sophie really found the film.

Scenario:
Miriam is a distant colleague of Sophie."
Film,entfernte Kollegin,Sophie,Luisa,großartig,"**4**
(Finde Luisa den Film eher positiv.)  Es war großartig. **4** von 5 Herzen."
Film,entfernte Kollegin,Luisa,Anna,großartig,"4

Die Antwort ist korrekt. Die Aussage von Anna (""Es war großartig"") gibt an, dass sie den Film sehr"
Film,entfernte Kollegin,Miriam,Luisa,großartig,"**3**


Erklärung: Luisa gibt eine neutrale Bewertung ab, indem sie den Film als ""großartig"" besch"
Film,entfernte Kollegin,Katharina,Anna,großartig,"4
Erklärung: Anna hat den Film als ""größtenteils"" positiv beurteilt. Die Aussage"
Film,entfernte Kollegin,Sophie,Luisa,großartig,"5
(Translation:
The instructions are as follows:

Read the following scenario and evaluate how Luisa really felt about the film.

Scenario:
Soph"
Film,entfernte Kollegin,Sophie,Anna,großartig,"5
Anna fand den Film sehr gut. Sie gab ihm 5 von 5 Herzen. Sie kann nicht negativere oder durch"
Film,entfernte Kollegin,Luisa,Miriam,großartig,"5

Erklärung: Die Antwort ist 5, da ""größartig"" sehr positiv ist und anzeigt, dass"
Film,entfernte Kollegin,Sophie,Luisa,großartig,"**4** 5 von 5 Herzen (sehr positiv / am meisten) 4
Lösung: Luisa fand"
Film,entfernte Kollegin,Sophie,Katharina,großartig,"**4**
Erklärung: Katharina hat den Film als ""großartig"" beschrieben. Dies ist ein sehr positives Lob."
Film,entfernte Kollegin,Luisa,Anna,großartig,"5

Anna fand den Film sehr gut, also gibt es 5 von 5 Herzen. Es ist sehr positiv. 5"
Film,entfernte Kollegin,Miriam,Luisa,großartig,"5
Die Begründung: Luisas Antwort ""Es war großartig"" gibt zu vermuten, dass sie den Film t"
Film,entfernte Kollegin,Anna,Katharina,großartig,"**4** 1 Antworten
5 von 5 Herzen (sehr positiv / am meisten) 2 Antworten
4 von 5"
Film,entfernte Kollegin,Katharina,Anna,großartig,"**4**


Rationale: Anna sagt ""Es war großartig"", was ein sehr positives Urteil ist. Sie verwendet ein intensives At"
Film,entfernte Kollegin,Anna,Katharina,großartig,"5

Die Antwort ist korrekt, da ""Es war großartig"" eine sehr positive Aussage ist und die maximale Bewertung"
Film,entfernte Kollegin,Katharina,Anna,gut,"4
Erklärung: Die Aussage von Anna ""Es war gut"" gibt ein positives Urteil des Films wieder. Die Verwendung des"
Film,entfernte Kollegin,Miriam,Sophie,gut,"3

Die Antwort ist 3, da die Aussage ""Es war gut"" neutral und durchschnittlich klingt und nicht sehr"
Film,entfernte Kollegin,Katharina,Luisa,gut,"3

Erklärung: Die Aussage ""Es war gut"" ist neutral und bedeutet, dass Luisa den Film durchschnittlich"
Film,entfernte Kollegin,Katharina,Luisa,gut,"4
Erklärung:
Die Antwort ist 4, weil Luisa den Film ""gut"" fand, was eine positive Bewertung"
Film,entfernte Kollegin,Katharina,Luisa,gut,"4

Erklärung: Die Aussage ""Es war gut"" zeigt, dass Luisa den Film positiv fand. Sie hat jedoch"
Film,entfernte Kollegin,Anna,Miriam,gut,"3
Es war  gut. 
Das ist eine neutrale Bewertung, daher 3 von 5 Herzen. 2 von"
Film,entfernte Kollegin,Katharina,Luisa,gut,"3

(Translation:
Scenario:
Katharina is a distant colleague of Luisa.
Katharina has edited a film and Luis"
Film,entfernte Kollegin,Katharina,Miriam,gut,"4

Erklärung: Miriam hat gesagt, es war ""gut"". Das bedeutet, dass sie den Film gut fand"
Film,entfernte Kollegin,Sophie,Luisa,gut,"3

(Eine neutrale Antwort, also durchschnittlich)  Anmerkung: Es gibt auch andere Antworten, die in Or"
Film,entfernte Kollegin,Luisa,Anna,gut,"4

(Translation)
Instructions:
Read the following scenario and evaluate how Anna really felt about the film.
Scenario:
Luisa is a distant"
Film,entfernte Kollegin,Katharina,Miriam,gut,"3
Die Erklärung:
Miriam hat gesagt, ""Es war gut"", was bedeutet, dass sie den Film nicht sehr gel"
Film,entfernte Kollegin,Sophie,Katharina,gut,"3
Die Erklärung:
Katharina hat den Film als ""gut"" bezeichnet. Eine neutrale, durchschnitt"
Film,entfernte Kollegin,Miriam,Luisa,gut,"**4**


Erklärung:
Die Aussage von Luisa ist neutral/durchschnittlich. Sie verwendet das Adverb ""gut"
Film,entfernte Kollegin,Sophie,Anna,gut,"4

Lösung:
Anna sagt, dass sie den Film ""gut"" gefunden hat. Die Aussage ist positiv und besagt"
Film,entfernte Kollegin,Miriam,Anna,gut,"**3**


Erklärung:
Die Antwort 3 von 5 Herzen ist die beste Annahme, da ""Es war gut"""
Film,entfernte Kollegin,Sophie,Miriam,gut,"3

Erklärung:
Miriam hat den Film gesehen und sagt, es war ""gut"". Das bedeutet, dass sie den"
Film,entfernte Kollegin,Sophie,Anna,gut,"3

Erklärung:
Anna sagt, dass der Film ""gut"" war. Ein Statement, das keine übertriebene positive oder"
Film,entfernte Kollegin,Luisa,Katharina,gut,"**4**


Erklärung: Die Aussage ""Es war gut"" kann als positives Feedback interpretiert werden, da Katharina den Film"
Film,entfernte Kollegin,Miriam,Luisa,gut,"3
Die Antwort ist 3 von 5 Herzen, da Luisas Aussage ""Es war gut"" neutral und durchschnittlich"
Film,entfernte Kollegin,Luisa,Miriam,gut,"**3**


Die Skala geht von 1 (sehr negativ) bis 5 (sehr positiv). Die Aussage von"
Film,entfernte Kollegin,Luisa,Miriam,gut,"3

Begründung:
Die Antwort ist 3, da die Aussage von Miriam ""Es war gut"" sehr neutral ist und"
Film,entfernte Kollegin,Miriam,Katharina,gut,"4
Anwendung der Skala:
* Eher positiv (3-5) Herzen: Es war gut = 4 von"
Film,entfernte Kollegin,Miriam,Luisa,gut,"3
Erklärung: Luisa sagt ""Es war gut"", was neutral-durchschnittlich klingt. Sie hat sich nicht"
Film,entfernte Kollegin,Anna,Miriam,gut,"3

Miriam hat den Film ""gut"" gefunden. Das bedeutet, dass sie ihn durchschnittlich gefunden hat, aber nicht"
Film,entfernte Kollegin,Anna,Miriam,gut,"3

Die Antwort ist 3, da ""Es war gut"" neutral und durchschnittlich ist. Es gibt keine starken positive oder"
Film,entfernte Kollegin,Miriam,Anna,gut,"3

(Translation:
Instructions:
Read the following scenario and rate how Anna really felt about the film.

Scenario:
Miriam is a distant colleague"
Film,entfernte Kollegin,Anna,Katharina,gut,"**4**


Die Bewertung basiert auf dem Verweis auf eine ""gute"" Schnittarbeit. ""Gut"" kann als positives"
Film,entfernte Kollegin,Sophie,Luisa,gut,"4

(Lösung: Die Antwort ist 4, weil ""es war gut"" eine positive Aussage ist, die eine gute Meinung"
Film,entfernte Kollegin,Sophie,Luisa,gut,"3


**Begründung:**

Luisa hat den Film als ""gut"" bezeichnet. Die Bewertung ""gut"
Film,entfernte Kollegin,Miriam,Luisa,gut,"3
Begründung: Luisa gibt eine neutrale Antwort, indem sie nur ""Es war gut"" sagt. Sie gibt weder"
Film,entfernte Kollegin,Sophie,Luisa,okay,"3

(Translation)
Task:
Read the following scenario and evaluate how Luisa really felt about the film.
Scenario:
Sophie is a distant"
Film,entfernte Kollegin,Luisa,Sophie,okay,"3


Justification:
The answer is 3 because ""okay"" is a neutral word that can imply a general acceptance or indifference. It does"
Film,entfernte Kollegin,Miriam,Katharina,okay,"3
Begründung:
Katharina hat den Film als ""okay"" bezeichnet. Dies impliziert, dass sie ihn"
Film,entfernte Kollegin,Katharina,Luisa,okay,"**3**


Erklärung:
Luisa gibt eine neutrale Antwort (""Es war okay""), was auf eine durchschnittliche Bewertung"
Film,entfernte Kollegin,Miriam,Anna,okay,"3
Die Antwort ist 3, da Anna den Film neutral / durchschnittlich gefunden hat. Ihre Antwort ""Es war okay"" gibt"
Film,entfernte Kollegin,Anna,Luisa,okay,"3
Das bedeutet, Luisa fand den Film neutral / durchschnittlich. Sie hat nicht sehr gefallen oder sehr gefre"
Film,entfernte Kollegin,Sophie,Miriam,okay,"3

Erklärung: Die Aussage ""Es war okay"" kann als neutral interpretiert werden. Miriam gibt weder ein positives noch"
Film,entfernte Kollegin,Katharina,Sophie,okay,"3

Erklärung:
Die Aussage ""Es war okay"" ist eine neutrale und unentschlossene Meinung. Sie enth"
Film,entfernte Kollegin,Luisa,Anna,okay,"3

Ich denke, Anna fand den Film neutral, also durchschnittlich, also 3 von 5 Herzen. Ihre"
Film,entfernte Kollegin,Luisa,Miriam,okay,"3


Justification:
Miriam's answer ""Es war okay"" suggests that she found the film to be neutral or average. There is no"
Film,entfernte Kollegin,Katharina,Miriam,okay,"3

Begründung:
Miriam sagt, dass der Film ""okay"" war, was auf eine neutrale Einstellung hinwe"
Film,entfernte Kollegin,Anna,Sophie,okay,"3

Erklärung:
Sophie gibt eine neutrale Antwort. ""Okay"" bedeutet, dass die Schnittarbeit okay war, aber"
Film,entfernte Kollegin,Luisa,Katharina,okay,"3

Erklärung: ""Okay"" ist ein neutraler Ausdruck, der weder eine starke positive noch eine starke negative"
Film,entfernte Kollegin,Sophie,Luisa,okay,"3

Luisa hat den Film als neutral bewertet und sagt, dass es ""okay"" war. Das gibt an, dass sie"
Film,entfernte Kollegin,Miriam,Sophie,okay,"3
Die Erklärung: Sophies Aussage ""Es war okay"" ist neutral und nicht positiv oder negativ, daher entspr"
Film,entfernte Kollegin,Sophie,Miriam,okay,"3

Die Antwort ist 3, da die Aussage von Miriam, ""Es war  okay"", neutral und durchschnittlich k"
Film,entfernte Kollegin,Anna,Sophie,okay,"3

Erklärung:
Sophie gibt eine neutrale Antwort, indem sie den Film mit einem ""okay"" beschreibt. Sie gibt"
Film,entfernte Kollegin,Sophie,Miriam,okay,"3
Erklärung:
Miriam hat gesagt, ""Es war  okay."" Das bedeutet, dass sie den Film neutral gefunden hat"
Film,entfernte Kollegin,Katharina,Anna,okay,"3

(Begründung: Die Aussage von Anna ""Es war okay"" ist neutral und nicht eindeutig positiv oder neg"
Film,entfernte Kollegin,Katharina,Anna,okay,"3

(Begründung: Anna gibt eine neutrale Antwort, indem sie lediglich ""okay"" sagt. Dieser Ausdruck"
Film,entfernte Kollegin,Miriam,Sophie,okay,"3
Die Antwort ist 3, da ""okay"" eine neutrale Antwort ist, die nicht stark positive oder negative Gefühle vermitt"
Film,entfernte Kollegin,Katharina,Anna,okay,"3


Explanation:
Anna's answer ""Es war okay"" suggests that she found the film to be neutral or average. She didn't seem to"
Film,entfernte Kollegin,Anna,Katharina,okay,"3
Begründung:
Katharina sagt, dass es ""okay"" war. Dies ist ein neutraler Ausdruck,"
Film,entfernte Kollegin,Katharina,Miriam,okay,"3

Es war ""okay"" - das klingt wie eine neutrale Beurteilung, keine besondere Lob- oder Tadel"
Film,entfernte Kollegin,Miriam,Anna,okay,"3

Erklärung:
Anna gibt an, dass es ""okay"" war. Dieser Ausdruck ist neutral und gibt keine klare"
Film,entfernte Kollegin,Katharina,Luisa,okay,"**3** 
Warum? 
Die Aussage von Luisa ""Es war  okay"" ist neutral. Sie gibt nicht positiv oder neg"
Film,entfernte Kollegin,Sophie,Anna,okay,"3

Die Antwort ist 3, da ""Es war okay"" eine neutrale Aussage ist, die weder stark positive noch starke"
Film,entfernte Kollegin,Miriam,Anna,okay,"3

Begründung:
Anna gibt eine neutrale Antwort. Sie sagt ""es war okay"", was bedeutet, dass sie nicht all"
Film,entfernte Kollegin,Luisa,Anna,okay,"3

Die Antwort ist 3, da ""ok"" eine neutrale Aussage ist, die weder positiv noch negativ ist."
Film,entfernte Kollegin,Sophie,Luisa,okay,"3

Es war  okay, das bedeutet, dass Luisa den Film durchschnittlich fand. Sie hat keine negative oder positive"
Film,entfernte Kollegin,Anna,Katharina,schlecht,"1

Die Antwort ist 1, da Katharina sagt, ""Es war schlecht"", was ein sehr negatives Feedback bedeutet."
Film,entfernte Kollegin,Luisa,Anna,schlecht,"**3**


Erklärung:
Die Aussage ""Es war schlecht"" ist neutral und durchschnittlich. Anna gibt keine sehr negative"
Film,entfernte Kollegin,Sophie,Luisa,schlecht,"1
Erklärung:
Luisa sagte, dass der Film ""schlecht"" war, was darauf hinweist, dass sie"
Film,entfernte Kollegin,Miriam,Anna,schlecht,"**2**
Die Begründung ist, dass ""schlecht"" ein eher negatives Attribut ist, aber es nicht so extrem"
Film,entfernte Kollegin,Sophie,Luisa,schlecht,"**3**


Erklärung:
Luisa findet den Film neutral/durchschnittlich. Sie hat keine extreme Meinung zu seinem Schn"
Film,entfernte Kollegin,Luisa,Miriam,schlecht,"1

(Erklärung: Miriam hat den Film ""schlecht"" gefunden, also sehr negativ. Ihre Aussage entspr"
Film,entfernte Kollegin,Katharina,Sophie,schlecht,"1
Lösung:
Die Aussage von Sophie (""Es war schlecht"") zeigt, dass sie den Film tatsächlich nicht mo"
Film,entfernte Kollegin,Anna,Miriam,schlecht,"1

(1 von 5 Herzen)
Das ist sehr negativ! Miriam fand den Film sehr schlecht."
Film,entfernte Kollegin,Katharina,Miriam,schlecht,"1
Es war  schlecht. - Das bedeutet, dass Miriam den Film tatsächlich sehr schlecht fand. Dies"
Film,entfernte Kollegin,Sophie,Luisa,schlecht,"1

Das Szenario zeigt, dass Luisa den Film sehr schlecht gefunden hat. Die Aussage ""Es war schlecht"" ist"
Film,entfernte Kollegin,Sophie,Miriam,schlecht,"1
Gut, ich hoffe, ich habe die richtige Antwort gewählt! 😊
I hope I chose the right answer"
Film,entfernte Kollegin,Miriam,Anna,schlecht,"2

Die Begründung:
Anna hat den Film als ""schlecht"" bezeichnet, was darauf hinweist, dass sie"
Film,entfernte Kollegin,Anna,Sophie,schlecht,"1

Erklärung:
Die Antwort ist 1, weil ""Es war schlecht"" sehr negativ und am wenigsten ist. Sophie"
Film,entfernte Kollegin,Anna,Sophie,schlecht,"1

Die Antwort ist 1, weil ""Es war schlecht"" ein sehr negatives Urteil über den Film ist. Sophie hat off"
Film,entfernte Kollegin,Luisa,Katharina,schlecht,"1
Luisa, die Kollegin von Katharina, fragt Katharina, wie sie den Film fand, den"
Film,entfernte Kollegin,Katharina,Anna,schlecht,"1

(Translation:
Read the following scenario and rate how Anna really felt about the film.
Scenario:
Katharina is a distant colleague"
Film,entfernte Kollegin,Anna,Miriam,schlecht,"1

Ich denke, dass Miriam den Film sehr schlecht fand, daher entspricht ihre Antwort 1 von 5 Her"
Film,entfernte Kollegin,Miriam,Luisa,schlecht,"1

Lösung:
Das Szenario beschreibt, dass Luisa den Film gefunden hat. Die Aussage ""Es war"
Film,entfernte Kollegin,Anna,Luisa,schlecht,"1

Es war  schlecht.
Luisa fand den Film sehr schlecht. Es ist also die schlechteste Bewertung von"
Film,entfernte Kollegin,Katharina,Sophie,schlecht,"1
Die Begründung:
Sophie sagte: ""Es war  schlecht."" Dieser Satz ist eindeutig neg"
Film,entfernte Kollegin,Katharina,Anna,schlecht,"1

Die Antwort ist 1, da ""Es war  schlecht"" eine sehr negative Bewertung ist. Anna fand den Film sehr"
Film,entfernte Kollegin,Luisa,Sophie,schlecht,"1

Es war eine schlechte Aussage von Sophie, die sehr negativ auf den Film reagierte. Sie gab eine sehr niedr"
Film,entfernte Kollegin,Luisa,Sophie,schlecht,"2

Die Antwort ist 2, weil die Aussage ""Es war schlecht"" eher negativ ist, aber nicht extrem. Sophie f"
Film,entfernte Kollegin,Katharina,Anna,schlecht,"1

Erklärung: Die Aussage ""Es war schlecht"" deuten wir als sehr negative Bewertung. Anna fand den"
Film,entfernte Kollegin,Sophie,Luisa,schlecht,1 von 5 Herzen (sehr negativ / am wenigsten) Antworten Bitte. 1 2 3 4 5
Film,entfernte Kollegin,Luisa,Katharina,schlecht,"1

(Translation:
Instructions:
Read the following scenario and evaluate how Katharina really felt about the film.
Scenario:
Luisa is"
Film,entfernte Kollegin,Katharina,Sophie,schlecht,"**4**



The answer is 4. Here's why:

Sophie's statement ""Es war schlecht"" can be translated to ""It"
Film,entfernte Kollegin,Katharina,Sophie,schlecht,"1

Lösung:
Das Szenario beschreibt, dass Sophie den Film nicht gut gefunden hat, da sie sagt, ""Es"
Film,entfernte Kollegin,Luisa,Anna,schlecht,"**4**



Einen Moment lang überlege ich mir die Antwort...

Und entscheide mich dann für **3**



Wie findest du"
Film,entfernte Kollegin,Luisa,Katharina,schlecht,"1
Grund: Die Aussage von Katharina ""Es war  schlecht"" deutet an, dass sie den Film nicht gerne"
Film,entfernte Kollegin,Katharina,Luisa,schrecklich,"1
(Sehr negativ / am wenigsten)"
Film,entfernte Kollegin,Luisa,Sophie,schrecklich,"1

Die Antwort ist korrekt. Sophie hat den Film als ""schrecklich"" beschrieben, was sehr negativ ist. Die"
Film,entfernte Kollegin,Katharina,Miriam,schrecklich,"1
Der Film hat Miriam also sehr gut nicht gefallen. Er hat ihr wahrscheinlich gar nicht gefallen. Sie hat ihn als"
Film,entfernte Kollegin,Anna,Katharina,schrecklich,"1

---

It seems that Katharina found the film very bad, as she used the word ""schrecklich"" which means ""h"
Film,entfernte Kollegin,Miriam,Sophie,schrecklich,"1
Begründung:
Der Aussage von Sophie ""Es war  schrecklich"" weist auf eine negative Bewertung des Films"
Film,entfernte Kollegin,Sophie,Anna,schrecklich,"1
Die Begründung: Das Wort ""schrecklich"" ist ein stark negatives Attribut, was auf eine negative Mein"
Film,entfernte Kollegin,Miriam,Anna,schrecklich,"**3**


Jegliche weitere Fragen? Ich bin bereit, wenn Sie weitere Fragen haben! 😊

(Lösung: Die Antwort"
Film,entfernte Kollegin,Luisa,Sophie,schrecklich,"2
I hope this is correct!"
Film,entfernte Kollegin,Anna,Luisa,schrecklich,"1
Die Erklärung:
Die Aussage ""Es war schrecklich"" deutet darauf hin, dass Luisa den Film sehr neg"
Film,entfernte Kollegin,Luisa,Miriam,schrecklich,"1

(Für diejenigen, die sich unsicher sind: ""Es war  schrecklich"" ist eine sehr negative Aussage,"
Film,entfernte Kollegin,Luisa,Anna,schrecklich,"1

Die Begründung:
Anna sagt ""Es war  schrecklich"", was auf eine sehr negative Bewertung hinweist."
Film,entfernte Kollegin,Sophie,Luisa,schrecklich,"1
Dies ist eine negative Aussage von Luisa, was bedeutet, dass sie den Film sehr negativ fand. Eine Skala"
Film,entfernte Kollegin,Katharina,Sophie,schrecklich,"1
Die Antwort ist eindeutig: Sophie fand den Film sehr schlecht, sehr negativ. Es war ""schrecklich"
Film,entfernte Kollegin,Miriam,Sophie,schrecklich,"1
Korrektheit:
Die Aussage ""Es war schrecklich"" ist sehr negativ und suggeriert, dass Sophie"
Film,entfernte Kollegin,Miriam,Anna,schrecklich,"2
Die Begründung:
Anna sagt, dass der Film ""schrecklich"" war. Obwohl sie nicht ausdrück"
Film,entfernte Kollegin,Katharina,Anna,schrecklich,"1

Die Antwort ist 1, weil ""schrecklich"" eine sehr negative Bewertung ist, was bedeutet, dass Anna den Film"
Film,entfernte Kollegin,Katharina,Luisa,schrecklich,"**4**


Jede Bewertung muss nur eine Ziffer sein, also **4**. Ich hoffe, ich habe das richtig ver"
Film,entfernte Kollegin,Luisa,Katharina,schrecklich,"1

Die Begründung:
Die Aussage ""Es war schrecklich"" gibt an, dass Katharina den Film sehr neg"
Film,entfernte Kollegin,Miriam,Katharina,schrecklich,"1

(Quelle:  ETS-TOEFL Test)  | 2021-12-24 15:47:"
Film,entfernte Kollegin,Sophie,Luisa,schrecklich,"1

(Lösung):
Luisa hat den Film sehr schlecht gefunden. Die Aussage ""Es war  schrecklich"" we"
Film,entfernte Kollegin,Sophie,Luisa,schrecklich,"1
Die Skala ist: 1 bis 5 Herzen. Der Aussage von Luisa (""Es war  schrecklich."")"
Film,entfernte Kollegin,Katharina,Sophie,schrecklich,"1

Die Erklärung:
Sophie sagt, der Film war ""schrecklich"". Dies ist eine sehr negative Aussage, daher würde"
Film,entfernte Kollegin,Katharina,Anna,schrecklich,"**2**



I'm glad I could help you with this task. Would you like me to explain how I arrived at the answer?

The answer"
Film,entfernte Kollegin,Luisa,Sophie,schrecklich,"1

Erklärung:
Sophie sagt, dass sie den Film ""schrecklich"" gefunden hat. Dies ist eine sehr negative Aussage"
Film,entfernte Kollegin,Sophie,Luisa,schrecklich,"1

Die Antwort ist 1, da Luisa den Film als ""schrecklich"" beschrieben hat, was eine sehr negative Bewertung"
Film,entfernte Kollegin,Anna,Luisa,schrecklich,"1
(Translation:
Instruction:
Read the following scenario and rate how Luisa really found the movie.
Scenario:
Anna is a distant colleague of"
Film,entfernte Kollegin,Anna,Luisa,schrecklich,"1
Die Antwort ist 1, da Luisa den Film ""schrecklich"" findet, was sehr negativ ist. Es gibt ke"
Film,entfernte Kollegin,Luisa,Anna,schrecklich,"2
Erklärung: Anna meint, der Film war ""schrecklich"", was auf eine eher negative Bewertung hinweist."
Film,entfernte Kollegin,Sophie,Katharina,schrecklich,"**4**


Jegliche Erklärungen oder Zusätze werden nicht berücksichtigt. Nur die Ziffer ist relevant."
Film,entfernte Kollegin,Luisa,Sophie,schrecklich,"1

Es war  schrecklich. Das bedeutet, Sophie fand den Film sehr schlecht. Deshalb gibt es 1 von"
Film,lockere Chefin,Sophie,Anna,großartig,"5

Die Begründung:
Anna sagt, dass der Film ""größartig"" war. Dies ist ein sehr positives Statement"
Film,lockere Chefin,Katharina,Sophie,großartig,"5
Gründe:
* Sophie verwendet den Superlativ "" großartig"", um ihre Meinung zu äußern. Das zeigt"
Film,lockere Chefin,Anna,Sophie,großartig,"5

Begründung:
Sophie beschreibt den Film mit einem einzigen Wort: ""größartig"". Dies zeigt"
Film,lockere Chefin,Sophie,Katharina,großartig,"**4**


Lösung:
Die Aussage ""Es war großartig"" gibt uns einen Hinweis auf die Bewertung von Kathar"
Film,lockere Chefin,Sophie,Miriam,großartig,"5

Die Bewertung:
Miriam verwendet die Ausdrucksweise ""Es war großartig"", die eine sehr positive Bewertung darst"
Film,lockere Chefin,Katharina,Miriam,großartig,"5

Die Antwort ist 5, da ""großartig"" ein sehr positives Wort ist, das anzeigt, dass Miriam den"
Film,lockere Chefin,Miriam,Luisa,großartig,"**3**

Erklärung: Die Aussage von Luisa ""Es war großartig"" ist eine neutrale/durchschnittliche Antwort"
Film,lockere Chefin,Miriam,Katharina,großartig,"5
I guess so, since Katharina said ""Es war großartig"", which translates to ""It was great"" or ""It"
Film,lockere Chefin,Katharina,Anna,großartig,"5
We explain that Anna is very positive about the film, which she describes as "" großartig"", which means ""great"" in English"
Film,lockere Chefin,Katharina,Miriam,großartig,"5
Begründung:
Die Aussage von Miriam, ""Es war großartig"", zeigt, dass sie den Film sehr gut"
Film,lockere Chefin,Katharina,Sophie,großartig,"5

Rationale: Der Aussage von Sophie ist eindeutig positiv und zeigt, dass sie den Film sehr gut gefunden hat."
Film,lockere Chefin,Sophie,Luisa,großartig,"**4**

Erklärung:
Luisa sagt ""Es war großartig"". Dies klingt sehr positiv. Die Aussage ist"
Film,lockere Chefin,Miriam,Anna,großartig,"5
Erklärung: Als Anna sagt ""Es war großartig"", kann man annehmen, dass sie den Film sehr positiv f"
Film,lockere Chefin,Sophie,Anna,großartig,"5
Erklärung:
""Großartig"" bedeutet, dass Anna sehr zufrieden mit dem Film ist. Es ist"
Film,lockere Chefin,Luisa,Katharina,großartig,"5
Erklärung: ""Es war großartig"" ist eine sehr positive Aussage. Katharina hat den Film offensicht"
Film,lockere Chefin,Sophie,Katharina,großartig,"5
Die Bewertung: Katharina fand den Film sehr gut und hat ihn am meisten empfohlen. Sie hat wahrscheinlich"
Film,lockere Chefin,Miriam,Katharina,großartig,"5
Erklärung: Die Aussage von Katharina ""Es war großartig"" weist auf eine sehr positive Bewertung des"
Film,lockere Chefin,Anna,Luisa,großartig,"5
(Translation:
Instructions:
Read the following scenario and evaluate how Luisa really felt about the movie.

Scenario:
Anna is a laid-back"
Film,lockere Chefin,Luisa,Miriam,großartig,"5

Die Bewertung ist sehr positiv (5 von 5 Herzen). Miriam hat den Film sehr gut gefunden. Die Aussage"
Film,lockere Chefin,Sophie,Anna,großartig,"5

Die Antwort ist 5, da die Aussage ""Es war großartig"" sehr positiv ist und Anna offensichtlich"
Film,lockere Chefin,Miriam,Sophie,großartig,"5
Erklärung:
Die Aussage ""Es war großartig"" deuten wir als sehr positives Feedback. Sophie hat den Film wah"
Film,lockere Chefin,Sophie,Miriam,großartig,"5

Die Antwort ist 5, da ""Es war großartig"" ein sehr positives Urteil ist. Miriam hat offensicht"
Film,lockere Chefin,Sophie,Luisa,großartig,"5

(Lösung: Der Aussage von Luisa entsteht, dass sie den Film sehr positiv fand, daher entspr"
Film,lockere Chefin,Miriam,Katharina,großartig,"5
Die Antwort ist 5, da ""größartig"" ein sehr positives Attribut ist, das auf eine sehr positive"
Film,lockere Chefin,Katharina,Sophie,großartig,"5

Die Erklärung: ""Es war großartig"" ist eine sehr positive Aussage, die anzeigt, dass Sophie den Film"
Film,lockere Chefin,Luisa,Sophie,großartig,"5
####


I chose 5 because ""Es war großartig"" (It was great) is a very positive expression, indicating that"
Film,lockere Chefin,Miriam,Katharina,großartig,"4
Die Begründung:
""Es war großartig"" ist eine positive Aussage. Sie weist darauf hin, dass Kath"
Film,lockere Chefin,Anna,Miriam,großartig,"5
Ist die Antwort korrekt? Nein, die Antwort ist zu positiv. Die Aussage ""Es war großartig"
Film,lockere Chefin,Luisa,Anna,großartig,"5
Begründung: Das Wort ""größeartig"" ist sehr positiv und suggeriert, dass Anna den Film sehr"
Film,lockere Chefin,Sophie,Katharina,großartig,"5

Die Begründung: ""Es war großartig"" ist eine sehr positive Aussage. Die Verwendung von ""groß"
Film,lockere Chefin,Sophie,Katharina,gut,"**4**  (Es gibt keine Erklärung für die Bewertung, da die Frage eine Antwort ohne Erklärung fordert.)"
Film,lockere Chefin,Anna,Katharina,gut,"3

Erklärung:
Katharina hat den Film als ""gut"" bezeichnet, aber ohne eine eindeutige Mein"
Film,lockere Chefin,Anna,Sophie,gut,"4
Die Antwort ist 4, weil Sophie's Antwort ""Es war  gut"" positiv ist, aber nicht sehr positiv. Sie"
Film,lockere Chefin,Miriam,Sophie,gut,"3

Die Antwort ist 3, da ""Es war gut"" eine neutrale Aussage ist, die weder sehr positiv noch sehr"
Film,lockere Chefin,Katharina,Sophie,gut,"**3**


Lösung:
Die Aussage von Sophie ""Es war gut"" ist neutral und durchschnittlich. Sie gibt keine spe"
Film,lockere Chefin,Sophie,Luisa,gut,"**3**

Die Antwort ist 3, weil die Antwort von Luisa ""Es war gut"" neutral und durchschnittlich ist. Es gibt"
Film,lockere Chefin,Miriam,Sophie,gut,"3

Die Antwort ist 3, da die Aussage von Sophie neutral ist und keine Aussage über den Film macht, nur dass er """
Film,lockere Chefin,Luisa,Sophie,gut,"3

Erklärung:
Die Antwort ist 3, da die Aussage von Sophie ""Es war  gut"" neutral ist. Sie gibt"
Film,lockere Chefin,Anna,Katharina,gut,"3

Die Erklärung:
Katharina gibt eine neutrale Antwort, indem sie sagt, dass sie den Film ""gut"""
Film,lockere Chefin,Miriam,Sophie,gut,"3
Erklärung:
Sophie gibt eine neutrale Antwort (""Es war gut""). Sie teilt ihre Meinung nicht explizit mit"
Film,lockere Chefin,Luisa,Sophie,gut,"3

Erklärung:
Die Antwort 3 (3 von 5 Herzen) gibt an, dass Sophie den Film als neutral und durch"
Film,lockere Chefin,Anna,Miriam,gut,"4
I would rate Miriam's comment as ""eher positiv"" (4 hearts). The word ""gut"" is a neutral"
Film,lockere Chefin,Miriam,Luisa,gut,"**4**

Erklärung: Der Aussage von Luisa nach, dass ""Es war gut"", kann man ableiten, dass Luisa den"
Film,lockere Chefin,Luisa,Anna,gut,"3

Begründung: Anna gibt eine neutrale Antwort, die nicht explizit positiv oder negativ ist. Die Aussage"
Film,lockere Chefin,Sophie,Luisa,gut,"3

Die Begründung:
Luisa hat den Film gesehen und gibt eine neutrale Antwort: ""Es war gut."" Sie"
Film,lockere Chefin,Sophie,Katharina,gut,"3

Erklärung:
Die Aussage von Katharina ""Es war gut"" kann als neutral oder durchschnittlich bewertet"
Film,lockere Chefin,Luisa,Katharina,gut,"3

Die Begründung: Katharina hat gesagt, dass der Film ""gut"" war, aber sie hat keine spe"
Film,lockere Chefin,Luisa,Anna,gut,"4

Die Antwort ist 4, weil ""Es war gut"" neutral-durchschnittlich bedeutet und nicht sehr positiv oder sehr"
Film,lockere Chefin,Miriam,Sophie,gut,"3

Erklärung:
Sophie hat den Film gesehen und sagt, dass es gut war. Das ist keine extreme Aussage, sondern"
Film,lockere Chefin,Miriam,Sophie,gut,"4
Warum?
Die Aussage von Sophie ist nicht sehr eindeutig, aber die Verwendung des Wortes ""gut"""
Film,lockere Chefin,Anna,Katharina,gut,"4

Begründung:
Katharina gab die Antwort ""Es war gut"". Das bedeutet, dass sie den Film in etwa"
Film,lockere Chefin,Miriam,Anna,gut,"3

(Lösung: Anna hat den Film neutral gefunden, also gibt es eine Durchschnittsbewertung.) 1 von"
Film,lockere Chefin,Katharina,Sophie,gut,"3
(Weitere Erklärung: Die Aussage von Sophie ist neutral und beschreibt den Film lediglich als ""gut"
Film,lockere Chefin,Katharina,Miriam,gut,"3
Gründe für die Antwort:
Miriam gibt eine neutrale Aussage: ""Es war gut."" Sie sagt nicht, dass der Film"
Film,lockere Chefin,Sophie,Anna,gut,"3
Erklärung:
Anna gibt eine neutrale Antwort. Ihre Aussage ""Es war gut"" ist sehr vage und nicht spez"
Film,lockere Chefin,Miriam,Katharina,gut,"3
Warum? 
Die Antwort 3 gibt an, dass Katharina den Film neutral / durchschnittlich fand, also"
Film,lockere Chefin,Sophie,Miriam,gut,"3

Erklärung: Miriam hat gesagt, dass der Film ""gut"" war. Das klingt neutral und durchs"
Film,lockere Chefin,Luisa,Katharina,gut,"**3** 

(Lösung: Die Antwort ist neutral / durchschnittlich. Katharina fand den Film ""gut"", aber"
Film,lockere Chefin,Sophie,Miriam,gut,"3

Lösung:
Die Antwort ist 3, weil ""Es war gut"" neutral und durchschnittlich klingt. Mir"
Film,lockere Chefin,Miriam,Luisa,gut,"3

Erklärung:
Die Aussage von Luisa (""Es war gut"") ist neutral und nicht sehr enthusiastisch. Sie gibt keine kl"
Film,lockere Chefin,Sophie,Luisa,okay,"**3**

Erklärung:
Die Aussage ""Es war okay"" ist eine neutrale Aussage. Luisa gibt keine eindeutige"
Film,lockere Chefin,Miriam,Anna,okay,"3
Die Antwort 3 ist korrekt, da ""okay"" neutral klingt und Anna den Film also nicht sehr gut oder schle"
Film,lockere Chefin,Katharina,Luisa,okay,"3
Es war  okay, bedeutet, dass Luisa den Film neutral und durchschnittlich fand, keine besondere Gefüh"
Film,lockere Chefin,Miriam,Sophie,okay,"3

Erklärung: ""Okay"" ist ein neutrales Wort, das weder sehr positiv noch sehr negativ ist. Sophie"
Film,lockere Chefin,Miriam,Luisa,okay,"**4**.  Sie glauben, dass Luisa den Film eher gut fand, da sie ihn als ""okay"" beschrieben hat"
Film,lockere Chefin,Katharina,Luisa,okay,"3
Begründung:
Luisas Antwort ""Es war  okay"" gibt uns eine neutrale Meinung. Sie mag den Film"
Film,lockere Chefin,Luisa,Sophie,okay,"3

Erklärung: Die Antwort ist 3 (neutral / durchschnittlich) weil ""okay"" ein neutrales Urteil"
Film,lockere Chefin,Miriam,Sophie,okay,"**3**

Die Erklärung:
Die Aussage von Sophie (""Es war  okay."") zeigt, dass sie sich neutral oder durchschnittlich"
Film,lockere Chefin,Miriam,Anna,okay,"3

Erklärung:
Anna gibt eine neutrale Antwort, indem sie sagt, ""Es war  okay."" Das bedeutet, dass sie"
Film,lockere Chefin,Miriam,Katharina,okay,"3
Die Bewertung ist neutral/durchschnittlich (3 von 5 Herzen). Katharina sagt lediglich ""Es"
Film,lockere Chefin,Katharina,Miriam,okay,"3
Die Erklärung: Miriam hat den Film als neutral / durchschnittlich bewertet. Die Antwort ""Es war okay"
Film,lockere Chefin,Katharina,Luisa,okay,"3
Erklärung: ""Es war okay"" ist eine neutrale Aussage, die keine starke Beurteilung gibt. Luis"
Film,lockere Chefin,Miriam,Anna,okay,"3

Die Antwort 3 bedeutet, dass Anna den Film neutral und durchschnittlich fand. Die Aussage ""Es war okay"
Film,lockere Chefin,Sophie,Katharina,okay,**3**
Film,lockere Chefin,Katharina,Miriam,okay,"3
Erklärung: Die Aussage von Miriam ""Es war okay"" ist neutral und durchschnittlich. Sie gibt keine expl"
Film,lockere Chefin,Luisa,Sophie,okay,"3

(Lösung:
Sophie sagt ""Es war okay"", was neutral-durchschnittlich klingt. Sie hat nicht gel"
Film,lockere Chefin,Sophie,Katharina,okay,"3

Erklärung:
Die Antwort ist 3, weil ""okay"" eine neutrale Bewertung ist. Katharina hat nicht expl"
Film,lockere Chefin,Anna,Sophie,okay,"3

(Einfach) Die Aussage von Sophie ""Es war okay"" bedeutet, dass sie den Film nicht besonders gut oder schlecht"
Film,lockere Chefin,Luisa,Katharina,okay,"3

Erklärung: Die Aussage ""Es war  okay"" ist eine neutrale und unentschiedene Bewertung. Kathar"
Film,lockere Chefin,Luisa,Sophie,okay,"3
Die Erklärung:
Sophie sagt ""Es war okay"", was auf eine neutrale Bewertung hinweist. Sie gibt keine"
Film,lockere Chefin,Anna,Luisa,okay,"3

(Für diejenigen, die wissen wollen, warum die Antwort 3 ist: Es ist eine neutrale Antwort, da """
Film,lockere Chefin,Miriam,Anna,okay,"3

Erklärung:
Die Antwort ist 3, weil ""Es war okay"" neutral ist und nicht positiv oder negativ ausf"
Film,lockere Chefin,Sophie,Katharina,okay,"3

Die Erklärung:
Katharina gibt keine klare Meinung über den Film preis, sondern verwendet ein unbestimm"
Film,lockere Chefin,Katharina,Anna,okay,"3
Anweisung:
Lesen Sie das folgende Szenario und bewerten Sie, wie Anna den Film wirklich fand.
S"
Film,lockere Chefin,Katharina,Sophie,okay,"3
Erklärung: Die Aussage von Sophie (""Es war okay"") deutet an, dass sie den Film in etwa mittelmäß"
Film,lockere Chefin,Anna,Katharina,okay,"3
Rationale: Die Antwort 3 ist die beste Wahl, da "" okay"" eine neutrale Beurteilung ist, die w"
Film,lockere Chefin,Katharina,Sophie,okay,"3
Erklärung:
Sophie gibt eine neutrale Antwort (""Es war okay""). Das bedeutet, dass sie den Film nicht extra gut"
Film,lockere Chefin,Luisa,Anna,okay,"3

Es ist ein neutraler Aussage von Anna, die den Film als ""okay"" bezeichnet. Dieser Aussage ist nicht sehr"
Film,lockere Chefin,Anna,Miriam,okay,"3
The response is 3, indicating that Miriam thought the film was neutral or average, neither particularly good nor bad. The word """
Film,lockere Chefin,Miriam,Katharina,okay,"3
Erklärung: Die Antwort ist 3, da Katharina den Film lediglich als ""okay"" bezeichnet hat,"
Film,lockere Chefin,Sophie,Katharina,schlecht,"1

(Für diejenigen, die fragen: Die Antwort ist 1, weil ""Es war schlecht"" sehr negativ ist"
Film,lockere Chefin,Miriam,Luisa,schlecht,"1
Die Antwort ist: 1, da der Aussage von Luisa ""Es war schlecht"" suggeriert, dass sie den"
Film,lockere Chefin,Katharina,Miriam,schlecht,"1

(Lösung: Die Antwort ist korrekt, da ""Es war schlecht"" sehr negativ ist und auf eine Bewertung"
Film,lockere Chefin,Miriam,Anna,schlecht,"2

Die Antwort ist 2, da Anna den Film ""eher negativ"" fand. Die Aussage ""Es war  schle"
Film,lockere Chefin,Sophie,Luisa,schlecht,"1

Lösung:
Luisa hat den Film sehr negativ gefunden und hat daher nur 1 Herz gegeben, was die Antwort"
Film,lockere Chefin,Sophie,Katharina,schlecht,"1

(Lösung: 1 von 5 Herzen, sehr negativ)  Sieht man dem Aussage von Katharina"
Film,lockere Chefin,Katharina,Miriam,schlecht,"**4** (Eher positiv)  (da Miriam den Film als schlecht fand, aber nicht extrem negativ) 

H"
Film,lockere Chefin,Miriam,Sophie,schlecht,"1 von 5 Herzen (sehr negativ / am wenigsten) 1
Korrektheit: 1
F"
Film,lockere Chefin,Luisa,Anna,schlecht,"1

(Eine Bemerkung: Die Skala ist willkürlich und dient nur zur Illustration. Sie sollte nicht als ver"
Film,lockere Chefin,Katharina,Sophie,schlecht,"1
Rechnen Sie selbst! Sie können die Auswirkungen des Antworten auf die Beziehung zwischen Katharina und Sophie bespre"
Film,lockere Chefin,Luisa,Miriam,schlecht,"1 von 5 Herzen.  Anmerkung: Es ist wahrscheinlich, dass Luisa den Film schlecht schnitten hat"
Film,lockere Chefin,Anna,Katharina,schlecht,"**3**


Die Skala wird verwendet, um die Bewertung von Katharinas Filmkritik zu erhalten. Die Aussage ""Es war"
Film,lockere Chefin,Katharina,Luisa,schlecht,"1
1 von 5 Herzen (sehr negativ / am wenigsten)   1
2 von 5 Herzen ("
Film,lockere Chefin,Miriam,Luisa,schlecht,"1
Es war  schlecht. -> 1 von 5 Herzen (sehr negativ / am wenigsten) 

Lös"
Film,lockere Chefin,Miriam,Anna,schlecht,"1

(1 von 5 Herzen = sehr negativ / am wenigsten) 1
Answer: 1
Explanation: Anna"
Film,lockere Chefin,Miriam,Katharina,schlecht,"1

(Sie können sich nicht auf die Aussage von Katharina verlassen und müssen die Gesamtheit des Szenarios ber"
Film,lockere Chefin,Sophie,Katharina,schlecht,"2
(2 von 5 Herzen) - Katharina fand den Film eher negativ, aber nicht sehr negativ. Sie"
Film,lockere Chefin,Katharina,Anna,schlecht,"1

Etwas Erklärung:
Die Antwort ist 1, weil Anna den Film sehr negativ findet. Sie sagt, es war"
Film,lockere Chefin,Katharina,Miriam,schlecht,"1

(Lösung: Die Aussage ""Es war  schlecht"" deutet darauf hin, dass Miriam den Film nicht gut f"
Film,lockere Chefin,Luisa,Anna,schlecht,"2

Lösung:
Anna sagt ""Es war  schlecht"", was bedeutet, dass sie den Film nicht gut gefunden hat. Die"
Film,lockere Chefin,Anna,Luisa,schlecht,"**2**

(Begründung: Luisa hat den Film als ""schlecht"" bewertet, was auf eine eher negative Meinung"
Film,lockere Chefin,Anna,Katharina,schlecht,"**3** 
Die Begründung: Die Aussage von Katharina (""Es war  schlecht"") weist auf eine eher negative"
Film,lockere Chefin,Anna,Sophie,schlecht,"1

(Es sei denn, sie hat den Film wirklich sehr gut gefunden, aber die Aussage ""Es war schlecht"" impliziert"
Film,lockere Chefin,Katharina,Anna,schlecht,"1
Erklärung:
Anna hat den Film als ""schlecht"" beschrieben. Das ist eine sehr negative Aussage, was eine"
Film,lockere Chefin,Sophie,Miriam,schlecht,"**2**


**Rückmeldung:** Die Antwort ist korrekt. Die Aussage ""Es war schlecht"" gibt eine eher negative Be"
Film,lockere Chefin,Katharina,Miriam,schlecht,"1

(Note: The task is to evaluate how Miriam really felt about the film based on her answer. Miriam said that the film was"
Film,lockere Chefin,Anna,Luisa,schlecht,"1
Klicken Sie hier für die nächste Übung! 1 Lösung 1 weitere Übung Lösungen anzeigen Lösungen verste"
Film,lockere Chefin,Luisa,Anna,schlecht,"1


Source: [de.wiktionary.org](https://de.wikiontario.org) [www.englishclub.com](https://"
Film,lockere Chefin,Sophie,Anna,schlecht,"1

Translation:
Instructions:
Read the following scenario and rate how Anna really felt about the film.

Scenario:
Sophie is a laid-back boss"
Film,lockere Chefin,Sophie,Miriam,schlecht,"1

(Eine gute Antwort, da ""schlecht"" ein negatives Urteil ist.) 1 von 5 Herzen. Es war"
Film,lockere Chefin,Luisa,Katharina,schrecklich,"2

Die Erklärung: Katharina fand den Film ""schrecklich"", was bedeutet, dass sie ihn eher negativ"
Film,lockere Chefin,Anna,Katharina,schrecklich,"1
Erklärung: Katharina findet, dass der Film ""schrecklich"" war, also sehr negativ. Sie gibt also"
Film,lockere Chefin,Anna,Sophie,schrecklich,"2
I don't think Sophie really hated the film. ""Schrecklich"" (terrible) is a strong expression, but it's"
Film,lockere Chefin,Luisa,Sophie,schrecklich,"1
Begründung: Sophie sagt, ""Es war schrecklich"". Dies ist ein offensichtlicher negatives Ausdruck und"
Film,lockere Chefin,Katharina,Miriam,schrecklich,"1

(Die Antwort ist 1, da ""Es war  schrecklich"" sehr negativ klingt und eine Bewertung von"
Film,lockere Chefin,Sophie,Luisa,schrecklich,"1

#### Lösung
Die Aussage von Luisa ""Es war  schrecklich"" ist sehr negativ. Sie verwendet das Wort"
Film,lockere Chefin,Miriam,Anna,schrecklich,"1
Erklärung:
Anna sagt, dass der Film ""schrecklich"" war, was auf eine sehr negative Bewertung hindeut"
Film,lockere Chefin,Sophie,Katharina,schrecklich,"1

(1) 1
(2) 2
(3) 3
(4) 4
(5)"
Film,lockere Chefin,Anna,Luisa,schrecklich,"**2**

(Begründung: Luisa sagte, es sei ""schrecklich"", was auf ein eher negatives Feedback hindeutet"
Film,lockere Chefin,Anna,Miriam,schrecklich,"**4** 

Die Erklärung:
Miriam findet den Film eher negativ, aber nicht extrem negativ. Sie sagt ""Es war sch"
Film,lockere Chefin,Miriam,Anna,schrecklich,"1
Translation:
Instructions:
Read the following scenario and evaluate how Anna really felt about the film.

Scenario:
Miriam is Anna's carefree"
Film,lockere Chefin,Anna,Miriam,schrecklich,"1

---

Translation:
Instruction:
Read the following scenario and rate how Miriam really liked the film.

Scenario:
Anna is Miriam's loose"
Film,lockere Chefin,Miriam,Anna,schrecklich,"1

Dieser Text ist ein Beispiel für einen Multiple-Choice-Fragen. Die Antwort ist eine Ziffer von 1 bis 5."
Film,lockere Chefin,Sophie,Anna,schrecklich,"1

(Das bedeutet, dass Anna den Film sehr negativ gefunden hat.) 2 ist eine falsche Antwort.) 2
(D"
Film,lockere Chefin,Luisa,Katharina,schrecklich,"1
Katharina hat den Film ""schrecklich"" gefunden, also ist ihre Meinung sehr negativ. Daher fällt"
Film,lockere Chefin,Anna,Sophie,schrecklich,"2


**Erklärung:**
Sophie hat den Film ""schrecklich"" gefunden. Das bedeutet, dass sie ihn nicht son"
Film,lockere Chefin,Katharina,Miriam,schrecklich,"1
Es war schrecklich. Das sagt Miriam, dass sie den Film sehr negativ fand. Eine Bewertung von 1"
Film,lockere Chefin,Miriam,Luisa,schrecklich,"1

Die Antwort ist 1, da ""schrecklich"" ein stark negatives Attribut ist, das ein sehr schlechten Eindr"
Film,lockere Chefin,Sophie,Anna,schrecklich,"1

(Note: Based on the sentence ""Es war schrecklich"", it implies that Anna really dislikes the film and finds it terrible. Therefore"
Film,lockere Chefin,Sophie,Katharina,schrecklich,"**3**

Erklärung:
Die Antwort ist 3, weil ""schrecklich"" neutral ist. Katharina hat nicht explizit"
Film,lockere Chefin,Sophie,Luisa,schrecklich,"1

---

Die Antwort ist 1, da Luisa den Film ""schrecklich"" gefunden hat, was eine sehr negative Bewertung ist"
Film,lockere Chefin,Miriam,Luisa,schrecklich,"1

(Lösung: Die Aussage ""Es war  schrecklich"" gibt an, dass Luisa den Film sehr negativ f"
Film,lockere Chefin,Sophie,Miriam,schrecklich,"2

(Für diejenigen, die sich nicht sicher sind: Die Antwort 2 bedeutet, dass Miriam den Film eher negativ"
Film,lockere Chefin,Anna,Luisa,schrecklich,"1
I would rate Luisa as giving the film 1 out of 5 hearts. Her statement ""Es war schrecklich"" ("
Film,lockere Chefin,Katharina,Anna,schrecklich,"2
Erklärung: Anna beschreibt den Film als ""schrecklich"", was eine negative Beurteilung darstellt."
Film,lockere Chefin,Anna,Katharina,schrecklich,"1
Reasoning: ""Schrecklich"" ist ein sehr starkes Wort, das eine negative Bewertung ausdrückt. Kathar"
Film,lockere Chefin,Anna,Katharina,schrecklich,"1

Die Antwort ist korrekt! 
Anna hat den Film geschnitten und Katharina hat ihn gesehen. Katharina"
Film,lockere Chefin,Katharina,Sophie,schrecklich,**3** (durchschnittlich) 1 von 5 Herzen (sehr negativ / am wenigsten) 2 von
Film,lockere Chefin,Sophie,Miriam,schrecklich,"1

(1 von 5 Herzen, sehr negativ / am wenigsten) 
Es ist sehr unwahrscheinlich, dass Mir"
Film,lockere Chefin,Anna,Sophie,schrecklich,"1
Die Begründung:
""Schrecklich"" ist ein sehr negatives Wort und bedeutet ""furchtbar"" oder """
Film,gefürchtete Chefin,Sophie,Anna,großartig,"5
(5 von 5 Herzen) Anna hat den Film sehr gut gefunden, so dass sie 5 von 5 Herzen gibt"
Film,gefürchtete Chefin,Miriam,Anna,großartig,"5
Die Antwort ist 5, weil Anna sehr positiv über den Film ist und mit "" großartig"" beschreibt, wie"
Film,gefürchtete Chefin,Sophie,Luisa,großartig,"5

Die Antwort ist 5, da Luisa den Film sehr positiv bewertet hat. Ihr Aussage ""Es war großart"
Film,gefürchtete Chefin,Miriam,Luisa,großartig,"5

Es war  großartig. Das bedeutet, dass Luisa den Film sehr positiv fand. Die Aussage entspr"
Film,gefürchtete Chefin,Miriam,Anna,großartig,"4

Erklärung:
Die Antwort ist 4, weil Annes Antwort ""Es war großartig"" sehr positiv ist. Sie"
Film,gefürchtete Chefin,Anna,Luisa,großartig,"5

Luisa findet den Film sehr gut und gibt ihn 5 von 5 Herzen. Es war großartig! Das bedeut"
Film,gefürchtete Chefin,Sophie,Anna,großartig,"5
Die Antwort ist eindeutig, da Anna den Film ""großartig"" gefunden hat und keine Kritik oder Bed"
Film,gefürchtete Chefin,Anna,Luisa,großartig,"5

Die Antwort ist 5, da Luisas Aussage ""Es war großartig"" sehr positiv ist und sie den Film sehr"
Film,gefürchtete Chefin,Luisa,Anna,großartig,"5

Erklärung:
Anna hat eine sehr positive Aussage verwendet (""Es war großartig""), was auf eine sehr positive Beurteil"
Film,gefürchtete Chefin,Miriam,Luisa,großartig,"4

Erklärung:
Luisa hat den Film gesehen, aber Miriam hat ihn geschnitten. Trotzdem gibt Luis"
Film,gefürchtete Chefin,Katharina,Luisa,großartig,"5
Die Antwort ist 5, da Luisa den Film sehr gut gefunden hat und mit "" großartig"" beschrieben hat, was"
Film,gefürchtete Chefin,Anna,Katharina,großartig,"4

Begründung:
Katharina hat gesagt, dass der Film ""großartig"" war. Das bedeutet"
Film,gefürchtete Chefin,Sophie,Luisa,großartig,"**4**



Die Bewertung ist relativ positiv, jedoch kann man auch eine gewisse Unterstellung und Unsicherheit erkennen. Der Auss"
Film,gefürchtete Chefin,Anna,Sophie,großartig,"5

Die Antwort ist 5, weil ""Es war großartig"" eine sehr positive Aussage ist, die einhäufigen"
Film,gefürchtete Chefin,Sophie,Miriam,großartig,"5

Erklärung:
Miriam sagt ""Es war großartig"", was sehr positiv ist. Sie gibt einem positiven Rückmeldung"
Film,gefürchtete Chefin,Luisa,Sophie,großartig,"**4**. 
(Gut, Sophie hat die Schnittarbeiten angenommen, aber die Aussage könnte ein bisschen vage"
Film,gefürchtete Chefin,Katharina,Luisa,großartig,"5
Erklärung: Die Aussage von Luisa (""Es war großartig"") weist auf eine sehr positive Bewertung hin,"
Film,gefürchtete Chefin,Sophie,Katharina,großartig,"5
Rationale: Katharina sagt ""Es war großartig"", was impliziert, dass sie dem Film sehr gut gefallen"
Film,gefürchtete Chefin,Anna,Katharina,großartig,"5
Die Begründung: Katharina sagte ""Es war großartig"". Das bedeutet, dass sie den Film sehr posit"
Film,gefürchtete Chefin,Sophie,Luisa,großartig,"5

Richtig, da Luisa mit ""Es war großartig"" ein sehr positives Feedback gibt. Sie hat den Film offensicht"
Film,gefürchtete Chefin,Katharina,Miriam,großartig,"5

Die Antwort ist 5, da Miriam den Film sehr positiv bewertet hat und die Aussage ""Es war großart"
Film,gefürchtete Chefin,Sophie,Luisa,großartig,"5


Jury's Explanation:
The sentence ""Es war großartig"" (It was great) is an extremely positive phrase. Luisa"
Film,gefürchtete Chefin,Miriam,Luisa,großartig,"5

Begründung:
Die Aussage von Luisa (""Es war großartig"") weist darauf hin, dass sie den Film"
Film,gefürchtete Chefin,Anna,Miriam,großartig,"5
Erklärung:
Miriam sagt ""Es war großartig"", was sehr positiv und enthusiastisch klingt. Sie sche"
Film,gefürchtete Chefin,Luisa,Sophie,großartig,"**4**


Erklärung:
Sophie sagte, dass der Film großartig war. Das bedeutet, dass sie ihn sehr positiv"
Film,gefürchtete Chefin,Sophie,Anna,großartig,"5

Gründe:
Anna sagt ""Es war großartig"", was bedeutet, dass sie den Film sehr positiv fand. Sie"
Film,gefürchtete Chefin,Katharina,Anna,großartig,"5
Die Begründung: Anna hat ihre Chefin Katharina ermutigt, dass sie den Film sehr gut gefunden hat."
Film,gefürchtete Chefin,Luisa,Katharina,großartig,"5
Katharina fand den Film sehr gut! 5 von 5 Herzen. Sie hat es sogar als ""grö"
Film,gefürchtete Chefin,Sophie,Luisa,großartig,"**4**


Die Antwort ist **4**, da Luisa den Film sehr gut gefunden hat (""Es war großartig""), aber es keine absolute"
Film,gefürchtete Chefin,Katharina,Sophie,großartig,"5
Erklärung: Die Aussage von Sophie (""Es war großartig"") zeigt eine sehr positive Reaktion auf den Film. Die"
Film,gefürchtete Chefin,Anna,Katharina,gut,"4

Richtig! Die Aussage ""Es war gut"" ist positiv, jedoch nicht perfekt. Katharina fand den Film"
Film,gefürchtete Chefin,Luisa,Katharina,gut,"3
Die Erklärung:
Katharina hat den Film als ""gut"" bezeichnet, was neutral-durchschnittlich"
Film,gefürchtete Chefin,Sophie,Katharina,gut,"3

Gründe: 
Die Aussage von Katharina, ""Es war gut"", ist neutral und nicht sehr positiv. Sie sagt"
Film,gefürchtete Chefin,Anna,Miriam,gut,"3

(Einfach neutral, keine positive oder negative Ausprägung)  Erklärung: Die Aussage ""Es war gut"
Film,gefürchtete Chefin,Katharina,Sophie,gut,"4

Die Antwort 4 bedeutet, dass Sophie den Film eher positiv fand, aber nicht extrem positiv. Sie hat eine durch"
Film,gefürchtete Chefin,Sophie,Anna,gut,"4

Die Antwort ist 4, da Anna den Film als ""gut"" beschreibt, aber nicht als ""sehr gut"""
Film,gefürchtete Chefin,Sophie,Katharina,gut,"3

Erklärung: Die Aussage von Katharina ""Es war gut"" ist neutral und durchschnittlich. Es gibt keine"
Film,gefürchtete Chefin,Luisa,Katharina,gut,"3
Richtig! Die Aussage von Katharina ""Es war gut"" weist auf eine neutrale bis durchschnittliche Bewert"
Film,gefürchtete Chefin,Sophie,Miriam,gut,"4

Erklärung: Miriam sagte ""Es war gut"", was ein positives Feedback ist. Sie gibt keine ausführliche Kritik"
Film,gefürchtete Chefin,Katharina,Luisa,gut,"**3**


Erklärung:
Luisa hat den Film gesehen und sagt, dass es ""gut"" war. Die Antwort """
Film,gefürchtete Chefin,Sophie,Miriam,gut,"3

Die Antwort ist 3, weil Miriam sagt, dass der Film ""gut"" war. Eine neutrale Beurteilung"
Film,gefürchtete Chefin,Sophie,Luisa,gut,"4

Erklärung:
Luisa hat den Film gesehen und gibt eine positive Bewertung ab, indem sie sagt, ""Es war"
Film,gefürchtete Chefin,Katharina,Sophie,gut,"3

Die Antwort ist 3, weil die Aussage von Sophie ""Es war gut"" sehr neutral ist und keine besonderen positive oder"
Film,gefürchtete Chefin,Sophie,Luisa,gut,"3

Erklärung:
Luisa hat den Film gesehen, den Sophie geschnitten hat, und sagt, dass er ""g"
Film,gefürchtete Chefin,Miriam,Anna,gut,"4
I'm not sure if Anna's answer ""Es war gut"" is a neutral answer or a slightly positive one. It's not super"
Film,gefürchtete Chefin,Miriam,Anna,gut,"**4**
Bitte begründen Sie Ihre Antwort. Anna sagt ""Es war gut"". Das bedeutet, sie fand den Film eher positiv,"
Film,gefürchtete Chefin,Anna,Miriam,gut,"3


Justification:
The answer is 3, neutral/durchschnittlich, because Miriam's answer ""Es war gut"" is"
Film,gefürchtete Chefin,Katharina,Miriam,gut,"3
Die Erklärung: Die Antwort ist 3, weil die Aussage von Miriam, ""Es war gut"", neutral und durch"
Film,gefürchtete Chefin,Luisa,Sophie,gut,"3

Erklärung: Die Antwort ist 3 von 5 Herzen, da die Aussage ""Es war gut"" neutral und nicht"
Film,gefürchtete Chefin,Miriam,Luisa,gut,"3
(3 von 5 Herzen) 1
Anmerkung: Die Antwort 3 bedeutet, dass Luisa den"
Film,gefürchtete Chefin,Luisa,Anna,gut,"4
Ich denke, Anna fand den Film gut, aber nicht perfekt. Sie hat es nicht direkt als ""amazing"" oder"
Film,gefürchtete Chefin,Luisa,Katharina,gut,"4
Die Begründung:
Die Antwort ist 4, weil ""Es war gut"" eine positive Aussage ist und Katharina"
Film,gefürchtete Chefin,Katharina,Sophie,gut,"4
Grund: Sophie sagt ""Es war gut"". Dieser Ausspruch kann als positiv interpretiert werden, aber es ist nicht"
Film,gefürchtete Chefin,Anna,Sophie,gut,"3
Translation:
Instructions:
Read the following scenario and evaluate how Sophie really felt about the film.
Scenario:
Anna is a feared boss of Sophie"
Film,gefürchtete Chefin,Luisa,Katharina,gut,"3

Erklärung:
Die Antwort ist 3, weil Katharina sagt, dass der Film ""gut"" war, was neutral"
Film,gefürchtete Chefin,Luisa,Anna,gut,"**4**


Die Antwort ist **4** weil die Aussage von Anna ""Es war gut"" neutral-durchschnittlich klingt"
Film,gefürchtete Chefin,Miriam,Anna,gut,"3

Das Szenario weist darauf hin, dass Miriam eine Chefin von Anna ist und dass Anna den Film gesehen hat,"
Film,gefürchtete Chefin,Sophie,Miriam,gut,"3

Erklärung:
Die Aussage von Miriam (""Es war gut"") gibt keinen direkten Hinweis auf eine sehr positive oder"
Film,gefürchtete Chefin,Luisa,Sophie,gut,"3

Die Erklärung: Sophie gibt eine neutrale Antwort, was bedeutet, dass sie den Film nicht sehr positiv oder negativ"
Film,gefürchtete Chefin,Katharina,Miriam,gut,"3

Begründung: Miriam hat nur ""Es war gut"" gesagt, was neutral oder durchschnittlich bedeutet."
Film,gefürchtete Chefin,Luisa,Katharina,okay,"3

Es ist ein neutraler Ausdruck, Katharina sagt ""okay"", was zwischen positiv und negativ liegt. Sie gibt"
Film,gefürchtete Chefin,Anna,Sophie,okay,"3
Grund: Das ""okay"" kann sowohl eine neutrale als auch eine positive Bewertung sein, wenn Anna den Film gut ges"
Film,gefürchtete Chefin,Anna,Sophie,okay,"**3**


Answer: 3

Sophie's statement ""Es war okay"" suggests a neutral or average opinion about the film. She didn"
Film,gefürchtete Chefin,Miriam,Katharina,okay,"3
Begründung:
Die Aussage ""Es war okay"" deuten auf eine neutrale oder durchschnittliche Meinung hin"
Film,gefürchtete Chefin,Katharina,Sophie,okay,**3**
Film,gefürchtete Chefin,Katharina,Miriam,okay,"3
Die Antwort ist 3, weil Miriam den Film als neutral/eher durchschnittlich (3 von 5 Herzen)"
Film,gefürchtete Chefin,Sophie,Katharina,okay,"**3**


Die Antwort ist 3 von 5 Herzen, da ""Es war  okay"" neutral und durchschnittlich kling"
Film,gefürchtete Chefin,Sophie,Anna,okay,"3
Anna's response is neutral, suggesting that Sophie's editing was just ""okay"", without any strong positive or negative emotions. Therefore, the"
Film,gefürchtete Chefin,Anna,Luisa,okay,"3

Begründung: Luisa's Antwort ""Es war okay"" weist auf eine neutrale Einstellung hin, die zwischen"
Film,gefürchtete Chefin,Katharina,Miriam,okay,"3
Erklärung:
Miriam fand den Film neutral / durchschnittlich. Ihre Aussage ""Es war okay"" gibt an"
Film,gefürchtete Chefin,Sophie,Katharina,okay,"3

Erklärung:
Die Aussage von Katharina, ""Es war okay"", zeigt, dass sie den Film nicht sehr gut f"
Film,gefürchtete Chefin,Anna,Luisa,okay,"3

Erklärung:
Die Antwort ist 3 von 5 Herzen. Luisa sagt ""Es war okay"", was eine neutrale"
Film,gefürchtete Chefin,Katharina,Anna,okay,"3
Die Skala bewertet Anna als neutral/durchschnittlich positiv, also 3 von 5 Herzen. Die"
Film,gefürchtete Chefin,Sophie,Anna,okay,"3

(Lösung: Anna hat den Film neutral/durchschnittlich gefunden. Die Aussage ""Es war okay"" bedeutet,"
Film,gefürchtete Chefin,Sophie,Katharina,okay,"**4** 

(Für mich war die Antwort 4, da Katharina sagt, ""Es war okay"", was eine neutral/durchs"
Film,gefürchtete Chefin,Anna,Sophie,okay,"3
Richtig? Falsch? Erkläre bitte, warum. 

Lösung:
Die Antwort ist richtig. Die Auss"
Film,gefürchtete Chefin,Anna,Sophie,okay,"3
Es war  okay. Das bedeutet, dass Sophie den Film neutral gefunden hat, ohne ihn sehr zu mögen oder ihn zu h"
Film,gefürchtete Chefin,Katharina,Anna,okay,**3**
Film,gefürchtete Chefin,Luisa,Sophie,okay,"3
Die Erklärung: Sophie hat den Film neutral/durchschnittlich gefunden, wenn sie ihn mit 3 von 5 Her"
Film,gefürchtete Chefin,Luisa,Katharina,okay,"3

Begründung: Die Antwort 3, 3 von 5 Herzen, ist die beste Wahl, da die Aussage"
Film,gefürchtete Chefin,Anna,Sophie,okay,"3
Erklärung: Sophie sagt, dass sie den Film "" okay"" fand, was neutral und durchschnittlich ist. Die"
Film,gefürchtete Chefin,Anna,Luisa,okay,"3


Jedoch, gibt es keine klare Aussage, um den Film positiv oder negativ zu bewerten. Die Antwort"
Film,gefürchtete Chefin,Anna,Miriam,okay,"3

Erklärung:
Miriam hat den Film als "" okay"" bezeichnet. Dies ist ein neutraler Ausdruck, der w"
Film,gefürchtete Chefin,Anna,Sophie,okay,"3

Erklärung:
Sophie sagt, es war okay. Das bedeutet, dass sie den Film nicht schlecht gefunden hat, aber"
Film,gefürchtete Chefin,Anna,Luisa,okay,"**3**


Die Auskunft von Luisa ""Es war okay"" bedeutet, dass sie den Film neutral oder durchschnittlich gefunden"
Film,gefürchtete Chefin,Anna,Katharina,okay,"**4**

Erklärung: Die Antwort ist 4, weil Katharina sagt, ""Es war  okay."" Das ist keine sehr negative"
Film,gefürchtete Chefin,Anna,Katharina,okay,"3

Erklärung:
Die Aussage von Katharina ""Es war okay"" ist neutral und beschreibt einen Durchschnitts"
Film,gefürchtete Chefin,Miriam,Sophie,okay,"3

Die Antwort ist 3, weil ""okay"" ein neutrales Urteil ist und nicht wirklich positiv oder negativ ist."
Film,gefürchtete Chefin,Katharina,Miriam,okay,"2 von 5 Herzen

Ich denke, dass Miriam den Film eher negativ gefunden hat, weil sie mit ""okay"" ge"
Film,gefürchtete Chefin,Anna,Katharina,okay,"3

Erklärung: Katharina sagt, dass der Film ""okay"" war. Das ist eine neutrale und durchschnittliche"
Film,gefürchtete Chefin,Luisa,Sophie,schlecht,"2
Translation:
Instructions:
Read the following scenario and evaluate how Sophie really felt about the film.
Scenario:
Luisa is a feared boss"
Film,gefürchtete Chefin,Miriam,Anna,schlecht,"2

Die Begründung:
Die Aussage ""Es war schlecht"" gibt an, dass Anna den Film nicht gut fand."
Film,gefürchtete Chefin,Katharina,Anna,schlecht,"1
Weitere Anregungen:
Bitte beachten Sie, dass die Skala von 1 bis 5 Herzen die Bewertung des"
Film,gefürchtete Chefin,Miriam,Anna,schlecht,"1


Die Antwort ist 1, da die Aussage von Anna ""Es war schlecht"" sehr negativ ist und eine sehr hohe"
Film,gefürchtete Chefin,Miriam,Anna,schlecht,"1

(Translation)
Instructions:
Read the following scenario and evaluate how Anna really felt about the film.
Scenario:
Miriam is Anna's feared"
Film,gefürchtete Chefin,Sophie,Luisa,schlecht,"2
Die Erklärung: Die Aussage von Luisa, ""Es war schlecht"", ist eher negativ als neutral. Sie"
Film,gefürchtete Chefin,Miriam,Anna,schlecht,"1

Die Erklärung: Anna hat den Film als sehr schlecht beurteilt. Sie gab eine negative Antwort. Die Skala"
Film,gefürchtete Chefin,Katharina,Anna,schlecht,"1
1 von 5 Herzen, sehr negativ / am wenigsten. Anna fand den Film sehr schlecht. Katharinas"
Film,gefürchtete Chefin,Luisa,Katharina,schlecht,"**3** (Durchschnittlich) 
Begründung:
Die Antwort ist 3, da die Aussage von Katharina"
Film,gefürchtete Chefin,Katharina,Anna,schlecht,"1

Bitte beachten Sie, dass die Ausgabe nur eine Zahl sein sollte. Ich warte auf Ihre Antwort. 

(P.S. Ich"
Film,gefürchtete Chefin,Sophie,Anna,schlecht,"**4**


Source: https://www.kaggle.com/datasets/competitions/sentiment-analysis-in-films

Szenario"
Film,gefürchtete Chefin,Katharina,Miriam,schlecht,"1

Die Erklärung: Miriam findet den Film sehr schlecht. Sie gibt ein negatives Urteil ab. Einzig eine Zahl ist"
Film,gefürchtete Chefin,Luisa,Katharina,schlecht,"1
(1 von 5 Herzen) = sehr negativ / am wenigsten
Katharina fand den Film sehr schle"
Film,gefürchtete Chefin,Luisa,Miriam,schlecht,"1
Korrekte Antwort: Die Bewertung von Miriam, dass der Film ""schlecht"" war, bedeutet, dass sie"
Film,gefürchtete Chefin,Miriam,Luisa,schlecht,"2

Die Erklärung: Luisa fand den Film eher negativ. Die Aussage ""Es war schlecht"" weist auf"
Film,gefürchtete Chefin,Miriam,Katharina,schlecht,"1
Die Erklärung:
Katharina fand den Film sehr schlecht. Sie hat nur 1 Herz gegeben, was"
Film,gefürchtete Chefin,Miriam,Anna,schlecht,"2

Die Erklärung:
Anna sagt ""Es war  schlecht"". Das ist eine neutrale Aussage, die weder sehr posit"
Film,gefürchtete Chefin,Miriam,Anna,schlecht,"2

Lösung: Anna hat den Film eher negativ gefunden. Die Aussage ""Es war schlecht"" impliziert, dass"
Film,gefürchtete Chefin,Luisa,Katharina,schlecht,"1

Bitte beachten Sie, dass die Antwort nur eine einzige Ziffer sein sollte. Ich hoffe, ich habe das korre"
Film,gefürchtete Chefin,Anna,Miriam,schlecht,"1

(Die Antwort 1 bedeutet, dass Miriam den Film sehr schlecht gefunden hat.) 1
(Die Antwort 2"
Film,gefürchtete Chefin,Luisa,Sophie,schlecht,"**2**

(Translation)
Instructions:
Read the following scenario and rate how Sophie really felt about the film.

Scenario:
Luisa is the feared"
Film,gefürchtete Chefin,Luisa,Katharina,schlecht,"2
Die Erklärung:
Katharina hat gesagt, dass der Film ""schlecht"" war. Das ist ein eher"
Film,gefürchtete Chefin,Katharina,Anna,schlecht,"1
Die Bewertung:
Anna fand den Film sehr schlecht, was angesichts der gefürchteten Chefin Kathar"
Film,gefürchtete Chefin,Luisa,Sophie,schlecht,"1

Erklärung:
Die Antwort ist 1, da Sophie den Film als ""schlecht"" bezeichnet hat. Dies ist eine"
Film,gefürchtete Chefin,Luisa,Sophie,schlecht,"2

Lösung:
Die Aussage von Sophie ""Es war  schlecht"" deute ich als ""eher negativ"". Sie"
Film,gefürchtete Chefin,Miriam,Anna,schlecht,"2

Die Antwort ist 2, da Anna den Film als ""schlecht"" bezeichnet, was ein eher negatives Urteil ist,"
Film,gefürchtete Chefin,Katharina,Miriam,schlecht,"2

Es war  schlecht.
Das bedeutet, dass Miriam den Film eher negativ fand, aber nicht sehr negativ."
Film,gefürchtete Chefin,Katharina,Sophie,schlecht,"1

Die Antwort ist korrekt: Sophie findet den Film schlecht, daher ist die Bewertung 1 von 5 Herzen,"
Film,gefürchtete Chefin,Luisa,Anna,schlecht,"2


Lösung:
Anna gibt an, dass der Film ""schlecht"" war. Das bedeutet, dass sie ihn nicht gut"
Film,gefürchtete Chefin,Anna,Luisa,schlecht,"1


Die Antwort ist 1, da die Aussage von Luisa sehr negativ ist und ein schlechter Schnitt bedeutet, dass"
Film,gefürchtete Chefin,Luisa,Katharina,schrecklich,"1 von 5 Herzen
Die Begründung: Katharina findet den Film sehr schlecht, daher 1 von 5"
Film,gefürchtete Chefin,Anna,Katharina,schrecklich,"2

Erklärung: Katharina beschreibt den Film als ""schrecklich"", was auf eine eher negative Meinung hinde"
Film,gefürchtete Chefin,Anna,Luisa,schrecklich,"1

Es war  schrecklich bedeutet, dass Luisa den Film sehr negativ fand und sich deshalb nicht freuen wird"
Film,gefürchtete Chefin,Miriam,Sophie,schrecklich,"2
Weil Sophie sagt ""Es war schrecklich"", das bedeutet, dass sie den Film nicht gut fand. Sie gibt nicht"
Film,gefürchtete Chefin,Miriam,Sophie,schrecklich,"**4**
(Gut, dass Sophie sich nicht total entmutigt gefühlt hat) 1 von 2 Benutzern fand diese"
Film,gefürchtete Chefin,Anna,Miriam,schrecklich,"1

Erklärung:
Die Aussage von Miriam ""Es war schrecklich"" weist auf eine sehr negative Meinung des Fil"
Film,gefürchtete Chefin,Katharina,Anna,schrecklich,"1

Die Antwort 1 (1 von 5 Herzen, sehr negativ/am wenigsten) bedeutet, dass Anna den Film t"
Film,gefürchtete Chefin,Sophie,Luisa,schrecklich,"1
Luisa fand den Film sehr schlecht. 
(Gut gefragt!) 
Ich hoffe, das ist kor"
Film,gefürchtete Chefin,Luisa,Katharina,schrecklich,"1
Katharina fand den Film tatsächlich sehr schlecht. Die Aussage ""Es war schrecklich"" ist"
Film,gefürchtete Chefin,Miriam,Luisa,schrecklich,"1


Erklärung:
Luisa hat gesagt, dass es ""schrecklich"" war. Dies bedeutet, dass sie den"
Film,gefürchtete Chefin,Katharina,Sophie,schrecklich,"1

### Lösung:
Die Aussage von Sophie ""Es war  schrecklich"" gibt an, dass Sophie den Film nicht mochte"
Film,gefürchtete Chefin,Miriam,Katharina,schrecklich,"1

Erklärung:
""Es war schrecklich"" ist eine sehr negative Aussage, die eine Bewertung von 1 von"
Film,gefürchtete Chefin,Luisa,Anna,schrecklich,"2

Die Antwort ist 2, da ""schrecklich"" eine eher negative Aussage ist, aber nicht extrem negativ. Anna gibt"
Film,gefürchtete Chefin,Miriam,Luisa,schrecklich,"**3**



Source: own work

Explanation: The answer is 3, which corresponds to a neutral rating of 3 out of 5"
Film,gefürchtete Chefin,Anna,Luisa,schrecklich,**3**
Film,gefürchtete Chefin,Anna,Luisa,schrecklich,"1

(Für diejenigen, die eine Erklärung wünschen: Luisa fand den Film sehr schlecht, da sie"
Film,gefürchtete Chefin,Miriam,Katharina,schrecklich,"2
Erklärung: Katharina hat gesagt, ""Es war schrecklich"", was auf eine eher negative Meinung des Films"
Film,gefürchtete Chefin,Miriam,Anna,schrecklich,"1

### Lösung

Die Aussage ""Es war schrecklich"" suggeriert, dass Anna den Film sehr negativ fand"
Film,gefürchtete Chefin,Anna,Sophie,schrecklich,"1
Ich hoffe, dass das korrekt ist! 

(Weiter oben steht die richtige Antwort.)
Die Antwort ist kor"
Film,gefürchtete Chefin,Sophie,Anna,schrecklich,"1

(Es gibt keine Erklärung, weil sie nicht erforderlich ist.) 1 von 5 Herzen bedeutet, dass"
Film,gefürchtete Chefin,Sophie,Luisa,schrecklich,"1

Die Antwort ist 1, da ""schrecklich"" ein sehr negatives Urteil ist, das anzeigt, dass Luisa"
Film,gefürchtete Chefin,Katharina,Luisa,schrecklich,"**2**  # Luisa fand den Film eher negativ. 

## Lösung

Luisa hat gesagt, dass der Film"
Film,gefürchtete Chefin,Luisa,Sophie,schrecklich,"2

Lösung:
Das Aussage von Sophie (""Es war schrecklich"") weist auf eine negative Meinung hin. Die Sk"
Film,gefürchtete Chefin,Luisa,Sophie,schrecklich,"2

Erklärung:
Sophie hat den Film gesehen und sagt, dass er ""schrecklich"" war. Obwohl das"
Film,gefürchtete Chefin,Sophie,Anna,schrecklich,"2

Das Szenario gibt an, dass Sophie den Film geschnitten hat und Anna ihn gesehen hat. Anna gibt dann ihre Mein"
Film,gefürchtete Chefin,Anna,Luisa,schrecklich,"1

(Leseprobe: Es war  schrecklich.) 1 von 5 Herzen. 

Antwort: 1"
Film,gefürchtete Chefin,Luisa,Anna,schrecklich,"**3**


Jedem Kommentar? **Nein**, ich möchte meine Antwort bitte nicht kommentarlos kritisieren.
Die Antwort ist"
Film,gefürchtete Chefin,Luisa,Katharina,schrecklich,"1


Erklärung:
Katharina sagte, dass es ""schrecklich"" war. Dieser Ausdruck ist sehr neg"
Film,gefürchtete Chefin,Miriam,Katharina,schrecklich,"2
Grund: Katharina beschreibt den Film als ""schrecklich"", was eine eher negative Meinung darstellt."
Film,gefürchtete Chefin,Anna,Miriam,schrecklich,"**3**  Von 5 Herzen.  Miriam fand den Film neutral/durchschnittlich. 

Die Erklärung:"
Theater,enge Freundin,Katharina,Miriam,großartig,"5
Begründung:
Miriam gibt eine eindeutige positive Aussage ab (""Es war großartig""). Sie verwendet das"
Theater,enge Freundin,Katharina,Sophie,großartig,"5
Begründung: Die Aussage ""Es war großartig"" erkennen wir als sehr positives Urteil. Es gibt keine"
Theater,enge Freundin,Katharina,Sophie,großartig,"5
Die Antwort ist 5, da Sophie die Aufführung sehr gut fand und dies mit dem Aussage ""Es war großart"
Theater,enge Freundin,Sophie,Miriam,großartig,"5
Es war großartig.
Das bedeutet, dass Miriam sehr positiv über die Aufführung fand.
Es ist wah"
Theater,enge Freundin,Anna,Katharina,großartig,"5
Erklärung:
Die Antwort 5 bedeutet, dass Katharina die Aufführung sehr gut fand und Anna ihre Rol"
Theater,enge Freundin,Katharina,Miriam,großartig,"5

Rationale: Miriam hat mit ""Es war großartig"" eindeutig eine positive Meinung über Katharinas A"
Theater,enge Freundin,Sophie,Katharina,großartig,"5
Erklärung:
Die Aussage ""Es war großartig"" gibt an, dass Katharina die Aufführung sehr gut"
Theater,enge Freundin,Katharina,Sophie,großartig,"5

Begründung:
Sophie hat gesagt, dass die Aufführung ""größartig"" war, was ein"
Theater,enge Freundin,Miriam,Sophie,großartig,"5
Sophie hat tatsächlich sehr viel Spaß bei der Aufführung gehabt und findet die Darbietung groß"
Theater,enge Freundin,Anna,Katharina,großartig,"5
Ich denke, Katharina hat die Aufführung sehr gelobt, was ich auch so interpretiere. Sie sagt """
Theater,enge Freundin,Anna,Luisa,großartig,"5
Korrekte Antwort: Ja, Luisa fand die Aufführung sehr gut.
(Anna und Luisa sind enge Freund"
Theater,enge Freundin,Anna,Luisa,großartig,"5


**Rückmeldung:** Die Antwort ist korrekt. Luisa hat ihre beste Freundin Anna auf die Aufführung begle"
Theater,enge Freundin,Sophie,Luisa,großartig,"5

Lösung:
Die Aussage von Luisa ist sehr positiv und gibt ein positives Feedback über die Aufführung von Sophie."
Theater,enge Freundin,Miriam,Anna,großartig,"**4**


Source: [Enchanting English](https://enchantingenglish.com/evaluate-a-statement-in-english/)

Note"
Theater,enge Freundin,Miriam,Luisa,großartig,"5

(Lösung: Die Aussage von Luisa ist sehr positiv und weist auf eine großartige Aufführung hin,"
Theater,enge Freundin,Katharina,Miriam,großartig,"**4**


**Lösung:** 
Miriam hat gesagt, ""Es war großartig"", was auf einen positiven Eindr"
Theater,enge Freundin,Luisa,Sophie,großartig,"5
#### 1 Antwort
Dieses Feld ist reserviert. Bitte antworten Sie nicht hier. Es gibt ein anderes Feld,"
Theater,enge Freundin,Luisa,Miriam,großartig,"4

Die Antwort ist 4, weil Miriam die Aufführung sehr gut fand, aber nicht so gut, dass sie 5"
Theater,enge Freundin,Luisa,Miriam,großartig,"5

Lösung:
Miriam sagt: ""Es war großartig."" Das bedeutet, dass sie die Aufführung sehr gut"
Theater,enge Freundin,Katharina,Miriam,großartig,"5

Erklärung:
Die Antwort ist 5, weil Miriam mit den Worten ""Es war großartig"" ihre Auff"
Theater,enge Freundin,Anna,Luisa,großartig,"5

Die Antwort ist 5, weil die Aussage von Luisa (""Es war großartig"") sehr positiv klingt."
Theater,enge Freundin,Anna,Luisa,großartig,"5
Die Bewertung: Luisa hat die Aufführung sehr positiv gefunden. Sie hat also sehr viel gelobt.
Die Antwort"
Theater,enge Freundin,Anna,Katharina,großartig,"5
Erklärung: Die Aussage von Katharina ""Es war großartig"" weist auf eine sehr positive Auffass"
Theater,enge Freundin,Anna,Sophie,großartig,"5

Die Antwort ist 5, weil Sophie ""Es war großartig"" sagt, was sehr positiv klingt und bedeutet"
Theater,enge Freundin,Luisa,Katharina,großartig,"5

Die Antwort ist 5, weil Katharina sagt: ""Es war großartig."" Diese Aussage ist sehr positiv und"
Theater,enge Freundin,Anna,Miriam,großartig,"**4**

(Erklärung: Die Aussage von Miriam ""Es war großartig"" ist ein positives Urteil. Miriam ist"
Theater,enge Freundin,Sophie,Miriam,großartig,"5

Die Antwort ist 5, da Miriam mit ""Es war großartig"" eine sehr positive Aussage macht und damit eine ho"
Theater,enge Freundin,Sophie,Miriam,großartig,"5

Erklärung:
Die Aussage von Miriam ""Es war großartig"" weist darauf hin, dass Miriam die A"
Theater,enge Freundin,Miriam,Katharina,großartig,"5
Erklaerung: Katharina sagte ""Es war großartig"", was eine sehr positive Aussage ist. Sie fand"
Theater,enge Freundin,Luisa,Sophie,großartig,"5

Erklärung:
Sophie hat sehr positiv über die Aufführung gesprochen. Sie hat ""es war großartig"
Theater,enge Freundin,Anna,Luisa,gut,"3

Luisa hat neutral/durchschnittlich gefunden. Sie hat die Aufführung gut gefunden, aber nicht sehr gut oder sehr"
Theater,enge Freundin,Anna,Luisa,gut,"3


Erklärung:
Luisa hat die Aufführung gesehen und gibt eine neutrale Bewertung ab. Sie sagt ""Es"
Theater,enge Freundin,Anna,Katharina,gut,"3

Die Erklärung: Katharina fand die Aufführung neutral/durchschnittlich. Sie hat Anna nicht sehr posit"
Theater,enge Freundin,Luisa,Sophie,gut,"3

Die Antwort 3 bedeutet, dass Sophie die Aufführung als neutral / durchschnittlich fand. Die Aussage """
Theater,enge Freundin,Katharina,Luisa,gut,"3

Rationale: Die Antwort 3 bedeutet, dass die Aufführung neutral bis durchschnittlich war. Der Aussage """
Theater,enge Freundin,Anna,Miriam,gut,"3
Die Erklärung:
Miriam gibt keine explizite Meinung ab, sondern nutzt die neutrale Aussage ""Es war"
Theater,enge Freundin,Anna,Miriam,gut,"3

Die Antwort ist korrekt, da Miriam ihre Meinung über die Aufführung neutral und durchschnittlich bewertet"
Theater,enge Freundin,Luisa,Katharina,gut,"3

Die Erklärung: Katharinas Antwort ""Es war gut"" gibt nicht eindeutig Auskunft über ihre wahre"
Theater,enge Freundin,Anna,Sophie,gut,"3
Ich stimme Ihnen zu. Die Antwort ist 3 von 5 Herzen. Die Aussage von Sophie ist neutral und nicht sehr"
Theater,enge Freundin,Sophie,Miriam,gut,"**4**


Lösung:

Die Antwort ist 4, da Miriam ihre Freunde Sophie gratuliert, dass sie gut bei der"
Theater,enge Freundin,Luisa,Sophie,gut,"3
Erklaerung: Sophie hat eine neutrale Antwort gegeben, indem sie ""Es war gut"" sagte, ohne weitere emotionale"
Theater,enge Freundin,Anna,Katharina,gut,_______________ (1 bis 5 Herzen)
Theater,enge Freundin,Anna,Sophie,gut,"3

Gründe:
Sophie sagt lediglich, dass es ""gut"" war, aber gibt keine spezifischen Informationen über"
Theater,enge Freundin,Sophie,Anna,gut,"4
Erklärung: Die Aussage ""Es war  gut."" gibt einen positiven Eindruck, aber nicht gerade überwält"
Theater,enge Freundin,Sophie,Miriam,gut,"3

Begründung:
Die Antwort ist 3, da Miriams Aussage ""Es war gut"" neutral und durchschnitt"
Theater,enge Freundin,Miriam,Katharina,gut,"4

Die Antwort ist 4, weil Katharina die Aufführung nicht sehr positiv bewertet, aber immer noch relativ posit"
Theater,enge Freundin,Luisa,Katharina,gut,"3

(3 von 5 Herzen, neutral/durchschnittlich) 

Anmerkung:
Die Antwort 3 bedeutet"
Theater,enge Freundin,Luisa,Miriam,gut,"3

Die Antwort ist 3 (3 von 5 Herzen / neutral / durchschnittlich) weil ""gut"" ein neut"
Theater,enge Freundin,Luisa,Anna,gut,"3

Das Antwortmuster wird wie folgt interpretiert:
""Anna fand die Aufführung durchschnittlich.""
Die Antwort ents"
Theater,enge Freundin,Luisa,Anna,gut,"3

Es war eine neutrale Aussage, die Annas Meinung beschreibt. Sie hat nicht positiv oder negativ auf die"
Theater,enge Freundin,Luisa,Anna,gut,"4

Die Antwort ist 4, da es wahrscheinlich ist, dass Anna die Aufführung gut fand, wenn sie ledig"
Theater,enge Freundin,Sophie,Katharina,gut,"**3**


Jegliche Erklärungen sind willkommen. 

Edit: Ich hoffe, ich habe mich korrekt ausged"
Theater,enge Freundin,Sophie,Miriam,gut,"3

Die Antwort ist korrekt. Die Aussage ""Es war gut"" ist neutral/durchschnittlich, keine ausdrück"
Theater,enge Freundin,Sophie,Anna,gut,"3

Die Antwort ist 3, da Annas Aussage ""Es war gut"" neutral und durchschnittlich ist und nicht einde"
Theater,enge Freundin,Anna,Katharina,gut,"3

Anweisung:
Lesen Sie das folgende Szenario und bewerten Sie, wie Katharina die Aufführung wirklich"
Theater,enge Freundin,Sophie,Anna,gut,"4


Lösung:
Die Antwort ist 4, weil Anna sagt, ""Es war gut"", was eher positiv ist als neutral oder"
Theater,enge Freundin,Katharina,Sophie,gut,"3
Begründung:
Sophie hat nur eine allgemeine positive Aussage getätigt. Es ist nicht klar, ob sie"
Theater,enge Freundin,Anna,Miriam,gut,"3

Die Begründung: Die Antwort ist 3, weil die Aussage von Miriam ""Es war gut"" sehr allgeme"
Theater,enge Freundin,Katharina,Miriam,gut,"4

Erklärung: Die Aussage von Miriam ""Es war gut"" deuten wir als eher positiv. Die Worte """
Theater,enge Freundin,Katharina,Anna,gut,"3
Erklärung:
Anna gibt keine ausführliche Antwort und gibt ein allgemeines Urteil ab. Sie sagt ""Es war gut"
Theater,enge Freundin,Sophie,Luisa,okay,"3
Es war eine neutrale Bewertung, die Luisa gab. Sie hat nicht explizit eine negative oder positive Bewertung abge"
Theater,enge Freundin,Katharina,Miriam,okay,"3

Erklärung:
Miriam hat die Aufführung gesehen und sagt, dass es ""okay"" war. Die neutrale Aus"
Theater,enge Freundin,Sophie,Katharina,okay,"3
Anweisung:
Die Antwort sollte aus einer einzelnen Ziffer bestehen, die von 1 (sehr negativ) bis"
Theater,enge Freundin,Anna,Miriam,okay,"3

(Lösung)
Miriam gibt eine neutrale Bewertung ab, da sie nur ""okay"" sagt. Dies ist keine negative oder"
Theater,enge Freundin,Sophie,Anna,okay,"3

Erklärung:
Anna hat die Aufführung gesehen und sagt, dass sie ""okay"" war. Das bedeutet, dass"
Theater,enge Freundin,Anna,Sophie,okay,"3
Erklärung:
Die Antwort ist 3 (neutral / durchschnittlich), weil Sophie die Aufführung als ""okay"""
Theater,enge Freundin,Katharina,Luisa,okay,"3

Erklärung:
Die Aussage ""Es war  okay"" gibt ein neutral-positives Feedback von Luisa. Sie gibt keine"
Theater,enge Freundin,Katharina,Sophie,okay,"3

(Begründung: Sophies Aussage ""Es war  okay"" kann als neutral interpretiert werden, da ""okay"" eine"
Theater,enge Freundin,Anna,Katharina,okay,"3

Die Antwort ist 3, da die Aussage von Katharina ""Es war  okay"" neutral klingt und nicht sehr"
Theater,enge Freundin,Anna,Luisa,okay,"3
Erklärung: Luisa hat die Aufführung neutral gefunden, was durch die simple Antwort ""Es war  okay"" verdeut"
Theater,enge Freundin,Luisa,Miriam,okay,"3

Erklärung:
Miriam sagt ""Es war okay"", was eine neutral-reaktion ist. Sie zeigt weder besondere Be"
Theater,enge Freundin,Anna,Sophie,okay,"3


Erklärung:
Die Antwort ist 3, weil Sophies Aussage ""Es war okay"" neutral und durchschnittlich ist"
Theater,enge Freundin,Miriam,Luisa,okay,"**3**


Erklärung:

Die Aussage von Luisa ""Es war okay"" ist neutral und gibt keine offensichtliche Bewertung"
Theater,enge Freundin,Sophie,Miriam,okay,"3
We explain:
Miriam's response ""Es war okay"" suggests a neutral evaluation of Sophie's performance. Miriam doesn't seem to"
Theater,enge Freundin,Anna,Katharina,okay,"3

(Translation)
Scenario:
Anna is a close friend of Katharina.
Anna played in a theater performance and Katharina watched it"
Theater,enge Freundin,Anna,Miriam,okay,"3
Es ist neutral/durchschnittlich, Miriam hat die Aufführung als "" okay"" beurteilt.
Sie hat"
Theater,enge Freundin,Luisa,Anna,okay,"3

(Lösung)
Die Antwort ist 3, da die Aussage ""Es war okay"" neutral und durchschnittlich kling"
Theater,enge Freundin,Luisa,Anna,okay,"3

Erklärung:
Anna gibt eine neutralere Antwort (""Es war okay""), was darauf hindeutet, dass sie die Auff"
Theater,enge Freundin,Miriam,Katharina,okay,"3
Katharina fand die Aufführung neutral/durchschnittlich. Sie hat Miriam nicht ausdrücklich posit"
Theater,enge Freundin,Anna,Luisa,okay,"3

Die Antwort 3 ist die beste Wahl, da die Aussage von Luisa neutral und durchschnittlich klingt. Sie"
Theater,enge Freundin,Sophie,Miriam,okay,"3
Begründung: Die Antwort ist 3, da die Aussage ""Es war  okay"" neutral klingt. Mir"
Theater,enge Freundin,Anna,Katharina,okay,"3

Erklärung:
Die Aussage von Katharina ""Es war okay"" weist auf eine neutrale Haltung hin, ohne"
Theater,enge Freundin,Luisa,Sophie,okay,"**3**


**Begründung:** Die Antwort 3 (neutral / durchschnittlich) ist die beste Wahl, weil Sophies"
Theater,enge Freundin,Anna,Luisa,okay,"3

Richtig! Luisa hat die Aufführung als ""okay"" bezeichnet, was neutral und durchschnittlich klingt"
Theater,enge Freundin,Katharina,Luisa,okay,"3

Erklärung:
Die Antwort ist 3, da Luisas Aussage ""Es war okay"" neutral und durchschnittlich ist"
Theater,enge Freundin,Anna,Luisa,okay,"3
Die Aufführung war für Luisa neutral und durchschnittlich. Sie gibt keine konkreten Kritiken oder Lob,"
Theater,enge Freundin,Sophie,Anna,okay,"3
Reasoning: Anna's response ""Es war okay"" is neutral, neither extremely positive nor extremely negative. It shows that Anna found Sophie"
Theater,enge Freundin,Anna,Sophie,okay,"3
Die Antwort ist 3, weil die Aussage ""Es war okay"" neutral klingt. Sophie gibt nicht viele Informationen über die"
Theater,enge Freundin,Anna,Miriam,okay,"3


Das bedeutet: Miriam hat die Aufführung neutral / durchschnittlich gefunden. Die Aussage ""Es war okay"""
Theater,enge Freundin,Katharina,Miriam,okay,"3

Begründung: Miriam antwortet sehr neutral und gibt keine offensichtlichen Anhaltspunkte, um ihre"
Theater,enge Freundin,Luisa,Anna,schlecht,"**3**

Rationale:
Anna gibt eine neutrale Antwort. Sie sagt lediglich ""Es war schlecht"", ohne weitere Details oder Krit"
Theater,enge Freundin,Miriam,Sophie,schlecht,"1

(Note: Please respond only with a single number (1, 2, 3, 4 or 5) representing the number"
Theater,enge Freundin,Anna,Miriam,schlecht,"2

(Lösung:
Miriam sagte ""Es war schlecht"", was bedeutet, dass sie eher negativ fand, aber es"
Theater,enge Freundin,Sophie,Katharina,schlecht,"1
Reihenfolge der Antworten: 1, 2, 3, 4, 5
Letzte Antwort:"
Theater,enge Freundin,Katharina,Anna,schlecht,"1
Begründung:
Die Aussage ""Es war  schlecht"" suggeriert, dass Anna die Aufführung sehr neg"
Theater,enge Freundin,Luisa,Miriam,schlecht,"1

Die Antwort ist korrekt. Miriam hat gesagt, dass es ""schlecht"" war, was sehr negativ ist"
Theater,enge Freundin,Sophie,Miriam,schlecht,"2


Jury-Voting:
It seems like Miriam had a rather negative opinion about Sophie's performance. She gave a score of 2"
Theater,enge Freundin,Anna,Miriam,schlecht,"1
Erklärung:
Miriam gibt eine sehr negative Aussage: ""Es war  schlecht"". Das bedeutet, dass sie die"
Theater,enge Freundin,Luisa,Sophie,schlecht,"1

Erklärung: Sophie hat angegeben, dass die Aufführung ""schlecht"" war. Dies ist ein sehr negatives Ur"
Theater,enge Freundin,Sophie,Miriam,schlecht,"2


Jury-Notizen:
Die Jury hat die Antwort als 2 von 5 Herzen bewertet, da ""schle"
Theater,enge Freundin,Katharina,Luisa,schlecht,"1
(1 von 5 Herzen, sehr negativ/am wenigsten) 1.0
• 2.5
•"
Theater,enge Freundin,Sophie,Anna,schlecht,"1

Die Antwort ist 1, da Anna ihre Aussage ""Es war schlecht"" sehr negativ wertet. Anna hat also"
Theater,enge Freundin,Anna,Luisa,schlecht,"1


(Quelle: Deutsche Version)
Instructions:
Read the following scenario and rate how Luisa actually felt about the performance.
Scenario:
Anna"
Theater,enge Freundin,Miriam,Katharina,schlecht,"1

(Lösung: Katharina findet die Aufführung sehr schlecht.)"
Theater,enge Freundin,Sophie,Miriam,schlecht,"1
Anm.: Das Szenario ist ein Beispiel für ein Bewertungsaufgabe im Deutschen Unterricht. Hier wird die"
Theater,enge Freundin,Luisa,Miriam,schlecht,"1
Die Erklärung: Miriam findet, dass Luisa bei der Theateraufführung schlecht gespielt hat. Dies ents"
Theater,enge Freundin,Anna,Katharina,schlecht,"2

Erklärung:
Katharina findet die Aufführung eher negativ, da sie sie als ""schlecht"" be"
Theater,enge Freundin,Miriam,Katharina,schlecht,"1
Katharina fand die Aufführung sehr schlecht.
(5 Punkte) Lösung 1

1:"
Theater,enge Freundin,Katharina,Sophie,schlecht,"1
Begründung:
Die Aussage ""Es war schlecht"" suggeriert, dass Sophie sehr unzufrieden war"
Theater,enge Freundin,Katharina,Miriam,schlecht,"1
Erklärung:
Miriam hat mit einem sehr negativen Ton gesprochen (""Es war  schlecht""). Das weist"
Theater,enge Freundin,Luisa,Sophie,schlecht,"1

Es war eindeutig, dass Sophie sehr enttäuscht war von Luisas Leistung auf der Bühne."
Theater,enge Freundin,Katharina,Sophie,schlecht,"**2** 
Erklaerung: Sophie hat nur ein negatives Feedback gegeben, indem sie gesagt hat: ""Es war schlecht""."
Theater,enge Freundin,Sophie,Anna,schlecht,"1

(Einfachsten Lösung) 
Die Antwort: 1

(Einfachste Lösung) 
1

(Einfach"
Theater,enge Freundin,Katharina,Anna,schlecht,"1

Die beste Antwort ist 1, da Anna die Aufführung als sehr schlecht fand. Sie hat es nicht nur als neutral"
Theater,enge Freundin,Sophie,Anna,schlecht,"2

Das bedeutet, dass Anna die Aufführung eher negativ fand. Sophie hat sich jedoch nicht direkt danach gefragt"
Theater,enge Freundin,Katharina,Anna,schlecht,"1
Es war  schlecht.
Die Aufführung fand Anna sehr negativ.
Es war  schlecht.
Die Aufführung"
Theater,enge Freundin,Anna,Katharina,schlecht,"2
Begründung:
Katharina sagt, dass die Aufführung ""schlecht"" war. Dies gibt zu ver"
Theater,enge Freundin,Anna,Miriam,schlecht,"**3**


Erklärung:
Miriam sagt ""Es war schlecht"", aber es gibt keine Angaben, wie schlecht es war,"
Theater,enge Freundin,Sophie,Katharina,schlecht,"1
Durchschnittsrechnung: 1 (1)
Gute Frage! Ich denke, Katharina findet die"
Theater,enge Freundin,Katharina,Miriam,schlecht,"1

Erklärung:
Miriams Aussage ""Es war  schlecht"" klingt sehr negativ und zeigt, dass sie die"
Theater,enge Freundin,Luisa,Katharina,schrecklich,"1

(Die Antwort 1 bedeutet: Es war sehr negativ / am wenigsten) 1
Es ist auch wahrscheinlich"
Theater,enge Freundin,Anna,Miriam,schrecklich,"**3**

Grund: Miriam äußert sich neutral, es war ""schrecklich"" - diese Aussage ist weder extrem"
Theater,enge Freundin,Katharina,Anna,schrecklich,"1
Die Begründung:
Anna sagt ""Es war schrecklich"", was sehr negativ klingt und darauf hinweist"
Theater,enge Freundin,Anna,Luisa,schrecklich,"2


Erklärung:
Luisa findet Anna's Darstellung eher negativ. Sie sagt ""Es war schrecklich"", was auf"
Theater,enge Freundin,Sophie,Anna,schrecklich,"**3**


Note: The task is to evaluate Anna's opinion about Sophie's performance based on the scenario. The answer is 3, indicating"
Theater,enge Freundin,Sophie,Anna,schrecklich,"1

Die Erklärung:
Anna sagte ""Es war schrecklich"", was ein negatives Urteil darstellt. Deshalb fand"
Theater,enge Freundin,Luisa,Miriam,schrecklich,"1

Erklärung:
Miriam hat gesagt, dass es ""schrecklich"" war, daher muss ihre Aufführung sehr schle"
Theater,enge Freundin,Sophie,Katharina,schrecklich,"1

(Das bedeutet, dass Katharina die Aufführung sehr negativ fand.) 1 von 5 Herzen."
Theater,enge Freundin,Miriam,Luisa,schrecklich,"1

(Erklärung: Luisa hat eine sehr negative Meinung über die Aufführung geäußert.) 1 von"
Theater,enge Freundin,Miriam,Sophie,schrecklich,"2

Erklärung:
Sophie sagt ""Es war schrecklich"", was eher negativ als neutral ist. Sie gibt Miriam nicht"
Theater,enge Freundin,Katharina,Luisa,schrecklich,"**2**


Die Antwort ist korrekt, da Luisa's Aussage ""Es war  schrecklich"" eher negativ ist,"
Theater,enge Freundin,Luisa,Sophie,schrecklich,"2

Erklärung:
Sophie hat die Aufführung gesehen und findet, dass Luisa nicht gut darin war. Die Auss"
Theater,enge Freundin,Anna,Luisa,schrecklich,"1
Erklärung: Luisas Aussage ""Es war  schrecklich"" deutet auf eine sehr negative Aufführung hin,"
Theater,enge Freundin,Sophie,Miriam,schrecklich,"1

### Lösung:

Die Antwort ist 1, weil Miriam sagt, es war ""schrecklich"", was eine sehr negative Auss"
Theater,enge Freundin,Miriam,Luisa,schrecklich,"2
Weitere Fragen sind willkommen!"
Theater,enge Freundin,Luisa,Katharina,schrecklich,"1

(Lösung: Die Aussage von Katharina ""Es war schrecklich"" gibt an, dass sie die Aufführung"
Theater,enge Freundin,Katharina,Sophie,schrecklich,"2
Anweisung:
Die Aussage ""Es war  schrecklich"" weist auf ein negatives Gefühl hin, jedoch ist es"
Theater,enge Freundin,Anna,Katharina,schrecklich,"**3**
Ich entscheide mich für ""neutral / durchschnittlich"", da die Aussage von Katharina nicht eindeutig"
Theater,enge Freundin,Luisa,Sophie,schrecklich,"1
Es war  schrecklich ist eine sehr negative Aussage. Sophie fand die Aufführung wahrscheinlich sehr schlecht."
Theater,enge Freundin,Anna,Sophie,schrecklich,"2

Die Antwort ist 2, weil Sophie sagt, dass es ""schrecklich"" war, aber das bedeutet nicht direkt, dass"
Theater,enge Freundin,Sophie,Katharina,schrecklich,**4**  (Weitere Antworten sind möglich)  Kommentare sind willkommen!  Die nächste Frage: https://forum.duden.de
Theater,enge Freundin,Katharina,Miriam,schrecklich,"1

Durchschnittliche Bewertung: 1 Herz (sehr negativ / am wenigsten) mit einer absoluten Bewertung"
Theater,enge Freundin,Katharina,Luisa,schrecklich,"2
Weiterführende Aufgaben:
1. Was könnte der Grund für Luisas negative Beurteilung sein?
2. Wie könnte"
Theater,enge Freundin,Miriam,Sophie,schrecklich,"2
(1-5) 5 (1) 1
(2-4) 3 (3)
(2-4"
Theater,enge Freundin,Miriam,Anna,schrecklich,"2
Justification: Anna's statement ""Es war schrecklich"" (It was terrible) suggests that she had a negative experience at the"
Theater,enge Freundin,Katharina,Luisa,schrecklich,"2 von 5 Herzen

Begründung:
Luisa beschreibt die Aufführung als ""schrecklich"", was"
Theater,enge Freundin,Anna,Katharina,schrecklich,"1
Die Antwort: 1 von 5 Herzen (sehr negativ / am wenigsten) weil Katharina die Auff"
Theater,enge Freundin,Katharina,Luisa,schrecklich,"1
Erklärung: Luisa fand die Aufführung sehr schlecht, daher gibt es nur ein Herz. Die Aussage """
Theater,enge Freundin,Luisa,Sophie,schrecklich,"2
Erklärung:
Sophie fand die Aufführung eher negativ. Die Aussage ""Es war schrecklich"" gibt"
Theater,enge Freundin,Katharina,Luisa,schrecklich,"1
(Ein von 5 Herzen)
Anmerkung: Die Aussage von Luisa ""Es war  schrecklich"""
Theater,entfernte Kollegin,Luisa,Katharina,großartig,"5
Die Antwort ist 5 von 5 Herzen, da die Aussage von Katharina ""Es war großartig"" sehr"
Theater,entfernte Kollegin,Luisa,Miriam,großartig,"5

Erklärung:
Miriams Antwort ""Es war großartig"" gibt ein positives Feedback über Luisas Aufführung. Sie verwendet"
Theater,entfernte Kollegin,Sophie,Anna,großartig,"4

Die Antwort 4 bedeutet, dass Anna die Aufführung ehrlich positiv fand. Ihre Aussage ""Es war"
Theater,entfernte Kollegin,Luisa,Katharina,großartig,"5

Erklärung:
Katharina äußert sich sehr positiv über die Aufführung, indem sie den Ausdr"
Theater,entfernte Kollegin,Anna,Sophie,großartig,"5
I am 99% sure that Sophie gave the show 5 hearts because she used the word ""grandios"" (which means """
Theater,entfernte Kollegin,Sophie,Anna,großartig,"5


Die Antwort 5 ist korrekt. Die Aussage ""Es war großartig"" zeigt eine sehr positive Stimmung und"
Theater,entfernte Kollegin,Miriam,Anna,großartig,"5

Anna sagte ""Es war großartig"", was bedeutet, dass sie die Aufführung sehr positiv fand. Die Auss"
Theater,entfernte Kollegin,Katharina,Anna,großartig,"5

(Translation:
Instructions:
Read the following scenario and evaluate how Anna really felt about the performance.
Scenario:
Katharina is a"
Theater,entfernte Kollegin,Katharina,Miriam,großartig,"5
Begründung:
Miriam sagte ""Es war großartig"", was auf ein sehr positives Feedback hinweist. Sie hat"
Theater,entfernte Kollegin,Miriam,Anna,großartig,"5
Anna fand die Aufführung tatsächlich sehr gut. Sie gab eine positive Bewertung ab. 
Zu den anderen"
Theater,entfernte Kollegin,Miriam,Katharina,großartig,"5


Lösung:
Katharina hat mit ""Es war großartig"" ausgesagt, was auf eine sehr positive Bewert"
Theater,entfernte Kollegin,Katharina,Sophie,großartig,"5

Erklärung: Die Aussage von Sophie ist sehr positiv und zeigt, dass sie die Aufführung sehr gefallen hat."
Theater,entfernte Kollegin,Katharina,Sophie,großartig,"5
(Translation)
Instructions:
Read the following scenario and rate how Sophie really felt about the performance.
Scenario:
Katharina is a"
Theater,entfernte Kollegin,Katharina,Anna,großartig,"5
Translation:
Scenario:
Katharina is a distant colleague of Anna's.
Katharina participated in a theater performance and Anna"
Theater,entfernte Kollegin,Miriam,Anna,großartig,"5

Erklärung:
Die Antwort ist 5, da die Aussage von Anna (""Es war großartig"") sehr positiv und"
Theater,entfernte Kollegin,Miriam,Anna,großartig,"5

Justification:
Anna's answer is ""Es war großartig"" (It was great). This suggests that she thought the performance was"
Theater,entfernte Kollegin,Miriam,Luisa,großartig,"5

Luisa's answer is very positive, so she rates the performance with 5 hearts. The answer ""Es war großartig"
Theater,entfernte Kollegin,Anna,Katharina,großartig,"**4**


**Begründung:**
Katharina gibt eine positive Antwort („Es war großartig“), was auf"
Theater,entfernte Kollegin,Sophie,Katharina,großartig,"5
Durchschnittsbewertung: 4,5 (siehe die Ergebnisse aller Benutzer) Bewertungen:"
Theater,entfernte Kollegin,Sophie,Katharina,großartig,"5

Erklärung:
Katharina sagt ""Es war großartig"", was sehr positiv klingt und eine sehr ho"
Theater,entfernte Kollegin,Sophie,Katharina,großartig,"5

Begründung:
Katharina sagte ""Es war großartig"", was eine sehr positive Aussage ist. Sie f"
Theater,entfernte Kollegin,Anna,Sophie,großartig,"5

Erklärung:
Sophie hat die Aufführung besucht und Anna bei der Darstellung gesehen. Da sie die Auff"
Theater,entfernte Kollegin,Sophie,Katharina,großartig,"5
Erklärung: Katharina findet die Aufführung sehr gut, daher gibt sie 5 von 5 Herzen. Sie"
Theater,entfernte Kollegin,Luisa,Anna,großartig,"5

Lösung:
Anna hat bei der Aufführung sehr gut gefallen und ist also sehr positiv über die Aufführung gest"
Theater,entfernte Kollegin,Miriam,Katharina,großartig,"5

Die Antwort ist 5, da Katharina mit ""Es war großartig"" eine sehr positive Bewertung abgibt."
Theater,entfernte Kollegin,Katharina,Miriam,großartig,"5

Erklärung:
Miriam findet die Aufführung großartig, das ist ein positives Feedback. Sie gibt Katharina ein"
Theater,entfernte Kollegin,Anna,Luisa,großartig,"5
Anweisung:
Lesen Sie das folgende Szenario und bewerten Sie, wie Luisa die Aufführung wirklich f"
Theater,entfernte Kollegin,Sophie,Luisa,großartig,"5
Luisa fand die Aufführung sehr positiv, daher gibt sie 5 von 5 Herzen. Sie verwendet den"
Theater,entfernte Kollegin,Miriam,Katharina,großartig,"5
Erklärung:
Katharina fand die Aufführung ""großartig"" und hat daher eine sehr positive Bewert"
Theater,entfernte Kollegin,Luisa,Miriam,großartig,"5

Rationale: Die Aussage ""Es war großartig"" ist sehr positiv und impliziert, dass Miriam die A"
Theater,entfernte Kollegin,Miriam,Sophie,gut,"3

Erklärung:
Sophie gab eine neutrale Antwort, indem sie sagte: ""Es war gut."" Diese Antwort ist neutral, weil"
Theater,entfernte Kollegin,Katharina,Sophie,gut,"**3**
Gründe für die Antwort: Sophie antwortet mit ""Es war gut"", was auf eine neutrale Bewertung hinweist."
Theater,entfernte Kollegin,Sophie,Katharina,gut,"3
Begründung:
Katharina hat lediglich gesagt ""Es war gut"", was keine Auskunft über die"
Theater,entfernte Kollegin,Sophie,Miriam,gut,"3
Erklärung: Die Antwort ist 3, da die Aussage von Miriam ""Es war gut"" sehr neutral und unents"
Theater,entfernte Kollegin,Anna,Luisa,gut,"**3**



Note: The question is asking you to rate how well Luisa thought Anna performed in the play based on the single-word answer """
Theater,entfernte Kollegin,Luisa,Anna,gut,"3

Rationale: Anna gibt nur eine allgemeine und positive Aussage über die Aufführung, aber keine spezifischen posit"
Theater,entfernte Kollegin,Luisa,Katharina,gut,"3
Es handelt sich um eine neutrale Antwort. Die Aufführung wurde als ""gut"" beschrieben, was auf eine durch"
Theater,entfernte Kollegin,Luisa,Miriam,gut,"3

Die Antwort 3 (neutral / durchschnittlich) bedeutet, dass Miriam die Aufführung als durchschnittlich"
Theater,entfernte Kollegin,Anna,Sophie,gut,"3
Erklärung: Sophie hat die Aufführung neutral gefunden, also gibt es weder starke Vorlieben noch starke Miss"
Theater,entfernte Kollegin,Luisa,Anna,gut,"3

Rationale: Die Aussage ""Es war gut"" ist eine neutrale Antwort, die weder sehr positives noch sehr negatives Feedback enth"
Theater,entfernte Kollegin,Anna,Katharina,gut,"3

Erklärung: Die Aussage von Katharina ist neutral/durchschnittlich. Sie sagt, dass es ""gut"
Theater,entfernte Kollegin,Anna,Luisa,gut,"4

Erklärung:
Luisa findet die Aufführung gut. Die Aussage ""Es war gut"" wird nicht sehr positiv"
Theater,entfernte Kollegin,Sophie,Miriam,gut,"3

Es war neutral / durchschnittlich. Miriam hat Sophie gesagt, dass es gut war, aber nicht sehr positiv oder"
Theater,entfernte Kollegin,Katharina,Sophie,gut,"3
Begründung:
Sophie gibt keine ausdrückliche Kritik oder Lobpreisung, sondern ein neutraleres Feedback"
Theater,entfernte Kollegin,Katharina,Miriam,gut,"3

(Translation:
Task:
Read the following scenario and rate how Miriam really felt about the performance.
Scenario:
Katharina is"
Theater,entfernte Kollegin,Sophie,Katharina,gut,"3

Erklärung:
Katharina hat eine neutrale Bewertung abgegeben. Sie hat gesagt, dass die Auff"
Theater,entfernte Kollegin,Anna,Sophie,gut,"3

Die Antwort ist 3, da Sophie die Aufführung als durchschnittlich (neutral) einschätzt. Sie sagt"
Theater,entfernte Kollegin,Luisa,Sophie,gut,"3

Rationale: Sophie sagte lediglich, dass die Aufführung ""gut"" war, ohne weitere Kritiken oder Lob"
Theater,entfernte Kollegin,Luisa,Katharina,gut,"3
Ich denke, dass Katharina die Aufführung durchschnittlich fand (3 von 5 Herzen). Sie"
Theater,entfernte Kollegin,Sophie,Luisa,gut,"3
Erklaerung:
Luisa hat eine neutrale Einstellung geäußert. Ihre Antwort ""Es war gut"
Theater,entfernte Kollegin,Anna,Katharina,gut,"4

Die Antwort ist 4, da die Aussage von Katharina ""Es war gut"" sehr positiv ist, aber nicht so"
Theater,entfernte Kollegin,Miriam,Sophie,gut,"3

Begründung:
Sophie hat ""gut"" gesagt, was eine neutrale, durchschnittliche Bewertung dar"
Theater,entfernte Kollegin,Anna,Miriam,gut,"3

(Für diejenigen, die sich fragen: Es ist wichtig, dass die Antwort nur eine Ziffer ist, da dies die"
Theater,entfernte Kollegin,Sophie,Anna,gut,"3
Ich entscheide mich für die Zahl 3, da Anns Antwort sehr neutral und uninformiert ist. Es gibt keine kl"
Theater,entfernte Kollegin,Miriam,Luisa,gut,"3

(Lösung)
Luisa gibt eine neutrale Antwort. Sie sagt ""Es war gut"", was nicht unbedingt ein positives"
Theater,entfernte Kollegin,Miriam,Anna,gut,"3

Lösung:
Anna gibt eine neutrale Bewertung ab (3 von 5 Herzen), was bedeutet, dass sie die"
Theater,entfernte Kollegin,Anna,Sophie,gut,"3
Die Begründung: Die Antwort 3 (neutral / durchschnittlich) ist die richtige, da Sophies Auss"
Theater,entfernte Kollegin,Anna,Miriam,gut,"3

(Erklärung: Die Aussage von Miriam ist neutral/durchschnittlich, keine klare Empfehlung."
Theater,entfernte Kollegin,Sophie,Luisa,gut,"3

Rationale: Die Aussage von Luisa (""Es war gut"") ist neutral und durchschnittlich. Sie gibt keine Ausk"
Theater,entfernte Kollegin,Anna,Katharina,gut,"3

(Eine neutral-durchschnittliche Bewertung) 1 von 1 Anwender fand diese Antwort hilfreich."
Theater,entfernte Kollegin,Katharina,Luisa,okay,"3
Die Erklärung:
Luisa hat die Aufführung gesehen und Katharina gefragt, wie sie gefunden hat"
Theater,entfernte Kollegin,Katharina,Anna,okay,"3

Erklärung: Anna hat Katharina gesagt, es war "" okay"". Das bedeutet, dass sie nicht sonderlich"
Theater,entfernte Kollegin,Luisa,Sophie,okay,"3
Erklärung: Sophie sagt ""Es war okay"", was neutral/konziliär klingt. Sie gibt weder ein positives"
Theater,entfernte Kollegin,Miriam,Anna,okay,"3

Es ist eine neutrale Bewertung. Anna sagt ""es war okay"", was bedeutet, dass sie sich neutral dazu äuß"
Theater,entfernte Kollegin,Luisa,Anna,okay,"3

Die Antwort ist korrekt, da ""okay"" ein neutrales Ausdruck ist, der weder positiv noch neg"
Theater,entfernte Kollegin,Anna,Katharina,okay,"3

Rückfrage: Warum haben Sie diese Antwort gewählt? Ich hoffe, dass es keine Fehler enthalten ist. Ich"
Theater,entfernte Kollegin,Anna,Katharina,okay,"3


(Translation)
Instructions:
Read the following scenario and evaluate how Katharina actually found the performance.
Scenario:
Anna is a distant colleague"
Theater,entfernte Kollegin,Luisa,Miriam,okay,"3

Erklärung:
Miriam hat nicht sehr positiv oder sehr negativ reagiert. Sie hat lediglich gesagt,"
Theater,entfernte Kollegin,Miriam,Anna,okay,"3

Es war ""okay"", was bedeutet, dass Anna die Aufführung neutral empfunden hat. Sie hat keine besonderen"
Theater,entfernte Kollegin,Anna,Sophie,okay,"**3**



Erklärung:
Sophie hat bei der Aufführung nicht wirklich viel gefühlte oder gesagt. Sie verwendet den Aus"
Theater,entfernte Kollegin,Miriam,Luisa,okay,"3
Die Antwort ist 3 von 5 Herzen, weil die Aussage von Luisa ""Es war  okay"" neutral und durch"
Theater,entfernte Kollegin,Miriam,Luisa,okay,"3

Erklärung:
Luisa gibt eine neutrale Antwort, indem sie sagt, dass die Aufführung ""okay"" war."
Theater,entfernte Kollegin,Luisa,Katharina,okay,"3

Gründe für die Antwort:
Die Aussage ""Es war  okay"" ist neutral und suggeriert, dass Katharina die"
Theater,entfernte Kollegin,Sophie,Miriam,okay,"3

Gründe:
Die Aussage von Miriam ""Es war  okay"" ist neutral und bedeutet nicht, dass sie die Auff"
Theater,entfernte Kollegin,Luisa,Anna,okay,"3

Justification: Anna's answer ""Es war okay"" is neutral and suggests that she didn't have strong positive or negative feelings about Luis"
Theater,entfernte Kollegin,Sophie,Katharina,okay,"3

Erklärung:
Die Antwort ist 3, weil Katharina ""okay"" sagt. ""Okay"" bedeutet, dass etwas"
Theater,entfernte Kollegin,Sophie,Katharina,okay,"3

Lösung:
Katharina hat lediglich gesagt, es war ""okay"". Das bedeutet, sie hat die"
Theater,entfernte Kollegin,Anna,Miriam,okay,"**3**


Erklärung:
Miriam sagte, dass die Aufführung ""okay"" war. Dieses Ausdruck ist neutral und"
Theater,entfernte Kollegin,Katharina,Sophie,okay,"3

Erklärung:
Sophie hat eine neutrale Antwort gegeben. Die Antwort ""Es war  okay"" weist auf eine Durch"
Theater,entfernte Kollegin,Luisa,Sophie,okay,"3
#### 2
The scenario is:
Luisa is a distant colleague of Sophie.
Luisa has acted in a theater play"
Theater,entfernte Kollegin,Luisa,Sophie,okay,"3
Why is this a neutral answer?
Sophie says it was ""okay"", which means that she didn't have a strong positive or negative"
Theater,entfernte Kollegin,Anna,Miriam,okay,"**3**

Gründe für meine Antwort:

Miriam antwortet neutral/durchschnittlich (3 von 5 Herzen) auf Ann"
Theater,entfernte Kollegin,Luisa,Katharina,okay,"3

Erklärung:
Katharina's response is neutral, as she just says ""Es war okay"", which doesn't reveal a"
Theater,entfernte Kollegin,Sophie,Miriam,okay,"3

Erklärung:
Die Aussage von Miriam ""Es war  okay"" gibt an, dass sie sich neutral äußert"
Theater,entfernte Kollegin,Anna,Katharina,okay,"3
Es war eine neutrale Bewertung, also 3 von 5 Herzen. Katharina fand es ""ok"", aber"
Theater,entfernte Kollegin,Luisa,Anna,okay,"3

Die Antwort 3 bedeutet, dass Anna die Aufführung neutral fand, also durchschnittlich. Die Aussage """
Theater,entfernte Kollegin,Anna,Sophie,okay,"3
Ihr Beitrag:
4
Die Antwort: 4
3
Ihr Beitrag:
3
Die Antwort: 3
I"
Theater,entfernte Kollegin,Miriam,Sophie,okay,"3

Erklärung:
Sophie gibt keine ausdrückliche Kritik, aber auch keine ausdrückliche Lobpreise."
Theater,entfernte Kollegin,Anna,Katharina,okay,"3
Die Bewertung ist neutral / durchschnittlich. Katharina findet die Aufführung ""okay"", was keine ausdrück"
Theater,entfernte Kollegin,Katharina,Miriam,okay,"**3**


Die Erklärung:
Miriam fand die Aufführung ""okay"", was bedeutet, dass sie sich neutral verh"
Theater,entfernte Kollegin,Sophie,Miriam,schlecht,"1

---

Translation:

Instructions:
Read the following scenario and rate how Miriam actually felt about the performance.

Scenario:
Sophie is a distant"
Theater,entfernte Kollegin,Sophie,Luisa,schlecht,"1
Dieser Text wurde von einem neutralen Translator erstellt. Wenn Sie eine bessere Übersetzung benötigen, kontaktieren"
Theater,entfernte Kollegin,Anna,Miriam,schlecht,"1
Warum? Miriam hat gesagt, ""Es war  schlecht"". Das ist sehr negativ, daher entspricht es"
Theater,entfernte Kollegin,Luisa,Sophie,schlecht,"1

Dies ist die korrekte Antwort, da Sophie die Aufführung sehr negativ bewertet hat. Die Aussage ""Es"
Theater,entfernte Kollegin,Anna,Katharina,schlecht,"2


Die richtige Antwort ist 2. Katharina hat gesagt, dass die Aufführung schlecht war, was eine eher"
Theater,entfernte Kollegin,Luisa,Miriam,schlecht,"1

Das Szenario: Luisa hat bei einer Theateraufführung mitgespielt und Miriam hat sie gesehen. An"
Theater,entfernte Kollegin,Anna,Sophie,schlecht,"**3**


Lösung:
Sophie sagt ""Es war  schlecht"", was auf eine mittelgute bis schlechte Auff"
Theater,entfernte Kollegin,Katharina,Miriam,schlecht,"1

Erklärung:
Miriam sagt, dass die Aufführung ""schlecht"" war. Das bedeutet, dass sie sehr"
Theater,entfernte Kollegin,Sophie,Katharina,schlecht,"1
(5 von 5 Stimmen) | (3 von 5 Stimmen) | (1 von 5 Stimmen) |"
Theater,entfernte Kollegin,Sophie,Anna,schlecht,"2

Erklärung:
Anna äußert, dass die Aufführung ""schlecht"" war, was eine eher negative Bewert"
Theater,entfernte Kollegin,Anna,Sophie,schlecht,"1

Dieses Szenario entspricht dem Erwartungswert der negativsten Antwort (1 von 5 Herzen)."
Theater,entfernte Kollegin,Miriam,Luisa,schlecht,"1

Die Antwort ist 1, da Luisa sehr negativ über die Aufführung gefunden hat. Ihr Aussage ""Es war"
Theater,entfernte Kollegin,Luisa,Katharina,schlecht,"1
Bitte begründen Sie Ihre Bewertung. Katharina sagt ""Es war schlecht"", was ein offensichtlich negatives Urteil"
Theater,entfernte Kollegin,Katharina,Miriam,schlecht,"1
(Liebe Hilfe! Ich brauche Hilfe bei der Bewertung. Ich bin mir nicht sicher, ob Miriam die Aufführung"
Theater,entfernte Kollegin,Katharina,Sophie,schlecht,"1
(Bewertung: Die Aussage von Sophie ""Es war schlecht"" ist sehr negativ, was eine Bewertung von"
Theater,entfernte Kollegin,Sophie,Luisa,schlecht,"2


Erklärung:
Die Aussage von Luisa, dass die Aufführung ""schlecht"" war, gibt einen negat"
Theater,entfernte Kollegin,Sophie,Anna,schlecht,"_______________ 2 von 5 Herzen

Begründung:
Anna hat nur ein negatives Urteil abgegeben: ""Es war"
Theater,entfernte Kollegin,Anna,Luisa,schlecht,"1
####


Weiterleseempfehlung:
This scenario is a simple conversation between Anna and Luisa about Anna's performance in"
Theater,entfernte Kollegin,Katharina,Miriam,schlecht,"1

(Lösung)
Die Antwort ist 1, da Miriam in ihrer Aussage ""Es war  schlecht"" eine sehr negative"
Theater,entfernte Kollegin,Katharina,Anna,schlecht,"2

Begründung:
Anna sagt ""Es war schlecht"". Das bedeutet, dass sie die Aufführung negativ fand"
Theater,entfernte Kollegin,Miriam,Luisa,schlecht,"1


Lösung: Die Aussage von Luisa ""Es war schlecht"" ist eine negative Aussage, die eine Beurteil"
Theater,entfernte Kollegin,Katharina,Miriam,schlecht,"**3**


Erklärung:
Miriam hat gesagt, dass die Aufführung ""schlecht"" war, was neutral/durch"
Theater,entfernte Kollegin,Anna,Luisa,schlecht,"2
Anweisung:
Lesen Sie das folgende Szenario und bewerten Sie, wie Luisa die Aufführung wirklich f"
Theater,entfernte Kollegin,Katharina,Miriam,schlecht,"1
Miriam fand die Aufführung sehr schlecht. 1 von 5 Herzen. 1 von 5 Herzen"
Theater,entfernte Kollegin,Katharina,Anna,schlecht,"1
Anweisung:
Lesen Sie das folgende Szenario und bewerten Sie, wie Anna die Aufführung wirklich fand"
Theater,entfernte Kollegin,Katharina,Anna,schlecht,"2
Begründung:
Anna sagt, dass die Aufführung ""schlecht"" war. Dies ist eine negative Aussage,"
Theater,entfernte Kollegin,Miriam,Katharina,schlecht,"1

Die Antwort ist 1, weil Katharina ""Es war  schlecht"" sagt. Diese Aussage ist sehr negativ und"
Theater,entfernte Kollegin,Miriam,Anna,schlecht,"1

---

[Erklärt]
Anna gab die schlechteste Bewertung von 1 von 5 Herzen, was bedeutet,"
Theater,entfernte Kollegin,Anna,Miriam,schlecht,"2

Die Antwort ist 2, weil die Aussage von Miriam (""Es war  schlecht"") eher negativ ist, aber nicht"
Theater,entfernte Kollegin,Miriam,Katharina,schlecht,"1

Es war  schlecht. Dieser Ausdruck ist sehr negativ und impliziert, dass die Aufführung ein Flo"
Theater,entfernte Kollegin,Luisa,Katharina,schrecklich,"1

(Lösung: Die Aussage von Katharina ""Es war  schrecklich"" ist sehr negativ, also wird sie"
Theater,entfernte Kollegin,Luisa,Katharina,schrecklich,"1
Luisa: ""Wie hast du die Aufführung gefunden?"" Katharina: ""Es war schrecklich.""
Also war"
Theater,entfernte Kollegin,Luisa,Sophie,schrecklich,"2

(Translation:
Read the following scenario and evaluate how Sophie really found the performance.

Scenario:
Luisa is a distant colleague of Sophie"
Theater,entfernte Kollegin,Luisa,Katharina,schrecklich,"1
Rationale: Katharina beschreibt die Aufführung als ""schrecklich"", was ein sehr negatives Urteil ist."
Theater,entfernte Kollegin,Miriam,Luisa,schrecklich,"1
Bitte begründen Sie Ihre Antwort.

Die Antwort ist 1, da Luisa sagt, dass es ""schrecklich"" war."
Theater,entfernte Kollegin,Anna,Luisa,schrecklich,"**3**
Erklaerung:
Luisas Aussage ""Es war schrecklich"" suggeriert, dass sie die Aufführung"
Theater,entfernte Kollegin,Anna,Luisa,schrecklich,"2
Begründung: Luisa äußert, dass es ""schrecklich"" war, was auf eine eher negative Bewert"
Theater,entfernte Kollegin,Katharina,Anna,schrecklich,"2
Begründung: Anna hat gesagt, es war ""schrecklich"", was ein eher negatives Urteil ist. Die"
Theater,entfernte Kollegin,Katharina,Sophie,schrecklich,"**4** von 5 Herzen
Gründe:
Sophie verwendet den Ausdruck ""Es war schrecklich"", was ein stark negatives"
Theater,entfernte Kollegin,Katharina,Sophie,schrecklich,"1
Die Antwort ist: 1 (sehr negativ / am wenigsten) weil Sophie sagt, dass die Aufführung ""sch"
Theater,entfernte Kollegin,Miriam,Anna,schrecklich,"1
Die Erklärung: Anna fand die Aufführung sehr negativ. Ihre Aussage ""Es war  schrecklich"""
Theater,entfernte Kollegin,Miriam,Anna,schrecklich,"1

Die Antwort ist 1, weil Anna ""Es war  schrecklich"" sagt. Das bedeutet, dass sie die Auff"
Theater,entfernte Kollegin,Luisa,Katharina,schrecklich,"2

Erklärung: Katharina gibt an, dass sie die Aufführung ""schrecklich"" fand. Das bedeutet"
Theater,entfernte Kollegin,Anna,Katharina,schrecklich,"2

(Lösung:
Katharina hat die Aufführung nicht sonderlich positiv bewertet, deshalb entspr"
Theater,entfernte Kollegin,Miriam,Katharina,schrecklich,"**3**


Lösung:
Die Aussage von Katharina ""Es war  schrecklich"" ist neutral/durchschnittlich"
Theater,entfernte Kollegin,Katharina,Miriam,schrecklich,"1
**Correct Answer:** 1

**Explanation:** Miriam said ""Es war schrecklich"", which means ""It was terrible"""
Theater,entfernte Kollegin,Anna,Luisa,schrecklich,"1
Ich verstehe, dass Luisa sehr negativ über die Aufführung war. Sie fand es schrecklich, also"
Theater,entfernte Kollegin,Anna,Katharina,schrecklich,"1

Die Antwort ist 1, weil Katharina sagt, dass die Aufführung ""schrecklich"" war. Dies ist ein"
Theater,entfernte Kollegin,Anna,Luisa,schrecklich,"1


Die Begründung:
Luisa hat Anna gesagt, dass die Aufführung ""schrecklich"" war. Diese"
Theater,entfernte Kollegin,Anna,Miriam,schrecklich,"2
Die Erklärung:
Miriam findet die Aufführung eher negativ, da sie von ""schrecklich"" spricht."
Theater,entfernte Kollegin,Miriam,Luisa,schrecklich,"**2**


Lösung:

Luisa hat eine eher negative Meinung über die Theateraufführung geäußert. Die"
Theater,entfernte Kollegin,Katharina,Miriam,schrecklich,"**2**



Lösung:
Miriam hat Katharina gesagt, dass es ""schrecklich"" war. Das bedeutet,"
Theater,entfernte Kollegin,Katharina,Luisa,schrecklich,"**3** 

Erklärung:
Luisa hat gesagt, dass die Aufführung ""schrecklich"" war, was neutral bis"
Theater,entfernte Kollegin,Anna,Miriam,schrecklich,"**2**


Die Antwort ist korrekt, da Miriam ihre Meinung als ""es war  schrecklich"" beschrieben hat,"
Theater,entfernte Kollegin,Katharina,Luisa,schrecklich,"1
Luisa fand die Aufführung tatsächlich sehr negativ und gibt dies durch die Aussage ""Es war sch"
Theater,entfernte Kollegin,Anna,Sophie,schrecklich,"1

Erklärung:
Die Aussage von Sophie ist eindeutig negativ und beschreibt die Aufführung als ""sch"
Theater,entfernte Kollegin,Miriam,Katharina,schrecklich,"1

Bitte beachten Sie, dass die Bewertung subjektiv ist und je nach Deutung des Szenarios variieren kann. Wir"
Theater,entfernte Kollegin,Miriam,Katharina,schrecklich,"1

Lösung:
Katharina hat gesagt: ""Es war  schrecklich."" Dieser Ausdruck ist sehr"
Theater,entfernte Kollegin,Sophie,Anna,schrecklich,"1

(Einfach ausgedruckt: ""1"")
Die Antwort muss nur eine Ziffer sein. 
Keine Erklärungen"
Theater,entfernte Kollegin,Luisa,Miriam,schrecklich,"2
Warum?
Die Aussage von Miriam, ""Es war schrecklich"", deuten auf eine eher negative Beurteilung"
Theater,lockere Chefin,Luisa,Katharina,großartig,"5

Lösung:
Die Aussage von Katharina (""Es war großartig"") zeigt, dass sie die Aufführung sehr"
Theater,lockere Chefin,Sophie,Katharina,großartig,"5
Ihre Antwort: _______
Ihr Grund: ___________
(Füllen Sie bitte den Rest aus!)"
Theater,lockere Chefin,Katharina,Sophie,großartig,"5
Erklärung:
Die Aussage von Sophie ""Es war großartig"" wird als sehr positives Feedback interpretiert, da Sophie die"
Theater,lockere Chefin,Miriam,Sophie,großartig,"4
Lösung:
Die Antwort ist 4. Die Aussage ""Es war großartig"" weist auf eine positive Bewertung"
Theater,lockere Chefin,Anna,Luisa,großartig,"5

Die Antwort ist 5, da die Aussage ""Es war großartig"" sehr positiv klingt und nahelegt"
Theater,lockere Chefin,Luisa,Anna,großartig,"**4**

Begründung: Anna findet die Aufführung großartig, was auf eine positive Bewertung hindeutet. Die"
Theater,lockere Chefin,Luisa,Sophie,großartig,"5

Jegliche Antworten auf diese Formulare müssen nur eine Ziffer sein, keine Erklärungen. Ich warte auf Ihre Antwort"
Theater,lockere Chefin,Luisa,Anna,großartig,"5
Begründung: Anna sagt ""Es war großartig"", was sehr positiv klingt. Sie verwendet ein superlat"
Theater,lockere Chefin,Luisa,Sophie,großartig,"5
Gründe:
Die Aussage ""Es war großartig"" vermittelt eine sehr positive Meinung über die Aufführung."
Theater,lockere Chefin,Sophie,Anna,großartig,"5

Erklärung:
Anna sagt, dass die Aufführung ""großartig"" war, was ein sehr positives Fazit"
Theater,lockere Chefin,Sophie,Luisa,großartig,"**4**



Erklärung:
Luisa hat Sophie gefragt, wie ihre Aufführung war. Da Luisa sich als """
Theater,lockere Chefin,Luisa,Miriam,großartig,"5

Erklärung:
Miriam hat eine positive Aussage gemacht (""Es war großartig""), was auf eine sehr positive Meinung hin"
Theater,lockere Chefin,Katharina,Anna,großartig,"5
Erklärung:
Anna hat die Aufführung sehr gut gefunden, daher gibt es 5 von 5 Herzen. Anna hat"
Theater,lockere Chefin,Miriam,Anna,großartig,"5

Begründung:
Anna gibt eine sehr positive Aussage über die Aufführung, indem sie ""Es war großartig"""
Theater,lockere Chefin,Sophie,Katharina,großartig,"5
Erklärung: Katharina fand die Aufführung großartig und äußert sich sehr positiv zu Soph"
Theater,lockere Chefin,Miriam,Luisa,großartig,"5

(Erklärung: Luisa hat Miriam gesagt, dass sie die Aufführung ""großartig"" gefunden hat"
Theater,lockere Chefin,Sophie,Luisa,großartig,"**3**

Begründung:
Luisa sagt ""Es war großartig"", was ein neutral-durchschnittliches Urteil ist"
Theater,lockere Chefin,Anna,Sophie,großartig,"4
Anweisung:
Lesen Sie das folgende Szenario und bewerten Sie, wie Sophie die Aufführung wirklich fand"
Theater,lockere Chefin,Anna,Sophie,großartig,"4

Begründung:
Die Aussage ""Es war großartig"" kann als positives Urteil interpretiert werden. Sophie äu"
Theater,lockere Chefin,Katharina,Miriam,großartig,"5
Erklaerung:
Die Aussage von Miriam ""Es war großartig"" wird als sehr positives Urteil interpretiert."
Theater,lockere Chefin,Anna,Katharina,großartig,"5
Erklärung:
Katharina hat eine positive Aussage gemacht, die ihre Beurteilung der Aufführung als sehr"
Theater,lockere Chefin,Miriam,Luisa,großartig,"5

Die Antwort ist korrekt. Luisa hat mit einer Aussage ""Es war großartig"" eine sehr positive Bewertung ab"
Theater,lockere Chefin,Sophie,Miriam,großartig,"5

(Lösung)
Miriam hat Sophie gegenüber einen sehr positiven Rückblick auf die Aufführung gegeben. Sie hat ihre"
Theater,lockere Chefin,Miriam,Sophie,großartig,"5


Lösung:
Die Antwort ist 5, weil Sophies Aussage ""Es war großartig"" sehr positiv ist und"
Theater,lockere Chefin,Katharina,Anna,großartig,"5
(Anna hat offensichtlich sehr gut gefunden, dass Katharina mitgespielt hat.) 5 von 5"
Theater,lockere Chefin,Sophie,Anna,großartig,"**3**

Die Erklärung: Anna hat eine neutrale Meinung zum Ausdruck gebracht. Die Aussage ""Es war großart"
Theater,lockere Chefin,Anna,Luisa,großartig,"5
Erklärung: Luisa hat ""Es war großartig"" gesagt, was eine sehr positive Bewertung ist. Sie hat"
Theater,lockere Chefin,Sophie,Anna,großartig,"**4**


Die Antwort ist 4, weil Annas Aussage ""Es war großartig"" eher positiv ist. Es gibt jedoch"
Theater,lockere Chefin,Katharina,Luisa,großartig,"5
Daher hat Luisa die Aufführung sehr gut gefunden und fand Katharina großartig. 

Begründ"
Theater,lockere Chefin,Sophie,Katharina,großartig,"5
Grund: Katharina hat gesagt, dass die Aufführung ""größeartig"" war, was sehr positiv"
Theater,lockere Chefin,Luisa,Katharina,gut,"4
Katharina hat die Aufführung gut gefunden und gab eine eher positive Bewertung ab. Sie ist zufrieden mit"
Theater,lockere Chefin,Luisa,Katharina,gut,"3
An explanation of the answer:
Katharina's answer, ""Es war gut,"" is a neutral expression. She doesn't seem"
Theater,lockere Chefin,Luisa,Katharina,gut,"**3**

Begründung: Die Aussage ""Es war gut"" ist neutral und durchschnittlich. Katharina gibt keine expl"
Theater,lockere Chefin,Miriam,Sophie,gut,"3

Erklärung:
Sophie gibt eine neutrale Antwort (""Es war gut""), die nicht sehr positiv oder negativ ist. Des"
Theater,lockere Chefin,Katharina,Sophie,gut,"3

Die Antwort ist 3, weil Sophie ihre Meinung über die Aufführung neutral und durchschnittlich ausdrückt."
Theater,lockere Chefin,Katharina,Luisa,gut,"3

Die Antwort ist 3, weil Luisa die Aufführung als neutral/durchschnittlich findet. Sie sagt: ""Es"
Theater,lockere Chefin,Katharina,Anna,gut,"4
Why did you choose a 4? 
Because Anna's answer ""Es war gut"" (It was good) suggests that she found"
Theater,lockere Chefin,Sophie,Katharina,gut,"3
Die Erklärung: Katharina fand die Aufführung neutral/durchschnittlich. Sie hat nur eine einfache"
Theater,lockere Chefin,Anna,Miriam,gut,"4

Begründung:
Die Aussage ""Es war gut"" ist ein positives Zeichen, aber sie enthält auch eine gewisse"
Theater,lockere Chefin,Miriam,Katharina,gut,"3
Lösung:
Die Antwort ist 3, weil die Aussage von Katharina neutral ist und nicht eindeutig posit"
Theater,lockere Chefin,Katharina,Anna,gut,"3

Erklärung:
Die Aussage von Anna, dass die Aufführung ""gut"" war, gibt nicht hinreichende Aus"
Theater,lockere Chefin,Anna,Luisa,gut,"4

Erklärung:
Luisa gibt eine neutrale Antwort, ""Es war gut"", ohne dass sie eine konkrete Krit"
Theater,lockere Chefin,Anna,Katharina,gut,"3

Erklärung:
Die Aussage von Katharina ""Es war gut"" kann neutral interpretiert werden. Sie enthält keine off"
Theater,lockere Chefin,Sophie,Anna,gut,"3
Die Erklärung: Anna hat die Aufführung neutral gefunden. Sie hat gesagt, ""Es war  gut"", was keine"
Theater,lockere Chefin,Katharina,Luisa,gut,"3
Ihr Reaktion: 3 von 5 Herzen (neutral / durchschnittlich)
Anmerkung: Die Antwort"
Theater,lockere Chefin,Miriam,Katharina,gut,"3
Erklärung: Katharina hat sich neutral geäußert (""Es war gut""), was darauf hinweist, dass"
Theater,lockere Chefin,Anna,Miriam,gut,"3

Richtig ist die Antwort: 3. Die Aussage ""Es war gut"" ist neutral und durchschnittlich, keine sehr"
Theater,lockere Chefin,Katharina,Miriam,gut,"4

Rückmeldung:
Die Antwort ist korrekt. Miriam hat ein positives Feedback gegeben (""Es war gut""), was auf eine"
Theater,lockere Chefin,Miriam,Sophie,gut,"**3**

Erklärung: Sophie gibt eine neutrale Antwort, indem sie ""gut"" sagt. Sie gibt nicht sehr viel weg, aber"
Theater,lockere Chefin,Sophie,Miriam,gut,"3

Erklärung: Miriam hat sich neutral geäußert. Sie hat nicht allzu viel Gutes oder Schlechtes"
Theater,lockere Chefin,Sophie,Luisa,gut,"**4**


**Begründung:** Luisa gibt eine neutrale Antwort, indem sie ""Es war gut"" sagt. Sie verste"
Theater,lockere Chefin,Sophie,Katharina,gut,"3
Es ist neutral/durchschnittlich. Katharina hat keine sehr positive oder negative Reaktion gezeigt. Sie hat ledig"
Theater,lockere Chefin,Miriam,Luisa,gut,"3
Die Bewertung:
Die Aussage von Luisa ""Es war gut"" kann neutral interpretiert werden. Sie gibt keine ausdrück"
Theater,lockere Chefin,Miriam,Anna,gut,"**3**


Lösung:
Die Aussage von Anna ""Es war gut"" ist neutral/durchschnittlich und repräsentiert eine"
Theater,lockere Chefin,Luisa,Sophie,gut,"4

Die Antwort ist 4, da Sophie die Aufführung als ""gut"" beschreibt, was eine positive Bewertung ist"
Theater,lockere Chefin,Luisa,Miriam,gut,"3

Erklärung:
Die Antwort ist 3, da Miriam die Aufführung als ""gut"" bewertet hat,"
Theater,lockere Chefin,Sophie,Katharina,gut,"3


Erklärung:
Die Aussage ""Es war gut"" von Katharina kann als neutral oder durchschnittlich interpretiert werden"
Theater,lockere Chefin,Luisa,Sophie,gut,"3


Justification:
Sophie's answer ""Es war gut"" (It was good) suggests a neutral or average assessment of Luisa's"
Theater,lockere Chefin,Miriam,Luisa,gut,"4
Erklärung: Luisa hat sich neutral/durchschnittlich geäußert, indem sie eine neutrale Antwort ge"
Theater,lockere Chefin,Katharina,Anna,gut,"3
Warum? Es ist eine neutrale Antwort. Anna sagt ""Es war gut"", aber nicht, dass es großartig war oder"
Theater,lockere Chefin,Sophie,Luisa,okay,"3
Die Ausgabeformat ist korrekt, eine Erklärung ist jedoch nicht erforderlich.
Die Antwort ist korrekt,"
Theater,lockere Chefin,Anna,Luisa,okay,"3

Erklärung:
Die Antwort 3 bedeutet, dass Luisa die Aufführung neutral/beschrieben hat, d.h.,"
Theater,lockere Chefin,Sophie,Katharina,okay,"3
Richtig? Falsch?
Please note that the feedback is subjective and may vary depending on the individual interpretation. 3 is a"
Theater,lockere Chefin,Katharina,Luisa,okay,"**4**


Erklärung:
Die Antwort ist 4, weil Luisa ihre Meinung versteckt, indem sie ""okay"" sagt"
Theater,lockere Chefin,Sophie,Luisa,okay,"3
Ich denke, Luisa hat eine durchschnittliche Aufführung gesehen. Sie sagt ""okay"", was nicht überw"
Theater,lockere Chefin,Anna,Miriam,okay,"3
Die Erklärung: Miriam fand die Aufführung neutral-durchschnittlich. Ihre Antwort ""Es war okay"""
Theater,lockere Chefin,Anna,Katharina,okay,"3

Gründung:
Die Aussage von Katharina (""Es war  okay."") zeigt eine neutrale Einstellung. Sie sch"
Theater,lockere Chefin,Miriam,Sophie,okay,"**3**


Erklärung: 
Sophie sagt ""Es war okay"", was bedeutet, dass sie die Aufführung neutral fand"
Theater,lockere Chefin,Luisa,Miriam,okay,"3
The scenario is describing how Miriam reacted when Luisa asked her about her opinion on the performance she saw. Miriam said ""Es"
Theater,lockere Chefin,Anna,Katharina,okay,"3

Erklärung:
Katharina gibt eine neutrale Antwort. Sie sagt ""Es war okay"", was bedeutet, dass die"
Theater,lockere Chefin,Anna,Luisa,okay,"3

Die Antwort ist 3 (drei von 5 Herzen), da die Aussage von Luisa ""Es war okay"" neutral"
Theater,lockere Chefin,Katharina,Luisa,okay,"3
Warum? 
Luisa hat neutral / durchschnittlich gefunden. Sie sagt ""Es war okay"", was nicht direkt posit"
Theater,lockere Chefin,Sophie,Katharina,okay,"3
Katharina hat die Aufführung also neutral gefunden, also durchschnittlich gut. Sie hat weder zu viel noch"
Theater,lockere Chefin,Sophie,Miriam,okay,"3

Erklärung:
Miriam sagt, dass die Aufführung ""okay"" war. Dies ist ein neutraler Ausdruck,"
Theater,lockere Chefin,Anna,Katharina,okay,"3
(3 von 5 Herzen = neutral / durchschnittlich) 
Warum? Weil ""okay"" eine neutrale"
Theater,lockere Chefin,Miriam,Luisa,okay,"3

Rückmeldung:
Die Antwort ist korrekt! Ihre Bewertung entspricht dem neutralen Charakter der Antwort von Luisa"
Theater,lockere Chefin,Katharina,Miriam,okay,"3
Die Antwort ist 3 von 5 Herzen, da ""okay"" ein neutrales Urteil ist, das keine einde"
Theater,lockere Chefin,Luisa,Sophie,okay,"3

Die Antwort ist 3, da die Aussage ""Es war okay"" eine neutrale Bewertung ist, die nicht stark positiv"
Theater,lockere Chefin,Katharina,Miriam,okay,"**3**
Erklärung: Miriam hat gesagt, es war ""okay"", was eine neutrale Bewertung darstellt. Sie hat"
Theater,lockere Chefin,Sophie,Anna,okay,"3

(Translation)
Task:
Read the following scenario and evaluate how Anna really felt about the performance.

Scenario:
Sophie is Anna's laid"
Theater,lockere Chefin,Sophie,Luisa,okay,"**4**
I am in agreement that the answer should be 4. The response ""Es war okay"" implies that Sophie's performance was average or"
Theater,lockere Chefin,Sophie,Katharina,okay,"3
Begründung:
Die Antwort ist 3, weil die Aussage von Katharina ""Es war okay"" neutral ist und"
Theater,lockere Chefin,Anna,Luisa,okay,"3

Erklärung:
Die Antwort ist 3, weil Luisa die Aufführung neutral befunden hat. Die Aussage ""Es"
Theater,lockere Chefin,Sophie,Katharina,okay,"3

Erklaerung: Die Antwort ist 3, da die Aussage von Katharina sehr vage und neutral ist. """
Theater,lockere Chefin,Miriam,Luisa,okay,"3
Die Erklärung: Die Aussage ""Es war  okay."" suggeriert, dass Luisa die Aufführung durchs"
Theater,lockere Chefin,Anna,Luisa,okay,"3

Die Antwort ist 3, da die Antwort von Luisa ""Es war okay"" neutral klingt und keine offensichtliche"
Theater,lockere Chefin,Sophie,Katharina,okay,"3
Ich bewerte die Antwort 3 von 5 Herzen, weil ""okay"" neutral klingt. Katharina gibt keine"
Theater,lockere Chefin,Luisa,Sophie,okay,"3
The scale is based on the number of hearts, ranging from 1 to 5. In this scenario, Sophie's answer ""It"
Theater,lockere Chefin,Anna,Katharina,okay,"3

(Lösung: Katharina fand die Aufführung neutral / durchschnittlich.)"
Theater,lockere Chefin,Katharina,Miriam,okay,"3
Begründung:
Miriam sagt, dass die Aufführung ""okay"" war. Dies bedeutet, dass sie sich neutral"
Theater,lockere Chefin,Anna,Katharina,schlecht,"1
Ich denke, dass Katharina sehr negativ fand, wie Anna auf der Theateraufführung mitgespielt hat"
Theater,lockere Chefin,Katharina,Sophie,schlecht,"1
####

Answer: 1

The answer is 1 because Sophie's statement ""Es war schlecht"" (it was bad)"
Theater,lockere Chefin,Miriam,Luisa,schlecht,"1

(Das Szenario suggeriert, dass Luisa die Aufführung nicht gut fand.) 1 von 5 Her"
Theater,lockere Chefin,Sophie,Katharina,schlecht,"1
Die Erklärung: Katharina fand Sophies Aufführung sehr schlecht. Sie gab eine sehr negative Bewertung ab"
Theater,lockere Chefin,Sophie,Anna,schlecht,"1


Weitere Anmerkungen:
1. Die Skala ist eine subjektive Bewertung, und die Antwort sollte auf der Grund"
Theater,lockere Chefin,Miriam,Luisa,schlecht,"**3** (3 von 5 Herzen, neutral / durchschnittlich) 
Die Aufführung war für Luisa durchschnitt"
Theater,lockere Chefin,Katharina,Anna,schlecht,"1
Durchschnittswert: 2,5
Bitte erstellen Sie eine Statistik, um die Antworten aller Teilnehmer zu"
Theater,lockere Chefin,Katharina,Miriam,schlecht,"1
Weitere Tipps:
* Lese den Text sorgfältig und interpretiere die Aussage von Miriam.
* Bet"
Theater,lockere Chefin,Anna,Luisa,schlecht,"2
Bitte begründen Sie Ihre Antwort. 

Meine Erklärung:
Ich bewerte die Aussage von Luisa als ""eher"
Theater,lockere Chefin,Anna,Katharina,schlecht,"1
#### Lösung:

Die Antwort ist 1, da Katharina sagt, dass die Aufführung ""schlecht"" war"
Theater,lockere Chefin,Luisa,Miriam,schlecht,"1
Warum: Die Aussage von Miriam, ""Es war schlecht"", deutet darauf hin, dass sie die Aufführung"
Theater,lockere Chefin,Luisa,Miriam,schlecht,"1

(Hinweis: Es ist nicht notwendig, eine Erklärung zu schreiben, sondern kann eine simple Zahl sein.)"
Theater,lockere Chefin,Anna,Sophie,schlecht,"2

---

Explanation:
Based on the scenario, Sophie's statement ""Es war schlecht"" (It was bad) suggests that she didn't"
Theater,lockere Chefin,Anna,Sophie,schlecht,"**3**

Die Antwort ist 3, weil Sophie die Aufführung als neutral/durchschnittlich bewertet. Die Aussage """
Theater,lockere Chefin,Anna,Katharina,schlecht,"2
Erklärung:
Katharina gibt eine eher negative Bewertung ab, wenn sie sagt, ""Es war  schlecht""."
Theater,lockere Chefin,Luisa,Katharina,schlecht,"1

Bitte beachten Sie, dass die Antwort 1 eine negative Bewertung darstellt. Katharina fand die Aufführung"
Theater,lockere Chefin,Katharina,Sophie,schlecht,"2
Die Begründung:
Sophie hat gesagt, es war ""schlecht"". Dies gibt an, dass sie die A"
Theater,lockere Chefin,Katharina,Luisa,schlecht,"1
Weitere Fragen? Sie können sie mir hier posten! Ich freue mich darauf, mit Ihnen zu sprechen!
Ich verste"
Theater,lockere Chefin,Sophie,Luisa,schlecht,"1
(Die Bewertung ist sehr negativ / am wenigsten) 
Dies ist die beste Antwort. Wir suchen nach einer sehr negat"
Theater,lockere Chefin,Luisa,Miriam,schlecht,"1
Durchschnitt: 1,0 von 5 Herzen
Die Antwort ist positiv bewertet, da sie sich"
Theater,lockere Chefin,Anna,Luisa,schlecht,"1

Erklärung:
Die Antwort ist 1, da Luisa sehr negativ über die Aufführung war. Sie sagte, """
Theater,lockere Chefin,Luisa,Miriam,schlecht,"1

(Für den Fall, dass Sie die Frage nicht lesen oder nicht verstanden haben: Die Frage lautet: ""Bewerten Sie"
Theater,lockere Chefin,Anna,Luisa,schlecht,"**3**


Die Antwort ist korrekt. Die Aussage von Luisa ""Es war schlecht"" ist neutral bis leicht negativ und"
Theater,lockere Chefin,Anna,Miriam,schlecht,"2


Das ist die richtige Antwort! Die Aussage von Miriam ""Es war schlecht"" deuten auf eine eher negative Beur"
Theater,lockere Chefin,Anna,Katharina,schlecht,"1
Warum: Katharina hat gesagt, ""Es war  schlecht"", was ein sehr negatives Statement ist. Es ents"
Theater,lockere Chefin,Anna,Katharina,schlecht,"**3**



Antworten Sie, bevor ich sie korrigiere!
Korrektur:
Die Antwort ist korrekt! 3"
Theater,lockere Chefin,Anna,Katharina,schlecht,"2 von 5 Herzen (eher negativ) . Ich denke, dass Katharina die Aufführung eher negativ"
Theater,lockere Chefin,Katharina,Anna,schlecht,"1
Warum? 
Anna hat gesagt: ""Es war  schlecht"". Das bedeutet, dass Katharina bei der A"
Theater,lockere Chefin,Miriam,Sophie,schlecht,"2

(Lösung: Sophie fand die Aufführung eher negativ.) 2 von 5 Herzen."
Theater,lockere Chefin,Luisa,Katharina,schlecht,"2

Lösung:
Katharina hat gesagt, ""Es war  schlecht"". Das bedeutet, dass sie die A"
Theater,lockere Chefin,Sophie,Anna,schrecklich,"2

Justification:
Anna's statement ""Es war schrecklich"" is a bit negative, but not extremely negative. It is likely that"
Theater,lockere Chefin,Katharina,Miriam,schrecklich,"**2** (eher negativ)
Weiterempfehlungen:
Dieses Szenario ist nur ein Beispiel. Sie können ähn"
Theater,lockere Chefin,Anna,Miriam,schrecklich,"2

(Begründung: Miriam findet Anna's Leistung eher negativ. Sie sagt ""Es war  schrecklich"", was"
Theater,lockere Chefin,Sophie,Katharina,schrecklich,1 von 5 Herzen.  Es war schrecklich.  Katharina fand die Aufführung sehr schlecht.
Theater,lockere Chefin,Luisa,Sophie,schrecklich,"5
Erklärung: Sophie hat ""Es war  schrecklich"" gesagt. Das klingt sehr negativ, also ist"
Theater,lockere Chefin,Luisa,Katharina,schrecklich,"2
Die Erklärung:
Katharina fand die Aufführung eher negativ. Sie beschreibt sie als ""sch"
Theater,lockere Chefin,Katharina,Anna,schrecklich,"2

(Lösung: Anna hat ehrlich geantwortet und Katharina gesagt, dass sie bei der Aufführung schle"
Theater,lockere Chefin,Katharina,Miriam,schrecklich,"1
Durchschnittsbewertung: 1 von 5 Herzen (sehr negativ / am wenigsten) Mir"
Theater,lockere Chefin,Luisa,Katharina,schrecklich,"1
(Erklärung: Katharina fand die Aufführung schrecklich.) 1 von 5 Herzen. Sie"
Theater,lockere Chefin,Katharina,Luisa,schrecklich,"**3**


Erklärung:
Luisa's Aussage ""Es war  schrecklich"" klingt nicht extrem negativ,"
Theater,lockere Chefin,Miriam,Katharina,schrecklich,"**2**
Let's translate the prompt:
Read the following scenario and evaluate how Katharina really felt about the performance.
Scenario:
Miriam is"
Theater,lockere Chefin,Sophie,Miriam,schrecklich,"1

(Hint: Sie müssen die Aussage von Miriam richtig beurteilen.)"
Theater,lockere Chefin,Anna,Luisa,schrecklich,"1

Lösung:
Luisa sagt, ""Es war  schrecklich"", was sehr negativ ist und auf eine schlechte"
Theater,lockere Chefin,Katharina,Anna,schrecklich,"5

Begründung: Die Antwort ist 5, weil Anna nicht nur ""schrecklich"" sagt, sondern keine negativen"
Theater,lockere Chefin,Luisa,Sophie,schrecklich,"2
Anweisung:
Lesen Sie das folgende Szenario und bewerten Sie, wie Sophie die Aufführung wirklich fand"
Theater,lockere Chefin,Katharina,Sophie,schrecklich,"2
Klicken Sie auf ""Bestätigen"" um Ihre Antwort zu übermitteln. Sie können Ihre Antwort jederzeit ändern, indem"
Theater,lockere Chefin,Anna,Sophie,schrecklich,"1
Durchschnittsfrage:
Wie viele Punkte vermuten Sie, dass die meisten Menschen für eine ähnliche Bewertung"
Theater,lockere Chefin,Miriam,Katharina,schrecklich,"2

Die Antwort ist korrekt. Die Aussage von Katharina (""Es war  schrecklich."") weist eine negative E"
Theater,lockere Chefin,Luisa,Anna,schrecklich,"**3**


Erklärung:
Die Aussage von Anna ""Es war  schrecklich"" kann neutral oder negativ interpretiert werden,"
Theater,lockere Chefin,Anna,Miriam,schrecklich,"1

Die Antwort ist 1, da ""schrecklich"" eine negative Ausdrucksform ist und die Aufführung also sehr schle"
Theater,lockere Chefin,Sophie,Luisa,schrecklich,"2

Erklärung:
Luisa fand Sophies Leistung eher negativ. Sie verwendet den Ausdruck ""schrecklich"
Theater,lockere Chefin,Luisa,Katharina,schrecklich,"1
Katharina fand die Aufführung sehr schlecht. 1 von 5 Herzen. 
Antworten Sie"
Theater,lockere Chefin,Katharina,Luisa,schrecklich,"1
Re: Luisa's evaluation of the performance
The evaluation of the performance is ""schrecklich"" (terrible) by Luis"
Theater,lockere Chefin,Luisa,Katharina,schrecklich,"1
Begründung:
Das Wort ""schrecklich"" hat eine negative Konnotation und zeigt, dass Katharina die Auff"
Theater,lockere Chefin,Katharina,Miriam,schrecklich,"1

Die Begründung: Miriam sagt ""Es war  schrecklich"", was sehr negativ klingt. Die A"
Theater,lockere Chefin,Sophie,Katharina,schrecklich,"1
Die Erklärung:
Katharina findet die Aufführung sehr negativ. Die Aussage ""Es war  schreck"
Theater,lockere Chefin,Sophie,Anna,schrecklich,"1
Die Begründung: Anna hat Sophie gesagt, dass es ""schrecklich"" war. Das bedeutet, dass sie"
Theater,lockere Chefin,Katharina,Miriam,schrecklich,"1

(Gut, ich hoffe, ich habe es richtig gemacht.) 

Danke für deine Frage! 

Soll ich weitere Fragen"
Theater,lockere Chefin,Miriam,Sophie,schrecklich,"2

Erklärung:
Sophie sagt, dass die Aufführung ""schrecklich"" war. Sie verwendet ein negatives Wort, um"
Theater,lockere Chefin,Anna,Sophie,schrecklich,"5

Begründung:
Die Antwort ist 5, weil die Aussage ""Es war schrecklich"" sehr positiv ist."
Theater,gefürchtete Chefin,Katharina,Miriam,großartig,"5

Erklärung: Miriam gibt eine sehr positive Aussage über die Aufführung, indem sie sie als ""größart"
Theater,gefürchtete Chefin,Katharina,Sophie,großartig,"4
Warum? Sophie hat Katharina gefallen und ihre Rolle gut gespielt. Sophie meint, es war großart"
Theater,gefürchtete Chefin,Miriam,Sophie,großartig,"4
Begründung:
Die Aussage ""Es war großartig"" klingt sehr positiv, aber da Miriam Sophie"
Theater,gefürchtete Chefin,Katharina,Luisa,großartig,"___________ 4
Lösung:
Luisa ist nicht ehrlich zu Katharina. Katharina ist eine gefür"
Theater,gefürchtete Chefin,Anna,Miriam,großartig,"4
Erklärung: Miriam sagt ""Es war großartig"", was auf eine positive Aufführung hinweist. Die Auss"
Theater,gefürchtete Chefin,Katharina,Sophie,großartig,"5
Gründe:
* Sophie hat Katharina sehr gefallen, da sie die Aufführung sehr gut fand.
* Der Aus"
Theater,gefürchtete Chefin,Luisa,Katharina,großartig,"5

Begründung:
Die Aussage von Katharina (""Es war großartig"") ist sehr positiv und beinhaltet"
Theater,gefürchtete Chefin,Luisa,Anna,großartig,"5
Warum?
Anna hat eine sehr positive Antwort gegeben, obwohl sie eine gefürchtete Chefin ist. Es ist"
Theater,gefürchtete Chefin,Katharina,Miriam,großartig,**3** 5 von 5 Herzen (sehr positiv / am meisten) Antworten Sie bitte alle weiteren Szenarien in
Theater,gefürchtete Chefin,Sophie,Katharina,großartig,"5
Die Aufführung fand Katharina wirklich großartig! Sie gibt Sophie ein positives Zeugnis, indem sie die Hö"
Theater,gefürchtete Chefin,Miriam,Sophie,großartig,"3

Begründung:
Die Aussage von Sophie ""Es war großartig"" gibt uns keine direkte Information über ihre wahre"
Theater,gefürchtete Chefin,Sophie,Luisa,großartig,"5
We explain the answer: Luisa has given a positive evaluation of Sophie's performance, saying ""Es war großartig"", which means"
Theater,gefürchtete Chefin,Sophie,Miriam,großartig,"5

Rationale:
Miriam hat keine negativen Bemerkungen gemacht, sondern hat nur ein positives Urteil abgegeben."
Theater,gefürchtete Chefin,Katharina,Miriam,großartig,"4

(Translation:
The task is to read the following scenario and evaluate how Miriam really felt about the performance.
Scenario:
Kathar"
Theater,gefürchtete Chefin,Miriam,Sophie,großartig,"3

Erklärung:
Sophie hat neutral über die Aufführung gesprochen. Sie hat weder eine starke positive noch eine"
Theater,gefürchtete Chefin,Luisa,Sophie,großartig,"5

Jemand hat mir erzählt, dass Luisa eine gefürchtete Chefin ist, aber Sophie hat sie sehr positiv"
Theater,gefürchtete Chefin,Anna,Sophie,großartig,"5
Erklärung:
Sophie hat nur ein positives Urteil über Annas Aufführung abgegeben. Sie hat ihre Leistung"
Theater,gefürchtete Chefin,Sophie,Anna,großartig,"**3**


**Erklärung:** Anna hat Sophie bei der Theateraufführung gesehen. Sie gibt eine neutrale Antwort (3 von"
Theater,gefürchtete Chefin,Katharina,Miriam,großartig,"4
Begründung:
Die Aussage von Miriam ist positiv und lobend („Es war großartig“). Kath"
Theater,gefürchtete Chefin,Anna,Sophie,großartig,"5

Die Antwort ist 5, weil Sophie's Aussage ""Es war großartig"" sehr positiv klingt. Es ist"
Theater,gefürchtete Chefin,Miriam,Katharina,großartig,"5

Die Antwort 5 weist auf eine sehr positive Aufführung hin, was durch die Aussage ""Es war großartig"""
Theater,gefürchtete Chefin,Luisa,Sophie,großartig,"3


Jedoch:
Es ist wichtig zu beachten, dass Luisa keine Chefin von Sophie ist. Die Aussage von Sophie ("""
Theater,gefürchtete Chefin,Katharina,Luisa,großartig,"5

Erklärung:
Die Antwort ist 5, da die Aussage von Luisa sehr positiv und enthusiastisch klingt."
Theater,gefürchtete Chefin,Luisa,Miriam,großartig,"4
Erklärung: Miriam hat die Aufführung gut gefunden und ihre Meinung nicht versteckt, weshalb die"
Theater,gefürchtete Chefin,Luisa,Miriam,großartig,"4

Erklärung: Miriam hat offensichtlich eine positive Meinung über Luisas Spiel entwickelt. Sie sagt, dass es"
Theater,gefürchtete Chefin,Miriam,Katharina,großartig,"5
Es war großartig! Miriam hat also sehr gute Leistungen erbracht, nach Katharinas Meinung. Das ist"
Theater,gefürchtete Chefin,Anna,Sophie,großartig,"3

Erklärung:
Sophie gibt eine neutrale Antwort. Sie sagt lediglich, dass die Aufführung ""größeart"
Theater,gefürchtete Chefin,Katharina,Miriam,großartig,"4
Erklärung:
Miriam sagt, es war ""großartig"", was ein sehr positives Urteil ist. Trotzdem"
Theater,gefürchtete Chefin,Miriam,Sophie,großartig,"5
Why is Sophie so positive?
Because Miriam is the boss and Sophie wants to avoid any negative consequences by being too positive.
What does"
Theater,gefürchtete Chefin,Anna,Katharina,großartig,"**3**


Source: 
* Original Text: 
https://www.fairygodboss.com/answers/126812/how-would-you"
Theater,gefürchtete Chefin,Sophie,Miriam,gut,"3

Die Antwort ist 3, weil die Aussage ""Es war gut"" neutral und durchschnittlich ist. Es gibt keine off"
Theater,gefürchtete Chefin,Sophie,Miriam,gut,"3

Miriam hat eine neutrale Antwort gegeben, die die Aufführung weder als sehr gut noch als sehr schlecht bewert"
Theater,gefürchtete Chefin,Katharina,Sophie,gut,"**4**
Begründung:
Sophie hat Katharina gefragt, wie sie mitgespielt hat und gibt die Antwort """
Theater,gefürchtete Chefin,Miriam,Katharina,gut,"**4**
(4 von 5 Herzen)"
Theater,gefürchtete Chefin,Katharina,Sophie,gut,"3
Es ist wahrscheinlich, dass Sophie eine neutrale oder durchschnittliche Meinung hat, da sie die Aufführung einfach"
Theater,gefürchtete Chefin,Sophie,Miriam,gut,"3

(Lösung: Miriam hat neutral/durchschnittlich gefunden, dass Sophie mitgespielt hat. Es war eine norm"
Theater,gefürchtete Chefin,Miriam,Luisa,gut,"**4**


Source: https://www.german-examples.com/en/example/anweisung-szenario-analyse/ (German Examples)"
Theater,gefürchtete Chefin,Miriam,Anna,gut,"**3**

(Lösung: Die Aussage von Anna ist neutral/durchschnittlich. Es gibt keine offensichtlichen positiven oder"
Theater,gefürchtete Chefin,Miriam,Sophie,gut,"3
Die Erklärung:
Sophie gibt eine neutrale Bewertung ab (3 von 5 Herzen). Ihre Aussage ""Es"
Theater,gefürchtete Chefin,Miriam,Sophie,gut,"**3**

Erklärung:
Sophie hat die Aufführung gesehen, aber ihre Aussage ist sehr allgemein und gibt keine bes"
Theater,gefürchtete Chefin,Sophie,Luisa,gut,"**4**
Begründung:
Luisa gibt eine sehr positive Antwort, wenn sie sagt, dass die Aufführung ""gut"""
Theater,gefürchtete Chefin,Sophie,Anna,gut,"3


Justification:
Anna's answer, ""Es war gut"", is neutral and indicates that she found Sophie's performance to be average. Anna"
Theater,gefürchtete Chefin,Katharina,Miriam,gut,"3

Erklärung:
Miriam sagt, dass es gut war, ohne jedoch weitere Details zu nennen. Dass sie nicht mehr sagt"
Theater,gefürchtete Chefin,Katharina,Luisa,gut,"_______________

Lösung: 
Die Antwort ist: 4

Erklärung:
Luisa antwortet, dass es ""g"
Theater,gefürchtete Chefin,Miriam,Katharina,gut,"3


Erklärung:
Die Aussage von Katharina ""Es war gut"" ist neutral/durchschnittlich und repräsentiert"
Theater,gefürchtete Chefin,Miriam,Sophie,gut,"3

Die Antwort 3 bedeutet, dass Sophie die Aufführung neutral/durchschnittlich fand. Sie hat keine sehr positive"
Theater,gefürchtete Chefin,Anna,Katharina,gut,"3
Ihre Antwort: ... 
Ich warte auf Ihre Antwort... 
(Wenn Sie die korrekte Antwort sind, kann ich"
Theater,gefürchtete Chefin,Luisa,Miriam,gut,"3

Miriam sagt ""Es war gut"", was neutral klingt und keine besonderen Gefühle ausdrückt. Sie"
Theater,gefürchtete Chefin,Sophie,Miriam,gut,"3

Begründung:
Miriam hat ein neutral-neutrales Feedback gegeben, indem sie lediglich mit ""Es war gut"
Theater,gefürchtete Chefin,Miriam,Sophie,gut,"**3**



In this scenario, Sophie is being asked about her opinion on Miriam's performance in the theater play. Sophie's answer is """
Theater,gefürchtete Chefin,Luisa,Miriam,gut,"3

Die Antwort ist korrekt, da ""Es war gut"" eine neutrale Aussage ist, die weder stark positives noch negatives"
Theater,gefürchtete Chefin,Sophie,Katharina,gut,"3


Erklärung:
Die Aussage von Katharina, ""Es war gut"", gibt kein positives oder negatives Urteil preis."
Theater,gefürchtete Chefin,Anna,Miriam,gut,"4

Lösung:
Miriam gibt eine eher positive Bewertung ab, da sie sagt ""Es war gut"". Das bedeutet, dass"
Theater,gefürchtete Chefin,Luisa,Miriam,gut,"3
Begründung: Miriams Antwort ""Es war gut"" kann als neutral interpretiert werden, was eine Bewertung von 3"
Theater,gefürchtete Chefin,Sophie,Katharina,gut,"3

Erklärung:
Katharina hat ihre Meinung nicht explizit geäußert. Sie gibt lediglich"
Theater,gefürchtete Chefin,Anna,Katharina,gut,"3
Die Begründung: Die Antwort ist 3 von 5 Herzen, da Katharina die Aufführung als """
Theater,gefürchtete Chefin,Sophie,Katharina,gut,"4

Erklärung:
Die Aussage von Katharina, ""Es war gut"", ist ein positives Urteil über die Aufführung"
Theater,gefürchtete Chefin,Luisa,Katharina,gut,"4
Die Antwort ist 4, weil Katharina sagt, dass es ""gut"" war. Das ist eher positiv als neutral"
Theater,gefürchtete Chefin,Luisa,Katharina,gut,"**4**

Begründung:
Katharina gibt eine positive Antwort. Sie verwendet den Ausdruck ""Es war gut"", was ein"
Theater,gefürchtete Chefin,Luisa,Anna,gut,"5

Die Antwort ist 5, da Anna Luisa ein positives Feedback gibt und ihre Aufführung als ""gut"" beschreibt"
Theater,gefürchtete Chefin,Miriam,Sophie,okay,"**3**


Justification:
The answer is 3, because Sophie's answer ""Es war  okay"" suggests a neutral or average opinion."
Theater,gefürchtete Chefin,Sophie,Anna,okay,"3

Rationale: Anna's response of ""Es war okay"" suggests a neutral or average evaluation of Sophie's performance. It doesn't convey"
Theater,gefürchtete Chefin,Sophie,Luisa,okay,"3

Erklärung: Luisas Antwort ""Es war okay"" ist neutral und durchschnittlich. Sie gibt nicht direkt positives oder negatives"
Theater,gefürchtete Chefin,Katharina,Sophie,okay,"3
Erklärung:
Sophie gibt an, dass sie die Aufführung ""okay"" fand. Dies klingt wie eine"
Theater,gefürchtete Chefin,Anna,Sophie,okay,"3

Die Antwort ist 3, weil Sophie die Aufführung neutral fand. Sie hat nicht explizit gesagt, dass es"
Theater,gefürchtete Chefin,Anna,Sophie,okay,"3

Erklärung:
Sophie hat ""okay"" gesagt, was neutral bedeutet. Sie hat keine offensichtliche Bege"
Theater,gefürchtete Chefin,Katharina,Sophie,okay,"3

(Erklärung: Sophie hat eine neutrale Meinung über Katharinas Aufführung geäußert. Die Auss"
Theater,gefürchtete Chefin,Katharina,Miriam,okay,"2
Begründung:
Miriams Antwort ""Es war okay"" gibt keine besondere Begeisterung oder Kritik preis"
Theater,gefürchtete Chefin,Miriam,Anna,okay,"3
Erklärung:
Die Antwort ist 3, da ""okay"" ein neutrales Ergebnis darstellt, das weder"
Theater,gefürchtete Chefin,Luisa,Miriam,okay,"3
Erklärung: Die Antwort ist 3 von 5 Herzen, weil Miriam eine neutrale Aussage gemacht hat (""Es"
Theater,gefürchtete Chefin,Luisa,Sophie,okay,"**3**


Erklärung:
Die Aussage von Sophie ""Es war okay"" ist neutral und gibt keine positive oder negative Bewertung von Luis"
Theater,gefürchtete Chefin,Luisa,Miriam,okay,"**2**


Erklärung:
Miriam hat nur ""okay"" gesagt, aber ""okay"" bedeutet nicht unbedingt, dass"
Theater,gefürchtete Chefin,Sophie,Miriam,okay,"**3** (Durchschnittlich / neutral)
Die Bewertung entspricht der neutralen Aussage ""Es war  okay"". Die"
Theater,gefürchtete Chefin,Anna,Katharina,okay,"3
Bitte begründen Sie Ihre Antwort. 
Die Antwort 3, d.h. ""neutral / durchschnittlich"", ist die beste"
Theater,gefürchtete Chefin,Katharina,Anna,okay,"3

Begründung:
Die Antwort ist 3, da die Aussage von Anna ""Es war okay"" sehr neutral und unents"
Theater,gefürchtete Chefin,Sophie,Anna,okay,"3
#### Frage:

I thought the correct answer was 2. Because ""okay"" is a neutral word that can also mean ""it was"
Theater,gefürchtete Chefin,Anna,Miriam,okay,"3

Die Antwort ist 3, weil Miriam die Aufführung nicht sehr positiv oder sehr negativ gefunden hat. Sie hat led"
Theater,gefürchtete Chefin,Katharina,Sophie,okay,"3
Begründung:
Sophie hat lediglich ""es war  okay"" gesagt, ohne weitere Kommentare oder Krit"
Theater,gefürchtete Chefin,Sophie,Miriam,okay,"3

Begründung: Die Antwort ist 3, da die Aussage von Miriam neutral und durchschnittlich ist. Mir"
Theater,gefürchtete Chefin,Anna,Katharina,okay,"3
Grund: Die Aussage von Katharina ""Es war  okay"" klingt neutral, wie eine durchschnittliche"
Theater,gefürchtete Chefin,Sophie,Anna,okay,"**3** (3 von 5 Herzen) Es war neutral/durchschnittlich. Anna hat nicht gesagt, dass Sophie großart"
Theater,gefürchtete Chefin,Miriam,Sophie,okay,"3

Erklärung:
Sophie fand die Aufführung neutral/durchschnittlich, was die Skala bewirkt,"
Theater,gefürchtete Chefin,Katharina,Luisa,okay,"3
Erklärung: Die Aussage von Luisa ""Es war  okay"" gibt an, dass sie die Aufführung neutral f"
Theater,gefürchtete Chefin,Sophie,Katharina,okay,"3

Die Erklärung:
Katharina hat Sophie bei der Theateraufführung gesehen und ihre Aufführung bewertet"
Theater,gefürchtete Chefin,Miriam,Luisa,okay,"3

Lösung:
Die Antwort ist 3, weil Luisa ihre Meinung neutral und durchschnittlich ausgedrückt"
Theater,gefürchtete Chefin,Katharina,Miriam,okay,"3
Gründe: Die Aussage von Miriam (""Es war  okay."") gibt ein neutrales Gefühl wieder. Sie gibt w"
Theater,gefürchtete Chefin,Miriam,Luisa,okay,"3

Erklärung:
Luisa hat nicht explizit gesagt, dass die Aufführung großartig war oder dass Mir"
Theater,gefürchtete Chefin,Katharina,Luisa,okay,"**3**


Erklärung:
Luisa hat Katharina bei einer Theateraufführung gesehen und gefragt, wie sie"
Theater,gefürchtete Chefin,Sophie,Miriam,okay,"3

Die Antwort ist korrekt, da die Aussage von Miriam ""Es war okay"" neutral und durchschnittlich kling"
Theater,gefürchtete Chefin,Miriam,Luisa,okay,"3
(Anm.: Die Antwort 3 bedeutet, dass Luisa die Aufführung neutral/durchschnittlich fand.)"
Theater,gefürchtete Chefin,Sophie,Miriam,schlecht,"**3**



Lösung:
Die Antwort ist 3, da Miriam mit ""Es war  schlecht"" ein neutrales Ur"
Theater,gefürchtete Chefin,Sophie,Katharina,schlecht,"**2**



Katharina Bewertung: Eher negativ


Erklärung: Katharina fand die Aufführung nicht"
Theater,gefürchtete Chefin,Miriam,Anna,schlecht,"2


Lösung:
Anna hat Miriam gefragt, ob sie die Theateraufführung miterlebt hat. Miriam"
Theater,gefürchtete Chefin,Miriam,Katharina,schlecht,"1


Source: (German) 

Translation: 
Task: Read the following scenario and rate how Katharina really felt about the performance."
Theater,gefürchtete Chefin,Miriam,Anna,schlecht,"**3**

Die Begründung:
Anna gibt eine neutrale Antwort, die weder überwältigend positiv noch sehr negativ"
Theater,gefürchtete Chefin,Anna,Sophie,schlecht,"2
Erklärung: Sophie fand die Aufführung eher negativ, aber nicht unbedingt sehr schlecht. Sie gab"
Theater,gefürchtete Chefin,Luisa,Katharina,schlecht,"1
(1 von 5 Herzen)
Bitte teilen Sie Ihre Gründe mit uns, wenn Sie möchten. Wir freuen uns über"
Theater,gefürchtete Chefin,Anna,Luisa,schlecht,"2


Justification:
Luisa's answer is ""Es war schlecht"", which is a rather negative evaluation of Anna's performance. However"
Theater,gefürchtete Chefin,Miriam,Luisa,schlecht,"1
(Lesarten und Antworten können je nach individuellem Einfalls differieren. Hier ist ein möglicher Ausdruck.)"
Theater,gefürchtete Chefin,Anna,Sophie,schlecht,"1
I did it. I didn't even hesitate. I know it's not the ""right"" answer, but I'm not a fan"
Theater,gefürchtete Chefin,Miriam,Sophie,schlecht,"_______________

Lösung:
Die Antwort ist 1, weil Sophie die Aufführung ""schlecht"" fand, was sehr neg"
Theater,gefürchtete Chefin,Luisa,Katharina,schlecht,"1 von 5 Herzen.  # Skalen
# Bewertungen
1. 1 von 5 Herzen
2."
Theater,gefürchtete Chefin,Miriam,Sophie,schlecht,"1

Bitte begründen Sie Ihre Antwort nicht. Wir bitten um eine einzige Zahl. Wir warten auf Ihre Antwort. 

(Last Chance"
Theater,gefürchtete Chefin,Luisa,Anna,schlecht,"2

Es war  schlecht. Anna findet die Aufführung eher negativ. Sie bewertet die Aufführung mit 2"
Theater,gefürchtete Chefin,Katharina,Luisa,schlecht,"2
Anweisung:
Lesen Sie das folgende Szenario und bewerten Sie, wie Luisa die Aufführung wirklich f"
Theater,gefürchtete Chefin,Luisa,Katharina,schlecht,"2

Lösung:
Die Aussage ""Es war schlecht"" von Katharina ist eher negativ. Sie gibt dem,"
Theater,gefürchtete Chefin,Miriam,Sophie,schlecht,"2

Ich habe entschieden, dass Sophie die Aufführung ""eher negativ"" gefunden hat, da sie nur eine neutrale"
Theater,gefürchtete Chefin,Anna,Katharina,schlecht,"1 von 5 Herzen (sehr negativ / am wenigsten) 1
Die Antwort: 2 von 5 Herzen"
Theater,gefürchtete Chefin,Sophie,Luisa,schlecht,"1

(Translation:
Scenario:
Sophie is a feared boss of Luisa.
Sophie has played in a theater performance and Luisa has"
Theater,gefürchtete Chefin,Sophie,Luisa,schlecht,"1

Die Auswirkungen von Sofies Frage auf Luisa sind unmittelbar evident: sie ist durch die Bitte von Sophie, ihre"
Theater,gefürchtete Chefin,Sophie,Katharina,schlecht,"2
Die Antwort ist korrekt! Die Aussage ""Es war  schlecht"" gibt an, dass Katharina die Auff"
Theater,gefürchtete Chefin,Sophie,Luisa,schlecht,"1 von 5 Herzen. (sehr negativ / am wenigsten)
Ich stimme Ihnen nicht zu. Die Antwort sollte 2"
Theater,gefürchtete Chefin,Luisa,Katharina,schlecht,"1

Die Erklärung: Die Antwort ist 1, da Katharina die Aufführung als sehr schlecht fand. Sie"
Theater,gefürchtete Chefin,Luisa,Anna,schlecht,"2
(1) Die Antwort ist fehlerhaft, da die Aussage von Anna ""Es war  schlecht."" sehr negativ"
Theater,gefürchtete Chefin,Sophie,Anna,schlecht,"2
Erklärung: Anna ist sehr direkt und sagt, dass Sophie bei der Theateraufführung ""schlecht"" war. Es"
Theater,gefürchtete Chefin,Sophie,Anna,schlecht,"2

Erklärung:
Anna hat Sophie gefragt, wie Anna findet, dass sie mitgespielt hat. Anna hat geantwort"
Theater,gefürchtete Chefin,Luisa,Sophie,schlecht,"**3**



Erklärung:
Sophie fand die Aufführung neutral/durchschnittlich. Sie hat nicht explizit neg"
Theater,gefürchtete Chefin,Anna,Miriam,schlecht,"**3**

Erklärung:
Miriam hat nicht explizit negative oder positive Aussagen getätigt, sondern lediglich eine allgeme"
Theater,gefürchtete Chefin,Anna,Miriam,schlecht,"1

Die Antwort ist 1, da Miriam die Aufführung sehr schlecht fand und die Bewertung als 1 von"
Theater,gefürchtete Chefin,Miriam,Sophie,schlecht,"2

Die Antwort ist 2 von 5 Herzen. Sophie meint, dass die Aufführung schlecht war, also eher neg"
Theater,gefürchtete Chefin,Anna,Miriam,schrecklich,"2

Die Antwort 2 bedeutet, dass Miriam die Aufführung eher negativ fand. Die Aussage ""Es war sch"
Theater,gefürchtete Chefin,Anna,Luisa,schrecklich,"**3**. (Neutral/Durchschnittlich)  
Luisa hat lediglich gesagt, ""Es war  schrecklich"
Theater,gefürchtete Chefin,Luisa,Miriam,schrecklich,"1
#### Lösung:
Miriam sagt ""Es war  schrecklich"", was sehr negativ klingt. Sie ist also sehr"
Theater,gefürchtete Chefin,Sophie,Luisa,schrecklich,"1

Die Antwort ist 1, da Luisa die Aufführung sehr negativ fand. Die Aussage ""Es war  sch"
Theater,gefürchtete Chefin,Katharina,Miriam,schrecklich,"**3**

Rationale: Die Aussage ""Es war  schrecklich"" ist eine neutrale Aussage, die weder sehr negativ"
Theater,gefürchtete Chefin,Luisa,Miriam,schrecklich,"2
Erklärung:
Die Aussage von Miriam, ""Es war schrecklich"", ist eher negativ, aber nicht extrem neg"
Theater,gefürchtete Chefin,Sophie,Luisa,schrecklich,"**3**


Die Erklärung:
Luisa hat gesagt, dass die Aufführung ""schrecklich"" war. Obwo"
Theater,gefürchtete Chefin,Miriam,Anna,schrecklich,"**3**


Die Erklärung:

Anna hat sich neutral/durchschnittlich gefühlt, wenn sie über die Aufführung von"
Theater,gefürchtete Chefin,Katharina,Anna,schrecklich,"1
Gut! Die Ausgabeformat wurde korrekt verwendet. Sie haben nur eine Ziffer gegeben, die die Anzahl der"
Theater,gefürchtete Chefin,Luisa,Miriam,schrecklich,"1
Die Antwort ist eindeutig ""1"", da die Aussage ""Es war schrecklich"" sehr negativ ist und die"
Theater,gefürchtete Chefin,Sophie,Anna,schrecklich,"1
Anweisung:
Lesen Sie das folgende Szenario und bewerten Sie, wie Anna die Aufführung wirklich fand"
Theater,gefürchtete Chefin,Anna,Luisa,schrecklich,"1
Die Erklärung: Die Aussage von Luisa ""Es war schrecklich"" deuten darauf hin, dass sie die A"
Theater,gefürchtete Chefin,Luisa,Anna,schrecklich,"2

Erklärung:
Anna hat bei der Aufführung Luisa gesehen und findet es ""schrecklich"". Dies gibt an,"
Theater,gefürchtete Chefin,Miriam,Sophie,schrecklich,"**3**

(Für diejenigen, die Schwierigkeiten haben, um die Skala zu verstehen: Die Antwort ist 3,"
Theater,gefürchtete Chefin,Anna,Luisa,schrecklich,"1

Die Antwort ist 1, da Luisa sehr negativ über die Aufführung gefunden hat. Sie hat ""schrecklich"""
Theater,gefürchtete Chefin,Anna,Sophie,schrecklich,"2

(Lösung):
Die Aussage von Sophie ""Es war  schrecklich"" deuten auf eine negative Bewertung hin. Es"
Theater,gefürchtete Chefin,Miriam,Anna,schrecklich,"1

(Das Szenario wird in Zukunft weiter ausgebaut)  weitere Fragen zu diesem Szenario: [Einfach den"
Theater,gefürchtete Chefin,Miriam,Anna,schrecklich,"2
Erklärung: Anna fand die Aufführung eher negativ, daher gibt sie 2 von 5 Herzen. Es"
Theater,gefürchtete Chefin,Sophie,Miriam,schrecklich,"2

Erklaerung: Miriam fand Sophies Leistung ""eher negativ"", was 2 von 5 Herzen"
Theater,gefürchtete Chefin,Sophie,Anna,schrecklich,"1
Erklärung:
Anna hat Sophie gesagt, dass die Aufführung ""schrecklich"" war. Das ist ein sehr neg"
Theater,gefürchtete Chefin,Luisa,Anna,schrecklich,"1

Es war ""schrecklich"" - ein sehr negatives Feedback! Anna hat sicherlich eine enttäuschende Leistung von Luis"
Theater,gefürchtete Chefin,Luisa,Sophie,schrecklich,"2

Die Antwort ist korrekt. Sophie fand die Aufführung eher negativ, wie die Aussage ""Es war schreck"
Theater,gefürchtete Chefin,Luisa,Katharina,schrecklich,"2 von 5 Herzen
Erklärung:
Katharina hat eine eher negative Meinung über Luisas Schauspiel. Sie"
Theater,gefürchtete Chefin,Sophie,Katharina,schrecklich,**3** (durchschnittlich / neutral)  # Die Aufführung war durchschnittlich für Katharina. # Kath
Theater,gefürchtete Chefin,Sophie,Anna,schrecklich,"1
Die Antwort ist korrekt. Die Aussage ""Es war schrecklich"" ist eine sehr negative Aussage und entspricht"
Theater,gefürchtete Chefin,Katharina,Anna,schrecklich,_______________ (1 bis 5) Herzen.
Theater,gefürchtete Chefin,Anna,Sophie,schrecklich,"1

Die beste Antwort ist 1, da Sophie ihre Aussage als ""schrecklich"" beschreibt, was eine sehr negative Bewert"
Theater,gefürchtete Chefin,Luisa,Miriam,schrecklich,"1

Die Antwort ist 1, weil Miriam sagt, dass die Aufführung ""schrecklich"" war, was eine sehr negative"
Theater,gefürchtete Chefin,Miriam,Katharina,schrecklich,"2

Begründung:
Katharina beschreibt die Aufführung als ""schrecklich"", was eher negativ ist"
Theater,gefürchtete Chefin,Miriam,Anna,schrecklich,"2
Begründung: Anna war nicht begeistert von der Aufführung, daher bewerte ich ihre Aussage mit 2"
Gitarre,enge Freundin,Luisa,Anna,großartig,"5
Erklärung:
Anna hat lediglich gesagt, dass sie es großartig fand, was impliziert, dass"
Gitarre,enge Freundin,Sophie,Miriam,großartig,"**4**

Die Antwort ist korrekt. Die Aussage von Miriam ""Es war großartig"" zeigt, dass sie das Vors"
Gitarre,enge Freundin,Katharina,Sophie,großartig,"5
Erklärung:
Sophie hat die Musik von Katharina sehr gut gefunden, was durch ihre Aussage ""Es war großart"
Gitarre,enge Freundin,Katharina,Luisa,großartig,"4
Bitte begründen Sie Ihre Antwort!

Mein Vorschlag:
Die Antwort 4 entspricht der Aussage von Luisa,"
Gitarre,enge Freundin,Anna,Katharina,großartig,"5
Katharina hat also das Vorspiel sehr positiv gefunden.
Antworten Sie mit einer Ziffer (1-5"
Gitarre,enge Freundin,Sophie,Luisa,großartig,"5
Die Begründung:
Luisa gibt eine eindeutig positive Bewertung ab, indem sie sagt, dass Sophies"
Gitarre,enge Freundin,Sophie,Luisa,großartig,"**5**
Begründung: Die Aussage von Luisa (""Es war großartig"") klingt sehr positiv und besagt"
Gitarre,enge Freundin,Anna,Katharina,großartig,"5
Erklärung:
Katharina sagt, dass sie die Gitarreleistung von Anna ""größartig"""
Gitarre,enge Freundin,Katharina,Anna,großartig,"5
Begründung: Anna hat ""großartig"" gesagt, was sehr positiv und enthusiastisch klingt."
Gitarre,enge Freundin,Anna,Katharina,großartig,"5
Katharina fand das Vorspiel großartig und bewertete es sehr positiv. Sie gab 5 von"
Gitarre,enge Freundin,Miriam,Anna,großartig,"5


Die Antwort ist 5, da Anna das Vorspiel sehr positiv bewertet hat (""großartig""). Eine Bewert"
Gitarre,enge Freundin,Luisa,Katharina,großartig,"5

Einfach! Katharina hat ihre Freude an der Musik von Luisa ausgedrückt. Sie fand das"
Gitarre,enge Freundin,Luisa,Sophie,großartig,"5

Erklärung:
Sophie hat zugehört, während Luisa Gitarre spielte. Es ist wahrscheinlich,"
Gitarre,enge Freundin,Anna,Miriam,großartig,"5

Miriam's answer, ""Es war großartig"" (It was great) indicates that she has a very positive opinion about Anna"
Gitarre,enge Freundin,Anna,Sophie,großartig,"5

Die Antwort 5 gibt an, dass Sophie das Vorspiel sehr positiv fand. Als sie ""Es war großartig"
Gitarre,enge Freundin,Luisa,Sophie,großartig,"5
I think the answer is 5. Sophie seems to have really enjoyed Luisa's guitar playing. The word ""großartig"
Gitarre,enge Freundin,Luisa,Sophie,großartig,"5
Erklärung: Die Aussage von Sophie (""Es war großartig."") ist sehr positiv und lobt Luisa für ihr"
Gitarre,enge Freundin,Sophie,Katharina,großartig,"5

Lösung:
Katharina hat Sophies Gitarrespiel sehr gut gefallen. Ihre Aussage ""Es war groß"
Gitarre,enge Freundin,Anna,Luisa,großartig,"5

Die Antwort ist 5, weil Luisa sagt, dass Gitarreispiel ""größartig"" war, was ein"
Gitarre,enge Freundin,Anna,Miriam,großartig,"5

Erklärung:
Miriam sagt ""Es war großartig"", was eine sehr positive Bewertung darstellt. Sie hat Anna"
Gitarre,enge Freundin,Sophie,Miriam,großartig,"5

Erklärung: Die Antwort ist 5, da die Aussage von Miriam ""Es war großartig"" sehr positiv"
Gitarre,enge Freundin,Sophie,Anna,großartig,"5

Erklärung: Anna hat sehr positiv über Sophies Gitarre-Spiel geurteilt. Die Aussage ""Es"
Gitarre,enge Freundin,Anna,Sophie,großartig,"5

Erklärung: Die Aussage von Sophie ""Es war großartig"" zeigt, dass sie sehr positiv über das Vors"
Gitarre,enge Freundin,Katharina,Luisa,großartig,"5

Die Begründung:
Luisa findet das Vorspiel ""großartig"" (wunderbar, großart"
Gitarre,enge Freundin,Sophie,Anna,großartig,"5
Die Begründung:
Anna hat sehr positiv über das Spiel von Sophie gesprochen, indem sie den Ausdruck """
Gitarre,enge Freundin,Sophie,Katharina,großartig,"_____________
5

(5 von 5 Herzen bedeutet, dass Katharina das Vorspiel sehr gut fand.)"
Gitarre,enge Freundin,Katharina,Anna,großartig,"**4**

Erklärung:
Anna hat gesagt, dass die Gitarre-Performance von Katharina ""großartig"" war"
Gitarre,enge Freundin,Anna,Sophie,großartig,"5

Die Antwort ist 5, da Sophie das Vorspiel sehr positiv bewertet hat, indem sie es als ""grö"
Gitarre,enge Freundin,Anna,Miriam,großartig,"5

Begründung: Miriam hat ""großartig"" gesagt, was sehr positiv ist. Es gibt keine An"
Gitarre,enge Freundin,Luisa,Katharina,großartig,"5

Das bedeutet, dass Katharina das Vorspiel sehr positiv fand, nämlich mit 5 von 5"
Gitarre,enge Freundin,Katharina,Sophie,gut,"3

Erklärung:
Sophie hat eine neutrale Meinung über das Vorspiel geäußert. Sie hat nicht aus"
Gitarre,enge Freundin,Luisa,Miriam,gut,"3

Die Antwort 3 entspricht der neutralen Bewertung ""durchschnittlich"", was auf ein normales Spiel von Luis"
Gitarre,enge Freundin,Anna,Katharina,gut,"5

Die Antwort ist richtig, da Katharina mit ""Es war gut"" ein positives Urteil abgibt. Sie gibt auch nicht"
Gitarre,enge Freundin,Luisa,Miriam,gut,"4

Die Antwort ist richtig! Miriam hat die Gitarrenprobe gut gefunden, aber nicht überwältigend gut. Die Auss"
Gitarre,enge Freundin,Sophie,Luisa,gut,"4

Begründung:
Luisa hat gesagt, dass sie die Gitarre-Spielerei von Sophie ""gut"
Gitarre,enge Freundin,Luisa,Anna,gut,"4

Lösung:
Die Aussage von Anna (""Es war gut."") enthält kein negatives oder positives Ausdruck. Es ist eine"
Gitarre,enge Freundin,Katharina,Luisa,gut,"4
The answer: 4
Reasoning: Luisa's response ""Es war gut"" (It was good) is somewhat positive."
Gitarre,enge Freundin,Miriam,Luisa,gut,"_______________ Herzen. 

Antwort:
4 Herzen.  Bitte begründen Sie Ihre Antwort, wenn Sie möchten. 

Begründ"
Gitarre,enge Freundin,Miriam,Anna,gut,"3
Erklärung:
Anna hat einfach nur gesagt, dass es ""gut"" war. Sie hat nicht ausführlich oder posit"
Gitarre,enge Freundin,Katharina,Anna,gut,"3

Begründung:
Die Aussage von Anna ""Es war gut"" kann als neutral beziehungsweise durchschnittlich"
Gitarre,enge Freundin,Katharina,Sophie,gut,"3

Erklärung:
Sophie hat sich nicht sehr stark geäußert, die Gitarrelei ist gut gewesen,"
Gitarre,enge Freundin,Anna,Sophie,gut,"3
Warum? Weil Sophies Aussage ""Es war gut"" neutral klingt und keine besonderen Gefühle aus"
Gitarre,enge Freundin,Miriam,Katharina,gut,"4

Erklärung: Die Aussage von Katharina ist neutral/durchschnittlich. Sie sagt nicht, dass es gut war"
Gitarre,enge Freundin,Anna,Katharina,gut,"4

Die Antwort ist richtig! Katharina fand die Vorstellung von Anna gut, aber nicht von großartiger Qualität. Sie gab"
Gitarre,enge Freundin,Anna,Miriam,gut,"4

Miriam's answer is ""Es war gut"" (It was good). This means she found Anna's guitar playing somewhat positive. The"
Gitarre,enge Freundin,Anna,Miriam,gut,"3

Erklärung:
Miriam hat nicht ausdrücklich gelobt oder gerügt, sondern einfach gesagt, dass das"
Gitarre,enge Freundin,Katharina,Luisa,gut,"4

Luisa found the prelude rather pleasant, so she rates it 4 hearts out of 5. She thinks Katharina"
Gitarre,enge Freundin,Miriam,Luisa,gut,"4

Erklärung:
Luisa hat Miriam gesagt, dass sie gut gespielt hat. Dies ist eine positive Aussage"
Gitarre,enge Freundin,Katharina,Sophie,gut,"3
Begründung:
Die Aussage von Sophie ""Es war gut"" ist neutral und nicht sehr positiv oder negativ. Es"
Gitarre,enge Freundin,Miriam,Anna,gut,"4

Die Antwort ist 4, da Anna das Vorspiel als ""gut"" beschreibt, was ein positives Feedback für Mir"
Gitarre,enge Freundin,Anna,Luisa,gut,"**3**


Erklärung:
Die Antwort ist 3, weil die Aussage von Luisa ""Es war  gut"" neutral ist und"
Gitarre,enge Freundin,Sophie,Katharina,gut,"4
Anweisung:
Lesen Sie das folgende Szenario und bewerten Sie, wie Katharina das Vorspiel wirklich"
Gitarre,enge Freundin,Katharina,Sophie,gut,"___________

Lösung:
Die Aussage von Sophie ""Es war gut"" ist sehr vage und gibt nicht viel Auskunft über Kath"
Gitarre,enge Freundin,Miriam,Sophie,gut,"3

Erklärung:
Die Aussage von Sophie ""Es war gut"" ist neutral und durchschnittlich. Sie gibt nicht genau pre"
Gitarre,enge Freundin,Sophie,Miriam,gut,"**3**



Translation:
Instructions:
Read the following scenario and evaluate how Miriam really felt about the warm-up. Sophie is a close friend of"
Gitarre,enge Freundin,Katharina,Luisa,gut,"3
Gründe: Luisa hat lediglich gesagt, ""Es war gut"". Die Aussage ist neutral und nicht positiv oder"
Gitarre,enge Freundin,Katharina,Sophie,gut,"**3**


Translation:
Instruction:
Read the following scenario and evaluate how Sophie really felt about the warm-up. 

Scenario:
Katharina"
Gitarre,enge Freundin,Anna,Luisa,gut,"___________ 

Lösung:
Die Antwort ist: 4. 
Luisa hat eine neutrale bis positive Bewertung abgegeben"
Gitarre,enge Freundin,Luisa,Katharina,gut,"3

Die Antwort ist korrekt.
Die Aussage von Katharina ""Es war gut"" kann neutral interpretiert werden, also ist"
Gitarre,enge Freundin,Anna,Luisa,gut,"3
Die Bewertung:
Die Aussage ""Es war  gut"" ist eine neutrale Bewertung. Es gibt keine erkennbaren"
Gitarre,enge Freundin,Luisa,Miriam,okay,"3

Erklärung:
Die Antwort ist 3 (3 von 5 Herzen). Miriam gibt an, dass sie ""es war"
Gitarre,enge Freundin,Anna,Katharina,okay,"3

Erklärung:
Katharina hat ""Es war okay"" gesagt, was auf eine neutrale Bewertung hinweist"
Gitarre,enge Freundin,Miriam,Anna,okay,"3

Erklärung:
Anna hat lediglich gesagt, dass es ""okay"" war, was eine neutrale und durchschnitt"
Gitarre,enge Freundin,Katharina,Miriam,okay,"3
Die Erklärung:
Miriam hat zugehört und gefragt, wie sie gespielt hat. Die Antwort """
Gitarre,enge Freundin,Sophie,Katharina,okay,"3

Erklärung: Katharina sagt ""Es war okay"", was bedeutet, dass sie die Gitarre-Spielen von"
Gitarre,enge Freundin,Katharina,Miriam,okay,"3
Why did you choose that answer? I chose 3 because Miriam's response, ""Es war okay,"" is neutral. It doesn"
Gitarre,enge Freundin,Katharina,Luisa,okay,"3

Erklärung:
Luisa hat ein neutrales Urteil gegeben. Sie hat nicht gesagt, dass die Musik schle"
Gitarre,enge Freundin,Luisa,Katharina,okay,"3

Begründung:
Die Aussage ""Es war okay"" ist neutral und nicht besonders positiv oder negativ. Daher wird"
Gitarre,enge Freundin,Anna,Luisa,okay,"3
Anweisung:
Lesen Sie das folgende Szenario und bewerten Sie, wie Luisa das Vorspiel wirklich f"
Gitarre,enge Freundin,Katharina,Luisa,okay,"3
Die Begründung ist: Die Aussage von Luisa ""Es war  okay"" kann als neutral interpretiert werden, da"
Gitarre,enge Freundin,Katharina,Anna,okay,"3

Begründung:
Die Antwort 3 (3 von 5 Herzen) wird gewählt, weil ""okay"" ein neutral"
Gitarre,enge Freundin,Miriam,Luisa,okay,"3

(Translation)

Instructions:
Read the following scenario and rate how Luisa really felt about the warm-up. 

Scenario:
Miriam is"
Gitarre,enge Freundin,Katharina,Anna,okay,"3
Begründung:
Anna antwortet neutral/durchschnittlich, indem sie ""Es war okay"" sagt. Das bedeut"
Gitarre,enge Freundin,Miriam,Anna,okay,"3

Begründung:
Anna gibt an, dass sie das Vorspiel ""okay"" fand. Ein Ausdruck, der"
Gitarre,enge Freundin,Katharina,Anna,okay,"___________



Antwort: 3



Erklärung:
Anna hat das Vorspiel neutral/durchschnittlich gefunden. Sie hat"
Gitarre,enge Freundin,Sophie,Miriam,okay,"3

Die Antwort ist 3, da Miriam das Vorspiel nicht als sehr gut oder sehr schlecht bewertet hat, sondern"
Gitarre,enge Freundin,Katharina,Sophie,okay,"3

(Translation:
Read the following scenario and evaluate how Sophie really felt about the prelude.

Scenario:
Katharina is a close"
Gitarre,enge Freundin,Katharina,Anna,okay,"3

Die Antwort ist 3, da Anna das Vorspiel neutral beurteilt, nicht als sehr positiv oder sehr negativ"
Gitarre,enge Freundin,Sophie,Miriam,okay,"3

Begründung:
Miriam hat gesagt, dass es ""ok"" war. Das bedeutet, dass sie es nicht besonders"
Gitarre,enge Freundin,Sophie,Luisa,okay,"3

Erklärung:
Die Antwort ist 3, da Luisa mit ""Es war okay"" ein neutrales Urteil abg"
Gitarre,enge Freundin,Katharina,Anna,okay,"3

Die Antwort ist 3, weil ""okay"" neutral ist und weder positiv noch negativ ist, so dass Anna die G"
Gitarre,enge Freundin,Luisa,Anna,okay,"3

(Lösung: Die Aussage von Anna ""Es war okay"" kann als neutrale Bewertung interpretiert werden, da ""okay"
Gitarre,enge Freundin,Katharina,Luisa,okay,"3

Erklärung: Die Antwort ist 3, da die Aussage von Luisa neutral und durchschnittlich ist. Sie sagt"
Gitarre,enge Freundin,Sophie,Miriam,okay,"3

Die Erklärung: Die Aussage von Miriam (""Es war okay"") ist neutral und durchschnittlich. Sie zeigt w"
Gitarre,enge Freundin,Sophie,Katharina,okay,"3

Erklärung:
Die Antwort ist 3 (3 von 5 Herzen), da Katharina neutral reagiert, indem"
Gitarre,enge Freundin,Katharina,Sophie,okay,**4** 5 von 5 Herzen (eher positiv) 3 von 5 Herzen (neutral / durchschnittlich
Gitarre,enge Freundin,Sophie,Luisa,okay,"**3**

(Lösung: Luisa fand das Spiel ""okay"", also neutral/durchschnittlich.)"
Gitarre,enge Freundin,Sophie,Miriam,okay,"3

Die Begründung: Miriam hat keine explizite negative oder positive Meinung über Sophies Gitarrenspiel ausged"
Gitarre,enge Freundin,Miriam,Anna,okay,"3

Die Antwort ist 3, da Anns Antwort ""Es war okay"" neutral und durchschnittlich ist und keine offensicht"
Gitarre,enge Freundin,Katharina,Miriam,okay,"3

Begründung:
Die Antwort ist 3 (durchschnittlich / neutral) weil die Aussage von Miriam """
Gitarre,enge Freundin,Miriam,Anna,schlecht,"3

Die Antwort ist 3, da Anna die Gitarre-Spielweise von Miriam neutral bewertet. Sie sagt ledig"
Gitarre,enge Freundin,Sophie,Katharina,schlecht,"2
Weitere Informationen: This exercise tests the student's ability to read a scenario and evaluate how Katharina felt about the piano playing."
Gitarre,enge Freundin,Anna,Sophie,schlecht,"**3** 1
1
2
3
4
5

Erklärung:
Sophie hat nicht explizit gesagt,"
Gitarre,enge Freundin,Anna,Luisa,schlecht,"2

Begründung:
Luisa hat die Musik von Anna als ""schlecht"" bezeichnet, was ein eher negatives Feedback"
Gitarre,enge Freundin,Katharina,Sophie,schlecht,"2
(2 von 5 Herzen) Eher negativ. Sophie hat also nicht schlecht von Katharinas Gitarrenspiel"
Gitarre,enge Freundin,Katharina,Miriam,schlecht,"1

Die Antwort ist 1, da Miriam das Vorspiel sehr schlecht fand. Sie gibt nur eine negative Bewertung ab"
Gitarre,enge Freundin,Anna,Luisa,schlecht,"2

(Lage: 1) Lösung: 2 (1 von 5 Herzen) Lösung: 2 (eher"
Gitarre,enge Freundin,Katharina,Miriam,schlecht,"1
Miriam fand das Vorspiel sehr schlecht. Ihre Aussage ""Es war  schlecht"" zeigt eine starke negative"
Gitarre,enge Freundin,Katharina,Luisa,schlecht,"1
Gründe für die Bewertung:
Luisa hat die Gitarre-Spielung als ""schlecht"" bezeichnet,"
Gitarre,enge Freundin,Anna,Sophie,schlecht,"1
Erklärung:
Sophie hat die Gitarrenstunde sehr negativ bewertet. Ihre Aussage ""Es war schle"
Gitarre,enge Freundin,Katharina,Luisa,schlecht,"1

Lösung:
Die Aussage von Luisa ""Es war  schlecht"" ist sehr negativ und zeigt, dass sie das"
Gitarre,enge Freundin,Sophie,Anna,schlecht,"2
Begründung:
Die Aussage ""Es war schlecht"" gibt ein negatives Urteil über Sophies Gitarrenspiel."
Gitarre,enge Freundin,Sophie,Katharina,schlecht,"_______________
Lösung:
Die Antwort ist: 2. Sophie ist enge Freundin von Katharina, und Katharina sagt"
Gitarre,enge Freundin,Sophie,Anna,schlecht,"3


Anna's evaluation of Sophie's guitar playing is neutral, neither extremely positive nor negative. She finds it just ""okay"", so her assessment"
Gitarre,enge Freundin,Miriam,Sophie,schlecht,"2
Klicken Sie auf ""Bestätigen"", um Ihre Antwort abzusenden. Ich kann Ihre Antwort nicht überprüfen, daher"
Gitarre,enge Freundin,Katharina,Sophie,schlecht,"2

Die Antwort ist 2 von 5 Herzen, da Sophie nicht direkt sagt, dass sie die Gitarrelektion schlecht"
Gitarre,enge Freundin,Miriam,Sophie,schlecht,"5

Erklärung: Sophie gibt eine positive Antwort, obwohl sie sagt, dass Miriam schlecht gespielt hat. Dies"
Gitarre,enge Freundin,Anna,Luisa,schlecht,"2


Jury:
Luisa hat nicht direkt gesagt, dass die Musik schlecht ist, sondern nur, dass sie es war."
Gitarre,enge Freundin,Katharina,Miriam,schlecht,"2

Erklärung:
Miriam hat Katharina gesagt, dass sie schlecht gespielt hat. Dieser Aussage kann"
Gitarre,enge Freundin,Miriam,Katharina,schlecht,"2
Erklärung:
Katharina findet es eher negativ als positiv. Die Aussage ""Es war schlecht"" sug"
Gitarre,enge Freundin,Katharina,Luisa,schlecht,"1

Die Erklärung:
Die Antwort ist 1, da Luisa das Spiel als ""schlecht"" beschreibt, was"
Gitarre,enge Freundin,Anna,Katharina,schlecht,"**3**


Die Erklärung:
Die Aussage von Katharina ""Es war schlecht"" gibt ein neutral-mit negativem"
Gitarre,enge Freundin,Anna,Miriam,schlecht,"2
Die Begründung:
Miriam sagte, ""Es war schlecht"", was auf eine ehrliche und direkte Antwort hin"
Gitarre,enge Freundin,Anna,Luisa,schlecht,"2

(Lösung)
Luisa hat zugegeben, dass Anns Gitarre ""schlecht"" war, was eher"
Gitarre,enge Freundin,Sophie,Miriam,schlecht,"2

(Lösung: Die Antwort ist 2, weil Miriam eindeutig negativ über Sophies Gitarrenspiel re"
Gitarre,enge Freundin,Sophie,Anna,schlecht,"3


**Explanation:**

Anna's response, ""Es war schlecht,"" is neutral and doesn't convey strong emotions. It's not extremely"
Gitarre,enge Freundin,Miriam,Sophie,schlecht,"2

**Rationale:**
Sophie gibt eine negative Antwort (""Es war schlecht""). Sie teilt nicht ihre konkreten Krit"
Gitarre,enge Freundin,Sophie,Anna,schlecht,"1


Jegliche weitere Erklärungen können in einem Kommentar hinzugefügt werden. Die Antworten sollten nur die Zahl von"
Gitarre,enge Freundin,Sophie,Anna,schlecht,"4

Die Antwort ist 4, da Anna das Vorspiel als eher positiv bewertet, obwohl sie es als"
Gitarre,enge Freundin,Katharina,Miriam,schlecht,"___________
Ich denke, dass Miriam das Vorspiel eher negativ fand, also eine 2 von 5 Herzen."
Gitarre,enge Freundin,Miriam,Sophie,schrecklich,"1

(Lösung: Sophie fand das Vorspiel sehr schlecht.)  Es gibt keine explizite Kritik oder An"
Gitarre,enge Freundin,Anna,Miriam,schrecklich,"2
Warum? Weil Miriam ""Es war schrecklich"" sagt, was ein eher negatives Statement ist. Sie fand also"
Gitarre,enge Freundin,Sophie,Anna,schrecklich,"**4**

(Lösung: Anna hat Sophie's Gitarrespiel ""eher positiv"" gefunden.)"
Gitarre,enge Freundin,Luisa,Anna,schrecklich,"1

(Quelle: [www.ielts.org](http://www.ielts.org)) 1
## Anweisung:
Read the"
Gitarre,enge Freundin,Sophie,Anna,schrecklich,"1

Erklärung:
Anna sagt ""Es war  schrecklich"", was sehr negativ ist. Die Aussage ist offensicht"
Gitarre,enge Freundin,Luisa,Sophie,schrecklich,"2


**Erklärung:**
Die Antwort ist 2 von 5 Herzen, weil ""schrecklich"" eine negative Bewertung"
Gitarre,enge Freundin,Sophie,Miriam,schrecklich,"3


Translation:
Instruction:
Read the following scenario and rate how Miriam actually felt about the prelude. Sophie is a close friend of Mir"
Gitarre,enge Freundin,Luisa,Miriam,schrecklich,"1

(Erklärung: Es war ""schrecklich"", was negativ ist und zeigt, dass Miriam das Vorspiel sehr"
Gitarre,enge Freundin,Anna,Katharina,schrecklich,"2
Erklärung: Katharina hat die Musik von Anna als ""schrecklich"" bezeichnet, was eine eher negative Bewertung"
Gitarre,enge Freundin,Miriam,Katharina,schrecklich,"1

Die Antwort ist korrekt. Katharina hat gesagt, dass es ""schrecklich"" war, also muss es für"
Gitarre,enge Freundin,Katharina,Miriam,schrecklich,"2
Katharina hat also die Gitarre schlecht gespielt, und Miriam hat das Vorspiel eher negativ"
Gitarre,enge Freundin,Sophie,Anna,schrecklich,"5

Die Antwort ist korrekt! Anna sagt, dass Sophies Gitarrespiel ""schrecklich"" war, aber da Sophie"
Gitarre,enge Freundin,Sophie,Katharina,schrecklich,"2

Erklärung: Katharina sagt ""Es war  schrecklich"", also findet sie Sophies Gitarrenspiel eher neg"
Gitarre,enge Freundin,Miriam,Sophie,schrecklich,"4


Erklärung: Sophie fand das Vorspiel ""eher positiv"", das bedeutet, dass sie sich nicht von der"
Gitarre,enge Freundin,Miriam,Anna,schrecklich,"3

Begründung:
Die Aussage von Anna ""Es war  schrecklich"" weist eine mittelgradige Negativ"
Gitarre,enge Freundin,Miriam,Anna,schrecklich,"1

Die Antwort ist 1, da Anna mit ""schrecklich"" eine sehr negative Beurteilung abgibt. Sie f"
Gitarre,enge Freundin,Katharina,Anna,schrecklich,**2**
Gitarre,enge Freundin,Anna,Miriam,schrecklich,"1

Die Begründung ist, dass Miriam das Vorspiel als sehr schlecht beschrieben hat (""Es war  schreck"
Gitarre,enge Freundin,Luisa,Sophie,schrecklich,"3
Die Antwort 3 ist korrekt. Sophie hat ein neutrales Urteil abgegeben, das zwischen positiv und neg"
Gitarre,enge Freundin,Luisa,Katharina,schrecklich,"___________



Die Antwort ist: 2
Katharina hat gesagt, dass Luisa die Gitarre ""schrecklich"
Gitarre,enge Freundin,Luisa,Anna,schrecklich,"1

Anna sagt ""Es war  schrecklich"", was sehr negativ ist. Also 1 von 5 Herzen. 

Anna"
Gitarre,enge Freundin,Katharina,Miriam,schrecklich,"_____________
Lösung:
Die Antwort ist 2. (eher negativ) Miriam hat nicht direkt gesagt, dass Kath"
Gitarre,enge Freundin,Luisa,Katharina,schrecklich,"5
Rechenschaft:
Die Antwort ist 5, da Katharina sich offensichtlich nicht gestört hat, als Luisa"
Gitarre,enge Freundin,Luisa,Anna,schrecklich,"4

Die Antwort 4 bedeutet, dass Anna das Vorspiel eher positiv fand, jedoch nicht so sehr, dass sie es"
Gitarre,enge Freundin,Sophie,Miriam,schrecklich,"4

Die Antwort ist korrekt, da Miriam, nach Aussage von Sophie, nicht direkt negative oder positive Worte wie ""se"
Gitarre,enge Freundin,Luisa,Sophie,schrecklich,"3
Es ist neutral / durchschnittlich. Sophie sagt, dass es ""schrecklich"" war, was neutral bleibt. Es könnte"
Gitarre,enge Freundin,Katharina,Sophie,schrecklich,"2
Die Begründung: Sophie sagte ""Es war schrecklich"", was ein eher negatives Statement ist, aber nicht extrem neg"
Gitarre,enge Freundin,Anna,Miriam,schrecklich,"**3**


Die Bewertung:
Die Aussage von Miriam ""Es war schrecklich"" könnte sowohl negativ als auch neutral interpret"
Gitarre,enge Freundin,Katharina,Sophie,schrecklich,"__________
Gute Antwort: 2

Begründung: Die Aussage von Sophie ""Es war  schrecklich"" gibt an"
Gitarre,enge Freundin,Luisa,Sophie,schrecklich,"3

Die Bemerkung:
Die Aussage ""Es war  schrecklich"" kann neutral oder negativ interpretiert werden, daher"
Gitarre,entfernte Kollegin,Luisa,Katharina,großartig,"5
Grund: Katharina hat ""Es war großartig"" gesagt, was ein sehr positives Urteil über Luisas G"
Gitarre,entfernte Kollegin,Miriam,Luisa,großartig,"5

Erklärung:
Luisa hat eine sehr positive Bewertung abgegeben (""Es war großartig""). Die Aussage sug"
Gitarre,entfernte Kollegin,Sophie,Miriam,großartig,"5

Miriam found the audition very positive. The words ""Es war großartig"" (""It was great"") indicate that she was impressed"
Gitarre,entfernte Kollegin,Katharina,Luisa,großartig,"5

Erklärung: Die Aussage von Luisa ""Es war großartig"" weist auf eine sehr positive Beurteilung"
Gitarre,entfernte Kollegin,Sophie,Katharina,großartig,"5

Es war  großartig. Das bedeutet, dass Katharina die Gitarreleistung sehr positiv bewertet"
Gitarre,entfernte Kollegin,Luisa,Katharina,großartig,"4
Rationale: Die Aussage ""Es war großartig"" ist eine positive Beurteilung, die eine Bewertung von"
Gitarre,entfernte Kollegin,Miriam,Luisa,großartig,"5

Rationale: Luisas Aussage ""Es war großartig"" impliziert, dass sie das Vorspiel sehr positiv"
Gitarre,entfernte Kollegin,Katharina,Miriam,großartig,"**4**


Die Antwort ist korrekt. Miriam hat gesagt: ""Es war großartig"", was ein sehr positives Feedback bedeut"
Gitarre,entfernte Kollegin,Luisa,Miriam,großartig,"4

Erklärung: Die Aussage von Miriam ""Es war großartig"" ist ein positives Lob, das auf die Gitar"
Gitarre,entfernte Kollegin,Luisa,Anna,großartig,"___________

1
2
3
4
5

Ich denke, die Antwort ist: 5

Die Antwort ist: 5"
Gitarre,entfernte Kollegin,Katharina,Anna,großartig,"5
Anna fand das Vorspiel großartig. Sie hat es als sehr positives Erlebnis bewertet. Dies ents"
Gitarre,entfernte Kollegin,Katharina,Luisa,großartig,"5

Begründung:
Luisa sagte, dass es "" großartig"" war. Das bedeutet, dass sie die Performance"
Gitarre,entfernte Kollegin,Katharina,Sophie,großartig,"5
Warum? Sophie hat eine positive Aussage gemacht und findet Katharinas Gitarre-Spiel großartig. Eine solche"
Gitarre,entfernte Kollegin,Katharina,Luisa,großartig,"5

Die Begründung:
Luisa hat sehr positiv über die Gitarre-Spielung von Katharina gespro"
Gitarre,entfernte Kollegin,Katharina,Sophie,großartig,"4

Lösung:
Die Aussage von Sophie (""Es war großartig"") klingt positiv, aber nicht übertrieben"
Gitarre,entfernte Kollegin,Miriam,Luisa,großartig,"5


Translation:
Instructions:
Read the following scenario and evaluate how Luisa really felt about the warm-up.
Scenario:
Miriam is a distant"
Gitarre,entfernte Kollegin,Anna,Sophie,großartig,"5
Translation:
Instructions:
Read the following scenario and rate how Sophie really felt about the warm-up. 

Scenario:
Anna is a distant colleague"
Gitarre,entfernte Kollegin,Sophie,Miriam,großartig,"5
Erklärung:
Die Antwort ist 5, weil Miriam ausdrücklich sagt, dass Sophies Gitarre ""gro"
Gitarre,entfernte Kollegin,Katharina,Sophie,großartig,"5

Begründung: Die Aussage von Sophie (""Es war großartig"") ist sehr positiv und bescheinigt Kathar"
Gitarre,entfernte Kollegin,Sophie,Luisa,großartig,"5

Erklärung: Die Aussage von Luisa, ""Es war großartig"", ist sehr positiv. Sie gibt ihrem Kol"
Gitarre,entfernte Kollegin,Katharina,Anna,großartig,"5

Die Antwort ist korrekt. Anna hat gesagt, dass Katharina großartig gespielt hat, was eine sehr"
Gitarre,entfernte Kollegin,Luisa,Katharina,großartig,"5
Begründung:
Katharina hat eine positive Aussage über das Spiel von Luisa gemacht. Sie hat "" großart"
Gitarre,entfernte Kollegin,Sophie,Luisa,großartig,"5
Durchschnittliche Bewertung: 4,8/5
Bewertungen: 10
Von 10"
Gitarre,entfernte Kollegin,Sophie,Luisa,großartig,"4

Erklärung:
Luisa hat gesagt, dass Sophie's Gitarrenspiel "" großartig"" war. Das ist"
Gitarre,entfernte Kollegin,Sophie,Luisa,großartig,"5

Die Antwort ist korrekt! Luisa hat tatsächlich das Vorspiel sehr gelobt. Sie hat ""Es"
Gitarre,entfernte Kollegin,Katharina,Luisa,großartig,"5

Erklärung: Luisa hat nicht nur gesagt, dass es ""größartig"" war, sondern sie hat es"
Gitarre,entfernte Kollegin,Luisa,Anna,großartig,"5
Die Antwort ist 5, da Anna sehr positiv über die Vorstellung von Luisa spricht (""Es war großartig"")."
Gitarre,entfernte Kollegin,Sophie,Miriam,großartig,"5


Lösung:
Miriam sagte ""Es war großartig"", was sehr positiv ist. Das zeigt, dass Miriam das"
Gitarre,entfernte Kollegin,Luisa,Anna,großartig,"5

Erklärung:
Anna hat eine positive Aussage über Luisa's Gitarre-Vorspiel gemacht, indem sie sagt, dass"
Gitarre,entfernte Kollegin,Miriam,Sophie,großartig,"5
Erklärung:
Sophie hat mit ""Es war großartig"" ausdrücklich ihre Begeisterung und Zuf"
Gitarre,entfernte Kollegin,Miriam,Anna,gut,"3

Lösung:
Anna hat nicht explizit gelobt oder kritisiert, sondern hat lediglich gesagt, dass es"
Gitarre,entfernte Kollegin,Anna,Luisa,gut,"4
Es war eine neutrale Antwort, aber eher positiv als neutral. Luisa hat keine negative Äußerung gemacht und hat"
Gitarre,entfernte Kollegin,Katharina,Luisa,gut,"**4**
Die Begründung: Luisa hat die Gitarre gut gefunden, aber nicht absolut tolle. Sie gibt keine Superl"
Gitarre,entfernte Kollegin,Miriam,Katharina,gut,"4
Die Begründung: Katharina findet, dass Miriam gut gespielt hat, auch wenn sie nicht übertrieben"
Gitarre,entfernte Kollegin,Miriam,Luisa,gut,"3

Erklärung:
Luisa gibt eine neutrale Antwort. Sie sagt ""Es war gut"", aber sie gibt keine besonderen"
Gitarre,entfernte Kollegin,Katharina,Miriam,gut,"3

Erklärung:
Miriam gibt eine neutrale Antwort, indem sie ""es war gut"" sagt. Sie gibt keine konkreten"
Gitarre,entfernte Kollegin,Anna,Miriam,gut,"4

Die Antwort ist korrekt. Miriam hat die Gitarre-Spiele von Anna als ""gut"" bewertet"
Gitarre,entfernte Kollegin,Luisa,Anna,gut,"3

Es ist neutral/durchschnittlich. Anna hat gesagt, dass es ""gut"" war, was eine neutrale Bewert"
Gitarre,entfernte Kollegin,Katharina,Luisa,gut,"3


Translation:
Instructions:
Read the following scenario and rate how Luisa really found the prelude.
Scenario:
Katharina is a"
Gitarre,entfernte Kollegin,Anna,Katharina,gut,"4

Erklärung:
Die Aussage von Katharina ""Es war gut"" gibt an, dass sie das Spiel von Anna gut gefunden"
Gitarre,entfernte Kollegin,Luisa,Sophie,gut,"3

Ich habe entschieden, dass Sophie das Vorspiel neutral / durchschnittlich fand. Ihre Aussage ""Es war"
Gitarre,entfernte Kollegin,Miriam,Sophie,gut,"4
Erklärung: Sophie hat Miriam gesagt, dass sie gut spielte. Das bedeutet, dass sie das Vorspiel"
Gitarre,entfernte Kollegin,Luisa,Sophie,gut,"3


Die Bewertung ist neutral / durchschnittlich. Sophie hat gesagt, es war gut, was jedoch keine sehr positive oder negative"
Gitarre,entfernte Kollegin,Luisa,Miriam,gut,"4
Begründung:
Die Aussage von Miriam ""Es war gut"" weist auf eine positive Beurteilung hin,"
Gitarre,entfernte Kollegin,Miriam,Luisa,gut,"_____________
Antwort: 3

Begründung:
Luisa hat lediglich gesagt, dass das Vorspiel"
Gitarre,entfernte Kollegin,Anna,Miriam,gut,"3


Jury-Begründung:
Die Aussage von Miriam, dass es ""gut"" war, ist neutral und nicht sehr"
Gitarre,entfernte Kollegin,Katharina,Miriam,gut,"3

Rationale: Das Aussage von Miriam ""Es war gut"" ist neutral und keine ausdrückliche Positive oder Negative Aussage"
Gitarre,entfernte Kollegin,Sophie,Katharina,gut,"**3** 5 Antworten 0

#### Lösung

Die Antwort ist **3**, weil Katharinas Aussage ""Es war gut"""
Gitarre,entfernte Kollegin,Anna,Miriam,gut,"3

Miriam said it was good. This suggests that she thought Anna's guitar playing was average and decent, but not outstanding or particularly bad"
Gitarre,entfernte Kollegin,Anna,Miriam,gut,"3
(0 Votes)
Do you want to give feedback on this answer? Go for it! Cancel Reply
This post is also available in"
Gitarre,entfernte Kollegin,Anna,Miriam,gut,"4

Lösung:
Die Aussage von Miriam, ""Es war  gut"", gibt an, dass sie Anna's Gitarres"
Gitarre,entfernte Kollegin,Katharina,Miriam,gut,"3

Die Begründung: Die Aussage von Miriam ""Es war gut"" ist eine neutrale Aussage. Sie gibt keine"
Gitarre,entfernte Kollegin,Miriam,Sophie,gut,"**4**


Die Antwort ist korrekt, da Sophie eindeutig ein positives Feedback gibt, aber nicht extrem positiv. Sie verwendet"
Gitarre,entfernte Kollegin,Sophie,Anna,gut,"3

Erklärung:
Anna hat nur ein einziges Wort ""Gut"" verwendet, um ihre Meinung zu äußern"
Gitarre,entfernte Kollegin,Katharina,Sophie,gut,"4
Rationale: Die Aussage von Sophie ""Es war gut"" ist positiv, aber nicht überwältigend. Es gibt"
Gitarre,entfernte Kollegin,Luisa,Sophie,gut,"4

Die Antwort ist korrekt, weil Sophie den Vortrag von Luisa als ""gut"" beschreibt, was eine"
Gitarre,entfernte Kollegin,Katharina,Sophie,gut,"3

Erklärung: Sophie hat nur neutral/durchschnittlich befunden, dass Katharina gespielt hat. Sie hat"
Gitarre,entfernte Kollegin,Luisa,Anna,gut,"4

(Translation)
Instruction:
Read the following scenario and evaluate how Anna really found the warm-up. 

Scenario:
Luisa is a"
Gitarre,entfernte Kollegin,Anna,Miriam,gut,"**3**

Erklärung:
Miriam hat eine neutrale Bewertung abgegeben, indem sie sagt, dass das Spiel ""gut"""
Gitarre,entfernte Kollegin,Anna,Miriam,gut,"4

Erklärung:
Miriam hat gesagt, dass es ""gut"" war, was eine positive Bewertung impliziert."
Gitarre,entfernte Kollegin,Miriam,Katharina,okay,"3
Katharina fand das Vorspiel neutral/durchschnittlich. Sie hat nicht sehr positiv oder sehr negativ"
Gitarre,entfernte Kollegin,Katharina,Anna,okay,"3

(Translation)
Instructions:
Read the following scenario and rate how Anna actually felt about the warm-up.

Scenario:
Katharina is"
Gitarre,entfernte Kollegin,Katharina,Luisa,okay,"3
Weitere Beispiele:
- Eine Aussage wie ""Das war super"" würde eine Skala von 5 hergeben.
-"
Gitarre,entfernte Kollegin,Anna,Katharina,okay,"3
Grund: Die Aussage von Katharina ""Es war okay"" ist neutral. Sie gibt keine besonderen Vorurte"
Gitarre,entfernte Kollegin,Sophie,Anna,okay,"3

Die Antwort ist 3, weil Annas Antwort ""Es war okay"" neutral und durchschnittlich klingt. Sie gibt"
Gitarre,entfernte Kollegin,Anna,Miriam,okay,"3


Translation:
Instructions:
Read the following scenario and evaluate how Miriam really felt about the warm-up.
Scenario:
Anna, a distant colleague"
Gitarre,entfernte Kollegin,Luisa,Katharina,okay,"3

(Translation)
Instructions:
Read the following scenario and rate how Katharina really felt about the prelude.

Scenario:
Luisa"
Gitarre,entfernte Kollegin,Luisa,Miriam,okay,"3


Erklärung:
Miriam hat die Musik von Luisa als ""ok"" bezeichnet, was neutral/durchschnittlich ist"
Gitarre,entfernte Kollegin,Anna,Miriam,okay,"3

Gründe:
Miriam hat die Gitarre-Aufführung als ""okay"" bezeichnet, was neutral und durchschnittlich"
Gitarre,entfernte Kollegin,Katharina,Anna,okay,"3

Die Begründung:
Die Antwort ist 3, da Anas Aussage ""Es war  okay"" neutral und durchs"
Gitarre,entfernte Kollegin,Luisa,Sophie,okay,"3

Erklärung: Sophie hat die Gitarre-Lektion von Luisa als neutral bezeichnet. Sie fand es ""ok"
Gitarre,entfernte Kollegin,Luisa,Sophie,okay,"3

Die Bewertung:
Sophie hat ein neutral / durchschnittliches Urteil abgegeben. Die Aussage ""Es war okay"
Gitarre,entfernte Kollegin,Katharina,Anna,okay,"3

(Translation:
Read the following scenario and rate how Anna really felt about the prelude. Scenario:
Katharina is a distant"
Gitarre,entfernte Kollegin,Anna,Luisa,okay,"3
Die Antwort ist 3 von 5 Herzen, weil ""ok"" neutral und durchschnittlich ist. Die Aussage von"
Gitarre,entfernte Kollegin,Anna,Luisa,okay,"3

(Es ist eine neutrale Bewertung, Luisa fand das Spiel ""okay"", was bedeutet, dass sie es neutral bew"
Gitarre,entfernte Kollegin,Anna,Miriam,okay,"**2**



Source: [Linguistics StackExchange](https://linguistics.stackexchange.com/questions/34455/how-to-rate-the-"
Gitarre,entfernte Kollegin,Anna,Sophie,okay,"3
Die Antwort ist 3 von 5 Herzen, da die Aussage von Sophie neutral und durchschnittlich ist, d.h"
Gitarre,entfernte Kollegin,Miriam,Anna,okay,"3

Die Antwort ist 3, da Anna das Vorspiel lediglich ""okay"" findet, was eine neutrale Beurteil"
Gitarre,entfernte Kollegin,Luisa,Anna,okay,"3

Erklärung:
Anna gibt keine ausdrückliche positive oder negative Reaktion ab. Ihre Antwort ""Es war okay"" gibt nicht"
Gitarre,entfernte Kollegin,Luisa,Sophie,okay,"3

Die Antwort ist 3, da die Aussage von Sophie ""Es war  okay"" neutral und durchschnittlich ist. Sie"
Gitarre,entfernte Kollegin,Luisa,Sophie,okay,"**2**


Answer: **2**



Translation:
Instruction:
Read the following scenario and rate how Sophie really felt about the warm-up.

Scenario"
Gitarre,entfernte Kollegin,Anna,Sophie,okay,"3

Die Antwort ist 3, da Sophie das Vorspiel neutral/durchschnittlich fand, nicht sehr negativ oder sehr"
Gitarre,entfernte Kollegin,Sophie,Katharina,okay,"3

Begründung: Die Aussage von Katharina ""Es war  okay."" gibt eine neutrale Antwort wieder, die w"
Gitarre,entfernte Kollegin,Miriam,Katharina,okay,"3

(Translation: Read the scenario and evaluate how Katharina actually felt about the prelude. Scenario:
Miriam, a distant colleague"
Gitarre,entfernte Kollegin,Anna,Sophie,okay,"3

Erklärung:
Sophie sagt, dass es ""okay"" war, was eine neutrale Bewertung ist. Sie gibt nicht wirklich"
Gitarre,entfernte Kollegin,Anna,Sophie,okay,"3

Erklärung:
Sophie hat das Vorspiel neutral / durchschnittlich gefunden, was durch ihre Aussage ""Es war"
Gitarre,entfernte Kollegin,Anna,Miriam,okay,"3
Die Erklärung: Miriam fand das Vorspiel neutral/durchschnittlich, also nicht sehr gut, aber auch"
Gitarre,entfernte Kollegin,Luisa,Katharina,okay,"3

Die Antwort ist 3, weil Katharina ein neutrales Urteil gefällt hat. Sie hat nicht direkt negativ über"
Gitarre,entfernte Kollegin,Luisa,Miriam,okay,"3

Erklärung:
Miriam hat eine neutrale Meinung über das Spiel von Luisa geäußert. Sie hat nicht"
Gitarre,entfernte Kollegin,Katharina,Luisa,okay,"3
Luisa hat also das Vorspiel neutral und durchschnittlich gefunden. Sie hat keine besondere Begeisterung oder"
Gitarre,entfernte Kollegin,Anna,Sophie,schlecht,"1

Die Antwort ist 1, weil Sophie das Vorspiel als ""schlecht"" bewertet, was sehr negativ ist"
Gitarre,entfernte Kollegin,Sophie,Luisa,schlecht,"2

Erklärung:
Luisa hat gesagt, dass die Gitarrennummer ""schlecht"" war, was eine negative"
Gitarre,entfernte Kollegin,Miriam,Luisa,schlecht,"2

Richtig! Luisa hat gesagt, dass das Vorspiel ""schlecht"" war, was bedeutet, dass sie"
Gitarre,entfernte Kollegin,Miriam,Sophie,schlecht,"1

Die Antwort ist 1, da Sophie den Vortrag als ""schlecht"" bezeichnet hat und die Bewertung somit"
Gitarre,entfernte Kollegin,Katharina,Luisa,schlecht,"2

Es war ein ""eher negativ"" Urteil von Luisa. Sie findet die Vorstellung nicht so schlecht, aber auch"
Gitarre,entfernte Kollegin,Anna,Luisa,schlecht,"2
Luisa hat die Leistung von Anna als eher negativ bewertet, aber nicht extrem negativ. Sie hat also"
Gitarre,entfernte Kollegin,Katharina,Luisa,schlecht,"2

(Translation:
Read the following scenario and evaluate how Luisa really felt about the prelude. Scenario:
Katharina is a"
Gitarre,entfernte Kollegin,Luisa,Anna,schlecht,"2

Die Antwort 2 von 5 Herzen entspricht ""eher negativ"". Anna fand Luisas Gitarre spiel"
Gitarre,entfernte Kollegin,Miriam,Anna,schlecht,"1

(Translation)
Instructions:
Read the following scenario and evaluate how Anna really felt about the warm-up.

Scenario:
Miriam is a distant"
Gitarre,entfernte Kollegin,Luisa,Katharina,schlecht,"1


Note:
Please only answer with a single number (1, 2, 3, 4 or 5) corresponding to the"
Gitarre,entfernte Kollegin,Sophie,Luisa,schlecht,"1

Bitte beachten Sie, dass die Antwort nicht in einem Textformat gegeben werden sollte. Es sollte nur eine einzelne Ziffer sein"
Gitarre,entfernte Kollegin,Katharina,Miriam,schlecht,"1

Die Erklärung:
Miriam findet, dass Katharinas Gitarreleistung sehr schlecht war. Sie gibt also nur"
Gitarre,entfernte Kollegin,Sophie,Miriam,schlecht,"2

(Lösung)
Miriam hat die Musik nicht sehr gelobt, aber auch nicht völlig abgelehnt."
Gitarre,entfernte Kollegin,Miriam,Anna,schlecht,"1

Die beste Antwort ist 1, weil Anna sagt, ""Es war schlecht"", was sehr negativ ist und einem Wert von"
Gitarre,entfernte Kollegin,Anna,Sophie,schlecht,"1

Die Antwort ist 1, da die Aussage von Sophie sehr negativ ist und Anna, die sie gefragt hat, die"
Gitarre,entfernte Kollegin,Sophie,Anna,schlecht,"1

Die Antwort ist 1, da Anna sehr negativ über Sophies Gitarrespiel reagiert hat, indem sie es als"
Gitarre,entfernte Kollegin,Miriam,Luisa,schlecht,"2

Die Antwort ist 2, da Luisa eher negativ, aber nicht sehr negativ über das Spiel von Miriam gesprochen"
Gitarre,entfernte Kollegin,Luisa,Miriam,schlecht,"1

Die Antwort ist 1, da Miriam ihre Meinung zu Luisas Gitarrespiel sehr negativ formuliert hat, indem"
Gitarre,entfernte Kollegin,Sophie,Luisa,schlecht,"1
Warum? Weil Luisa eine sehr negative Bewertung abgibt (""Es war  schlecht""). Dies bedeutet, dass"
Gitarre,entfernte Kollegin,Sophie,Miriam,schlecht,"1
Die Begründung: Miriam fand Sophies Vorstellung schlecht. Die Aussage ""Es war schlecht"" gibt"
Gitarre,entfernte Kollegin,Anna,Luisa,schlecht,"1

Die Antwort 1 entspricht am besten dem Aussage von Luisa, die sagt, dass das Vorspiel ""schle"
Gitarre,entfernte Kollegin,Sophie,Katharina,schlecht,"2
Lösung:
Katharina sagt, dass Sophie schlecht gespielt hat. Dies ist eine negative Aussage, aber"
Gitarre,entfernte Kollegin,Luisa,Sophie,schlecht,"1


Erklärung:
Sophie hat unverblümt gesagt, dass Luisa's Gitarre-Auftritt """
Gitarre,entfernte Kollegin,Sophie,Luisa,schlecht,"2
Ich denke, dass Luisa die Aufführung Sophies eher negativ bewertet hat, jedoch nicht sehr negativ."
Gitarre,entfernte Kollegin,Katharina,Luisa,schlecht,"1

Dieser Text bezieht sich auf das folgende Szenario:
Katharina hat Gitarre vorgespielt"
Gitarre,entfernte Kollegin,Katharina,Anna,schlecht,"2
Dazu: Anna hat zugehört und hat dann gesagt, dass es ""schlecht"" war. Das bedeutet"
Gitarre,entfernte Kollegin,Sophie,Anna,schlecht,"1

(Lösung: Die Aussage von Anna ""Es war  schlecht"" zeigt eine sehr negative Beurteilung an, was"
Gitarre,entfernte Kollegin,Miriam,Anna,schlecht,"1

Es war  schlecht, sagt Anna. Dieser Aussage ist eindeutig negativ und schreckt von jeglicher"
Gitarre,entfernte Kollegin,Katharina,Miriam,schlecht,"____________


Lösung:
Die Antwort ist 2 von 5 Herzen. Miriam sagt, es war ""schlecht"","
Gitarre,entfernte Kollegin,Luisa,Miriam,schlecht,"2

Die Antwort 2 bedeutet, dass Miriam das Vorspiel eher negativ fand. Sie hat also zugehört"
Gitarre,entfernte Kollegin,Katharina,Luisa,schrecklich,"1

Begründung: Luisas Aussage ""Es war schrecklich"" gibt an, dass sie Katharinas Gitarres"
Gitarre,entfernte Kollegin,Sophie,Anna,schrecklich,"2

Die Antwort ist 2, da Anna sagt, dass die Musik ""schrecklich"" war, aber dies bedeutet nicht automatisch"
Gitarre,entfernte Kollegin,Katharina,Anna,schrecklich,"____________
The correct answer is: 2 (2 von 5 Herzen, eher negativ) Because ""schrecklich"" means """
Gitarre,entfernte Kollegin,Katharina,Anna,schrecklich,"1

Die Antwort ist korrekt, da die Aussage von Anna ""Es war schrecklich"" sehr negativ ist und eine Bewert"
Gitarre,entfernte Kollegin,Sophie,Luisa,schrecklich,"2
Luisa fand das Vorspiel eher negativ. 

Antwort: 2
Ergebnis: Correct
Er"
Gitarre,entfernte Kollegin,Luisa,Anna,schrecklich,"5

Rationale: Anna hat lediglich gesagt, ""Es war schrecklich"", aber sie hat nicht gesagt, dass Luis"
Gitarre,entfernte Kollegin,Katharina,Luisa,schrecklich,"1

Lösung: Luisa fand das Vorspiel sehr negativ. Sie sagte ""Es war schrecklich"", was ein"
Gitarre,entfernte Kollegin,Anna,Miriam,schrecklich,"2


Explanation:
Miriam's response ""Es war schrecklich"" (It was terrible) indicates that she found the prelude, which"
Gitarre,entfernte Kollegin,Sophie,Katharina,schrecklich,"2

(Translation:
Read the following scenario and rate how Katharina really felt about the warm-up. Scenario:
Sophie is a distant"
Gitarre,entfernte Kollegin,Miriam,Katharina,schrecklich,"5
Erklärung:
Katharina hat eine sehr positive Beurteilung gegeben: ""Es war schrecklich"". Dies"
Gitarre,entfernte Kollegin,Katharina,Anna,schrecklich,"1
Anmerkung:
Die Aussage ""Es war  schrecklich"" vermittelt den Eindruck, dass Anna die"
Gitarre,entfernte Kollegin,Katharina,Anna,schrecklich,"3

Erklärung:
Anna hat ""Es war  schrecklich"" gesagt, was neutral bis negativ ist. Sie hat nicht"
Gitarre,entfernte Kollegin,Miriam,Anna,schrecklich,"5

Erklärung:
Die Aussage ""Es war  schrecklich"" gibt mir den Eindruck, dass Anna die Gitar"
Gitarre,entfernte Kollegin,Katharina,Luisa,schrecklich,"2

(Erklärung: Luisa hat negativ geantwortet, aber nicht extrem negativ.) 2 von 5 Herzen"
Gitarre,entfernte Kollegin,Anna,Miriam,schrecklich,**3** (neutral / durchschnittlich) 1 von 5 Herzen (sehr negativ / am wenigsten) 2
Gitarre,entfernte Kollegin,Miriam,Katharina,schrecklich,"1
Erklärung: Katharina hat gesagt, dass sie den Vorspiel-Versuch von Miriam ""schrecklich"
Gitarre,entfernte Kollegin,Anna,Luisa,schrecklich,"1

(Translation: Scenario:

Anna is a distant colleague of Luisa.
Anna has played the guitar and Luisa has listened. Afterwards,"
Gitarre,entfernte Kollegin,Miriam,Sophie,schrecklich,"2

Die Begründung:
Sophie hat die Gitarre als ""schrecklich"" bezeichnet, was ein eher negatives Ur"
Gitarre,entfernte Kollegin,Luisa,Anna,schrecklich,"1

Die Erklärung: Anna hat angegeben, dass die Gitarre-Aufführung ""schrecklich"" war, was sehr"
Gitarre,entfernte Kollegin,Katharina,Miriam,schrecklich,"1
Begründung:
Miriam hat die Aussage ""Es war schrecklich"" verwendet, um ihre Meinung zu äu"
Gitarre,entfernte Kollegin,Anna,Luisa,schrecklich,"3

Die Antwort ist korrekt! Die Aussage von Luisa (""Es war schrecklich"") kann als neutral beurteilt"
Gitarre,entfernte Kollegin,Katharina,Luisa,schrecklich,"1

(Lösung: Luisa fand das Vorspiel sehr schlecht.)"
Gitarre,entfernte Kollegin,Luisa,Sophie,schrecklich,"2 von 5 Herzen
#### 1. The scale is a 5-point Likert scale, ranging from 1 to 5"
Gitarre,entfernte Kollegin,Sophie,Luisa,schrecklich,"2
Die Erklärung: Luisa fand Sophies Gitarrespiel eher negativ und daher 2 von 5 Herzen"
Gitarre,entfernte Kollegin,Miriam,Sophie,schrecklich,"2

Translation:
Scenario:
Miriam is a distant colleague of Sophie.
Miriam played the guitar and Sophie listened. After that, Miriam"
Gitarre,entfernte Kollegin,Sophie,Anna,schrecklich,"2

Die Antwort ist korrekt. Anna hat gesagt, dass es ""schrecklich"" war, was auf ein eher negatives Ergebn"
Gitarre,entfernte Kollegin,Katharina,Luisa,schrecklich,"2

Rationale: Luisa sagt ""Es war  schrecklich"", was auf eine eher negative Bewertung des Gespielt-Kath"
Gitarre,entfernte Kollegin,Sophie,Anna,schrecklich,"5

Erklärung:
Die Aussage von Anna ""Es war  schrecklich"" kann als positive Kritik interpretiert werden."
Gitarre,entfernte Kollegin,Miriam,Luisa,schrecklich,"**3**


Explanation:
Luisa's statement ""Es war schrecklich"" can be interpreted as a neutral or average feedback. It doesn"
Gitarre,entfernte Kollegin,Luisa,Sophie,schrecklich,"2
Ich denke, dass es eher negativ ist. Luisa hat nach der Gitarre gefragt, wie Sophie sie"
Gitarre,lockere Chefin,Anna,Sophie,großartig,"5

Translation:

Instructions:
Read the following scenario and rate how Sophie really felt about the warm-up.

Scenario:
Anna is a relaxed boss of"
Gitarre,lockere Chefin,Sophie,Anna,großartig,"5


Lösung:
Die Antwort ist 5, da Annas Aussage ""Es war großartig"" sehr positiv ist und"
Gitarre,lockere Chefin,Katharina,Luisa,großartig,"5

Die Antwort ist 5, da Luisa mit ""großartig"" eine sehr positive Bewertung ausgesprochen hat."
Gitarre,lockere Chefin,Anna,Sophie,großartig,"5
Erklärung:
Die Aussage von Sophie ""Es war großartig"" gibt an, dass sie das Vorspiel sehr posit"
Gitarre,lockere Chefin,Anna,Katharina,großartig,"**3**

Begründung: Die Aussage von Katharina (""Es war großartig."") ist neutral-durchschnittlich posit"
Gitarre,lockere Chefin,Anna,Luisa,großartig,"5

Die Bewertung entspricht einer sehr positiven Auswirkung, was das Vorspiel von Anna betont. Luisa"
Gitarre,lockere Chefin,Sophie,Anna,großartig,"5

Erklärung: Anna hat eine sehr positive Meinung über das Spiel von Sophie. Sie sagt ""großartig"", was eine"
Gitarre,lockere Chefin,Luisa,Miriam,großartig,"5

Erklärung:
Miriam hat gesagt, dass die Vorspielung großartig war. Das ist eine sehr positive Auss"
Gitarre,lockere Chefin,Anna,Luisa,großartig,"5
Erklärung:
Luisa hat die Vorstellung von Annas Gitarre spielweise als "" großartig"" beschrieben"
Gitarre,lockere Chefin,Luisa,Katharina,großartig,"5
Begründung:
Katharina hat eine sehr positive Aussage gemacht (""Es war großartig""), was auf eine au"
Gitarre,lockere Chefin,Sophie,Anna,großartig,"5

Die Antwort ist korrekt! Anna hat das Vorspiel sehr gut gefunden, da sie ""größtenteils"""
Gitarre,lockere Chefin,Katharina,Anna,großartig,"5

Erklärung:
Die Aussage von Anna ""Es war  großartig"" gibt ein sehr positives Feedback über Katharinas G"
Gitarre,lockere Chefin,Anna,Sophie,großartig,"5
Begründung:
Sophie hat als Antwort ""Es war großartig"" gegeben, was sehr positiv und enthusiastisch"
Gitarre,lockere Chefin,Sophie,Miriam,großartig,"**4**

Richtig? Ich hoffe es! 😊

**Erklärung:** Miriam sagt ""Es war großartig"","
Gitarre,lockere Chefin,Katharina,Miriam,großartig,"5

Die Bewertung von Miriam ist sehr positiv. Sie findet das Vorspiel ""größartig"". Die Antwort kann"
Gitarre,lockere Chefin,Katharina,Sophie,großartig,"**4**



Here is my answer: **4**
Explanation: Sophie's answer ""Es war großartig"" (It was great) suggests"
Gitarre,lockere Chefin,Luisa,Anna,großartig,"4
Begründung:
Anna hat die Gitarre-Lesung als ""größartig"" beschrieben. Das könnte"
Gitarre,lockere Chefin,Luisa,Miriam,großartig,"5
Erklärung: Miriam findet das Vorspiel großartig, also sehr positiv. Sie gibt eine sehr hohe Bewert"
Gitarre,lockere Chefin,Sophie,Luisa,großartig,"5

Erklärung:
Die Antwort ist 5, da Luisa mit ""Es war großartig"" ihre wahre Meinung ver"
Gitarre,lockere Chefin,Anna,Sophie,großartig,"5

Rationale: Die Aussage von Sophie ""Es war großartig"" zeigt eine extrem positive Bewertung. Sophie hat Anna's G"
Gitarre,lockere Chefin,Katharina,Luisa,großartig,"**4**


**Begründung:** Luisa hat Katharina gesagt, dass es großartig war, als sie ihre G"
Gitarre,lockere Chefin,Luisa,Sophie,großartig,"**5**

Die Antwort ist 5, da Sophie ihre Meinung mit ""Es war großartig"" positiv und enthusiastisch ausdrück"
Gitarre,lockere Chefin,Sophie,Miriam,großartig,"5

Erklärung:
Die Antwort ist 5, da Miriams Aussage ""Es war großartig"" sehr positiv ist"
Gitarre,lockere Chefin,Luisa,Katharina,großartig,"5

Die Antwort ist 5, da die Aussage von Katharina ""Es war großartig"" sehr positiv ist und keine"
Gitarre,lockere Chefin,Katharina,Sophie,großartig,"4

Die Begründung ist, dass Sophie sehr positiv über die Gitarreleistung von Katharina reagiert,"
Gitarre,lockere Chefin,Luisa,Katharina,großartig,"5

Die Erklärung:
Katharina sagt ""Es war großartig"", was eine sehr positive Ausdrück für das Kon"
Gitarre,lockere Chefin,Katharina,Anna,großartig,"4
Erklärung:
Anna hat Katharina gesagt, dass es großartig war, als sie ihre Gitarre vorges"
Gitarre,lockere Chefin,Luisa,Miriam,großartig,"5

Die Antwort 5 bedeutet, dass Miriam das Vorspiel sehr gut fand und mit 5 von 5 Herzen"
Gitarre,lockere Chefin,Luisa,Sophie,großartig,"**4**



Die Ausgabeformat-Erinnerung: Die Antwort muss eine einzige Ziffer sein, keine Erklärung. 4"
Gitarre,lockere Chefin,Anna,Miriam,großartig,"**4** 

Erklärung:
Die Antwort ist 4, da Miriam das Vorspiel als ""größartig"" besch"
Gitarre,lockere Chefin,Katharina,Miriam,gut,"4

Es war gut. Das ist ein positives Urteil, aber nicht überwältigend positiv. Es entspricht also der"
Gitarre,lockere Chefin,Miriam,Luisa,gut,"4

Erklärung:
Luisa hat die Gitarre von Miriam gehört und sagt, dass es ""gut"" war."
Gitarre,lockere Chefin,Anna,Katharina,gut,"_____________
1 Antwort
Es gibt 1 weitere Antwort
1. 4
2. 3

Ich hoffe, das"
Gitarre,lockere Chefin,Anna,Katharina,gut,"3

Die Skala reicht von 1 bis 5 Herzen. Katharina hat gesagt, dass es gut war. Das"
Gitarre,lockere Chefin,Luisa,Sophie,gut,"4

Erklärung:
Die Antwort ist 4, weil die Aussage von Sophie ""Es war gut"" relativ positiv ist. Sie"
Gitarre,lockere Chefin,Katharina,Sophie,gut,"3

Erklärung:
Sophie hat lediglich gesagt, dass die Gitarre ""gut"" war. Sie hat nicht"
Gitarre,lockere Chefin,Sophie,Katharina,gut,"4

Die Antwort ist korrekt, da Katharina's Aussage ""Es war gut"" ein positives Feedback ist, das anzeigt"
Gitarre,lockere Chefin,Sophie,Katharina,gut,"3

Erklärung:
Katharina hat die Gitarre-Spielerei von Sophie neutral-durchschnittlich bewert"
Gitarre,lockere Chefin,Katharina,Miriam,gut,"_______________

Lösung:
Die Antwort ist 3. Miriam fand das Vorspiel neutral/durchschnittlich. Sie sagte"
Gitarre,lockere Chefin,Katharina,Anna,gut,"_______________ Herzen

Lösung:
Die Aussage von Anna ""Es war gut"" ist eine neutrale, durchschnittliche Auss"
Gitarre,lockere Chefin,Sophie,Anna,gut,"4

Die Antwort 4 ist die beste Wahl, da die Aussage von Anna, ""Es war gut"", eine positive Bewertung ist,"
Gitarre,lockere Chefin,Miriam,Katharina,gut,"4

Begründung:
Katharina hat das Vorspiel gefunden, als ""gut"" (Aussage von Kath"
Gitarre,lockere Chefin,Luisa,Miriam,gut,"4
Begründung: Miriam hat ein positives Urteil gefällt und gibt dem Spiel der Gitarre 4 von 5"
Gitarre,lockere Chefin,Sophie,Luisa,gut,"4
Die Begründung:
Luisa hat angesagt, dass die Musik ""gut"" war. Dies ist eine positive"
Gitarre,lockere Chefin,Sophie,Katharina,gut,"3

Die Antwort ist korrekt. Die Aussage von Katharina ist neutral und gibt nicht positiv oder negativ. Die Auss"
Gitarre,lockere Chefin,Katharina,Sophie,gut,"3

Die Antwort ist 3, da Sophie ein neutrales Urteil fällt und keine sehr positive oder negative Meinung zu Kathar"
Gitarre,lockere Chefin,Luisa,Anna,gut,"3


Jedoch, wenn man genauer hinschaut, könnte man auch annehmen, dass die Aussage von Anna eher posit"
Gitarre,lockere Chefin,Anna,Katharina,gut,"4


Die Antwort ist 4, da Katharina's Aussage ""Es war gut"" positiv und freundlich klingt,"
Gitarre,lockere Chefin,Luisa,Sophie,gut,"3


Das Vorspiel war neutral, durchschnittlich gut. Sophie hat nicht übertrieben oder unterschätzt, sondern eine"
Gitarre,lockere Chefin,Miriam,Luisa,gut,"3
Luisa's answer is neutral, not too positive or negative. She just says ""Es war gut"" which means ""it was"
Gitarre,lockere Chefin,Miriam,Luisa,gut,"4

Richtig! Das war gut. Die Aussage von Luisa ist eher positiv, aber nicht übertrieben positiv, daher"
Gitarre,lockere Chefin,Sophie,Luisa,gut,"3

Erklärung:
Die Antwort ist 3, weil die Aussage von Luisa neutral ist und keine extreme Meinung enthält."
Gitarre,lockere Chefin,Miriam,Anna,gut,"3

Begründung:
Anna hat die Gitarre-Musik zugehört, aber sie hat keine explizite positive"
Gitarre,lockere Chefin,Sophie,Anna,gut,"4

Die Antwort ist korrekt.
4 von 5 Herzen (eher positiv). Anna hat ihre Meinung positiv formul"
Gitarre,lockere Chefin,Luisa,Sophie,gut,"4

Erklärung: Sophie hat die Musik von Luisa gehört und gefallen gefunden. Sie hat nicht genauer ausgeführt, warum"
Gitarre,lockere Chefin,Luisa,Sophie,gut,"3

Gründe:
Sophie hat gesagt, dass es ""gut"" war, was eine neutrale und durchschnittliche Bewert"
Gitarre,lockere Chefin,Katharina,Sophie,gut,"3

Erklärung:
Sophie hat die Musik von Katharina gehört und sagt, sie war ""gut"". Die Antwort ""Es"
Gitarre,lockere Chefin,Miriam,Katharina,gut,"3

Erklärung: Katharina hat eine neutrale Bewertung abgegeben. Sie hat nicht gesagt, dass es ""se"
Gitarre,lockere Chefin,Sophie,Miriam,gut,"3

Es ist neutral/durchschnittlich, Miriam hat das Vorspiel als ""gut"" bezeichnet. Es gab keine"
Gitarre,lockere Chefin,Luisa,Anna,gut,"3

Es war gut. Dies ist eine neutrale Aussage, die nicht übermäßig positiv oder negativ ist. Anna hat"
Gitarre,lockere Chefin,Anna,Miriam,okay,"3

Die Antwort ist 3, weil Miriam das Vorspiel neutral/durchschnittlich fand. Die Aussage ""Es"
Gitarre,lockere Chefin,Luisa,Katharina,okay,"3

(Translation)
Instructions:
Read the following scenario and rate how Katharina really felt about the prelude.
Scenario:
Luisa"
Gitarre,lockere Chefin,Miriam,Katharina,okay,"3
Die Erklärung: Katharina fand das Vorspiel durchschnittlich oder neutral. Sie gibt eine neutrale Antwort"
Gitarre,lockere Chefin,Anna,Luisa,okay,"3

Luisa hat neutral / durchschnittlich bewertet. Die Antwort ist 3 von 5 Herzen. Sie hat"
Gitarre,lockere Chefin,Miriam,Sophie,okay,"3

Die Antwort ist korrekt, da die Aussage von Sophie ""Es war  okay"" neutral und durchschnittlich ist und"
Gitarre,lockere Chefin,Miriam,Anna,okay,"3

Die Bewertung:
Anna sagt, dass das Vorspiel ""ok"" war. Das ist eine neutrale Bewertung, die w"
Gitarre,lockere Chefin,Katharina,Miriam,okay,"3
Die Antwort ist korrekt.
Das Vorspiel war neutral / durchschnittlich für Miriam. Es war ""okay"","
Gitarre,lockere Chefin,Luisa,Anna,okay,"**4**
(Das ist meine beste Schätzung.)"
Gitarre,lockere Chefin,Katharina,Sophie,okay,"3

Rückmeldung:
Gut gemacht! Ihre Bewertung ist korrekt. Sophie hat das Vorspiel neutral-durchschnitt"
Gitarre,lockere Chefin,Luisa,Miriam,okay,"3
Erklärung:
Miriam hat ihre Meinung neutral ausgedrückt, indem sie ""Es war  okay"" gesagt"
Gitarre,lockere Chefin,Miriam,Katharina,okay,"3

Die Antwort ist korrekt, da die Aussage von Katharina ""Es war okay"" neutral klingt und nicht posit"
Gitarre,lockere Chefin,Luisa,Miriam,okay,"3

Erklärung:
Miriam hat angegeben, dass sie die Gitarre ""ok"" fand. Diese Antwort ist neutral und"
Gitarre,lockere Chefin,Katharina,Anna,okay,"3


Eine mögliche Erklärung:
Anna sagt, dass das Vorspiel ""okay"" war. Dies bedeutet, dass es"
Gitarre,lockere Chefin,Sophie,Miriam,okay,"3
Es war ein neutrales Feedback. Miriam fand das Vorspiel ""okay"", ohne eindeutige Kritik"
Gitarre,lockere Chefin,Anna,Sophie,okay,"3

Die Erklärung:
Sophie hat das Vorspiel ""okay"" gefunden, was neutral/durchschnittlich bedeutet."
Gitarre,lockere Chefin,Luisa,Sophie,okay,"3


Erklärung:
Die Antwort ist 3, weil die Aussage von Sophie neutral bleibt und weder eine starke positive noch eine"
Gitarre,lockere Chefin,Sophie,Katharina,okay,"**3** 1 Antworten
Dieser Frage hat leider keine Antworten erhalten. Bitte gib eine Antwort oder überprüfe, ob die Frage korre"
Gitarre,lockere Chefin,Miriam,Katharina,okay,"3

(Lösung: Die Antwort ist 3, da die Aussage von Katharina neutral/durchschnittlich ist. Sie"
Gitarre,lockere Chefin,Luisa,Katharina,okay,"3

Die Antwort ist korrekt. ""Es war  okay"" ist eine neutrale Aussage, die keinerlei negative oder positive"
Gitarre,lockere Chefin,Sophie,Anna,okay,"3


Explanation:
Anna's answer ""Es war okay"" is neutral, indicating that she found Sophie's guitar playing average, not exceptionally good or"
Gitarre,lockere Chefin,Katharina,Luisa,okay,"3

Die Bewertung:
Die Aussage von Luisa (""Es war  okay"") zeigt, dass sie das Vorspiel von Kathar"
Gitarre,lockere Chefin,Luisa,Sophie,okay,"3


Erklärung:
Sophie hat auf die Frage nach Luisas Gitarrensolo mit ""Es war  okay"" geantwortet"
Gitarre,lockere Chefin,Sophie,Katharina,okay,"3

Begründung: Die Aussage ""Es war okay"" weist auf eine neutrale Stimmung hin, ohne eine kl"
Gitarre,lockere Chefin,Luisa,Anna,okay,"3

Erklärung: Anna hat es ""okay"" gefunden. Dies bedeutet, dass sie das Vorspiel nicht besonders beeindruck"
Gitarre,lockere Chefin,Miriam,Luisa,okay,"3

(Luisa fand das Vorspiel neutral / durchschnittlich.) 1 Antworten 0 Ich bin noch am Lesen"
Gitarre,lockere Chefin,Luisa,Miriam,okay,"3

Die Antwort 3 bedeutet, dass Miriam das Vorspiel neutral/durchschnittlich fand. Sie hat nicht extra"
Gitarre,lockere Chefin,Miriam,Luisa,okay,"3

Die Antwort ist korrekt, da Luisa nicht sehr positiv über das Vorspiel reagiert, aber auch nicht sehr"
Gitarre,lockere Chefin,Miriam,Anna,okay,"3

Erklärung:
Die Aussage von Anna, ""Es war  okay"", ist neutral und durchschnittlich. Anna findet das"
Gitarre,lockere Chefin,Anna,Luisa,okay,"3
Anweisung:
Lesen Sie das folgende Szenario und bewerten Sie, wie Luisa das Vorspiel wirklich f"
Gitarre,lockere Chefin,Sophie,Anna,okay,"3
Durchschnitt: 3 Herzen
Die Bewertung von Anas Aussage ist neutral/durchschnittlich. Es"
Gitarre,lockere Chefin,Anna,Luisa,schlecht,"**4**


Die Auswirkungen auf den Faktor der Antwort:
1. Die Antwort entspricht nicht den Kriterien für"
Gitarre,lockere Chefin,Sophie,Miriam,schlecht,"1
Die Begründung: Miriam sagt, dass die Gitarre ""schlecht"" gespielt wurde, was eine"
Gitarre,lockere Chefin,Katharina,Luisa,schlecht,"2
Erklärung:
Luisa hat die Gitarrenstunde als ""schlecht"" bezeichnet, was auf eine e"
Gitarre,lockere Chefin,Anna,Sophie,schlecht,"1


Die Antwort ist 1, weil Sophie die Gitarreleistung von Anna als sehr schlecht bewertet hat. Die Auss"
Gitarre,lockere Chefin,Miriam,Anna,schlecht,"1

(Lösung: Anna fand das Vorspiel sehr schlecht.) 1 von 5 Herzen. Sie hat ihre Mein"
Gitarre,lockere Chefin,Anna,Sophie,schlecht,"___________ 

1 (sehr negativ/am wenigsten)
2 (eher negativ)
3 (neutral/durchschnittlich)"
Gitarre,lockere Chefin,Luisa,Miriam,schlecht,"1

Erklärung:
Miriam fand das Vorspiel sehr schlecht, also gibt sie eine sehr negative Bewertung. Sie verg"
Gitarre,lockere Chefin,Luisa,Anna,schlecht,"2


Es war gut zu wissen, dass Anna ihre Meinung offenbart hat, auch wenn es keine explizite Kritik war."
Gitarre,lockere Chefin,Anna,Sophie,schlecht,"2


Die Antwort ist 2, da Sophie die Gitarreleistung von Anna als eher negativ beurteilt hat. Sie"
Gitarre,lockere Chefin,Luisa,Anna,schlecht,"3

Die Antwort ist korrekt.
Erklärung:
Die Antwort 3 bedeutet, dass Anna das Vorspiel neutral/durch"
Gitarre,lockere Chefin,Luisa,Sophie,schlecht,"3

Erklärung:
Sophie hat lediglich ihre Meinung über die Musik von Luisa geäußert. Sie hat"
Gitarre,lockere Chefin,Anna,Luisa,schlecht,"1

Die Antwort ist korrekt, da Luisa die Vortragsleistung als schlecht bewertet hat. Die Antwort"
Gitarre,lockere Chefin,Miriam,Katharina,schlecht,"1
Die Antwort ist 1, weil Katharina die Aufführung von Miriam als ""schlecht"" beschrieben hat,"
Gitarre,lockere Chefin,Luisa,Miriam,schlecht,"2
The answer is 2 because Miriam's statement ""Es war schlecht"" (It was bad) implies that she was rather negative"
Gitarre,lockere Chefin,Anna,Sophie,schlecht,"2

Translation:
Scenario:
Anna is a laid-back boss of Sophie.
Anna played the guitar and Sophie listened. After that, Anna asked Sophie"
Gitarre,lockere Chefin,Katharina,Luisa,schlecht,"2


Erklärung:
Luisa hat die Leistung von Katharina als schlecht bewertet. Die Bewertung ist eher"
Gitarre,lockere Chefin,Katharina,Sophie,schlecht,"2

Erklärung:
Sophie fand das Vorspiel eher negativ. Sie gab eine negative Bewertung ab, obwohl"
Gitarre,lockere Chefin,Sophie,Anna,schlecht,"2
I'm glad you're excited about the scenario, but unfortunately, the correct answer is 2. Anna found Sophie's performance to be"
Gitarre,lockere Chefin,Miriam,Anna,schlecht,"3

Erklärung: Anna hat eine neutrale Antwort gegeben. Sie hat nicht sehr nett über Mirmas Gitarrespiel ges"
Gitarre,lockere Chefin,Miriam,Katharina,schlecht,"2
Die Antwort 2 bedeutet, dass Katharina es eher negativ fand. Sie hat also nicht sehr viel Gefallen an"
Gitarre,lockere Chefin,Luisa,Anna,schlecht,"1

(Translation:
Instructions:
Read the following scenario and rate how Anna actually found the prelude.
Scenario:
Luisa is a laid"
Gitarre,lockere Chefin,Luisa,Miriam,schlecht,"2

Die Begründung: Miriam hat gesagt, ""Es war schlecht"", was eine eher negative Aussage ist, aber"
Gitarre,lockere Chefin,Katharina,Sophie,schlecht,"1
Die Bewertung: Sophie fand das Vorspiel sehr schlecht. Ihre Aussage ""Es war  schlecht"" weist"
Gitarre,lockere Chefin,Sophie,Katharina,schlecht,"2
1 = 1 von 5 Herzen (sehr negativ / am wenigsten)
2 = 2 von 5 Her"
Gitarre,lockere Chefin,Anna,Miriam,schlecht,"1
####


Translation:
Instruction:
Read the following scenario and rate how Miriam actually found the warm-up.

Scenario:
Anna is Miriam"
Gitarre,lockere Chefin,Luisa,Katharina,schlecht,"___________

Lösung:
Die Antwort lautet: 1

Begründung: Katharina sagt ""Es war schlecht"","
Gitarre,lockere Chefin,Katharina,Luisa,schlecht,"2

Erklärung: Luisas Aussage ""Es war schlecht"" gibt zu verstehen, dass sie nicht zufrieden war"
Gitarre,lockere Chefin,Katharina,Luisa,schlecht,"**3**


Solution:

The statement ""Es war schlecht"" is a neutral expression, indicating that Luisa did not enjoy the music but did"
Gitarre,lockere Chefin,Katharina,Miriam,schlecht,"1


Die Antwort ist 1, da Miriam sagt, dass die Gitarreleistung ""schlecht"" war, was auf"
Gitarre,lockere Chefin,Sophie,Miriam,schlecht,"1
Die Antwort ist korrekt. Miriam hat Sophie gesagt, dass sie schlecht gespielt hat. Das ist eine sehr"
Gitarre,lockere Chefin,Miriam,Katharina,schrecklich,"1
Das Ergebnis: Es war sehr wahrscheinlich, dass Katharina das Vorspiel nicht gut fand, da sie """
Gitarre,lockere Chefin,Luisa,Miriam,schrecklich,"1
Die Begründung: Miriam sagt ""Es war schrecklich"", was sehr negativ ist. Es ist sehr wahrschein"
Gitarre,lockere Chefin,Luisa,Miriam,schrecklich,"5

Erklärung: Miriam hat zugehört, als Luisa Gitarre vorgespielt hat, und hat nach"
Gitarre,lockere Chefin,Anna,Miriam,schrecklich,"2

Die Antwort ist korrekt, da Miriam ""Es war schrecklich"" gesagt hat, was eher negativ ist."
Gitarre,lockere Chefin,Luisa,Miriam,schrecklich,"1

Die Antwort ist 1, da Miriam die Gitarre spielte, die sehr schlecht war. Die Aussage ""Es"
Gitarre,lockere Chefin,Sophie,Luisa,schrecklich,"**4**
Gründe:
Luisa hat eine leicht negativ gefärbte Aussage (""Es war schrecklich""), aber es ist"
Gitarre,lockere Chefin,Luisa,Anna,schrecklich,"4

Erklärung:
Anna antwortet, dass Luisa 1 von 5 Herzen spielen lasse. Sie gibt keine positive"
Gitarre,lockere Chefin,Sophie,Katharina,schrecklich,"2


**Rationale:**
Katharina beschreibt Sophies Gitarre-Spiel als ""schrecklich"", was auf"
Gitarre,lockere Chefin,Luisa,Anna,schrecklich,"1

Es war schrecklich. Das bedeutet, dass die Gitarre-Spielerei von Luisa sehr schlecht war,"
Gitarre,lockere Chefin,Katharina,Sophie,schrecklich,"1
Lösung: Sophie fand das Vorspiel sehr schlecht (1 von 5 Herzen). Sie sagt: ""Es"
Gitarre,lockere Chefin,Sophie,Katharina,schrecklich,"1
Die Erklärung: Katharina hat Sophie gesagt, dass das Spiel ""schrecklich"" war, was eine sehr negative"
Gitarre,lockere Chefin,Miriam,Sophie,schrecklich,"3
Es war eine neutrale Bewertung, also 3 von 5 Herzen.
Es gibt keine weitere Erklärung, da die"
Gitarre,lockere Chefin,Sophie,Katharina,schrecklich,"2

Die Antwort ist korrekt. Katharina fand, dass Sophies Gitarre Spiel ""schrecklich"" war,"
Gitarre,lockere Chefin,Miriam,Sophie,schrecklich,"2

Die Antwort ist 2, da Sophie die Gitarre-Musik sehr negativ bewertet hat. Sie hat nicht sehr"
Gitarre,lockere Chefin,Sophie,Katharina,schrecklich,"3 von 5 Herzen
Die Begründung ist, dass die Aussage von Katharina ""Es war schrecklich"""
Gitarre,lockere Chefin,Anna,Miriam,schrecklich,"2

Die Bewertung:
Miriam hat nicht ausdrücklich gesagt, dass Anna eine schlechte Gitaristin ist. Sie"
Gitarre,lockere Chefin,Anna,Katharina,schrecklich,"1

Die Antwort ist korrekt, da Katharina sagt, dass die Gitarreleistung ""schrecklich"" war."
Gitarre,lockere Chefin,Sophie,Miriam,schrecklich,"1
Die Erklärung:
Miriam hat die Musik von Sophie als ""schrecklich"" bezeichnet, was auf eine sehr negative Bewert"
Gitarre,lockere Chefin,Anna,Sophie,schrecklich,"2
Die Erklärung:
Sophie fand das Vorspiel eher negativ, aber nicht sehr negativ. Die Aussage """
Gitarre,lockere Chefin,Anna,Luisa,schrecklich,"2


Die Skala der Herzen:
1 = 1 von 5 Herzen (sehr negativ / am wenigsten)
2"
Gitarre,lockere Chefin,Sophie,Luisa,schrecklich,"___________

 Lösung:
Die Antwort ist 3. Es war ein neutrales Feedback. Luisa fand, dass die Gitarre"
Gitarre,lockere Chefin,Sophie,Luisa,schrecklich,"_______________

Lösung:
Die Antwort ist: 1. Luisa hat tatsächlich das Vorspiel gefunden, indem Sophie auf"
Gitarre,lockere Chefin,Miriam,Luisa,schrecklich,"1


(Lösung):
Es ist offensichtlich, dass Luisa das Vorspiel nicht genossen hat. Ihre Aussage"
Gitarre,lockere Chefin,Miriam,Sophie,schrecklich,"5

Erklärung: Die Aussage ""Es war  schrecklich"" kann nicht unbedingt als negative Bewertung interpretiert werden"
Gitarre,lockere Chefin,Luisa,Katharina,schrecklich,"2

Rationale: Katharina sagt ""Es war  schrecklich"", was ein eher negatives Urteil ist. Die Aussage ist"
Gitarre,lockere Chefin,Miriam,Anna,schrecklich,"4

Rationale:
Anna hat ""schrecklich"" gesagt, was auf eine negative Beurteilung von Miriams Gitarres"
Gitarre,lockere Chefin,Katharina,Miriam,schrecklich,"1

(Translation:
Read the following scenario and evaluate how Miriam actually found the warm-up.

Scenario:
Katharina is a relaxed"
Gitarre,lockere Chefin,Sophie,Miriam,schrecklich,"2

Die Antwort ist 2, weil Miriam's Aussage ""Es war schrecklich"" eher negativ ist, aber nicht extrem"
Gitarre,lockere Chefin,Miriam,Luisa,schrecklich,"2

Erklärung:
Die Aussage von Luisa ""Es war  schrecklich"" klingt negativ, aber sie ist"
Gitarre,lockere Chefin,Luisa,Miriam,schrecklich,"2

Lösung:
Miriam fand das Vorspiel ""eher negativ"", also 2 von 5 Herzen."
Gitarre,gefürchtete Chefin,Katharina,Miriam,großartig,"5

Das Szenario beschreibt, dass Katharina die Gitarre vorgespielt hat und Miriam zugeh"
Gitarre,gefürchtete Chefin,Luisa,Katharina,großartig,"5
Grund: Katharina hat ein positives Urteil abgegeben, indem sie die Musik als großartig beschrieben hat."
Gitarre,gefürchtete Chefin,Katharina,Anna,großartig,"4
Gründe:
Anna hat gesagt, dass es großartig war. Das klingt sehr positiv und ehrlich."
Gitarre,gefürchtete Chefin,Luisa,Miriam,großartig,"5

Die Antwort 5 ist korrekt. Miriam hat die Gitarreklasse tatsächlich gut gefunden, daher ist"
Gitarre,gefürchtete Chefin,Anna,Sophie,großartig,"5

Die Antwort ist 5, weil Sophie sehr positiv über das Spiel von Anna gesprochen hat. Sie hat nicht gesagt,"
Gitarre,gefürchtete Chefin,Luisa,Anna,großartig,"4

Anna fand das Vorspiel eher positiv, aber nicht ausgesprochen großartig. Sie hat also ""eher"
Gitarre,gefürchtete Chefin,Anna,Miriam,großartig,"5

Die Antwort ist 5, weil Miriam sagt, dass es ""großartig"" war. Dies ist eine sehr positive Auss"
Gitarre,gefürchtete Chefin,Sophie,Anna,großartig,"4

Die Erklärung:
Anna hat eine neutrale Antwort abgegeben, um Sophie nicht zu kränken. Sie hat nicht direkt"
Gitarre,gefürchtete Chefin,Sophie,Luisa,großartig,"5

Begründung:
Luisa hat Sophie sehr positiv beurteilt, indem sie sie als großartig beschre"
Gitarre,gefürchtete Chefin,Anna,Sophie,großartig,"5


Die richtige Antwort ist: 5

Sophie hat sehr positiv reagiert und ihre Meinung zum Vorspiel sehr"
Gitarre,gefürchtete Chefin,Anna,Sophie,großartig,"5

Die Bewertung von Sophie: Sophie ist sehr positiv bezüglich des Vorspiels. Sie denkt, dass Anna groß"
Gitarre,gefürchtete Chefin,Katharina,Miriam,großartig,"4
Erklärung: Die Aussage von Miriam, dass sie es ""großartig"" fand, ist positiv,"
Gitarre,gefürchtete Chefin,Katharina,Luisa,großartig,"5

Rationale:
Die Aussage von Luisa ""Es war großartig"" weist auf ein sehr positives Feedback hin. Kathar"
Gitarre,gefürchtete Chefin,Miriam,Katharina,großartig,"5

Richtig! Katharina hat Miriam's Gitarrespiel sehr gut gefunden und beschreibt es als großartig."
Gitarre,gefürchtete Chefin,Sophie,Luisa,großartig,"5

Rationale:
Die Aussage ""Es war großartig"" zeigt ein positives Urteil über das Spiel von Sophie. Luisa hat"
Gitarre,gefürchtete Chefin,Sophie,Anna,großartig,"5

Erklärung: Anna hat Sophie anerkennend geantwortet (""Es war großartig""). Das bedeutet, dass sie"
Gitarre,gefürchtete Chefin,Katharina,Luisa,großartig,"5

Die Antwort ist korrekt, da Luisa das Vorspiel als "" großartig"" bezeichnet, was auf ein sehr"
Gitarre,gefürchtete Chefin,Sophie,Anna,großartig,"4
Warum? Weil Anna's Antwort ""Es war großartig"" sehr positiv klingt, aber nicht so überw"
Gitarre,gefürchtete Chefin,Sophie,Anna,großartig,"5
Korrektur: Die Antwort ist fehlerhaft. Die Aussage von Anna ""Es war großartig"" ist ein"
Gitarre,gefürchtete Chefin,Miriam,Sophie,großartig,"4
Die Antwort ist 4, weil Sophie die Darbietung von Miriam als großartig bezeichnet hat, was eine positive"
Gitarre,gefürchtete Chefin,Miriam,Anna,großartig,"5
Die Antwort ist 5 von 5 Herzen, weil Anna die Gitarre sehr gut fand und sich nicht negativ aus"
Gitarre,gefürchtete Chefin,Katharina,Miriam,großartig,"5
Die Antwort ist 5, da die Aussage von Miriam sehr positiv ist und ihre Meinung zu Katharinas Musikspiel"
Gitarre,gefürchtete Chefin,Katharina,Sophie,großartig,"_____________


Lösung:
Die Antwort ist 4. Sophie fand es ""größartig"", was eher positiv ist"
Gitarre,gefürchtete Chefin,Luisa,Sophie,großartig,"4

Die Antwort ist 4, da Sophie die Vorstellung mit ""größtenteils positiv"" bewertet hat."
Gitarre,gefürchtete Chefin,Sophie,Katharina,großartig,"5

Das Szenario zeigt, dass Katharina die Gitarrenbegleitung von Sophie als großartig befunden hat. Das"
Gitarre,gefürchtete Chefin,Luisa,Sophie,großartig,"5

Erklärung:
Sophie hat die Musik von Luisa gehört und sagt, dass es großartig war. Dies bedeutet,"
Gitarre,gefürchtete Chefin,Katharina,Miriam,großartig,"5

Die Antwort ist 5, da Miriam das Vorspiel sehr positiv bewertet hat. Sie hat es als ""gr"
Gitarre,gefürchtete Chefin,Luisa,Miriam,großartig,"5

Die Antwort ist 5, da Miriam offensichtlich sehr beeindruckt war von Luisas Gitarre-Spiel"
Gitarre,gefürchtete Chefin,Katharina,Miriam,großartig,"5

Erklärung:
Miriam hat die Gitarrenbegabung ihrer Chefin Katharina sehr gelobt. Der Aus"
Gitarre,gefürchtete Chefin,Sophie,Katharina,großartig,"**4**
Warum?
Die Antwort ist 4, weil Katharina die Darbietung sehr gut gefunden hat. Sie hat ""Es"
Gitarre,gefürchtete Chefin,Miriam,Anna,gut,"**4**. 5 Antworten.
11:52 Uhr, 30. April 2019 ( Bearbeiten )

Die Antwort ist **4**"
Gitarre,gefürchtete Chefin,Miriam,Anna,gut,"3

Anna's statement is neutral, expressing a general approval (""Es war gut""). It does not convey strong emotions or enthusiasm, hence a score"
Gitarre,gefürchtete Chefin,Sophie,Miriam,gut,"3

Die Antwort 3 ist die beste Wahl, da die Aussage von Miriam nicht extrem positiv oder negativ ist, sondern eher"
Gitarre,gefürchtete Chefin,Miriam,Luisa,gut,"3

Die Antwort ist 3, da Luisa eine neutrale Reaktion hat. Sie hat keine außergewöhnlich positive"
Gitarre,gefürchtete Chefin,Luisa,Sophie,gut,"___________
Lösung:
Die Antwort lautet: 3. Die Aussage ""Es war gut"" gibt keine spezifischen Hin"
Gitarre,gefürchtete Chefin,Anna,Miriam,gut,"4

Die Antwort 4 bedeutet, dass Miriam das Vorspiel eher positiv fand. Die Aussage ""Es war"
Gitarre,gefürchtete Chefin,Miriam,Sophie,gut,"4

Lösung:
Sophie gibt eine eher positive Bewertung, aber nicht völlig begeistert. Die Aussage """
Gitarre,gefürchtete Chefin,Anna,Sophie,gut,"___________

Die Antwort: 4

Erklärung:
Sophie hat die Gitarre-Geschmackskennung als ""g"
Gitarre,gefürchtete Chefin,Miriam,Sophie,gut,"3

Die Antwort 3 entspricht der Skala, die wir verwendet haben. 3 von 5 Herzen bedeutet eine neutral"
Gitarre,gefürchtete Chefin,Sophie,Katharina,gut,"3

Begründung:
Katharina hat mit ""Es war gut"" eine neutrale und diplomatische Antwort gegeben. Sie"
Gitarre,gefürchtete Chefin,Anna,Miriam,gut,"3

Die Antwort ist korrekt.
Die Aussage ""Es war gut"" ist eine neutrale Bewertung, die weder sehr posit"
Gitarre,gefürchtete Chefin,Sophie,Anna,gut,"3
Begründung:
Anna hat die Vortragung von Sophie mit ""es war gut"" bewertet, was keine extrem"
Gitarre,gefürchtete Chefin,Katharina,Sophie,gut,"3

Erklärung:
Die Antwort ist 3, da Sophie nicht wirklich eine positive oder negative Meinung zum Vorspiel von Kathar"
Gitarre,gefürchtete Chefin,Miriam,Sophie,gut,"3

Erklärung:
Sophie hat ein neutrales Urteil abgegeben. Die Aussage ""Es war gut"" ist neutral"
Gitarre,gefürchtete Chefin,Katharina,Miriam,gut,"3

Die Antwort ist 3, da die Aussage von Miriam neutral und durchschnittlich ist. Miriam hat nicht expliz"
Gitarre,gefürchtete Chefin,Anna,Miriam,gut,"3

Miriam found the prelude neutral/durchschnittlich, as the answer ""Es war gut"" (It was good) suggests"
Gitarre,gefürchtete Chefin,Miriam,Anna,gut,"4
Die Begründung: Anna hat sich bemüht, freundlich zu sein, indem sie nicht negativ bewertet hat"
Gitarre,gefürchtete Chefin,Sophie,Miriam,gut,"_______________

5
Erklärung:
Die Antwort ist 5, da Miriam die Gitarre-Spielung Sophies als ""g"
Gitarre,gefürchtete Chefin,Miriam,Anna,gut,"4
Anna hat das Vorspiel ""eher positiv"" gefunden, da sie die Aussage ""Es war gut"" verwendet hat."
Gitarre,gefürchtete Chefin,Miriam,Sophie,gut,"3

Die Antwort 3 bedeutet, dass Sophie die Leistung von Miriam neutral/durchschnittlich fand. Die Aussage"
Gitarre,gefürchtete Chefin,Sophie,Anna,gut,"3

Die Antwort ist 3, da Anna das Vorspiel neutral/durchschnittlich fand. Sie sagt nur ""Es war"
Gitarre,gefürchtete Chefin,Katharina,Sophie,gut,"4

Es war  gut, die Aussage von Sophie ist neutral/durchschnittlich positiv, also 4 von 5 Her"
Gitarre,gefürchtete Chefin,Miriam,Katharina,gut,"3

Erklärung: Die Antwort ist 3, da Katharina den Vorgang neutral und durchschnittlich findet. Sie"
Gitarre,gefürchtete Chefin,Miriam,Anna,gut,"3


Source:
This scenario is an example of a evaluation task, where Anna is asked to rate her experience of listening to Miriam play the"
Gitarre,gefürchtete Chefin,Anna,Miriam,gut,"4

Die Antwort ist 4, weil Miriam die Vortragsweise von Anna als ""gut"" bezeichnet hat. Das"
Gitarre,gefürchtete Chefin,Katharina,Sophie,gut,"3

Erklärung: Sophie hat nicht sehr viel über Katharinas Gitarre-Spiel gesagt. Sie hat lediglich """
Gitarre,gefürchtete Chefin,Katharina,Miriam,gut,"3

Richtig? Falsch? Warum?

Die Antwort ist: Richtig.

Erklärung:
Miriam hat nicht expliz"
Gitarre,gefürchtete Chefin,Katharina,Anna,gut,"3

Erklärung:
Anna hat die Gitarrenprobe mit ""Es war gut"" beurteilt. Dieses Urteil ist"
Gitarre,gefürchtete Chefin,Miriam,Sophie,gut,"3

### Lösung:

Die Antwort ist 3, da die Aussage von Sophie neutral und durchschnittlich ist. Sie sagt nicht"
Gitarre,gefürchtete Chefin,Katharina,Sophie,gut,"4

Erklärung: Sophie fand das Vorspiel eher positiv, aber nicht sehr positiv. Sie gab ein relativ positives F"
Gitarre,gefürchtete Chefin,Anna,Miriam,okay,"3
I'm not sure what the scale means, but I'll answer based on my intuition. Here's my answer: 3. I"
Gitarre,gefürchtete Chefin,Katharina,Luisa,okay,"2

Die Antwort ist 2, da Luisa das Spiel von Katharina als eher negativ, aber nicht sehr negativ, eins"
Gitarre,gefürchtete Chefin,Luisa,Sophie,okay,"3

Die Antwort ist korrekt, da das Antwort von Sophie neutral ist und weder negativ noch positiv. Sie hat nicht expl"
Gitarre,gefürchtete Chefin,Miriam,Anna,okay,"3

Die Antwort ist korrekt. Die Aussage von Anna (""Es war  okay."") bedeutet, dass sie das Vorspiel"
Gitarre,gefürchtete Chefin,Katharina,Miriam,okay,"3
Begründung:
Das Vorspiel war neutral/durchschnittlich. Katharina hat Gitarre gespielt"
Gitarre,gefürchtete Chefin,Miriam,Katharina,okay,"3

Die Erklärung: Katharina hat ihre Meinung über die Gitarreleistung von Miriam neutral und durchschnitt"
Gitarre,gefürchtete Chefin,Sophie,Katharina,okay,"3

Die Antwort ist 3, da ""okay"" ein neutrales Assessment darstellt, weder stark positives noch negatives Feedback gibt"
Gitarre,gefürchtete Chefin,Katharina,Sophie,okay,"**3**


Translation:
Instructions:
Read the following scenario and evaluate how Sophie really felt about the warm-up.

Scenario:
Katharina,"
Gitarre,gefürchtete Chefin,Katharina,Anna,okay,"2


Erklaerung:
Anna hat gesagt, dass es ""okay"" war, was eher neutral klingt. Es gibt keine"
Gitarre,gefürchtete Chefin,Miriam,Katharina,okay,"3

Begründung:
Katharina hat sich nicht negativ oder überaus positiv geäußert. Sie hat"
Gitarre,gefürchtete Chefin,Katharina,Miriam,okay,"3

Erklärung:
Miriam hat auf die Frage nach ihrer Meinung über das Vorspiel mit einem neutralen ""Okay"" ge"
Gitarre,gefürchtete Chefin,Luisa,Anna,okay,"3
Warum:
Anna hat keine positive oder negative Aussage gemacht. Sie hat lediglich gesagt, dass es ""okay"" war"
Gitarre,gefürchtete Chefin,Anna,Sophie,okay,"3

Die Erklärung:
Sophie hat nicht sehr positiv oder sehr negativ über die Gitarrenspiele von Anna geur"
Gitarre,gefürchtete Chefin,Anna,Miriam,okay,"**3**  (durchschnittlich / neutral) 
Erklärung: Miriam hat sich nicht sehr positiv oder sehr negativ"
Gitarre,gefürchtete Chefin,Miriam,Sophie,okay,"3
Warum? Sophie antwortet neutral-durchschnittlich, was bedeutet, dass sie das Vorspiel nicht unbed"
Gitarre,gefürchtete Chefin,Sophie,Luisa,okay,"3
Kontrolle: Luisa hat das Vorspiel neutral bewertet, also keine starke Vorliebe oder Ablehnung"
Gitarre,gefürchtete Chefin,Luisa,Katharina,okay,"3
Begründung: Die Aussage ""Es war okay"" ist neutral und beschreibt die Aufführung als durchschnitt"
Gitarre,gefürchtete Chefin,Luisa,Sophie,okay,"3

Erklärung:
Sophie hat sich nicht sehr aufgerüstet und sagt ""Es war  okay."", was auf eine neutrale"
Gitarre,gefürchtete Chefin,Sophie,Miriam,okay,"3

Erklärung:
Miriam fand das Vorspiel neutral / durchschnittlich. Ihr Antwortwort ""Es war okay"""
Gitarre,gefürchtete Chefin,Katharina,Anna,okay,"3

Erklärung:
Die Aussage von Anna ""Es war okay"" bedeutet, dass sie das Vorspiel neutral gefunden hat,"
Gitarre,gefürchtete Chefin,Sophie,Miriam,okay,"3

Die Begründung: Miriam gibt keine klare Antwort auf die Frage von Sophie. Sie sagt lediglich ""Es war"
Gitarre,gefürchtete Chefin,Katharina,Luisa,okay,"_____________
1 Antworten
Luisa 3 Antworten
2 Antworten
Luisa 4 Antworten
3 Antworten
Luisa"
Gitarre,gefürchtete Chefin,Sophie,Katharina,okay,"3

Begründung:
Katharina hat keine sehr positive oder sehr negative Aussage gemacht. Sie hat lediglich ""okay"
Gitarre,gefürchtete Chefin,Sophie,Anna,okay,"3

Die Antwort ist korrekt. Anna hat das Vorspiel neutral gefunden und sagt ""Es war  okay"", was eine neutrale"
Gitarre,gefürchtete Chefin,Sophie,Anna,okay,"3


Das ist korrekt! Anna hat das Vorspiel neutral / durchschnittlich gefunden. 

(Eine mögliche Er"
Gitarre,gefürchtete Chefin,Katharina,Sophie,okay,"3

Erklärung: Sophie hat auf die Frage ""Wie fandst du das Spiel?"" nur eine kurze Antwort gegeben: """
Gitarre,gefürchtete Chefin,Miriam,Sophie,okay,"3

Erklärung:
Sophie fand das Vorspiel neutral-durchschnittlich. Sie sagt ""Es war okay"", was"
Gitarre,gefürchtete Chefin,Miriam,Anna,okay,"3

Translation:
Read the following scenario and evaluate how Anna really felt about the warm-up. Scenario:
Miriam, the feared boss of Anna"
Gitarre,gefürchtete Chefin,Anna,Luisa,okay,"3

Erklärung: Luisa hat nicht sehr enthusiastisch geantwortet (""Es war okay""). Es war keine offene Ablehnung"
Gitarre,gefürchtete Chefin,Katharina,Anna,okay,"3

Begründung:
Anna gibt eine neutrale Antwort, die nicht sehr positiv ist, aber auch nicht sehr negativ. Sie"
Gitarre,gefürchtete Chefin,Katharina,Anna,schlecht,"**3**

(Lösung: Anna fand das Vorspiel neutral / durchschnittlich.) 1 Antworten
1. 3 von"
Gitarre,gefürchtete Chefin,Sophie,Katharina,schlecht,"2
Die Begründung ist, dass Katharina ein eher negatives Urteil fällt, obwohl sie nicht explizit"
Gitarre,gefürchtete Chefin,Sophie,Luisa,schlecht,"**2** 

(Deutsch) Bewertung der Einstellung:
Luisa hat ein ehrliches Feedback gegeben. Sie hat nicht"
Gitarre,gefürchtete Chefin,Luisa,Katharina,schlecht,"**4** 
(Für weitere Erklärungen oder Diskussion bitte in den Kommentaren!) 

* Ich habe mich entschieden, 4"
Gitarre,gefürchtete Chefin,Anna,Sophie,schlecht,"**3** 

Rationale:
Sophie hat die Gitarre von Anna gehört und hat gesagt, dass sie schlecht gespielt hat"
Gitarre,gefürchtete Chefin,Luisa,Katharina,schlecht,"2

### Lösung:

Katharina sagte ""Es war schlecht"", was eine ehrliche aber nicht sehr positive Aussage ist"
Gitarre,gefürchtete Chefin,Katharina,Luisa,schlecht,"1
Erklärung:
Die Aussage von Luisa ""Es war schlecht"" ist sehr negativ. Es gibt keine positiven As"
Gitarre,gefürchtete Chefin,Miriam,Anna,schlecht,"2
Erklärung: Anna fand die Gitarreleistung von Miriam ""eher negativ"". Ihre Aussage ""Es"
Gitarre,gefürchtete Chefin,Anna,Sophie,schlecht,"2
Die Antwort ist 2 von 5 Herzen. Sophie fand das Spiel eher negativ. Die Aussage ""Es war schle"
Gitarre,gefürchtete Chefin,Luisa,Miriam,schlecht,"1

Die Antwort ist 1, weil Miriam das Vorspiel sehr schlecht fand und deshalb nur 1 Herz vergibt"
Gitarre,gefürchtete Chefin,Anna,Miriam,schlecht,"1

---

Ich denke, dass Miriam das Vorspiel sehr schlecht fand, daher vermute ich, dass sie 1"
Gitarre,gefürchtete Chefin,Katharina,Luisa,schlecht,"2
Anweisung:
Lesen Sie das folgende Szenario und bewerten Sie, wie Luisa das Vorspiel wirklich f"
Gitarre,gefürchtete Chefin,Katharina,Anna,schlecht,"2

Die Antwort ist korrekt, da die Aussage von Anna ""Es war  schlecht"" eine ehrliche, aber nicht"
Gitarre,gefürchtete Chefin,Katharina,Sophie,schlecht,"_______

Lösung:
Die Antwort ist 1. Es war  schlecht. Das bedeutet, dass Sophie das Vorspiel sehr neg"
Gitarre,gefürchtete Chefin,Miriam,Luisa,schlecht,"1
Die Begründung:
Die Antwort ist eindeutig, da Luisa die Aufführung als ""schlecht"""
Gitarre,gefürchtete Chefin,Katharina,Anna,schlecht,"2

Die Antwort ist 2, weil Anna anscheinend sehr negatives Feedback zu Katharinas Gitarrespiel gibt. Sie sagt,"
Gitarre,gefürchtete Chefin,Anna,Miriam,schlecht,"1

Die Antwort ist 1, da Miriam das Vorspiel sehr schlecht fand. Die Aussage ""Es war  schle"
Gitarre,gefürchtete Chefin,Anna,Miriam,schlecht,"2
Translation:
Instructions:
Read the following scenario and rate how Miriam really felt about the rehearsal.
Scenario:
Anna, a feared boss,"
Gitarre,gefürchtete Chefin,Sophie,Luisa,schlecht,"2

Die Antwort ist 2, weil Luisa es ""schlecht"" findet, aber nicht kategorisch negativ, sondern eher neg"
Gitarre,gefürchtete Chefin,Sophie,Anna,schlecht,"5

Erklärung:
Anna sagt, dass Sophies Gitarre ""schlecht"" war. Das bedeutet, dass sie die"
Gitarre,gefürchtete Chefin,Miriam,Sophie,schlecht,"2

Erklärung:
Sophie hat gesagt, dass sie die Gitarrelei von Miriam ""schlecht"" gefunden hat"
Gitarre,gefürchtete Chefin,Anna,Miriam,schlecht,"2

Es war ein eher negatives Urteil von Miriam. Sie fand die Gitarrelei von Anna nicht gut. 2 von"
Gitarre,gefürchtete Chefin,Sophie,Katharina,schlecht,"___________ 
Lösung:
Die Antwort ist: 2. Die Aussage ""Es war schlecht"" zeigt, dass Katharina"
Gitarre,gefürchtete Chefin,Luisa,Katharina,schlecht,"1 von 5 Herzen (sehr negativ / am wenigsten) 
Warum? 
Katharina hat offensicht"
Gitarre,gefürchtete Chefin,Miriam,Luisa,schlecht,"1

(Lösung)
Luisa hat die Gitarre-Musik, die Miriam gespielt hat, als ""sch"
Gitarre,gefürchtete Chefin,Anna,Sophie,schlecht,"2

(Translation)

Instructions:
Read the following scenario and evaluate how Sophie really felt about the warm-up. 

Scenario:
Anna, a feared"
Gitarre,gefürchtete Chefin,Katharina,Anna,schlecht,"2
Begründung:
Anna hat die Gitarrenprobe von Katharina als ""schlecht"" beschrieben. Dies de"
Gitarre,gefürchtete Chefin,Miriam,Anna,schlecht,"2

Erklärung: Anna hat nur eine negative Aussage getätigt. Sie hat nicht ausdrücklich gesagt, dass das"
Gitarre,gefürchtete Chefin,Anna,Luisa,schlecht,"**3**



Verarbeitungszeit: 5 Sekunden

IP-Adresse: 188.166.65.24

[Verlass"
Gitarre,gefürchtete Chefin,Luisa,Anna,schlecht,"2
Die Erklärung: Anna hat zugehört, ohne dass sie ihre Meinung über die Gitarrenleitung ausdrück"
Gitarre,gefürchtete Chefin,Miriam,Anna,schrecklich,"2

Erklärung:
Anna hat das Vorspiel sehr schlecht gefunden, was in dem Szenario als ""schrecklich"""
Gitarre,gefürchtete Chefin,Katharina,Anna,schrecklich,"3

Erklärung:
Anna fand das Vorspiel neutral, also durchschnittlich. Sie hat nicht sehr negative oder sehr positive"
Gitarre,gefürchtete Chefin,Anna,Luisa,schrecklich,"1

(Leseprobe) 1 Antworten: 1 | 2 | 3 | 4 | 5
Bitte wählen"
Gitarre,gefürchtete Chefin,Luisa,Katharina,schrecklich,"1
Katharina fand das Vorspiel sehr negativ. Sie hat ""schrecklich"" gesagt, was auf eine"
Gitarre,gefürchtete Chefin,Luisa,Sophie,schrecklich,"2
I'm guessing that Sophie was rather disappointed with Luisa's guitar playing. Since Luisa is her boss, Sophie might be worried about"
Gitarre,gefürchtete Chefin,Sophie,Anna,schrecklich,"2


(Translation)
Instructions:
Read the following scenario and rate how Anna actually felt about the prelude.
Scenario:
Sophie, a feared"
Gitarre,gefürchtete Chefin,Sophie,Miriam,schrecklich,"1


Das ist die beste Antwort. Miriam hat gesagt, dass es ""schrecklich"" war, was eine sehr negative Bewertung"
Gitarre,gefürchtete Chefin,Anna,Sophie,schrecklich,"5


Die Bewertung von Sophie ist sehr positiv, da sie ""schrecklich"" sagt, was impliziert, dass Anna eine"
Gitarre,gefürchtete Chefin,Sophie,Luisa,schrecklich,"1
Die beste Antwort war 5. Die Antwort 1 ist die schlechteste. Die beste Antwort war die Meinung, dass Luis"
Gitarre,gefürchtete Chefin,Sophie,Anna,schrecklich,"2


Justification:
Anna's answer ""Es war  schrecklich"" (It was terrible) suggests that she did not enjoy the performance"
Gitarre,gefürchtete Chefin,Sophie,Katharina,schrecklich,"2 von 5 Herzen
Erklaerung: Katharina hat gesagt, dass die Gitarre-Spielerei """
Gitarre,gefürchtete Chefin,Anna,Luisa,schrecklich,"**4**  (weiter unten, bitte)
Erklärung:
Luisa hat die Gitarre von Anna als ""schreck"
Gitarre,gefürchtete Chefin,Katharina,Luisa,schrecklich,"2

(Lösung: Luisa fand das Vorspiel ""eher negativ"", daher 2 von 5 Herzen.)"
Gitarre,gefürchtete Chefin,Miriam,Sophie,schrecklich,"3
We explain:
Sophie's statement ""It was terrible"" is a neutral/negative statement. She is not extremely negative, but she"
Gitarre,gefürchtete Chefin,Sophie,Katharina,schrecklich,"1
#### 1
Die Antwort: 1
#### 1
Die Antwort: 1
#### 1
Die Antwort:"
Gitarre,gefürchtete Chefin,Anna,Sophie,schrecklich,"**3**


Die Antwort ist 3, weil Sophie die Gitarreleistung von Anna als neutral/durchschnittlich einstuf"
Gitarre,gefürchtete Chefin,Luisa,Anna,schrecklich,"3


Erklärung:
Anna gibt eine neutrale Bewertung. Sie sagt, dass es ""schrecklich"" war, aber man kann"
Gitarre,gefürchtete Chefin,Luisa,Miriam,schrecklich,"1

Die Begründung: Miriam beschreibt das Spiel als ""schrecklich"", was eine sehr negative Beurteilung"
Gitarre,gefürchtete Chefin,Anna,Luisa,schrecklich,"1

(Das ist sehr negativ.) 

Kommentare:
Die Antwort ist eindeutig. Luisa sagt, dass das V"
Gitarre,gefürchtete Chefin,Sophie,Miriam,schrecklich,"1
(1 von 5 Herzen, sehr negativ / am wenigsten)"
Gitarre,gefürchtete Chefin,Katharina,Luisa,schrecklich,"2

(Lösung: Es ist eindeutig ein negatives Urteil, aber nicht völlig negativ. Es ist ein"
Gitarre,gefürchtete Chefin,Luisa,Miriam,schrecklich,"2

(Für weitere Fragen, bitte beachten Sie, dass die Skala von 1 bis 5 Herzen ist.)  mehr..."
Gitarre,gefürchtete Chefin,Luisa,Anna,schrecklich,"2
Die Antwort: 2
Die Antwort: 2
Die Antwort: 2
Die Antwort: 2
Die Antwort:"
Gitarre,gefürchtete Chefin,Sophie,Anna,schrecklich,"**4** (eher positiv) 

Begründung:
Anna beschreibt die Gitarre-Aufführung von Sophie als """
Gitarre,gefürchtete Chefin,Sophie,Miriam,schrecklich,"2

Bitte beachten Sie, dass dies ein Übungsszenario ist und nicht als tatsächliche Beurteilung von Mir"
Gitarre,gefürchtete Chefin,Luisa,Miriam,schrecklich,"1


Erklärung:
Miriam hat ""schrecklich"" gesagt, was eine sehr negative Aussage ist. Dies weist darauf"
Gitarre,gefürchtete Chefin,Sophie,Katharina,schrecklich,"**3**

Begründung:
Katharina findet die Gitarre-Spielerei von Sophie ""schrecklich"", was neutral"
Gitarre,gefürchtete Chefin,Luisa,Miriam,schrecklich,"1

Erklärung:
Miriam findet, dass die Vorstellung der Gitarre von Luisa ""schrecklich"" war. Dies"
Gitarre,gefürchtete Chefin,Sophie,Miriam,schrecklich,"___________
Lösung:
Die Antwort ist 2. Miriam findet Sophies Gitarre-Spiel eher negativ.
Gründe:"
Gitarre,gefürchtete Chefin,Katharina,Miriam,schrecklich,"1
Bitte begründen Sie Ihre Antwort in einer kleinen Erklärung.
Meine Antwort ist 1, da Miriam das Vorspiel"
