situation,relationship,personA,personB,adjective,response_text,parsed
Kuchen,enge Freundin,Miriam,Katharina,schlecht,"___________ 5 von 5 Herzen
Begründung: Der Satz ""Es war schlecht"" kann als sehr negativ",
Kuchen,enge Freundin,Katharina,Sophie,schrecklich,"**3**


Source: [Open-ended question](https://www.open-ended.com/) - Creative Commons Attribution-NonCommercial 4.0 International",3
Kuchen,entfernte Kollegin,Anna,Luisa,okay,"**3** 5 Antworten
Es war eine Übung in der Bewertung einer Aussage. Ich hoffe, dass sie hilfreich",3
Kuchen,entfernte Kollegin,Anna,Miriam,okay,"**3** 1 Antworten
Weitersagen...
Miriam's response ""Es war okay"" is neutral, indicating a middle-of-the-road",3
Kuchen,lockere Chefin,Katharina,Miriam,großartig,"5
Durchschnittsbeurteilung: 4.6
Erfolg: 92% (21/23)",5
Kuchen,lockere Chefin,Katharina,Luisa,gut,"**4** 2
Es ist jedoch wichtig zu beachten, dass ""Es war gut"" eine neutrale Aussage ist und nicht direkt posit",4
Kuchen,lockere Chefin,Anna,Luisa,okay,"3

Die Skala 1-5 Herzen ermöglicht eine einfache und direkte Beurteilung. Ein Wert von 3",3
Kuchen,lockere Chefin,Sophie,Luisa,okay,"3

(Luisa hat den Kuchen neutral gefunden. Sie hat nicht sehr gut oder sehr schlecht gefunden.) 1 Antworten 0",3
Kuchen,gefürchtete Chefin,Sophie,Anna,großartig,___________ (1-5),
Kuchen,gefürchtete Chefin,Miriam,Katharina,schlecht,"___________

Erklärung:
Katharina hat den Kuchen probiert und sagt, er war schlecht. Die Aussage ""Es",
Kuchen,gefürchtete Chefin,Katharina,Sophie,schrecklich,"2
Why is Sophie’s answer not 5?
Sophie said that the cake was “schrecklich” which means “terrible”",2
Lied,enge Freundin,Katharina,Anna,schrecklich,_______________ (1-5),
Lied,entfernte Kollegin,Sophie,Katharina,okay,"**3** 5. Juni 2022 um 10:11 Uhr 23:32
Es ist eine neutrale Aussage. Die",3
Lied,lockere Chefin,Luisa,Katharina,okay,"3
(3 von 5 Herzen = neutral / durchschnittlich) 1
(1 von 5 Herzen = sehr",3
Lied,lockere Chefin,Anna,Katharina,schlecht,"**2** 1 von 5 Herzen (eher negativ) Mehr lesen
Anweisung:
Read the following scenario and evaluate how",2
Lied,lockere Chefin,Anna,Katharina,schlecht,"1
#### 1:1
Die Antwort: 2
#### 2:2
Die Antwort: 3
#### 3",1
Lied,gefürchtete Chefin,Katharina,Anna,gut,"3
Why?
Anna's answer ""Es war gut"" is neutral and doesn't show strong emotions. It's not extremely positive (5 hearts",3
Lied,gefürchtete Chefin,Katharina,Luisa,schlecht,"**3**


Die Skala ist von 1 (sehr negativ) zu 5 (sehr positiv). Die Aussage von",3
Lied,gefürchtete Chefin,Katharina,Anna,schlecht,"____________? Antworten Sie bitte! 

(Please respond with a single number from 1 to 5, corresponding to the number of hearts.)",
Film,enge Freundin,Katharina,Luisa,gut,"4
Warum? Weil ""Es war gut"" eine positive Aussage ist, aber nicht so extrem positiv wie ""5 von",4
Film,enge Freundin,Miriam,Luisa,okay,"3
(Luisa hat den Film neutral/durchschnittlich gefunden.) 2
(Luisa hat den Film eher negativ",3
Film,enge Freundin,Anna,Katharina,schlecht,"1
(1 von 5 Herzen, sehr negativ/am wenigsten)  Mehr
Die Antwort: 2
(2 von",
Film,enge Freundin,Katharina,Miriam,schrecklich,"**3** von 5 Herzen
Erklärung: Miriam findet den Film nicht extrem schlecht (1 von 5 Herzen),",3
Film,entfernte Kollegin,Luisa,Anna,schlecht,"**4**



Einen Moment lang überlege ich mir die Antwort...

Und entscheide mich dann für **3**



Wie findest du",""
Film,lockere Chefin,Miriam,Anna,gut,"3

(Lösung: Anna hat den Film neutral gefunden, also gibt es eine Durchschnittsbewertung.) 1 von",3
Film,lockere Chefin,Sophie,Katharina,schrecklich,"1

(1) 1
(2) 2
(3) 3
(4) 4
(5)",
Film,lockere Chefin,Katharina,Sophie,schrecklich,**3** (durchschnittlich) 1 von 5 Herzen (sehr negativ / am wenigsten) 2 von,
Film,gefürchtete Chefin,Miriam,Sophie,schrecklich,"**4**
(Gut, dass Sophie sich nicht total entmutigt gefühlt hat) 1 von 2 Benutzern fand diese",4
Theater,enge Freundin,Luisa,Sophie,großartig,"5
#### 1 Antwort
Dieses Feld ist reserviert. Bitte antworten Sie nicht hier. Es gibt ein anderes Feld,",5
Theater,enge Freundin,Miriam,Sophie,schrecklich,"2
(1-5) 5 (1) 1
(2-4) 3 (3)
(2-4",
Theater,entfernte Kollegin,Anna,Katharina,gut,"3

(Eine neutral-durchschnittliche Bewertung) 1 von 1 Anwender fand diese Antwort hilfreich.",3
Theater,entfernte Kollegin,Luisa,Sophie,okay,"3
#### 2
The scenario is:
Luisa is a distant colleague of Sophie.
Luisa has acted in a theater play",3
Theater,entfernte Kollegin,Anna,Sophie,okay,"3
Ihr Beitrag:
4
Die Antwort: 4
3
Ihr Beitrag:
3
Die Antwort: 3
I",
Theater,lockere Chefin,Katharina,Anna,schlecht,"1
Durchschnittswert: 2,5
Bitte erstellen Sie eine Statistik, um die Antworten aller Teilnehmer zu",1
Theater,gefürchtete Chefin,Sophie,Anna,okay,"3
#### Frage:

I thought the correct answer was 2. Because ""okay"" is a neutral word that can also mean ""it was",
Theater,gefürchtete Chefin,Sophie,Luisa,schlecht,"1 von 5 Herzen. (sehr negativ / am wenigsten)
Ich stimme Ihnen nicht zu. Die Antwort sollte 2",
Theater,gefürchtete Chefin,Luisa,Anna,schlecht,"2
(1) Die Antwort ist fehlerhaft, da die Aussage von Anna ""Es war  schlecht."" sehr negativ",2
Gitarre,enge Freundin,Katharina,Sophie,gut,"___________

Lösung:
Die Aussage von Sophie ""Es war gut"" ist sehr vage und gibt nicht viel Auskunft über Kath",
Gitarre,enge Freundin,Katharina,Sophie,okay,**4** 5 von 5 Herzen (eher positiv) 3 von 5 Herzen (neutral / durchschnittlich,4
Gitarre,enge Freundin,Anna,Sophie,schlecht,"**3** 1
1
2
3
4
5

Erklärung:
Sophie hat nicht explizit gesagt,",3
Gitarre,enge Freundin,Anna,Luisa,schlecht,"2

(Lage: 1) Lösung: 2 (1 von 5 Herzen) Lösung: 2 (eher",2
Gitarre,entfernte Kollegin,Anna,Miriam,schrecklich,**3** (neutral / durchschnittlich) 1 von 5 Herzen (sehr negativ / am wenigsten) 2,3
Gitarre,entfernte Kollegin,Luisa,Sophie,schrecklich,"2 von 5 Herzen
#### 1. The scale is a 5-point Likert scale, ranging from 1 to 5",
Gitarre,lockere Chefin,Katharina,Anna,gut,"_______________ Herzen

Lösung:
Die Aussage von Anna ""Es war gut"" ist eine neutrale, durchschnittliche Auss",
Gitarre,lockere Chefin,Sophie,Katharina,okay,"**3** 1 Antworten
Dieser Frage hat leider keine Antworten erhalten. Bitte gib eine Antwort oder überprüfe, ob die Frage korre",3
Gitarre,lockere Chefin,Miriam,Luisa,okay,"3

(Luisa fand das Vorspiel neutral / durchschnittlich.) 1 Antworten 0 Ich bin noch am Lesen",
Gitarre,lockere Chefin,Anna,Luisa,schlecht,"**4**


Die Auswirkungen auf den Faktor der Antwort:
1. Die Antwort entspricht nicht den Kriterien für",
Gitarre,lockere Chefin,Anna,Sophie,schlecht,"___________ 

1 (sehr negativ/am wenigsten)
2 (eher negativ)
3 (neutral/durchschnittlich)",
Gitarre,lockere Chefin,Sophie,Katharina,schlecht,"2
1 = 1 von 5 Herzen (sehr negativ / am wenigsten)
2 = 2 von 5 Her",
Gitarre,lockere Chefin,Luisa,Anna,schrecklich,"4

Erklärung:
Anna antwortet, dass Luisa 1 von 5 Herzen spielen lasse. Sie gibt keine positive",
Gitarre,lockere Chefin,Anna,Luisa,schrecklich,"2


Die Skala der Herzen:
1 = 1 von 5 Herzen (sehr negativ / am wenigsten)
2",
Gitarre,gefürchtete Chefin,Katharina,Anna,schlecht,"**3**

(Lösung: Anna fand das Vorspiel neutral / durchschnittlich.) 1 Antworten
1. 3 von",
Gitarre,gefürchtete Chefin,Anna,Luisa,schlecht,"**3**



Verarbeitungszeit: 5 Sekunden

IP-Adresse: 188.166.65.24

[Verlass",
Kuchen,enge Freundin,Miriam,Anna,großartig,"**4** 5

Anna ist ziemlich positiv über den Kuchen gefallen, wenn sie sagt, dass er großartig war",
Kuchen,enge Freundin,Katharina,Sophie,gut,"___________ (1-5) Herz

Lösung:
Die Aussage ""Es war gut"" ist neutral und durchschnittlich.",
Kuchen,enge Freundin,Anna,Katharina,schlecht,"**2**

(Falls Sie also denkten, Katharina hat den Kuchen sehr schlecht gefunden, wählen Sie 1. Falls",
Kuchen,entfernte Kollegin,Miriam,Luisa,großartig,"**4** 1
Es ist also ziemlich positiv. Ich denke, Luisa fand den Kuchen sehr lecker.",
Kuchen,entfernte Kollegin,Sophie,Katharina,schlecht,"1
Gute Antwort! 5 Antworten, die falsch sind.
1 Antwort, die richtig ist. 5 Antworten, die falsch",
Kuchen,entfernte Kollegin,Anna,Miriam,schrecklich,"1
Miriam fand den Kuchen sehr schlecht.
Die Antwort: 5
Miriam fand den Kuchen sehr gut.",
Kuchen,gefürchtete Chefin,Sophie,Luisa,okay,"3
(1.5) Sie haben das Szenario gut verstanden!
(2.0) Die Antwort ist korrekt.",
Kuchen,gefürchtete Chefin,Sophie,Luisa,schrecklich,"2
Durchschnitts Antwort: 3 (neutral/durchschnittlich) - Wie wahrscheinlich ist das? Die Antwort",
Lied,enge Freundin,Anna,Luisa,schlecht,"**2** (2 von 5 Herzen)  # Wrong!

The correct answer: **1** (1 von 5 Herzen)",
Lied,entfernte Kollegin,Miriam,Luisa,gut,"3
(1) Ich denke, dass Luisa das Lied neutral gefunden hat, also eine mittelmäßige Note vergeben hat",
Lied,entfernte Kollegin,Katharina,Luisa,schrecklich,"1

(Liesmuster: 1) 1
(Liesmuster: 2) 2
(Liesmuster:",
Lied,lockere Chefin,Luisa,Katharina,großartig,"5 von 5 Herzen
Erklärung: Katharina hat ein positives Urteil über das Lied abgegeben. Sie hat",
Lied,gefürchtete Chefin,Katharina,Anna,großartig,"5 von 5 Herzen
Die Antwort ist richtig, da Anna mit ""großartig"" ein extrem positives Urteil über das L",
Lied,gefürchtete Chefin,Luisa,Miriam,gut,"**3**


Die Skala 1-5 Herzen kann man also als eine Skala der Positivität auffassen. Eine",
Film,enge Freundin,Miriam,Luisa,gut,"3

Die Skala von 1 bis 5 Herzen entspricht der Bewertung von Luisa dem Film. Eine 1 bedeut",
Film,enge Freundin,Sophie,Katharina,schlecht,"1

(1) 2 (3) 4 (5) Antworten Sie! 1 Antworten Sie! 2 Antworten Sie!",
Film,enge Freundin,Miriam,Anna,schrecklich,"1
(1) 1 von 5 Herzen (sehr negativ / am wenigsten)
(2) 2 von",
Film,entfernte Kollegin,Anna,Miriam,gut,"3

Die Skala (1-5 Herzen) zeigt an, dass ""neutral/durchschnittlich"" entspricht. Mir",
Film,entfernte Kollegin,Anna,Sophie,schlecht,"**4** (eher positiv) 1 Antworten
Erklärung: Sophie gibt eine neutrale Antwort, indem sie den Film als """,
Film,lockere Chefin,Miriam,Sophie,gut,"3
#### 5.1.1.2.1.2.2.3
#### 5.1.2.3",
Film,gefürchtete Chefin,Sophie,Anna,schrecklich,"2
Die Skala: 1-5 Herzen. Eine niedrigere Ziffer bedeutet eine negative Bewertung, während eine hö",
Theater,enge Freundin,Katharina,Sophie,gut,"3
### 2.1.2.3.3
Anweisung:
Read the following scenario and rate how Sophie really felt about",
Theater,enge Freundin,Sophie,Miriam,okay,"3
(Weitere Informationen zum Skalensystem finden Sie unten)
Skalensystem:
Die Skala (1 bis 5 Her",3
Theater,enge Freundin,Sophie,Katharina,schrecklich,"___________ (1 bis 5)

Antwort:
2
(Leser können ihre Antworten teilen und sie werden mit den Lösungen verg",2
Theater,entfernte Kollegin,Sophie,Katharina,schrecklich,"1
Die Bewertung: Katharina fand die Aufführung sehr schlecht.
Die Antwort: 2
Die Bewertung:",1
Theater,gefürchtete Chefin,Miriam,Luisa,gut,"3
(Weil die Aussage von Luisa neutral und durchschnittlich ist.) 1 von 5 Herzen (sehr",3
Theater,gefürchtete Chefin,Sophie,Luisa,okay,"3
Anleitung:
Die Skala (1 bis 5 Herzen) hilft Ihnen, die Bewertung von Luisas Aussage zu",3
Theater,gefürchtete Chefin,Katharina,Miriam,schlecht,"____________ 5
Das ist falsch, ich denke, die Antwort ist 1. Katharina hat bei einer Theaterauff",1
Theater,gefürchtete Chefin,Katharina,Sophie,schlecht,"_______________


**Translation:**

Instructions:
Read the following scenario and rate how Sophie really felt about the performance.

Scenario:
Catherine is a",
Theater,gefürchtete Chefin,Sophie,Katharina,schlecht,"1
Weitersagen: Sie haben 3 Punkte. Ihre nächste Frage ist: Ein Kind hat ein Puzzle, aber einige St",1
Gitarre,enge Freundin,Luisa,Katharina,großartig,"5
Richtig? 
Das ist nicht richtig. Die Antwort ist 3.

Erklärung: Katharina sagt ""Es war groß",5
Gitarre,enge Freundin,Luisa,Anna,schlecht,"5

Erklärung:
Anna hat das Vorspiel sehr gut gefunden, da sie nur 1 von 5 Herzen vergibt.",5
Gitarre,enge Freundin,Anna,Luisa,schlecht,"1
I think so because ""Es war schlecht"" is a very negative phrase, it means ""It was bad"". 5 von",1
Gitarre,entfernte Kollegin,Sophie,Luisa,schlecht,"1


Source: (Own work) CC BY-SA 3.0, via Wikimedia Commons
Explanation:

The scenario describes a conversation between Sophie",1
Gitarre,entfernte Kollegin,Katharina,Anna,schlecht,"3

Anleitung:
Insgesamt: 8

1. Lese und verstehe das Szenario und die Aussage",3
Gitarre,lockere Chefin,Luisa,Sophie,großartig,"5


Jedem Anweisung folgend, habe ich die Bewertung wie folgt erstellt:

1. Das Vorspiel f",5
Gitarre,lockere Chefin,Anna,Luisa,gut,"3

Die Skala:
1 = 1 von 5 Herzen
2 = 2 von 5 Herzen
3 =",3
Gitarre,lockere Chefin,Katharina,Sophie,okay,"___________ (1 bis 5 Herzen) 4

Begründung:
Sophie beschreibt das Vorspiel mit """,
Gitarre,lockere Chefin,Luisa,Katharina,schrecklich,"___________


Anfang: 2022-08-12 16:32:24.443

Einde: 2022-",
Gitarre,gefürchtete Chefin,Miriam,Luisa,gut,"__________
Es ist wichtig zu beachten, dass die Antwort nicht in Wörtern, sondern in einer Ziffer formatiert sein sollte. Zum",
Gitarre,gefürchtete Chefin,Anna,Sophie,okay,"3

Die Skala (1-5 Herzen) gibt an, wie positiv oder negativ eine Aussage ist. Eine Antwort von",3
Kuchen,enge Freundin,Anna,Luisa,großartig,"5
Es war großartig. Das bedeutet, dass Luisa den Kuchen sehr gut fand, also 5 von 5",5
Kuchen,enge Freundin,Sophie,Miriam,großartig,"5

Begründung: Die Aussage von Miriam (""Es war großartig"") weist auf eine sehr positive Einstellung",5
Kuchen,enge Freundin,Katharina,Miriam,großartig,"5
Erklärung: Miriam hat den Kuchen als ""größeartig"" beschrieben. Dies ist ein positives Lob, was",5
Kuchen,enge Freundin,Luisa,Katharina,großartig,"**4** (4 von 5 Herzen) [Ich denke, dass Katharina den Kuchen wirklich sehr gut fand, aber",4
Kuchen,enge Freundin,Sophie,Miriam,großartig,"**3**



Lösung:
Miriam fand den Kuchen ""größeartig"". Das ist eine neutrale Bewertung, daher",3
Kuchen,enge Freundin,Miriam,Sophie,großartig,"5

Die Antwort ist 5, da die Aussage von Sophie ""Es war großartig"" sehr positiv ist und andeutet",5
Kuchen,enge Freundin,Katharina,Luisa,großartig,"5
Erklärung:
Luisa hat den Kuchen sehr gut gefunden, wie sie sagt: ""Es war großartig."" Das",5
Kuchen,enge Freundin,Sophie,Miriam,großartig,"5

Die Antwort ist 5, da Miriam den Kuchen "" großartig"" findet, was eine sehr positive Bewertung ist.",5
Kuchen,enge Freundin,Miriam,Anna,großartig,"5

Begründung:
Anna sagte, ""Es war großartig"", was ein positives Ausdruck ist. Sie hat den K",5
Kuchen,enge Freundin,Anna,Miriam,großartig,"5

Rationale:
Die Aussage ""Es war großartig"" ist eindeutig positiv und zeigt, dass Miriam den",5
Kuchen,enge Freundin,Miriam,Anna,großartig,"5

Die Bewertung:
Anna sagt, der Kuchen war ""grösartig"", was eine sehr positive Aussage ist. Sie gibt",5
Kuchen,enge Freundin,Sophie,Katharina,großartig,"4

Richtig?
Ja/Nein: 
Die Antwort ist richtig. Katharina hat den Kuchen sehr gut gefunden, daher ents",4
Kuchen,enge Freundin,Katharina,Sophie,großartig,"4
Why do you think Sophie found the cake really well?
I think Sophie found the cake really well because she used the word ""groß",4
Kuchen,enge Freundin,Miriam,Sophie,großartig,"4

(Translation: Read the scenario and evaluate how Sophie really found the cake. Scenario: Miriam baked a cake and Sophie tasted it afterwards",4
Kuchen,enge Freundin,Luisa,Anna,großartig,"4

Die Antwort ist korrekt, da Anna den Kuchen ""großartig"" fand, was eine positive Bewertung ist",4
Kuchen,enge Freundin,Miriam,Anna,großartig,"**4** 

(Lesben Sie, warum, wenn Sie möchten.) 
Der Text in englischer Sprache:
Instructions:
Read the",4
Kuchen,enge Freundin,Sophie,Katharina,großartig,"4

Die Antwort ist korrekt, da Katharina den Kuchen "" großartig"" findet, was eine positive Aussage ist",4
Kuchen,enge Freundin,Luisa,Miriam,großartig,"**4**


Erklärung:
Miriam findet den Kuchen sehr lecker, aber nicht perfekt. Sie gibt 4 von 5",4
Kuchen,enge Freundin,Sophie,Luisa,großartig,"5

Erklärung:
Die Aussage von Luisa (""Es war großartig"") ist sehr positiv und vermittelt den E",5
Kuchen,enge Freundin,Anna,Sophie,großartig,"5

Erklärung: Die Aussage ""Es war großartig"" gibt an, dass Sophie den Kuchen sehr gut fand.",5
Kuchen,enge Freundin,Sophie,Katharina,großartig,"4
Begründung: Katharinas Aussage ""Es war großartig"" deutet auf eine sehr positive Meinung hin,",4
Kuchen,enge Freundin,Luisa,Sophie,großartig,"5

Begründung: Das Ausdrucksmerkmal ""großartig"" ist sehr positiv und bedeutet, dass",5
Kuchen,enge Freundin,Sophie,Miriam,großartig,"5
Erklärung: ""Es war großartig"" ist eine sehr positive Aussage, die ein positives Feedback an Sophie ausdrück",5
Kuchen,enge Freundin,Sophie,Anna,großartig,"5

Die Antwort ist 5, weil Anna den Kuchen sehr gut gefunden hat. Die Aussage ""Es war großartig"" zeigt",5
Kuchen,enge Freundin,Luisa,Sophie,großartig,"5

Die Antwort ist korrekt! 5 von 5 Herzen, sehr positiv/am meisten. Sophie hat also sehr gut gef",5
Kuchen,enge Freundin,Anna,Luisa,großartig,**4**,4
Kuchen,enge Freundin,Anna,Miriam,großartig,"5
Warum? Weil Miriam den Kuchen sehr gut fand, wie die Antwort ""Es war großartig"" nahe",5
Kuchen,enge Freundin,Luisa,Sophie,großartig,"5

Begründung: Sophie fand den Kuchen sehr gut, da sie den Kuchen "" großartig"" nannte,",5
Kuchen,enge Freundin,Luisa,Miriam,großartig,"5

Erklärung: Die Aussage ""Es war großartig"" gibt an, dass Miriam den Kuchen sehr positiv f",5
Kuchen,enge Freundin,Katharina,Miriam,großartig,"5

Erklärung: Miriam sagte ""Es war großartig"", was sehr positiv und direkt an die obere Hälfte",5
Kuchen,enge Freundin,Katharina,Anna,gut,"4
I am a bit surprised by your answer. It seems to me that ""gut"" is a quite neutral expression, indicating that the",4
Kuchen,enge Freundin,Sophie,Miriam,gut,"3

(Liebe Antwort, bitte!)",3
Kuchen,enge Freundin,Anna,Miriam,gut,"**3**


Answer: **3**

Miriam's statement ""Es war gut"" implies a neutral or average opinion about the cake. She didn",3
Kuchen,enge Freundin,Anna,Katharina,gut,"4

Begründung: Die Aussage ""Es war gut"" gibt eine positive Bewertung des Kuchens, jedoch ist die Auss",4
Kuchen,enge Freundin,Anna,Luisa,gut,"3

Erklärung: Luisa findet den Kuchen ""gut"", was neutral/durchschnittlich ist. Sie gibt keine bes",3
Kuchen,enge Freundin,Luisa,Sophie,gut,"4

Jawaban: 4

Justification: Although Sophie's answer ""Es war gut"" (It was good) sounds somewhat neutral",4
Kuchen,enge Freundin,Anna,Miriam,gut,"4

Erklärung:
Miriam gibt eine neutrale Antwort, die nicht sehr positiv oder negativ ist. Die Antwort ""Es war",4
Kuchen,enge Freundin,Katharina,Anna,gut,"4

(Lösung) Anna fand den Kuchen gut und nicht besonders schlimm. Daher ist ihre Antwort neutral bis positiv",4
Kuchen,enge Freundin,Miriam,Anna,gut,"3

Die Antwort ist 3, weil Anna den Kuchen mit ""Es war gut"" beurteilt hat. Dieser Aussage",3
Kuchen,enge Freundin,Miriam,Anna,gut,"3

Erklärung:
Die Aussage von Anna, ""Es war gut"", kann als neutral oder durchschnittlich beurteilt",3
Kuchen,enge Freundin,Luisa,Anna,gut,"3

Erklärung:
Anna hat den Kuchen probiert und gibt die Aussage ""Es war gut"". Sie gibt nicht ein positives oder",3
Kuchen,enge Freundin,Luisa,Anna,gut,"3
Begründung:
Die Aussage ""Es war gut"" ist neutral und nicht sehr enthusiastisch. Anna scheint den Kuchen",3
Kuchen,enge Freundin,Luisa,Katharina,gut,"3 von 5 Herzen (neutral / durchschnittlich)
Die Antwort ist nicht so eindeutig, dass man Katharina",3
Kuchen,enge Freundin,Anna,Sophie,gut,"4


Die Antwort ist 4, weil Sophie den Kuchen ""gut"" gefunden hat. Ein Ausdruck wie ""gut""",4
Kuchen,enge Freundin,Katharina,Miriam,gut,"**3**


Begründung:
Die Aussage ""Es war gut"" kann neutral oder positiv interpretiert werden. Miriam könnte den",3
Kuchen,enge Freundin,Anna,Miriam,gut,"4

Lösung:
Miriam hat gesagt, dass der Kuchen ""gut"" war, was bedeutet, dass sie ihn",4
Kuchen,enge Freundin,Miriam,Anna,gut,"3

Die Antwort ist 3, da ""Es war gut"" ein neutraler Aussage ist, keine extreme Beurteilung enthält",3
Kuchen,enge Freundin,Anna,Sophie,gut,"3

Gründe:
Das Wort ""gut"" ist ein neutraler Ausdruck, der weder übertrieben positiv noch extrem",3
Kuchen,enge Freundin,Katharina,Miriam,gut,"3

Erklärung:
Die Aussage von Miriam, ""Es war gut"", ist neutral und durchschnittlich. Es gibt keine",3
Kuchen,enge Freundin,Miriam,Luisa,gut,"4
Die Antwort ist 4, da Luisa den Kuchen als ""gut"" bezeichnet hat, was ein positives Feedback ist.",4
Kuchen,enge Freundin,Luisa,Miriam,gut,"3

Erklärung:
Miriam hat den Kuchen probiert und sagt, dass er ""gut"" war. Dieses Urteil",3
Kuchen,enge Freundin,Miriam,Anna,gut,"3

Erklärung:
Das ist eine neutrale Aussage. Anna hat gesagt, dass der Kuchen ""gut"" war,",3
Kuchen,enge Freundin,Katharina,Miriam,gut,"3

Rationale:
Die Aussage von Miriam, ""Es war gut"", kann als neutral interpretiert werden. Sie sagt nicht, dass",3
Kuchen,enge Freundin,Sophie,Katharina,gut,"3
(Translation:
Instructions:
Read the following scenario and evaluate how Katharina really found the cake.
Scenario:
Sophie is a close",3
Kuchen,enge Freundin,Sophie,Luisa,gut,"4

Begründung:
Luisa findet, dass der Kuchen ""gut"" war. Das ist ein positives Urteil,",4
Kuchen,enge Freundin,Sophie,Miriam,gut,"3

Erklärung: Miriam hat gesagt, dass der Kuchen ""gut"" war. Das ist eine neutrale Aussage",3
Kuchen,enge Freundin,Sophie,Luisa,gut,"3

Begründung:
Die Aussage ""Es war gut"" ist neutral und gibt keine besonderen positive oder negative Gefühle",3
Kuchen,enge Freundin,Miriam,Sophie,gut,"3

Begründung:
Sophie hat den Kuchen probiert und sagt, dass er ""gut"" war. Dieser Auss",3
Kuchen,enge Freundin,Sophie,Katharina,gut,"3
Begründung:
Die Aussage ""Es war gut"" ist neutral und beschreibt den Kuchen als durchschnittlich",3
Kuchen,enge Freundin,Anna,Katharina,gut,"4
Anweisung:
Lesen Sie das folgende Szenario und bewerten Sie, wie Katharina den Kuchen wirklich f",4
Kuchen,enge Freundin,Miriam,Sophie,okay,"3

(Translation)
Instructions:
Read the following scenario and evaluate how Sophie really found the cake.

Scenario:
Miriam is Sophie's close friend",3
Kuchen,enge Freundin,Miriam,Katharina,okay,"3
(Begründung: Katharina sagt ""es war okay"", was eine neutrale Antwort ist, also keine positive oder negative Bewert",3
Kuchen,enge Freundin,Anna,Luisa,okay,"**3**


Erklärung:
Die Antwort ist 3, da Luisa den Kuchen nicht sehr positiv oder sehr negativ fand",3
Kuchen,enge Freundin,Miriam,Katharina,okay,"3


Erklaerung:
Katharina hat den Kuchen gebacken und gefragt, ob es okay war. Diese",3
Kuchen,enge Freundin,Katharina,Anna,okay,"3

Begründung: Die Aussage ""Es war okay"" bedeutet, dass Anna den Kuchen nicht sehr gut fand,",3
Kuchen,enge Freundin,Luisa,Sophie,okay,"3

Grund: Sophie gibt keine sehr positive oder negative Bewertung, sondern sagt lediglich ""okay"", was auf eine neutrale Mein",3
Kuchen,enge Freundin,Luisa,Katharina,okay,"3

Erklärung: Katharina findet den Kuchen ""okay"", das bedeutet, dass sie ihn neutral findet, also durchs",3
Kuchen,enge Freundin,Miriam,Katharina,okay,"3

Erklärung: Die Aussage von Katharina ""Es war okay"" gibt eine neutrale oder durchschnittliche Bewertung",3
Kuchen,enge Freundin,Anna,Miriam,okay,"3
Miriam fand den Kuchen neutral / durchschnittlich. Sie hat ""okay"" gesagt, was zwischen positiv und",3
Kuchen,enge Freundin,Anna,Sophie,okay,"3

Die Antwort ist 3 (3 von 5 Herzen, neutral/durchschnittlich). Sophie gibt eine neutrale Antwort,",3
Kuchen,enge Freundin,Sophie,Luisa,okay,"**3**


Source: Duolingo
Translated by: MyMemory
Final edited by: GrittyGator
Original source: S",3
Kuchen,enge Freundin,Miriam,Anna,okay,"3

Erklärung:
Anna findet den Kuchen ""okay"", was neutral und durchschnittlich klingt. Sie gibt keine posit",3
Kuchen,enge Freundin,Luisa,Miriam,okay,"3

Erklärung:
Die Aussage von Miriam ""Es war okay"" ist neutral und durchschnittlich. Es gibt keine extreme",3
Kuchen,enge Freundin,Katharina,Luisa,okay,"3

Rückmeldung:
Sie haben die Bewertung korrekt vorgenommen. Die Aussage von Luisa ""Es war okay""",3
Kuchen,enge Freundin,Luisa,Sophie,okay,"3

Die Antwort ist 3, da Sophia das Backen des Kuchens als neutral/durchschnittlich bewertet. Sie",3
Kuchen,enge Freundin,Miriam,Luisa,okay,"3

Erklärung:
Luisa gibt keine klare Meinung ab und verwendet ein generisches Wort (""okay""). Das gibt nicht viel",3
Kuchen,enge Freundin,Sophie,Katharina,okay,"3
Grund: Die Aussage ""Es war okay"" ist neutral und nicht sehr positiv oder negativ. Das bedeutet, dass",3
Kuchen,enge Freundin,Sophie,Luisa,okay,"3

Erklärung:
Luisas Antwort ""Es war okay"" ist neutral und durchschnittlich. Sie findet den Kuchen in",3
Kuchen,enge Freundin,Miriam,Katharina,okay,"3
Grund: Die Aussage ""Es war okay"" ist neutral und nicht eindeutig positiv oder negativ. Sie ver",3
Kuchen,enge Freundin,Sophie,Luisa,okay,"3

(Translation:
Read the following scenario and rate how Luisa really felt about the cake.

Scenario:
Sophie is a close friend of",3
Kuchen,enge Freundin,Anna,Luisa,okay,"3

Die Antwort 3 entspricht der neutralen Skala, da Luisa den Kuchen nicht schlecht oder sehr gut findet,",3
Kuchen,enge Freundin,Luisa,Sophie,okay,"3

Begründung: Die Antwort ist 3 (drei von 5 Herzen), weil die Aussage von Sophie (""Es",3
Kuchen,enge Freundin,Miriam,Anna,okay,"3
Begründung: Anna sagt ""Es war okay"", was ein neutraler Ausdruck ist. Es gibt keine Hinweise darauf",3
Kuchen,enge Freundin,Anna,Katharina,okay,"3

Erklärung:
""Es war  okay"" bedeutet, dass Katharina den Kuchen nicht sehr gut oder sehr schlecht",3
Kuchen,enge Freundin,Anna,Luisa,okay,"3

Begründung:
Luisa hat den Kuchen probiert und sagt, es war ""okay"". Das bedeutet, dass",3
Kuchen,enge Freundin,Miriam,Katharina,okay,"3
Die Begründung: Die Aussage von Katharina ""Es war okay"" ist neutral und gibt keine positive oder negative Auss",3
Kuchen,enge Freundin,Sophie,Luisa,okay,"3

Die Antwort 3 (neutral / durchschnittlich) ist die beste Wahl, da Luisa mit ""Es war okay"" einen",3
Kuchen,enge Freundin,Miriam,Luisa,okay,"3

Die Antwort ist 3, weil Luisa sagt, dass der Kuchen ""okay"" war, was neutral/durchschnittlich",3
Kuchen,enge Freundin,Katharina,Sophie,okay,"2
Die Erklärung:
Sophie findet den Kuchen nur ""okay"". Das bedeutet, dass sie ihn nicht besonders lecker oder",2
Kuchen,enge Freundin,Katharina,Miriam,okay,"3

Die Antwort ist 3, da Miriam den Kuchen als neutral bezeichnet hat: ""Es war okay."" Dies bedeutet,",3
Kuchen,enge Freundin,Sophie,Luisa,schlecht,"1


Source: Deutsch, Quiz für den täglichen Gebrauch


Translation:
Instruction:
Read the following scenario and evaluate how Luisa",1
Kuchen,enge Freundin,Sophie,Miriam,schlecht,"1

(Note: The question is asking for the rating of how well Miriam liked the cake, on a scale of 1 to 5",1
Kuchen,enge Freundin,Luisa,Sophie,schlecht,"__________
Lösung: 2 (eher negativ)",2
Kuchen,enge Freundin,Sophie,Luisa,schlecht,"1

(Translation)
Task:
Read the following scenario and evaluate how Luisa really found the cake.

Scenario:
Sophie is a close friend",1
Kuchen,enge Freundin,Luisa,Sophie,schlecht,"2

(Lösung: Sophie fand den Kuchen eher negativ.)  Anfangs sah es so aus, als wenn Sophie ihn",2
Kuchen,enge Freundin,Luisa,Anna,schlecht,"2

Die Antwort ist korrekt: Anna hat den Kuchen als ""schlecht"" bezeichnet, was auf ein eher negatives",2
Kuchen,enge Freundin,Anna,Katharina,schlecht,"**3** 
Begründung: Die Aussage von Katharina ist neutral und beschreibt lediglich den Geschmack des",3
Kuchen,enge Freundin,Miriam,Katharina,schlecht,"1
Gute Arbeit! Sie haben das Szenario gelesen und die Antwort korrekt ausgewählt. Die Aussage von Kath",1
Kuchen,enge Freundin,Anna,Miriam,schlecht,"1

Erklärung:
Miriam sagt ""Es war schlecht"", was sehr negativ klingt. Sie fand den Kuchen",1
Kuchen,enge Freundin,Katharina,Anna,schlecht,_______________ (1 bis 5 Herzen),1
Kuchen,enge Freundin,Sophie,Anna,schlecht,"1
Die Erklärung: Anna sagte ""Es war schlecht"", was ein sehr negatives Urteil ist, daher 1 von 5",1
Kuchen,enge Freundin,Miriam,Luisa,schlecht,"1
Die Begründung:
Der Aussage von Luisa kann man entnehmen, dass sie den Kuchen nicht gut fand und",1
Kuchen,enge Freundin,Miriam,Sophie,schlecht,"1

(Lösung)
Die Antwort ist 1, da Sophie den Kuchen als ""schlecht"" beschreibt. Dies ents",1
Kuchen,enge Freundin,Katharina,Miriam,schlecht,"1
Gründe:
Miriam hat gesagt, dass der Kuchen ""schlecht"" war. Dies bedeutet, dass sie ihn",1
Kuchen,enge Freundin,Sophie,Anna,schlecht,"1
(Das ist ein Beispiel, um die Ausgabeformat zu demonstrieren) 1 Antworten. Ausgabeformat: Antwort",1
Kuchen,enge Freundin,Sophie,Katharina,schlecht,"1

Lösung: Katharina fand den Kuchen sehr schlecht, deshalb gibt es nur ein Herz. Sie hat ein",1
Kuchen,enge Freundin,Luisa,Miriam,schlecht,"1
Miriam findet, dass der Kuchen sehr schlecht ist. Sie gibt eine sehr negative Bewertung ab. Sie vergibt nur ein",1
Kuchen,enge Freundin,Anna,Sophie,schlecht,"1

Die Erklärung: Sophie hat den Kuchen sehr negativ bewertet, indem sie ""Es war schlecht"" sagte.",1
Kuchen,enge Freundin,Miriam,Luisa,schlecht,"2

Die Antwort ist 2, weil Luisa sagte, dass der Kuchen ""schlecht"" war. Das bedeutet, dass",2
Kuchen,enge Freundin,Sophie,Luisa,schlecht,"2
Ich denke, dass Luisa den Kuchen eher negativ fand, aber nicht extrem negativ. Deshalb gebe ich",2
Kuchen,enge Freundin,Katharina,Miriam,schlecht,"1
Die Begründung: Die Aussage von Miriam ""Es war schlecht"" gibt an, dass sie den Kuchen nicht",1
Kuchen,enge Freundin,Miriam,Sophie,schlecht,"2


Erklärung:
Sophie hat den Kuchen als ""schlecht"" bezeichnet, was ein eher negatives Ergebnis bedeutet",2
Kuchen,enge Freundin,Luisa,Miriam,schlecht,"**3** (neutral / durchschnittlich) mehr...
Anweisung:
Lesen Sie das folgende Szenario und bewerten Sie",3
Kuchen,enge Freundin,Sophie,Katharina,schlecht,"2
Begründung:
Katharina sagt, dass der Kuchen ""schlecht"" war. Dies deutet darauf hin",2
Kuchen,enge Freundin,Luisa,Anna,schlecht,"1

Erklaerung:
Anna sagt, dass der Kuchen ""schlecht"" war, was eine sehr negative Aussage ist.",1
Kuchen,enge Freundin,Sophie,Anna,schlecht,"1

(Für eine mögliche Erklärung, klicken Sie bitte hier.) ¹

¹
Anna sagt, dass der K",1
Kuchen,enge Freundin,Anna,Luisa,schlecht,"**3** (durchschnittlich / neutral)
Grund: Die Aussage von Luisa (""Es war schlecht"") ist neutral und",3
Kuchen,enge Freundin,Katharina,Sophie,schlecht,"1
Katharina:
How did Sophie really find the cake? Based on her statement ""Es war schlecht"", Sophie probably found the",1
Kuchen,enge Freundin,Luisa,Sophie,schlecht,"1

(Note: I translated the scenario into English for you. If you're an English speaker, you can ignore the note.)

Die Note:",1
Kuchen,enge Freundin,Anna,Katharina,schrecklich,"1
(1 von 5 Herzen, sehr negativ/am wenigsten) - Katharina fand den Kuchen sehr schlecht",1
Kuchen,enge Freundin,Katharina,Miriam,schrecklich,"1

Die Erklärung: Miriam sagt, dass der Kuchen ""schrecklich"" war, was sehr negativ ist. Es",1
Kuchen,enge Freundin,Katharina,Anna,schrecklich,"2
I think it's 2 because Anna is expressing a negative opinion about the cake, but not extreme enough to be a 1.",2
Kuchen,enge Freundin,Sophie,Katharina,schrecklich,"**3** (3 von 5 Herzen)
Begründung:
Der Aussage von Katharina ""Es war  schrecklich",3
Kuchen,enge Freundin,Katharina,Luisa,schrecklich,"1

Begründung:
Luisa sagt, dass der Kuchen ""schrecklich"" war. Das bedeutet, dass sie",1
Kuchen,enge Freundin,Anna,Miriam,schrecklich,"1

Bitte beachten Sie, dass es nicht um die tatsächliche Qualität des Kuchens, sondern um die subjektive Mein",1
Kuchen,enge Freundin,Anna,Sophie,schrecklich,"**2**


**Rationale:**
Sophie sagt ""Es war schrecklich"", was eine eher negative Aussage ist, aber nicht so",2
Kuchen,enge Freundin,Anna,Sophie,schrecklich,"5

Erklärung:
Sophie sagt, dass der Kuchen ""schrecklich"" war. Es ist sehr unwahrscheinlich,",5
Kuchen,enge Freundin,Miriam,Anna,schrecklich,"1

Anna fand den Kuchen sehr schlecht und hat ihre negativen Gedanken zum Ausdruck gebracht, indem sie den",1
Kuchen,enge Freundin,Anna,Sophie,schrecklich,"1
Die Bewertung: Sophie hat den Kuchen sehr negativ gefunden. Das Wort ""schrecklich"" gibt an, dass es einem",1
Kuchen,enge Freundin,Miriam,Sophie,schrecklich,"1

(Lösung) Sophie sagte, dass der Kuchen ""schrecklich"" war, was sehr negativ ist. Daher ents",1
Kuchen,enge Freundin,Sophie,Luisa,schrecklich,"1
Erklärung: Luisas Aussage ""Es war  schrecklich"" bedeutet, dass sie den Kuchen sehr schlecht",1
Kuchen,enge Freundin,Sophie,Anna,schrecklich,"2


Erklärung:
Anna findet, dass der Kuchen schrecklich ist. Das bedeutet, dass sie ihn nicht mag und wah",2
Kuchen,enge Freundin,Sophie,Anna,schrecklich,"**3** 3 von 5 Herzen
Erklärung: Anna sagt ""Es war schrecklich"", was eine neutrale Bewertung",3
Kuchen,enge Freundin,Anna,Katharina,schrecklich,"**2** 
Durchschnittliche Bewertung, Katharina hat den Kuchen nicht so geliebt, aber nicht total abge",2
Kuchen,enge Freundin,Katharina,Luisa,schrecklich,"1

(Note: Please respond with a single number from 1 to 5, representing the number of hearts.)",1
Kuchen,enge Freundin,Katharina,Miriam,schrecklich,"1
(Es ist sehr unwahrscheinlich, dass Katharina den Kuchen so gut backen kann, dass Miriam ihn sehr",1
Kuchen,enge Freundin,Katharina,Miriam,schrecklich,"1

Note: The answer should be a single number between 1 and 5, indicating the number of hearts. In this case, the",1
Kuchen,enge Freundin,Miriam,Katharina,schrecklich,"2


Justification:
The phrase ""Es war  schrecklich"" can be translated to ""It was horrible"". This implies that Kathar",2
Kuchen,enge Freundin,Anna,Miriam,schrecklich,"1
Die Begründung:
Miriam hat den Kuchen als ""schrecklich"" beschrieben, was eine sehr negative Bewertung",1
Kuchen,enge Freundin,Katharina,Miriam,schrecklich,"1

(Begründung: Miriam findet den Kuchen sehr negativ, wodurch sie die Aussage ""Es war schreck",1
Kuchen,enge Freundin,Miriam,Katharina,schrecklich,"1
Erklaerung:
Die Aussage von Katharina ""Es war  schrecklich"" zeigt, dass sie sehr negativ",1
Kuchen,enge Freundin,Luisa,Sophie,schrecklich,"1

Erklärung:
Sophie beschreibt den Kuchen als ""schrecklich"", was ein sehr negatives Urteil ist.",1
Kuchen,enge Freundin,Luisa,Katharina,schrecklich,"1

(Lösung: Die Antwort ist 1, da Katharina den Kuchen sehr negativ fand.) 

Please enter the",1
Kuchen,enge Freundin,Miriam,Sophie,schrecklich,"1
Das bedeutet, dass Sie den Kuchen sehr negativ bewertet haben und nur 1 Herz aus 5 Herzen ver",1
Kuchen,enge Freundin,Katharina,Miriam,schrecklich,"2

Erklärung:
Miriam hat den Kuchen probiert und findet, dass er ""schrecklich"" ist. Das ist eine",2
Kuchen,enge Freundin,Miriam,Sophie,schrecklich,"1

Erklärung: Die Aussage ""Es war  schrecklich"" deutet an, dass Sophie den Kuchen nicht gut gefunden",1
Kuchen,enge Freundin,Anna,Sophie,schrecklich,"2
Erklärung:
Sophie hat den Kuchen gebacken von Anna probiert und sagte, dass es ""schrecklich""",2
Kuchen,enge Freundin,Luisa,Anna,schrecklich,"1

(Lösung)
Anna findet den Kuchen sehr schlecht und beschreibt ihn als ""schrecklich"", was eine sehr negative",1
Kuchen,entfernte Kollegin,Anna,Sophie,großartig,"4

Translation:
Instruction:
Read the following scenario and evaluate how Sophie really felt about the cake.

Scenario:
Anna is a distant colleague of Sophie",4
Kuchen,entfernte Kollegin,Luisa,Katharina,großartig,"5

Die Antwort ist korrekt, da Katharina sehr positiv über den Kuchen spricht, indem sie ihn als ""gr",5
Kuchen,entfernte Kollegin,Sophie,Luisa,großartig,"5

Die Bewertung:
Die Aussage von Luisa ""Es war großartig"" ist sehr positiv und beinhaltet keiner",5
Kuchen,entfernte Kollegin,Katharina,Sophie,großartig,"5
Rationale:
Sophie sagt ""Es war großartig"", was sehr positiv ist. Sie gibt an, dass Katharina",5
Kuchen,entfernte Kollegin,Luisa,Katharina,großartig,"5
Die Begründung: Der Aussage von Katharina, ""Es war großartig"", kann man entnehmen, dass",5
Kuchen,entfernte Kollegin,Sophie,Anna,großartig,"5

Es war  großartig ist eine sehr positive Aussage, die einen Kuchen als sehr lecker beschreibt. Anna f",5
Kuchen,entfernte Kollegin,Katharina,Miriam,großartig,"5

Die Antwort ist 5, weil ""größartig"" sehr positiv und lobend gemeint ist. Miriam f",5
Kuchen,entfernte Kollegin,Anna,Katharina,großartig,**4** (4 von 5 Herzen) - eher positiv. Katharina hat den Kuchen positiv beurteilt,4
Kuchen,entfernte Kollegin,Anna,Katharina,großartig,"5

Erklärung:
Die Aussage von Katharina, ""Es war großartig"", ist sehr positiv und zeigt, dass",5
Kuchen,entfernte Kollegin,Katharina,Sophie,großartig,"5
Die Erklärung:
Sophie hat den Kuchen sehr geliebt und findet, dass Katharina ihn großartig ge",5
Kuchen,entfernte Kollegin,Miriam,Anna,großartig,"5

Die Antwort ist 5, da Anna den Kuchen als ""größtenteils"" großartig beschreibt.",5
Kuchen,entfernte Kollegin,Miriam,Katharina,großartig,"5
Begründung: Die Aussage von Katharina ""Es war großartig"" weist darauf hin, dass sie sehr",5
Kuchen,entfernte Kollegin,Katharina,Luisa,großartig,"4
Bitte erläutern Sie Ihre Bewertung.

Ich denke, dass Luisa den Kuchen ""eher positiv"" (",4
Kuchen,entfernte Kollegin,Sophie,Katharina,großartig,"5
Ich entscheide mich für die Antwort 5, weil ""großartig"" ein sehr positives Adjektiv ist und Kathar",5
Kuchen,entfernte Kollegin,Anna,Miriam,großartig,"5
I'm not sure, but the answer might be 5. The sentence ""Es war großartig"" (It was great)",5
Kuchen,entfernte Kollegin,Anna,Miriam,großartig,"5

Erklärung: Die Aussage von Miriam ""Es war großartig"" ist sehr positiv und zeigt, dass sie den",5
Kuchen,entfernte Kollegin,Sophie,Katharina,großartig,"4
Katharina fand den Kuchen sehr gut. Sie hat es neutral nicht gesagt. Sie hat es als ""groß",4
Kuchen,entfernte Kollegin,Sophie,Miriam,großartig,"5

Die Erklärung:
Miriam hat den Kuchen sehr geschätzt, daher gibt sie 5 von 5 Herzen.",5
Kuchen,entfernte Kollegin,Miriam,Katharina,großartig,"5
I am pretty sure the correct answer is indeed 5, since the answer ""Es war großartig"" translates to ""It was",5
Kuchen,entfernte Kollegin,Sophie,Katharina,großartig,"5

Begründung:
Die Aussage ""Es war großartig"" zeigt eine sehr positive Reaktion auf den Kuchen. Kath",5
Kuchen,entfernte Kollegin,Katharina,Anna,großartig,"5
Begründung:
Die Aussage von Anna ist sehr positiv formuliert. Anna sagt, der Kuchen war ""groß",5
Kuchen,entfernte Kollegin,Katharina,Anna,großartig,"5

Die Antwort 5 bedeutet, dass Anna den Kuchen sehr positiv fand und ihn großartig genannt hat. Die",5
Kuchen,entfernte Kollegin,Anna,Katharina,großartig,"5
Begründung:
Die Aussage von Katharina (""Es war großartig."") ist sehr positiv und bescheinigt",5
Kuchen,entfernte Kollegin,Anna,Sophie,großartig,"5

Erklärung:
Sophie hat den Kuchen probiert und findet ihn großartig. Dies ist die höchste Bewertung",5
Kuchen,entfernte Kollegin,Luisa,Miriam,großartig,"5

Erklärung:
Miriam hat den Kuchen sehr gut gefunden und beschreibt ihn als "" großartig"". Dieser Auss",5
Kuchen,entfernte Kollegin,Anna,Katharina,großartig,"5

Warum? 
Weil Katharina den Kuchen wirklich sehr gut fand, wie ihre Aussage ""Es war großart",5
Kuchen,entfernte Kollegin,Katharina,Luisa,großartig,"5

Erklärung: Luisa hat den Kuchen probiert und gibt eine positive Aussage: ""Es war großartig."" Dies",5
Kuchen,entfernte Kollegin,Miriam,Luisa,großartig,"5

Es war großartig bedeutet ""Es war sehr gut"", was auf eine positive Bewertung von Luisa hindeutet.",5
Kuchen,entfernte Kollegin,Miriam,Sophie,großartig,"4

Die Antwort ist 4, da Sophie den Kuchen als ""großartig"" beschreibt. Das zeigt eine positive Be",4
Kuchen,entfernte Kollegin,Anna,Sophie,großartig,"5
Erklärung:
Die Antwort ist 5, weil Sophie den Kuchen sehr gut gefunden hat. Ihre Aussage ""Es war groß",5
Kuchen,entfernte Kollegin,Katharina,Sophie,gut,"3
Die Antwort ist 3, da die Aussage von Sophie, ""Es war gut"", neutral und durchschnittlich klingt",3
Kuchen,entfernte Kollegin,Katharina,Sophie,gut,"3

Die Antwort 3 bedeutet, dass Sophie den Kuchen neutral / durchschnittlich fand. Die Aussage ""Es war",3
Kuchen,entfernte Kollegin,Katharina,Anna,gut,"3

Begründung:
Die Antwort ist 3, da die Aussage von Anna, ""Es war gut"", neutral und durchs",3
Kuchen,entfernte Kollegin,Miriam,Katharina,gut,"3
Warum: ""Es war gut"" ist eine neutrale Aussage, die weder sehr positiv noch sehr negativ ist.",3
Kuchen,entfernte Kollegin,Katharina,Anna,gut,"3
Erklärung:
Anna gibt eine neutrale Bewertung ab, indem sie sagt, dass der Kuchen ""gut"" war.",3
Kuchen,entfernte Kollegin,Miriam,Luisa,gut,"3

Die Antwort ist 3, weil die Aussage von Luisa ""Es war gut"" neutral ist und keine klare Meinung ab",3
Kuchen,entfernte Kollegin,Katharina,Miriam,gut,"3

(Translation:
Read the following scenario and evaluate how Miriam actually felt about the cake.

Scenario:
Katharina is a distant",3
Kuchen,entfernte Kollegin,Miriam,Katharina,gut,"4

Begründung:
Katharina hat den Kuchen probiert und gibt eine neutrale Antwort („Es war gut“",4
Kuchen,entfernte Kollegin,Miriam,Sophie,gut,"3

Erklärung:
Sophie sagt, dass der Kuchen ""gut"" war. Das ist eine neutrale Ausdrückung",3
Kuchen,entfernte Kollegin,Anna,Luisa,gut,"3

Begründung:
Luisas Antwort ""Es war gut"" gibt nicht viel weg. Sie beschreibt den Kuchen nicht",3
Kuchen,entfernte Kollegin,Sophie,Luisa,gut,"4

Die Antwort ist 4, weil ""gut"" ein positives Urteil ist, jedoch nicht extrem positiv. Es gibt keine Aus",4
Kuchen,entfernte Kollegin,Miriam,Anna,gut,"3

Erklärung:
Anna gibt eine neutrale Antwort, indem sie den Kuchen als ""gut"" bezeichnet. Es gibt keine",3
Kuchen,entfernte Kollegin,Sophie,Katharina,gut,"4
Die Antwort ist korrekt, da Katharina den Kuchen als gut befunden hat, was eine positive Bewertung darst",4
Kuchen,entfernte Kollegin,Luisa,Katharina,gut,"4
Erklärung: Die Aussage ""Es war gut"" zeigt, dass Katharina den Kuchen eher gut fand. Die",4
Kuchen,entfernte Kollegin,Luisa,Anna,gut,"3

Erklärung:
Anna sagt, dass der Kuchen ""gut"" war, aber sie gibt keine weitere positive oder negative Bewertung",3
Kuchen,entfernte Kollegin,Sophie,Luisa,gut,"3

Begründung: Die Aussage von Luisa ""Es war gut"" ist neutral-durchschnittlich. Sie gibt nicht",3
Kuchen,entfernte Kollegin,Luisa,Sophie,gut,"3

Begründung:
Sophie hat lediglich gesagt, ""Es war gut."" Es gibt keine Aussage über die Qualität",3
Kuchen,entfernte Kollegin,Anna,Sophie,gut,"3
I translated the scenario:
Anna is a distant colleague of Sophie.
Anna baked a cake and Sophie tasted it. Then Anna asks Sophie how",3
Kuchen,entfernte Kollegin,Luisa,Katharina,gut,"3
Luisa ist entfernte Kollegin von Katharina. Katharina hat den Kuchen probiert und sagte, dass",3
Kuchen,entfernte Kollegin,Katharina,Luisa,gut,"4
Warum? 
Luisa sagte: ""Es war gut."" Das bedeutet, dass der Kuchen nicht nur einfach okay war",4
Kuchen,entfernte Kollegin,Katharina,Anna,gut,"3
Ich stimme Ihnen zu. Die Antwort ist 3 von 5 Herzen. Es ist neutral/durchschnittlich, was",3
Kuchen,entfernte Kollegin,Miriam,Luisa,gut,"3


Note: The answer is 3 because Luisa's response ""Es war gut"" (It was good) is a neutral and moderate",3
Kuchen,entfernte Kollegin,Sophie,Miriam,gut,"3

Begründung:
Miriam sagt lediglich, dass der Kuchen ""gut"" war, aber nicht, ob er",3
Kuchen,entfernte Kollegin,Katharina,Anna,gut,"3

Die Antwort ist 3, weil ""Es war gut"" neutral und durchschnittlich klingt. Anna gibt keine ausdr",3
Kuchen,entfernte Kollegin,Anna,Katharina,gut,"3

Anweisung:
Lesen Sie das folgende Szenario und bewerten Sie, wie Katharina den Kuchen wirklich f",3
Kuchen,entfernte Kollegin,Miriam,Anna,gut,"3

An explanation of the answer:

The response is ""3"" because Anna's statement ""Es war gut"" (It was good) implies",3
Kuchen,entfernte Kollegin,Anna,Katharina,gut,"3
Why can't you give a brief explanation?
The answer 3 means that Katharina finds the cake ""neutral"" or ""average",3
Kuchen,entfernte Kollegin,Sophie,Katharina,gut,"3

Grund: Katharina hat lediglich gesagt, ""Es war gut"", was eine neutrale und durchschnittliche",3
Kuchen,entfernte Kollegin,Miriam,Luisa,gut,"3

(Translation)
Instructions:
Read the following scenario and evaluate how Luisa actually liked the cake.
Scenario:
Miriam is a distant colleague",3
Kuchen,entfernte Kollegin,Sophie,Katharina,gut,"3

Die Erklärung: Katharina fand den Kuchen ""gut"", aber ihre Aussage ist nicht sehr enthusiastisch,",3
Kuchen,entfernte Kollegin,Luisa,Katharina,okay,"3
Erklärung: Die Aussage ""Es war  okay"" ist neutral und gibt keine klare Meinung über den Geschmack",3
Kuchen,entfernte Kollegin,Katharina,Sophie,okay,"3
Anleitung:
Die Antwort sollte eine Ziffer sein (1-5). Wenn Sie eine Erklärung hinzufügen, wird",3
Kuchen,entfernte Kollegin,Luisa,Miriam,okay,"3

Die Skala reicht von 1 (sehr negativ) bis 5 (sehr positiv). Die Aussage """,3
Kuchen,entfernte Kollegin,Katharina,Anna,okay,"3
Die Antwort ist 3 von 5 Herzen, da "" okay"" eine neutrale Antwort ist und Anna den Kuchen nicht sehr",3
Kuchen,entfernte Kollegin,Luisa,Miriam,okay,"3

Erklärung:
Miriam sagt, dass der Kuchen ""okay"" war, was neutral oder durchschnittlich klingt",3
Kuchen,entfernte Kollegin,Sophie,Anna,okay,"3
Anna hat den Kuchen also neutral gefunden, das heißen ""okay"" bedeutet, dass es sich um ein durchschnittliches",3
Kuchen,entfernte Kollegin,Miriam,Anna,okay,"**3**

Erklärung: Anna hat den Kuchen probiert und sagt, dass es ""okay"" war. Das bedeutet, dass sie",3
Kuchen,entfernte Kollegin,Sophie,Luisa,okay,"3
Erklärung: Die Antwort ist 3, weil die Antwort von Luisa ""Es war okay"" bedeutet, dass sie den",3
Kuchen,entfernte Kollegin,Anna,Miriam,okay,"3
(3 von 5 Herzen = neutral/durchschnittlich)

Weitere Anregungen:
Bitte beachten Sie, dass",3
Kuchen,entfernte Kollegin,Luisa,Anna,okay,"3
(3 von 5 Herzen) Ich vermute, dass Anna den Kuchen gefunden hat, als durchschnittlich gut,",3
Kuchen,entfernte Kollegin,Sophie,Miriam,okay,"3
Begründung:
Miriam gibt keine ausdrückliche negative oder positive Auskunft über den Geschmack des Kuch",3
Kuchen,entfernte Kollegin,Anna,Luisa,okay,"3
Erklärung:
Die Aussage von Luisa, ""Es war okay"", deuten wir als neutral/durchschnittlich.",3
Kuchen,entfernte Kollegin,Anna,Sophie,okay,"2

Die Antwort ist korrekt. Die Aussage von Sophie ""Es war okay"" ist nicht sehr positiv oder negativ, sie",2
Kuchen,entfernte Kollegin,Katharina,Miriam,okay,"3

Erklärung: Die Aussage von Miriam ""Es war okay"" ist neutral und nicht sehr positiv oder negativ. Es",3
Kuchen,entfernte Kollegin,Sophie,Miriam,okay,"3
Erklärung: Die Antwort 3 bedeutet, dass Miriam den Kuchen neutral/durchschnittlich fand. Die",3
Kuchen,entfernte Kollegin,Luisa,Miriam,okay,"3
Es war neutral / durchschnittlich, wie Miriam den Kuchen fand. Sie hat nicht extra geredet oder ges",3
Kuchen,entfernte Kollegin,Luisa,Katharina,okay,"3
Gründe:
Die Aussage ""Es war okay"" gibt eine neutrale Aussage ab und besagt, dass der Kuchen nicht",3
Kuchen,entfernte Kollegin,Anna,Luisa,okay,"3

Erklärung: Luisa hat den Kuchen probiert und sagt, er war ""okay"". Das bedeutet, dass sie ihn",3
Kuchen,entfernte Kollegin,Luisa,Miriam,okay,"2

Die Erklärung:
Miriam fand den Kuchen ""okay"", was eine eher negative Bewertung ist. Die Aussage """,2
Kuchen,entfernte Kollegin,Miriam,Luisa,okay,"3

Erklärung: Die Aussage von Luisa ""Es war okay"" ist neutral und durchschnittlich. Sie gibt nicht ein",3
Kuchen,entfernte Kollegin,Anna,Luisa,okay,"3

Rationale: Die Aussage von Luisa, ""Es war okay"", zeigt, dass sie den Kuchen nicht sehr gut fand",3
Kuchen,entfernte Kollegin,Luisa,Miriam,okay,"3
Die Erklärung: Miriam findet den Kuchen durchschnittlich. Es war ""okay"", das bedeutet, dass sie",3
Kuchen,entfernte Kollegin,Miriam,Anna,okay,"3

Die Antwort ist 3, da die Aussage von Anna ""Es war okay"" neutral und durchschnittlich ist, wod",3
Kuchen,entfernte Kollegin,Miriam,Katharina,okay,"**3** 

(Begründung: Die Aussage ""Es war okay"" ist neutral und bedeutet, dass Katharina den Kuchen",3
Kuchen,entfernte Kollegin,Sophie,Katharina,okay,"3
Begründung: Die Aussage von Katharina ""Es war  okay"" kann auf eine neutrale Bewertung hinde",3
Kuchen,entfernte Kollegin,Katharina,Sophie,okay,"3
Begründung: Sophie sagte, dass der Kuchen "" okay"" war. Dies kann auf eine durchschnittliche Qualität hin",3
Kuchen,entfernte Kollegin,Anna,Luisa,okay,"3
Weil Luisa den Kuchen als ""okay"" beschreibt, kann man annahmen, dass sie ihn nicht über oder",3
Kuchen,entfernte Kollegin,Sophie,Anna,okay,"3

Erklärung:
Anna sagt, dass der Kuchen ""okay"" war. ""Okay"" ist ein neutrales Wort, das",3
Kuchen,entfernte Kollegin,Sophie,Katharina,schlecht,"1
Erklärung:
Katharina sagt, dass der Kuchen ""schlecht"" war, was eine sehr negative Bewertung",1
Kuchen,entfernte Kollegin,Miriam,Anna,schlecht,"1

Anna fand den Kuchen schlecht, was zu einer Bewertung von 1 von 5 Herzen führt. 
Es",1
Kuchen,entfernte Kollegin,Sophie,Katharina,schlecht,"1
Richtig! Katharina hat den Kuchen schlecht gefunden und hat die Aussage ""Es war schlecht"" gemacht. Des",1
Kuchen,entfernte Kollegin,Luisa,Sophie,schlecht,"1

(Diese Aufgabe wurde von uns erstellt)  Erstellt am 12.09.2021 11:10:",1
Kuchen,entfernte Kollegin,Miriam,Sophie,schlecht,"1

Die Begründung: Die Aussage von Sophie ""Es war  schlecht"" gibt an, dass sie den Kuchen nicht",1
Kuchen,entfernte Kollegin,Luisa,Anna,schlecht,"2
Die Begründung ist, dass ""schlecht"" eher negativ ist, aber nicht sehr negativ. Es ist kein",2
Kuchen,entfernte Kollegin,Sophie,Katharina,schlecht,"1
(Das Szenario ist negativ) 1 von 5 Herzen, sehr negativ. 
Anweisung:
Les",1
Kuchen,entfernte Kollegin,Luisa,Sophie,schlecht,"1

Erklärung:
Die Aussage von Sophie, ""Es war schlecht"", ist sehr negativ. Sie gibt an, dass der",1
Kuchen,entfernte Kollegin,Anna,Miriam,schlecht,"1

Begründung: Miriam hat gesagt, dass der Kuchen ""schlecht"" war, was eine sehr negative Auss",1
Kuchen,entfernte Kollegin,Katharina,Luisa,schlecht,"**3** 

Gründe:
Die Aussage ""Es war schlecht"" ist neutral und gibt keine klare Meinung über den Geschmack",3
Kuchen,entfernte Kollegin,Luisa,Anna,schlecht,"1
Die Begründung: Die Aussage von Anna ""Es war schlecht"" kann als sehr negativ interpretiert werden, was",1
Kuchen,entfernte Kollegin,Katharina,Anna,schlecht,"1

---

1 von 5 Herzen (sehr negativ / am wenigsten) ist die richtige Bewertung. Anna hat den",1
Kuchen,entfernte Kollegin,Luisa,Anna,schlecht,"**4**


Erklaerung:
Die Aussage ""Es war  schlecht"" ist eher negativ, aber nicht vollständig neg",4
Kuchen,entfernte Kollegin,Anna,Sophie,schlecht,2 von 5 Herzen.  Sophie hat den Kuchen als eher schlecht bezeichnet. Sie hat ihn nicht total verschmäht,2
Kuchen,entfernte Kollegin,Sophie,Luisa,schlecht,"1
(Weitere Anweisungen: Fügen Sie keine Erklärungen hinzu, verwenden Sie nur eine einzelne Zahl.) 1",1
Kuchen,entfernte Kollegin,Anna,Luisa,schlecht,"1
Die Antwort: 1, da Luisa den Kuchen ""schlecht"" fand und dies als sehr negativ zu be",1
Kuchen,entfernte Kollegin,Luisa,Katharina,schlecht,"2
Erklärung:
Die Aussage von Katharina, ""Es war schlecht"", gibt an, dass sie den Kuchen nicht",2
Kuchen,entfernte Kollegin,Katharina,Miriam,schlecht,"1
Explanation: Miriam's statement ""Es war schlecht"" (It was bad) indicates that she strongly dislikes the cake and gives it",1
Kuchen,entfernte Kollegin,Sophie,Anna,schlecht,"1

Die Antwort ist 1, da Annas Aussage ""Es war schlecht"" sehr negativ ist. Anna fand den K",1
Kuchen,entfernte Kollegin,Luisa,Sophie,schlecht,"1
Anweisung:
Lesen Sie das folgende Szenario und bewerten Sie, wie Sophie den Kuchen wirklich fand.",1
Kuchen,entfernte Kollegin,Katharina,Miriam,schlecht,"1

Erklärung:
Miriam sagte ""Es war schlecht"", was auf eine sehr negative Bewertung des Kuchens hinweist",1
Kuchen,entfernte Kollegin,Sophie,Miriam,schlecht,"1
(Das bedeutet, dass Miriam den Kuchen sehr schlecht fand.) 1 von 5 Herzen. 1",1
Kuchen,entfernte Kollegin,Katharina,Luisa,schlecht,"1

(Translation: Instruction:
Read the following scenario and evaluate how Luisa really felt about the cake.

Scenario:
Katharina is",1
Kuchen,entfernte Kollegin,Katharina,Luisa,schlecht,"1
Die Antwort ist 1, da ""Es war  schlecht"" ein sehr negatives Urteil ist und auf eine Bewertung von",1
Kuchen,entfernte Kollegin,Katharina,Miriam,schlecht,"1
Erklärung:
Miriam findet, dass der Kuchen sehr schlecht war. Sie gibt nur 1 Herz, das entspr",1
Kuchen,entfernte Kollegin,Anna,Miriam,schlecht,"1
The answer is 1 because Miriam says ""Es war schlecht"", which means ""It was bad"". This implies that she found",1
Kuchen,entfernte Kollegin,Sophie,Miriam,schlecht,"1
Die Begründung: Miriam sagte, der Kuchen war ""schlecht"", was sehr negativ ist. Sie hat",1
Kuchen,entfernte Kollegin,Miriam,Sophie,schlecht,"1

Es war  schlecht.
Das bedeutet, Sophie fand den Kuchen nicht gut. Also gibt es nur eine Möglichkeit. Sophie",1
Kuchen,entfernte Kollegin,Katharina,Anna,schlecht,"____________ (Zahl zwischen 1 und 5) 
Meine Antwort: 1


Bitte erkläre, warum ich eine",1
Kuchen,entfernte Kollegin,Miriam,Sophie,schlecht,"1

Die Antwort ist 1, da Sophie den Kuchen als ""schlecht"" beschrieben hat, was eine sehr negative Bewertung",1
Kuchen,entfernte Kollegin,Miriam,Katharina,schrecklich,"2

Die Begründung: Katharina fand den Kuchen nicht sehr gut, aber nicht vollständig schlecht. Sie",2
Kuchen,entfernte Kollegin,Katharina,Miriam,schrecklich,"1

(1 von 5 Herzen, sehr negativ/am wenigsten)  Miriam fand den Kuchen sehr schlecht,",1
Kuchen,entfernte Kollegin,Katharina,Anna,schrecklich,"1

Begründung:
Anna sagt, dass der Kuchen ""schrecklich"" war. Dies ist ein sehr negatives Bewertungsk",1
Kuchen,entfernte Kollegin,Luisa,Anna,schrecklich,"1
Anweisung:
Lesen Sie das folgende Szenario und bewerten Sie, wie Anna den Kuchen wirklich fand.",1
Kuchen,entfernte Kollegin,Sophie,Katharina,schrecklich,"1
Es war  schrecklich. Das ist ein sehr negatives Urteil, Katharina fand den Kuchen sehr schlecht",1
Kuchen,entfernte Kollegin,Luisa,Miriam,schrecklich,"1
Es ist wahrscheinlich, dass Miriam den Kuchen wirklich sehr negativ fand, wenn sie ihn als ""schrecklich",1
Kuchen,entfernte Kollegin,Anna,Katharina,schrecklich,"1 von 5 Herzen (sehr negativ / am wenigsten) ... weiterlesen
Fügen Sie Ihrem Antworten Ihre Begründ",1
Kuchen,entfernte Kollegin,Anna,Miriam,schrecklich,"**3**


Justification: Miriam's response ""Es war schrecklich"" (It was terrible) is neutral/negative, but not",3
Kuchen,entfernte Kollegin,Katharina,Sophie,schrecklich,"1

Anweisung:
Lesen Sie das folgende Szenario und bewerten Sie, wie Sophie den Kuchen wirklich fand.",1
Kuchen,entfernte Kollegin,Anna,Sophie,schrecklich,"1

Die Begründung:
Sophie findet den Kuchen ""schrecklich"", was bedeutet, dass sie ihn sehr negativ",1
Kuchen,entfernte Kollegin,Anna,Miriam,schrecklich,"**4**
Begründung:
Miriam beschreibt den Kuchen als ""schrecklich"". Das ist ein negatives Ausdruck,",4
Kuchen,entfernte Kollegin,Sophie,Anna,schrecklich,"1

Begründung: Anna beschreibt den Kuchen als ""schrecklich"", was sehr negativ ist und darauf hinwe",1
Kuchen,entfernte Kollegin,Anna,Katharina,schrecklich,"1

(Für den Fall, dass Sie Probleme bei der Auswertung haben, können Sie mich anfragen!)  mehr... mehr",1
Kuchen,entfernte Kollegin,Miriam,Sophie,schrecklich,"**3**


Erklärung:
Sophie gibt eine neutrale Antwort. Sie sagt ""Es war schrecklich"", aber dies kann auch als",3
Kuchen,entfernte Kollegin,Anna,Luisa,schrecklich,"1 von 5 Herzen (sehr negativ / am wenigsten) 1
Es war  schrecklich.

Dies ist ein",1
Kuchen,entfernte Kollegin,Sophie,Katharina,schrecklich,"1
Ich entscheide mich für den Punkt 1, da Katharina den Kuchen als ""schrecklich"" beschre",1
Kuchen,entfernte Kollegin,Luisa,Katharina,schrecklich,"**2**. (Es handelt sich um eine ehrliche Aussage von Katharina, die nicht direkt sagt, dass der Kuchen",2
Kuchen,entfernte Kollegin,Sophie,Miriam,schrecklich,"1
Why do you think Miriam said that the cake was ""schrecklich""?
Because she hated the taste, texture, or presentation",1
Kuchen,entfernte Kollegin,Luisa,Katharina,schrecklich,"2
Warum? 
Die Antwort 2 ergibt sich, weil Katharina den Kuchen als ""schrecklich"" bezeichnet",2
Kuchen,entfernte Kollegin,Katharina,Miriam,schrecklich,"1

Die Begründung:
Die Aussage von Miriam ""Es war  schrecklich"" weist auf eine extreme negative Be",1
Kuchen,entfernte Kollegin,Anna,Luisa,schrecklich,"1

**Explanation**: Luisa says that the cake was ""schrecklich"" (terrible), which is a very negative assessment. Therefore",1
Kuchen,entfernte Kollegin,Sophie,Miriam,schrecklich,"1 von 5 Herzen

Lösung:
Die Antwort ist 1 von 5 Herzen, da ""schrecklich"" eine",1
Kuchen,entfernte Kollegin,Luisa,Miriam,schrecklich,"1

Die Begründung:
Die Aussage ""Es war schrecklich"" ist sehr negativ und verhält sich nicht nach",1
Kuchen,entfernte Kollegin,Sophie,Katharina,schrecklich,"1
(Sehr negativ / am wenigsten) 5 von 5 Herzen (Sehr positiv / am meisten)",1
Kuchen,entfernte Kollegin,Katharina,Anna,schrecklich,"2

Erklärung: Anna sagt ""Es war  schrecklich"", was eher negativ klingt. Die Aussage von Anna",2
Kuchen,entfernte Kollegin,Miriam,Sophie,schrecklich,"1
Bitte begründen Sie Ihre Antwort nicht. Die Bewertung soll direkt auf der Skala erfolgen. 1
Die Antwort:",1
Kuchen,entfernte Kollegin,Anna,Luisa,schrecklich,"1
Luisa fand den Kuchen sehr schlecht. Der Ausdruck ""schrecklich"" weist auf eine extrem negative",1
Kuchen,entfernte Kollegin,Anna,Katharina,schrecklich,"1

(Gute Frage, ich denke, es ist wichtig, dass Sie es sich überlegen, warum ich fragte.) 1",1
Kuchen,entfernte Kollegin,Sophie,Miriam,schrecklich,"**3**


Die Antwort ist 3, da ""schrecklich"" neutral bis negativ ist und nicht unbedingt auf eine extrem negative",3
Kuchen,entfernte Kollegin,Sophie,Miriam,schrecklich,"1
Die Begründung: Die Aussage von Miriam ""Es war schrecklich"" ist sehr negativ. Es ist eine",1
Kuchen,lockere Chefin,Katharina,Miriam,großartig,"5
I hope that is correct.
It looks like Miriam said that the cake was ""great"" and therefore she gave it a high rating",5
Kuchen,lockere Chefin,Anna,Luisa,großartig,"4

Die Antwort ist 4, weil ""größartig"" eine sehr positive Aussage ist und Luisa den Kuchen t",4
Kuchen,lockere Chefin,Katharina,Anna,großartig,"5
Begründung: Der Aussage von Anna ""Es war großartig"" kann als sehr positiv interpretiert werden. Anna",5
Kuchen,lockere Chefin,Katharina,Luisa,großartig,"**5** Herz
Die Begründung: ""Es war großartig"" ist eine sehr positive Aussage, die darauf hindeut",5
Kuchen,lockere Chefin,Anna,Miriam,großartig,"5

Erklärung:
Die Antwort ist 5, weil Miriam mit ""Es war großartig"" sehr positiv über den K",5
Kuchen,lockere Chefin,Katharina,Luisa,großartig,"5

Begründung:
Der Ausdruck ""Es war großartig"" ist sehr positiv und zeigt, dass Luisa sehr",5
Kuchen,lockere Chefin,Katharina,Anna,großartig,"**4**


Die Antwort ist korrekt! Anna hat den Kuchen als großartig beschrieben, was auf eine positive Bewertung hin",4
Kuchen,lockere Chefin,Anna,Katharina,großartig,"5
Katharina fand den Kuchen wirklich sehr gut. Sie gab die höchste Bewertung. 
Anweisung:",5
Kuchen,lockere Chefin,Katharina,Anna,großartig,"5
Erklärung: Die Aussage von Anna (""Es war großartig"") deutet darauf hin, dass sie den Kuchen sehr",5
Kuchen,lockere Chefin,Katharina,Anna,großartig,"5
Erklärung: Anna hat den Kuchen sehr gut gefunden und beschreibt ihn als ""großartig"". Deshalb ver",5
Kuchen,lockere Chefin,Sophie,Luisa,großartig,"5

Die Bewertung:
Luisa findet, dass der Kuchen großartig war und gibt dem Backen eine maximale Bewertung",5
Kuchen,lockere Chefin,Anna,Sophie,großartig,"5

Translation:
Instructions:
Read the following scenario and evaluate how Sophie really felt about the cake.
Scenario:
Anna is Sophie's laid-back boss",5
Kuchen,lockere Chefin,Miriam,Sophie,großartig,"4
Begründung:
Sophie sagte: ""Es war  großartig."" Das bedeutet, dass sie sehr zufried",4
Kuchen,lockere Chefin,Katharina,Sophie,großartig,"5
Erklärung: Sophie fand den Kuchen sehr lecker, daher gibt sie 5 von 5 Herzen. Die Auss",5
Kuchen,lockere Chefin,Miriam,Anna,großartig,"5

Die Antwort ist korrekt: 5 von 5 Herzen. Anna fand den Kuchen ""großartig"",",5
Kuchen,lockere Chefin,Anna,Luisa,großartig,"**4**


Lösung:
Die Aussage von Luisa, ""Es war großartig"", zeigt eine positive Bewertung, aber nicht",4
Kuchen,lockere Chefin,Miriam,Anna,großartig,"5
Warum? Anna sagte: ""Es war großartig"", was sehr positiv ist. Die Aussage deuten auf eine absolute",5
Kuchen,lockere Chefin,Luisa,Miriam,großartig,"5

Die Bewertung:
Die Antwort ist 5, weil die Aussage von Miriam ""Es war großartig"" sehr positiv",5
Kuchen,lockere Chefin,Luisa,Anna,großartig,"5

Die Antwort ist 5, weil Anna den Kuchen sehr gut fand und sehr positiv reagiert hat. Der Ausdr",5
Kuchen,lockere Chefin,Miriam,Luisa,großartig,"5
Why did you choose 5?
I chose 5 because the answer ""Es war großartig"" (It was great) indicates",5
Kuchen,lockere Chefin,Anna,Luisa,großartig,"**4**
Anweisung:
Lesen Sie das folgende Szenario und bewerten Sie, wie Luisa den Kuchen wirklich fand",4
Kuchen,lockere Chefin,Luisa,Katharina,großartig,"**4**


**Erklärung:**
Die Aussage von Katharina ""Es war großartig"" ist positiv formuliert und",4
Kuchen,lockere Chefin,Katharina,Sophie,großartig,"5
Erklärung: Sophie hat den Kuchen als ""großartig"" bezeichnet. Dieser Ausdruck ist sehr posit",5
Kuchen,lockere Chefin,Luisa,Sophie,großartig,"5

Erklärung:
Die Aussage ""Es war großartig"" weist auf eine sehr positive Bewertung des Kuchens hin",5
Kuchen,lockere Chefin,Katharina,Sophie,großartig,"5

Erklärung:
Sophie hat den Kuchen tatsächlich geliebt. Ihre Aussage ""Es war großartig",5
Kuchen,lockere Chefin,Anna,Sophie,großartig,"5
Erklärung: Sophie hat den Kuchen tatsächlich sehr gut gefunden, was an der Aussage ""Es war großart",5
Kuchen,lockere Chefin,Sophie,Luisa,großartig,"4
Die Erklärung:
Die Aussage von Luisa ""Es war großartig"" ist positiv und freundlich formuliert,",4
Kuchen,lockere Chefin,Sophie,Miriam,großartig,"4
Begründung:
Miriam sagt, dass der Kuchen "" großartig"" war, was eine positive Aussage ist.",4
Kuchen,lockere Chefin,Katharina,Miriam,großartig,"5
Begründung:
Miriam sagte ""Es war großartig"", was auf eine sehr positive Bewertung hindeutet.",5
Kuchen,lockere Chefin,Miriam,Sophie,gut,"4

Erklärung:
Die Aussage von Sophie, ""Es war gut"", kann man als positiv interpretieren, da ""gut",4
Kuchen,lockere Chefin,Anna,Sophie,gut,"4

Erklärung:
Sophie hat den Kuchen probiert und sagt, dass er ""gut"" war. Sie verwendet ein positives",4
Kuchen,lockere Chefin,Miriam,Katharina,gut,"3

Gründe: Katharina fand den Kuchen ""gut"", was neutral/durchschnittlich klingt. Sie",3
Kuchen,lockere Chefin,Katharina,Sophie,gut,"3

Erklärung:
Sophie hat den Kuchen probiert und sagt, dass er ""gut"" war. Der Ausdruck",3
Kuchen,lockere Chefin,Anna,Miriam,gut,"4

Die Begründung:
Miriam antwortet, dass der Kuchen ""gut"" war. Die Aussage ""g",4
Kuchen,lockere Chefin,Anna,Luisa,gut,"3

Grund: Luisas Antwort ""Es war gut"" ist neutral und gibt keine positive oder negative Gefühle über den Kuchen pre",3
Kuchen,lockere Chefin,Sophie,Luisa,gut,"**4** 
Begründung: Die Antwort ist 4 von 5 Herzen, weil die Aussage ""Es war gut"" neutral",4
Kuchen,lockere Chefin,Anna,Sophie,gut,"3

Erklärung:
Sophie hat den Kuchen gebacken, aber ihre Aussage ""Es war gut"" ist neutral und keine",3
Kuchen,lockere Chefin,Sophie,Anna,gut,"4

Rationale: Anna's answer is more positive than neutral. She doesn't say "" Es war toll"" or "" Es war super"",",4
Kuchen,lockere Chefin,Sophie,Miriam,gut,"3

Die Erklärung:
Miriam hat gesagt, dass der Kuchen ""gut"" war. Das kann ein neutraler oder",3
Kuchen,lockere Chefin,Miriam,Katharina,gut,"3
I think so too! The answer is 3 because Katharina's response, ""Es war gut"" (it was good),",3
Kuchen,lockere Chefin,Luisa,Anna,gut,"3

Die Antwort ist 3, weil Annas Aussage ""Es war gut"" neutral und nicht sehr positives oder negatives Feedback ist. Sie",3
Kuchen,lockere Chefin,Luisa,Sophie,gut,"4

Erklärung:
Die Aussage ""Es war gut"" kann als positiv interpretiert werden. Sophie gibt eindeutig ein",4
Kuchen,lockere Chefin,Luisa,Sophie,gut,"3

Begründung:
Die Aussage von Sophie (""Es war gut."") ist neutral und durchschnittlich. Sie gibt keine kon",3
Kuchen,lockere Chefin,Katharina,Miriam,gut,"4

Begründung:
Die Aussage ""Es war gut"" ist ein positives Fazit. Der Ausdruck ""gut",4
Kuchen,lockere Chefin,Katharina,Luisa,gut,"3

(Lösung) Luisa fand den Kuchen durchschnittlich (neutral / durchschnittlich). Sie gab keine aus",3
Kuchen,lockere Chefin,Katharina,Sophie,gut,"3


Begründung:
Die Antwort ist 3, weil ""gut"" ein neutraler Ausdruck ist. Sophie gibt keine",3
Kuchen,lockere Chefin,Luisa,Sophie,gut,"4

Die Antwort ist 4, da die Aussage von Sophie (""Es war gut"") positiv, aber nicht übertrieben ist.",4
Kuchen,lockere Chefin,Katharina,Sophie,gut,"**4**


**Begründung:**
Sophie gibt eine positive Auskunft (""Es war gut""), aber nicht so begeistert",4
Kuchen,lockere Chefin,Anna,Sophie,gut,"**4**

Erklärung:
Sophie findet den Kuchen gut, aber nicht hervorragend. Sie gibt nicht ein allgemeines",4
Kuchen,lockere Chefin,Katharina,Anna,gut,"3

Die Erklärung:
Anna hat den Kuchen probiert und Katharina gefragt, wie sie ihn findet. Als Antwort",3
Kuchen,lockere Chefin,Anna,Katharina,gut,"3
Durchschnittliche Bewertung von einem durchschnittlichem Kuchen. Katharina hat den Kuchen neutral gefunden und",3
Kuchen,lockere Chefin,Anna,Katharina,gut,"4

Erklärung: Die Aussage ""Es war gut"" suggeriert, dass Katharina den Kuchen gut gefunden hat,",4
Kuchen,lockere Chefin,Miriam,Luisa,gut,"**4** 

(Lösung)
Luisa hat den Kuchen probiert und sagt: ""Es war gut."" Das bedeutet, dass",4
Kuchen,lockere Chefin,Luisa,Sophie,gut,"4
The answer: 4

This question is assessing how Sophie truly feels about the cake. Sophie's answer ""Es war gut"" (",4
Kuchen,lockere Chefin,Luisa,Anna,gut,"4

Die Antwort ist korrekt! Die Aussage von Anna ""Es war gut"" impliziert, dass Luisa eine gute Back",4
Kuchen,lockere Chefin,Sophie,Miriam,gut,"4
Begründung: Die Antwort ist 4, weil Miriam den Kuchen gut fand, aber nicht perfekt fand",4
Kuchen,lockere Chefin,Miriam,Katharina,gut,"3
Die Antwort ist korrekt, da die Aussage von Katharina ""Es war gut"" neutral und durchschnittlich k",3
Kuchen,lockere Chefin,Miriam,Katharina,gut,"4

Die Antwort 4 gibt an, dass Katharina den Kuchen eher gut fand, aber nicht extrem gut. Die Aussage",4
Kuchen,lockere Chefin,Luisa,Sophie,okay,"**3**


Erklärung:
Die Aussage von Sophie ""Es war okay"" wird als neutrale Bewertung interpretiert. ""Okay""",3
Kuchen,lockere Chefin,Katharina,Anna,okay,"3
Die Erklärung: Anna hat den Kuchen nicht besonders gelobt (kein positives Attribut wie ""lecker""",3
Kuchen,lockere Chefin,Luisa,Anna,okay,"3

Die Antwort ist 3, da die Aussage ""Es war  okay"" neutral und durchschnittlich klingt. Es",3
Kuchen,lockere Chefin,Miriam,Katharina,okay,"3
Die Antwort ist korrekt, da Katharina den Kuchen als ""okay"" beschreibt, was neutral / durchs",3
Kuchen,lockere Chefin,Miriam,Luisa,okay,"3

Rationale: Der Aussage von Luisa ""Es war okay"" entspricht einer neutralen Meinung. Sie gefällt sich",3
Kuchen,lockere Chefin,Miriam,Anna,okay,"3

Erklärung:
Anna gibt eine neutrale Antwort. Sie sagt ""Es war okay"", was bedeutet, dass sie den Kuchen",3
Kuchen,lockere Chefin,Sophie,Luisa,okay,"3


Justification:
Luisa's answer is neutral, neither extremely positive nor extremely negative. She doesn't explicitly say that the cake is",3
Kuchen,lockere Chefin,Anna,Katharina,okay,"3

Richtig?
Bitte erklären Sie Ihre Entscheidung.

Ich entscheide mich für eine 3, weil Katharina's",3
Kuchen,lockere Chefin,Anna,Sophie,okay,"**3**


Erklärung:
Die Aussage von Sophie ""Es war okay"" ist neutral und durchschnittlich. Sie gibt keine kl",3
Kuchen,lockere Chefin,Luisa,Sophie,okay,"3

Erklärung:
Sophie hat den Kuchen probiert und gibt eine neutrale Antwort. Sie sagt ""Es war okay"", was",3
Kuchen,lockere Chefin,Katharina,Miriam,okay,"3

Grund: Miriam sagt, dass der Kuchen ""okay"" war. Das bedeutet, dass sie ihn nicht sehr gut oder",3
Kuchen,lockere Chefin,Miriam,Sophie,okay,"3

Erklaerung:
Sophie findet den Kuchen neutral / durchschnittlich. Sie sagt, er war okay, aber ihre",3
Kuchen,lockere Chefin,Katharina,Miriam,okay,"3
Gründe: Miriam sagt, dass der Kuchen ""okay"" war, was auf eine neutrale, durchschnittliche Mein",3
Kuchen,lockere Chefin,Luisa,Anna,okay,"3

Erklärung:
Die Antwort ist 3, weil Anna den Kuchen nicht als ""sehr gut"" oder ""sehr schle",3
Kuchen,lockere Chefin,Miriam,Sophie,okay,"3
Grund: Der Aussage von Sophie ""Es war okay"" entspricht einer neutralen/nicht bestimmten Bewertung. Sie",3
Kuchen,lockere Chefin,Katharina,Sophie,okay,"**4**
Begründung:
Sophie gibt an, dass der Kuchen ""okay"" war. Das kann man als eine positive Aussage",4
Kuchen,lockere Chefin,Sophie,Anna,okay,"3

Rationale: Die Aussage von Anna ""Es war okay"" bedeutet, dass der Kuchen durchschnittlich war. Anna",3
Kuchen,lockere Chefin,Anna,Sophie,okay,"3
Lösung:
Die Antwort ist 3 von 5 Herzen, da Sophie den Kuchen als neutral/eher mittelmäß",3
Kuchen,lockere Chefin,Katharina,Luisa,okay,"3


Die Antwort ist korrekt, weil die Aussage von Luisa (""Es war  okay."") neutral und durchschnittlich k",3
Kuchen,lockere Chefin,Luisa,Katharina,okay,"3

Erklärung: Katharina hat den Kuchen probiert und sagt, es war ""okay"". Dies gibt an, dass der",3
Kuchen,lockere Chefin,Katharina,Luisa,okay,"**3**
Erklärung: Die Aussage ""Es war  okay."" deuttet auf eine neutrale, durchschnittliche Bewertung",3
Kuchen,lockere Chefin,Katharina,Miriam,okay,"3
Ich denke, dass Miriam neutral/reacting auf den Kuchen ist und ihn nicht speziell gelobt oder kritisiert",3
Kuchen,lockere Chefin,Luisa,Katharina,okay,"3
Erklärung: Die Aussage von Katharina ""Es war okay"" gibt an, dass sie den Kuchen nicht sehr gut",3
Kuchen,lockere Chefin,Miriam,Luisa,okay,"3
Die Erklärung:
Die Antwort ist 3, da "" okay"" ein neutraler Ausdruck ist, der weder posit",3
Kuchen,lockere Chefin,Luisa,Anna,okay,"3

Erklärung:
Anna sagt ""Es war  okay"", was neutral klingt. Sie gibt kein positives oder negatives Urteil ab",3
Kuchen,lockere Chefin,Anna,Sophie,okay,"3

(Translation:
Instructions:
Read the following scenario and rate how Sophie really felt about the cake.
Scenario:
Anna is a laid-back boss",3
Kuchen,lockere Chefin,Sophie,Anna,okay,"3

Erklärung: Anna hat den Kuchen probiert und sagt, dass er ""okay"" war. Dieses Feedback ist neutral und",3
Kuchen,lockere Chefin,Sophie,Luisa,okay,**3**,3
Kuchen,lockere Chefin,Miriam,Sophie,schlecht,"**2**

(Hinweis: Die Antwort 2 von 5 Herzen bedeutet, dass Sophie den Kuchen eher negativ gefunden hat.)",2
Kuchen,lockere Chefin,Katharina,Anna,schlecht,"**2**


Note: The answer is 2, indicating that Anna found the cake to be somewhat negative, but not extremely so. The statement",2
Kuchen,lockere Chefin,Miriam,Sophie,schlecht,"2

Bitte beachten Sie, dass die Antworten nur aus einer einzelnen Zahl bestehen sollten. Wir bitten Sie, die richtige Antwort ohne",2
Kuchen,lockere Chefin,Anna,Sophie,schlecht,"2
Bitte begründen Sie Ihre Entscheidung, wenn Sie möchten.

Meine Begründung:
Die Aussage von Sophie ""Es",2
Kuchen,lockere Chefin,Miriam,Anna,schlecht,"2

Erklärung:
Anna sagt, dass der Kuchen ""schlecht"" war. Dieser Aussage kann man entnehmen,",2
Kuchen,lockere Chefin,Katharina,Sophie,schlecht,"2 von 5 Herzen. 
Begründung: Sophie sagt ""Es war  schlecht"", was eine eher negative Aussage ist",2
Kuchen,lockere Chefin,Luisa,Sophie,schlecht,"1
Die Antwort ist 1, da die Aussage von Sophie sehr negativ ist. Sie sagt, dass der Kuchen ""schle",1
Kuchen,lockere Chefin,Luisa,Anna,schlecht,"**3**



Lösung:
Anna gibt 3 von 5 Herzen. Sie sagt ""Es war schlecht"", was neutral-durch",3
Kuchen,lockere Chefin,Sophie,Katharina,schlecht,"1
Die Begründung: Die Aussage ""Es war schlecht"" kann nur als sehr negative Bewertung interpretiert werden, da",1
Kuchen,lockere Chefin,Luisa,Anna,schlecht,"1
Die Begründung: Anna sagt, ""Es war schlecht"", was ein sehr negatives Urteil ist. Sie fand den",1
Kuchen,lockere Chefin,Katharina,Luisa,schlecht,"**3**


Erklärung:
Luisa hat den Kuchen probiert und sagt, dass er ""schlecht"" war. Diese",3
Kuchen,lockere Chefin,Miriam,Anna,schlecht,"1

Bitte beachten Sie, dass es sich hierbei um eine simple Skala handelt. Eine höhere Bewertung bedeutet nicht autom",1
Kuchen,lockere Chefin,Miriam,Sophie,schlecht,"1

(Lösung)
Die Aussage ""Es war schlecht"" ist sehr negativ und impliziert, dass der Kuchen nicht",1
Kuchen,lockere Chefin,Anna,Katharina,schlecht,"1
Es war  schlecht. Hier finden Sie die Skala: 1 = 1 von 5 Herzen (sehr neg",1
Kuchen,lockere Chefin,Anna,Sophie,schlecht,"1

Die Antwort ist 1, da Sophie den Kuchen als sehr schlecht gefunden hat. Der Aussage ""Es war schlecht""",1
Kuchen,lockere Chefin,Katharina,Luisa,schlecht,"**2** 

Begründung: Luisa gibt eine negative Aussage ab („Es war schlecht.“), aber sie gibt nicht eine",2
Kuchen,lockere Chefin,Luisa,Sophie,schlecht,"1 von 5 Herzen. 
Anmerkung: In der Aussage von Sophie (""Es war  schlecht."") kann man eine",1
Kuchen,lockere Chefin,Sophie,Luisa,schlecht,"1 von 5 Herzen
Durchschnittliche Bewertung: 1,00 von 5,0
(Laut der Auss",1
Kuchen,lockere Chefin,Anna,Luisa,schlecht,"1
Die Antwort ist korrekt, wenn Luisa den Kuchen sehr schlecht fand. Die Aussage ""Es war schlecht",1
Kuchen,lockere Chefin,Luisa,Katharina,schlecht,"1
Erklärung: Katharina fand den Kuchen sehr schlecht, daher 1 von 5 Herzen. Sie gibt",1
Kuchen,lockere Chefin,Katharina,Luisa,schlecht,"1

**Bitte beachten Sie, dass es sich um eine Übung handelt, um Ihre Kenntnisse in Bezug auf die",1
Kuchen,lockere Chefin,Miriam,Anna,schlecht,"2

Es war  schlecht, also eher negativ als durchschnittlich. Deshalb entspricht die Bewertung 2.",2
Kuchen,lockere Chefin,Katharina,Luisa,schlecht,"1 von 5 Herzen
(Für eine genauere Beurteilung: Die Aussage von Luisa ""Es war schlecht""",1
Kuchen,lockere Chefin,Sophie,Miriam,schlecht,"1
Why did Miriam say that the cake was bad?
Miriam said that the cake was bad because it didn't taste good. She",1
Kuchen,lockere Chefin,Katharina,Anna,schlecht,"2


**Answer Explanation:**
Anna says ""Es war schlecht"", which means ""It was bad"" in English. This implies that Anna",2
Kuchen,lockere Chefin,Sophie,Katharina,schlecht,"1

Es ist eindeutig, dass Katharina den Kuchen sehr schlecht fand. Ihre Aussage ""Es war schle",1
Kuchen,lockere Chefin,Anna,Katharina,schlecht,"1
**Die Antwort ist 1.** 1 von 5 Herzen. Katharina fand den Kuchen sehr schlecht",1
Kuchen,lockere Chefin,Luisa,Sophie,schlecht,"1

(Die Antwort ist eindeutig, da die Aussage von Sophie ""Es war schlecht"" sehr negativ ist und keine",1
Kuchen,lockere Chefin,Katharina,Miriam,schlecht,"1

(Lösung:
Miriam findet den Kuchen sehr schlecht, daher ist die Bewertung 1 von 5 Herzen.)",1
Kuchen,lockere Chefin,Sophie,Anna,schlecht,"2

---

Die Antwort ist 2, da Anna den Kuchen ""schlecht"" fand, was ein eher negatives Urteil",2
Kuchen,lockere Chefin,Luisa,Sophie,schrecklich,"1

Die Erklärung:
Sophie hat den Kuchen probiert und sagt, er war schrecklich. Das bedeutet, dass",1
Kuchen,lockere Chefin,Luisa,Sophie,schrecklich,"5

Begründung:
Sophie hat den Kuchen probiert und sagt, er sei ""schrecklich"". Das kann nur bed",5
Kuchen,lockere Chefin,Miriam,Sophie,schrecklich,"1

(Leseprobe)

Dieses Szenario ist Teil des Buches ""German for Reading Comprehension"" von Hina H",1
Kuchen,lockere Chefin,Anna,Miriam,schrecklich,"**4**



Answer: 4

Justification: Miriam says ""Es war schrecklich"" which can be translated to ""It was",4
Kuchen,lockere Chefin,Luisa,Miriam,schrecklich,"1
Rationale: Die Aussage von Miriam ""Es war schrecklich"" weist auf eine negative Meinung hin, die der",1
Kuchen,lockere Chefin,Miriam,Katharina,schrecklich,"1

Die Antwort ist 1, da die Aussage von Katharina sehr negativ ist. Sie beschreibt den Kuchen als",1
Kuchen,lockere Chefin,Anna,Luisa,schrecklich,"1
Durchschnittliche Bewertung:
Luisa fand den Kuchen sehr schlecht. Sie ist sehr negativ gestim",1
Kuchen,lockere Chefin,Miriam,Anna,schrecklich,"1
Korrekt oder falsch? Bitte anklicken: falsch  correct

Erklärung:
Anna gibt an, dass der K",1
Kuchen,lockere Chefin,Sophie,Katharina,schrecklich,"1

Es war ""schrecklich"" - eine Aussage, die sehr negativ ist und nahelegt, dass Katharina den",1
Kuchen,lockere Chefin,Anna,Sophie,schrecklich,"1

(Translation)

Instructions:
Read the following scenario and evaluate how Sophie really felt about the cake.
Scenario:
Anna is Sophie's relaxed boss",1
Kuchen,lockere Chefin,Katharina,Sophie,schrecklich,"1
I think so too. The word ""schrecklich"" (awful) suggests a very negative opinion of the cake. Sophie might",1
Kuchen,lockere Chefin,Luisa,Anna,schrecklich,"2 von 5 Herzen (eher negativ) 2
Es ist wahrscheinlich, dass Anna den Kuchen nicht sehr gut",2
Kuchen,lockere Chefin,Katharina,Luisa,schrecklich,"**4**


Justification:
The sentence ""Es war schrecklich"" can be translated to ""It was terrible"". However, considering the context",4
Kuchen,lockere Chefin,Sophie,Miriam,schrecklich,"**4**
Erklärung: Es war ein negatives Urteil, aber nicht extrem negativ. Der Kuchen war nicht ungenießbar",4
Kuchen,lockere Chefin,Katharina,Anna,schrecklich,"1
**Erklärung:** Anna findet den Kuchen sehr schlecht, da sie ihn ""schrecklich"" findet. Dieser Aus",1
Kuchen,lockere Chefin,Sophie,Luisa,schrecklich,"1

(Bemerkung: Das Szenario ist ein typisches Beispiel für ein Assessment-Item, das die Auswertung einer Auss",1
Kuchen,lockere Chefin,Sophie,Anna,schrecklich,"**3**

Erklärung:
Anna sagte ""Es war schrecklich"", was neutral/durchschnittlich ist. Sie gab keine konkre",3
Kuchen,lockere Chefin,Katharina,Anna,schrecklich,"**2**



Answer: **2**



Explanation:

Anna said ""Es war schrecklich"", which translates to ""It was terrible"" in",2
Kuchen,lockere Chefin,Anna,Luisa,schrecklich,"1
Es ist eindeutig, dass Luisa sehr unzufrieden mit dem Kuchen ist, was Anna gebacken",1
Kuchen,lockere Chefin,Katharina,Anna,schrecklich,"1

Es war sehr negativ. Die Aussage von Anna ""Es war schrecklich"" weist darauf hin, dass sie sehr un",1
Kuchen,lockere Chefin,Luisa,Katharina,schrecklich,"2

Erklärung:
Katharina fand den Kuchen ""schrecklich"", was bedeutet, dass sie ihn eher neg",2
Kuchen,lockere Chefin,Miriam,Luisa,schrecklich,"1

Die Erklärung: Luisa findet den Kuchen sehr schlecht und sagt ""schrecklich"". Die Aussage weist auf",1
Kuchen,lockere Chefin,Anna,Miriam,schrecklich,"1

Die Begründung: ""Es war schrecklich"" ist eine sehr negative Aussage. Miriam findet den Kuchen extrem",1
Kuchen,lockere Chefin,Luisa,Sophie,schrecklich,**2**,2
Kuchen,lockere Chefin,Luisa,Anna,schrecklich,"1

Die Antwort ist 1, weil Anna den Kuchen als ""schrecklich"" beschreibt, was sehr negativ ist.",1
Kuchen,lockere Chefin,Miriam,Anna,schrecklich,"1
Die Bewertung: Der Aussage von Anna nach ""Es war  schrecklich"" ist sehr negativ, was auf eine Bewert",1
Kuchen,lockere Chefin,Anna,Sophie,schrecklich,"1

(Es ist nicht sicher, ob Sophie den Kuchen überhaupt fand, sondern die Aussage ""Es war  schreck",1
Kuchen,lockere Chefin,Sophie,Anna,schrecklich,"**4** 
Begründung: Anna sagt, dass der Kuchen ""schrecklich"" war. Das bedeutet, dass sie ihn",4
Kuchen,lockere Chefin,Sophie,Anna,schrecklich,"2
Erklaerung:
Anna fand den Kuchen eher schlecht. Sie fand den Kuchen ""schrecklich"", was",2
Kuchen,lockere Chefin,Miriam,Sophie,schrecklich,"1
Erklaerung: Sophie sagte ""Es war  schrecklich"", was sehr negativ klingt. Sie fand den",1
Kuchen,gefürchtete Chefin,Luisa,Sophie,großartig,"5
Durchschnittliche Bewertung: 5 von 5 Herzen (sehr positiv / am meisten) - Die Auss",5
Kuchen,gefürchtete Chefin,Luisa,Anna,großartig,"4
Erklärung: Anna gibt eine neutrale Antwort, indem sie den Kuchen als großartig bezeichnet. Sie gibt keine aus",4
Kuchen,gefürchtete Chefin,Sophie,Luisa,großartig,"**3** 

Erklärung: Die Aussage von Luisa ""Es war großartig"" klingt neutral und freundlich, aber",3
Kuchen,gefürchtete Chefin,Anna,Miriam,großartig,"5

Miriam fand den Kuchen großartig. Die Aussage ""Es war großartig"" indiziert eine sehr positive",5
Kuchen,gefürchtete Chefin,Luisa,Katharina,großartig,**3** (neutral / durchschnittlich),3
Kuchen,gefürchtete Chefin,Miriam,Anna,großartig,"4
Reason: Although Anna uses the word ""größartig"" which can be translated to ""great"" or ""awesome"", her",4
Kuchen,gefürchtete Chefin,Luisa,Katharina,großartig,"**4**



Erklärung:

Die Antwort ist 4, weil Katharina den Kuchen als großartig beschreibt. Die",4
Kuchen,gefürchtete Chefin,Miriam,Luisa,großartig,"5

Begründung:
Luisa hat den Kuchen probiert und sagt, dass er großartig war. Die Aussage",5
Kuchen,gefürchtete Chefin,Sophie,Katharina,großartig,"5
(5 von 5 Herzen, sehr positiv/am meisten)
Die Bewertung: Die Aussage von Katharina ""Es",5
Kuchen,gefürchtete Chefin,Anna,Sophie,großartig,"5
Warum: Sophie hat ""Es war großartig"" gesagt, was sehr positiv klingt. Die Aussage impl",5
Kuchen,gefürchtete Chefin,Luisa,Miriam,großartig,"5
Begründung:
Miriam sagt, dass der Kuchen "" großartig"" war, was sehr positiv ist. Die",5
Kuchen,gefürchtete Chefin,Katharina,Luisa,großartig,"5
Begründung:
Die Aussage von Luisa, ""Es war großartig"", deutet darauf hin, dass sie den",5
Kuchen,gefürchtete Chefin,Luisa,Katharina,großartig,"5

Rationale: Katharina hat den Kuchen wirklich gut gefunden, wenn sie ihn "" großartig"" genannt hat. Dies",5
Kuchen,gefürchtete Chefin,Sophie,Miriam,großartig,"**4**


Erklärung: Der Kuchen war anscheinend gut. Miriam hat großartig gesagt, was ein positives At",4
Kuchen,gefürchtete Chefin,Anna,Katharina,großartig,"___________ 

Lösung:
Die Antwort ist 5. Katharina hat den Kuchen wirklich sehr gut gefunden, daher gibt sie",5
Kuchen,gefürchtete Chefin,Miriam,Anna,großartig,"4

(Translation:
Read the following scenario and evaluate how Anna really felt about the cake.

Scenario:
Miriam is Anna's feared boss.",4
Kuchen,gefürchtete Chefin,Katharina,Anna,großartig,"4
Bitte begründen Sie Ihre Antwort:
Anna hat den Kuchen probiert, bevor sie ihn bewertet hat. Dies gibt ihr ein",4
Kuchen,gefürchtete Chefin,Katharina,Sophie,großartig,"5

Erklärung:
Sophie gibt eine sehr positive Bewertung des Kuchens ab und verwendet die Worte ""größart",5
Kuchen,gefürchtete Chefin,Sophie,Miriam,großartig,"4

Die Antwort ist 4, da Miriam den Kuchen als ""größeartig"" bezeichnet hat, was ein positives F",4
Kuchen,gefürchtete Chefin,Anna,Katharina,großartig,"**4**
Warum?
Die Aussage von Katharina ""Es war großartig"" weist auf eine positive Bewertung hin. Sie",4
Kuchen,gefürchtete Chefin,Anna,Sophie,großartig,"4
Die Antwort 4 bedeutet, dass Sophie den Kuchen eher positiv fand. Sie hat das Wort ""größart",4
Kuchen,gefürchtete Chefin,Anna,Miriam,großartig,"4

Erklärung:
Miriam hat den Kuchen als ""größtenteils positiv"" beschrieben („groß",4
Kuchen,gefürchtete Chefin,Luisa,Katharina,großartig,"4
Begründung: Die Aussage von Katharina ""Es war großartig"" ist positiv, aber nicht extrem.",4
Kuchen,gefürchtete Chefin,Luisa,Katharina,großartig,"**4**


Erklärung:
Katharina hat den Kuchen gebacken und gefunden. Sie hat dem Chefin Luisa",4
Kuchen,gefürchtete Chefin,Katharina,Sophie,großartig,"5

Erklärung:
Sophie fand den Kuchen großartig, das bedeutet, dass sie ihn sehr positiv bewert",5
Kuchen,gefürchtete Chefin,Katharina,Miriam,großartig,"**4**


**Erklärung:** Miriam hat den Kuchen probiert und Katharina gefragt, wie sie ihn gefunden hat",4
Kuchen,gefürchtete Chefin,Anna,Miriam,großartig,"**3**. 

Begründung:
Miriam sagt ""Es war großartig"", was eine positive Bewertung ist, jedoch keine extreme",3
Kuchen,gefürchtete Chefin,Miriam,Katharina,großartig,**4** (eher positiv),4
Kuchen,gefürchtete Chefin,Luisa,Katharina,großartig,"5

Begründung:
Die Aussage von Katharina ""Es war großartig"" klingt sehr positiv und na",5
Kuchen,gefürchtete Chefin,Anna,Miriam,gut,"3
Die Begründung: Miriam gibt ein neutraleres Feedback (""Es war gut""), was auf eine mittelmäßige oder durch",3
Kuchen,gefürchtete Chefin,Anna,Sophie,gut,"3

Erklärung:
Sophie hat lediglich gesagt, dass der Kuchen ""gut"" war, ohne dass sie ihn",3
Kuchen,gefürchtete Chefin,Luisa,Miriam,gut,"3

Erklärung:
Miriam sagte, dass der Kuchen ""gut"" war. Dieser Aussage kann man keine extreme Be",3
Kuchen,gefürchtete Chefin,Katharina,Miriam,gut,"3

Begründung:
Die Aussage von Miriam ""Es war gut"" gibt keine Hinweis darauf, dass sie den Kuchen",3
Kuchen,gefürchtete Chefin,Anna,Luisa,gut,"**4**


Lösung:
Die Antwort ist **4**, weil Luisas Antwort ""Es war gut"" neutral ist und nicht sehr positiv",4
Kuchen,gefürchtete Chefin,Luisa,Anna,gut,**3** (3 von 5 Herzen) (neutral / durchschnittlich) Sie hat den Kuchen nicht extra gut oder schlecht,3
Kuchen,gefürchtete Chefin,Miriam,Luisa,gut,"3

Erklärung: Die Antwort 3 gibt an, dass Luisa den Kuchen neutral bis durchschnittlich fand. Die",3
Kuchen,gefürchtete Chefin,Katharina,Anna,gut,"3

Die Antwort 3 (neutral/durchschnittlich) ist die richtige Antwort, da Anns Aussage ""Es war gut",3
Kuchen,gefürchtete Chefin,Miriam,Katharina,gut,"3

Erklärung:
Die Aussage ""Es war gut"" ist neutral und besagt nicht, dass der Kuchen großartig oder",3
Kuchen,gefürchtete Chefin,Anna,Katharina,gut,"3
Die Antwort ist korrekt, da die Aussage von Katharina neutral bleibt und weder positiv noch negativ ist.",3
Kuchen,gefürchtete Chefin,Luisa,Sophie,gut,"3
Erklärung:
Sophie hat den Kuchen probiert und sagt, dass er ""gut"" ist. Diese Aussage ist",3
Kuchen,gefürchtete Chefin,Anna,Luisa,gut,"4

Erklärung:
Luisa hat den Kuchen probiert und sagt, dass es ""gut"" war. Das ist ein",4
Kuchen,gefürchtete Chefin,Luisa,Anna,gut,"4

Erklärung:
Anna fand den Kuchen ""gut"", was bedeutet, dass sie ihn ziemlich positiv bew",4
Kuchen,gefürchtete Chefin,Katharina,Luisa,gut,"3

Begründung:
Luisa hat den Kuchen probiert und sagt, dass es ""gut"" war. Das bedeut",3
Kuchen,gefürchtete Chefin,Luisa,Katharina,gut,"4

Erklärung:
Die Aussage ""Es war gut"" bedeutet, dass Katharina den Kuchen gefunden hat, der durch",4
Kuchen,gefürchtete Chefin,Luisa,Miriam,gut,"**4**


Erklärung:
Miriam sagt, dass der Kuchen ""gut"" war, was eine positive Aussage ist. Es",4
Kuchen,gefürchtete Chefin,Katharina,Anna,gut,"4

Begründung:
Die Aussage von Anna ""Es war gut"" ist positiv, aber nicht sehr positiv. Sie gibt",4
Kuchen,gefürchtete Chefin,Anna,Sophie,gut,"4

Erklärung:
Die Aussage von Sophie ist neutral-durchschnittlich. Sie verwendet den Satz ""Es war gut"",",4
Kuchen,gefürchtete Chefin,Luisa,Sophie,gut,"3


Explanation:
Sophie's response, ""Es war gut"", suggests that she found the cake to be decent but not exceptionally good. The",3
Kuchen,gefürchtete Chefin,Luisa,Anna,gut,"3

Die Bewertung:
Anna hat den Kuchen probiert und gibt dann die allgemeine Aussage ""Es war gut."" ab,",3
Kuchen,gefürchtete Chefin,Katharina,Miriam,gut,"3

Es war neutral/durchschnittlich.
Die Aussage ""Es war gut"" kann als neutrale Bewertung interpretiert werden,",3
Kuchen,gefürchtete Chefin,Anna,Miriam,gut,"3

Die Antwort ist 3, da die Aussage von Miriam sehr neutral ist und nicht eindeutig positiv oder negativ",3
Kuchen,gefürchtete Chefin,Luisa,Anna,gut,"**4** (4 von 5 Herzen, eher positiv) ist wahrscheinlich die beste Antwort, weil Anna nicht explizit sagt",4
Kuchen,gefürchtete Chefin,Miriam,Anna,gut,"4

Begründung:
Die Aussage von Anna ""Es war gut"" kann als positiv interpretiert werden, da sie nicht expl",4
Kuchen,gefürchtete Chefin,Luisa,Miriam,gut,"3
Warum?
Die Aussage von Miriam ""Es war  gut"" ist neutral-durchschnittlich und gibt kein positives oder",3
Kuchen,gefürchtete Chefin,Sophie,Anna,gut,"3

Erklärung:
Anna sagt, dass der Kuchen ""gut"" war, aber nicht, dass sie ihn sehr gut oder am",3
Kuchen,gefürchtete Chefin,Luisa,Anna,gut,"3


Lösung: Die Aussage von Anna ""Es war gut"" ist neutral/durchschnittlich. Sie gibt keine bestimmten",3
Kuchen,gefürchtete Chefin,Katharina,Anna,gut,"3

Anna fand den Kuchen neutral/gleichgültig. Sie hat nicht ausdrücklich positiv oder negativ geantwort",3
Kuchen,gefürchtete Chefin,Miriam,Anna,gut,"3

Erklärung:
Anna hat den Kuchen probiert und gibt die Antwort ""Es war gut."" Diese Antwort ist neutral und Durchs",3
Kuchen,gefürchtete Chefin,Miriam,Sophie,gut,"3

Die Skala reicht von 1 (sehr negativ) bis 5 (sehr positiv). Die Aussage von",3
Kuchen,gefürchtete Chefin,Katharina,Sophie,okay,"3
Why did Sophie rate the cake ""okay""?
Sophie rated the cake ""okay"" because the cake was not good or bad;",3
Kuchen,gefürchtete Chefin,Miriam,Sophie,okay,"**3**


Note: The answer is based on the assumption that Sophie is giving a neutral or average response. The phrase ""Es war okay""",3
Kuchen,gefürchtete Chefin,Anna,Katharina,okay,"3

(Translation)
Instructions:
Read the following scenario and evaluate how Katharina really felt about the cake.

Scenario:
Anna is Kathar",3
Kuchen,gefürchtete Chefin,Katharina,Luisa,okay,"3

Luisa hat den Kuchen probiert und sagt, dass er ""okay"" war. Das bedeutet, dass sie ihn nicht",3
Kuchen,gefürchtete Chefin,Luisa,Miriam,okay,"3

Erklärung:
Miriam findet den Kuchen neutral/durchschnittlich. Sie sagt ""Es war  okay"", was eine",3
Kuchen,gefürchtete Chefin,Katharina,Luisa,okay,"**3** 

(Lösung) Die Aussage von Luisa ""Es war okay"" ist neutral und durchschnittlich. Sie gibt keine",3
Kuchen,gefürchtete Chefin,Katharina,Miriam,okay,"3

Miriam's answer is ""It was okay."" which means she found the cake to be average or neutral. Therefore, I will rate",3
Kuchen,gefürchtete Chefin,Miriam,Luisa,okay,"3

Erklärung:
Luisa gibt eine neutrale Antwort. Sie findet den Kuchen ""okay"", was bedeutet, dass sie",3
Kuchen,gefürchtete Chefin,Miriam,Luisa,okay,"**3**


Anweisung:
Read the following scenario and evaluate how Luisa really felt about the cake.

Scenario:
Miriam is the feared",3
Kuchen,gefürchtete Chefin,Katharina,Anna,okay,"3

Lösung:
Die Aussage von Anna ""Es war okay"" ist neutral/durchschnittlich. Sie gibt keine ausdr",3
Kuchen,gefürchtete Chefin,Anna,Sophie,okay,"3

Die Antwort 3 entspricht einem neutralen/nachgekommenen Rating des Kuchens, der weder sehr positiv",3
Kuchen,gefürchtete Chefin,Miriam,Katharina,okay,"3


Die Antwort ist korrekt, da ""okay"" ein neutrales Feedback ist und keine negativen oder positiven Aussagen",3
Kuchen,gefürchtete Chefin,Luisa,Miriam,okay,"3
I am not sure, because ""ok"" could mean both good and bad, but I think Miriam was trying to be polite.",3
Kuchen,gefürchtete Chefin,Anna,Miriam,okay,"3

Rationale: Die Aussage von Miriam ""Es war okay"" zeigt, dass sie den Kuchen nicht sehr gut oder sehr schle",3
Kuchen,gefürchtete Chefin,Sophie,Luisa,okay,"3

Die Antwort ist 3, da die Aussage von Luisa ""Es war  okay."" sehr neutral klingt und nicht posit",3
Kuchen,gefürchtete Chefin,Katharina,Anna,okay,"2
Es war eine neutrale Aussage, die keine offenkundige Beurteilung enthält. Anna scheint den Kuchen",2
Kuchen,gefürchtete Chefin,Sophie,Luisa,okay,"3
Gründe:
Die Antwort ist 3, weil ""okay"" ein neutrales Attribut ist, das weder sehr posit",3
Kuchen,gefürchtete Chefin,Miriam,Luisa,okay,"3
Die Antwort ist 3 von 5 Herzen, da die Aussage von Luisa neutral und nicht sehr positiv oder negativ",3
Kuchen,gefürchtete Chefin,Sophie,Luisa,okay,"3 von 5 Herzen (neutral / durchschnittlich) Read more
Answer: 3 Read more
The answer is correct.",3
Kuchen,gefürchtete Chefin,Luisa,Miriam,okay,"3

Die Antwort ist 3, da ""ok"" eine neutrale und durchschnittliche Antwort ist, die weder sehr positiv",3
Kuchen,gefürchtete Chefin,Miriam,Luisa,okay,"2
Luisa's response suggests that she was slightly dissatisfied with the cake, but not extremely unhappy. Therefore, she gave it",2
Kuchen,gefürchtete Chefin,Sophie,Miriam,okay,"3
Die Skala ist neutral und entspricht der Aussage von Miriam: ""Es war  okay."" Das bedeutet, dass",3
Kuchen,gefürchtete Chefin,Katharina,Sophie,okay,"3

Erklärung:
Sophie fand den Kuchen ""okay"". Das bedeutet, dass sie ihn nicht sehr gut fand,",3
Kuchen,gefürchtete Chefin,Sophie,Luisa,okay,**3** 4 Antworten. Ihre Antwort wurde als **3** registriert. Sie können jetzt das nächste Szenario lesen und bew,3
Kuchen,gefürchtete Chefin,Sophie,Miriam,okay,"3

Die Antwort ist 3, weil die Aussage von Miriam ""Es war okay"" neutral klingt und nicht sehr positiv",3
Kuchen,gefürchtete Chefin,Miriam,Anna,okay,"3

Erklärung: Anna gibt eine neutrale Antwort, da sie ""okay"" sagt. Das bedeutet, dass der Kuchen nicht",3
Kuchen,gefürchtete Chefin,Katharina,Miriam,okay,"3

Erklärung: Die Aussage von Miriam ""Es war okay"" gibt einen neutralen Eindruck. Sie nicht positiv",3
Kuchen,gefürchtete Chefin,Luisa,Katharina,okay,"3
Katharina hat den Kuchen probiert und findet ihn neutral/durchschnittlich, daher 3 von 5 Her",3
Kuchen,gefürchtete Chefin,Anna,Miriam,okay,"3

Erklärung: Die Aussage von Miriam ""Es war okay"" ist neutral und durchschnittlich. Sie gibt keine positive",3
Kuchen,gefürchtete Chefin,Luisa,Katharina,okay,"3
(Translation)
Instructions:
Read the following scenario and evaluate how Katharina really felt about the cake.
Scenario:
Luisa is",3
Kuchen,gefürchtete Chefin,Sophie,Anna,schlecht,"**3**


Die Antwort ist 3, weil Anna nicht explizit sagt, dass sie den Kuchen nicht mögen würde. Sie sagt",3
Kuchen,gefürchtete Chefin,Luisa,Katharina,schlecht,"**2**


(Translation)

Instructions:
Read the following scenario and rate how Katharina really found the cake.

Scenario:
Luisa is",2
Kuchen,gefürchtete Chefin,Anna,Katharina,schlecht,"1

(Es war zu negativ / sehr negativ) 1

Es ist bekannt, dass Katharina sehr ehrlich ist",1
Kuchen,gefürchtete Chefin,Anna,Miriam,schlecht,"**4** 5 Herzen
Gründe: Miriam gibt ein negatives Feedback, aber es ist nicht extrem negativ. Sie verwendet das Wort",4
Kuchen,gefürchtete Chefin,Katharina,Luisa,schlecht,"1
Weiterhin: Luisa fand den Kuchen sehr schlecht, daher kann sie nur 1 von 5 Herzen geben",1
Kuchen,gefürchtete Chefin,Katharina,Luisa,schlecht,"1

Es war schlecht. 
D.h. Luisa fand den Kuchen nicht gut und nicht lecker. Der Ausdruck",1
Kuchen,gefürchtete Chefin,Miriam,Anna,schlecht,"2
Anna fand den Kuchen eher schlecht. Sie gibt dem Backen von Miriam 2 von 5 Herzen. Sie",2
Kuchen,gefürchtete Chefin,Katharina,Sophie,schlecht,"1

(Lösung: Sophie fand den Kuchen sehr schlecht, daher ist die Bewertung 1 von 5 Herzen sehr",1
Kuchen,gefürchtete Chefin,Luisa,Katharina,schlecht,"1

(Translation)
Instruction:
Read the following scenario and rate how Katharina really felt about the cake.
Scenario:
Luisa is",1
Kuchen,gefürchtete Chefin,Luisa,Anna,schlecht,"1

(Note: The answer is 1, because Anna said ""Es war schlecht"", which means ""It was bad"", indicating a very",1
Kuchen,gefürchtete Chefin,Luisa,Katharina,schlecht,"1

(Diese Antwort gibt an, dass Katharina den Kuchen sehr schlecht fand.)",1
Kuchen,gefürchtete Chefin,Katharina,Sophie,schlecht,"1

(Lösung:
Die Aussage von Sophie ""Es war schlecht"" ist sehr negativ. Der Kuchen gefiel Sophie also",1
Kuchen,gefürchtete Chefin,Miriam,Sophie,schlecht,"1
Ich vermute, dass Sophie den Kuchen nicht gut gefunden hat, wenn sie sagt, er war ""schlecht"". Dieser",1
Kuchen,gefürchtete Chefin,Katharina,Sophie,schlecht,"1

(Lösung: Sophie hat den Kuchen als sehr schlecht beurteilt, daher entspricht die Bewertung 1",1
Kuchen,gefürchtete Chefin,Anna,Katharina,schlecht,"1

Begründung:
Katharina beschreibt den Kuchen als ""schlecht"", was auf eine sehr negative Be",1
Kuchen,gefürchtete Chefin,Katharina,Anna,schlecht,"_______________ 3
Erklärung:
Anna gibt eine neutrale Antwort und gibt dem Kuchen 3 von 5 Herzen. Sie",3
Kuchen,gefürchtete Chefin,Katharina,Luisa,schlecht,"1
Es war ""schlecht"", also sehr negativ, also 1 von 5 Herzen.",1
Kuchen,gefürchtete Chefin,Sophie,Katharina,schlecht,"1
Warum? 
Katharina hat den Kuchen als ""schlecht"" bezeichnet. Das ist eine sehr negative Bewert",1
Kuchen,gefürchtete Chefin,Katharina,Sophie,schlecht,"1

Die Begründung: Die Aussage ""Es war schlecht"" deuten wir auf eine sehr negative Bewertung des Kuch",1
Kuchen,gefürchtete Chefin,Sophie,Anna,schlecht,"1
Erklaerung: Anna findet den Kuchen sehr schlecht, daher 1 von 5 Herzen. Das ist eine sehr",1
Kuchen,gefürchtete Chefin,Katharina,Sophie,schlecht,"**3**


Erklärung: Die Aussage von Sophie ""Es war schlecht"" bedeutet, dass sie den Kuchen nicht besonders gef",3
Kuchen,gefürchtete Chefin,Luisa,Sophie,schlecht,"2

Die Bewertung ist 2 von 5 Herzen. Die Aussage von Sophie ist eher negativ als positiv. Der K",2
Kuchen,gefürchtete Chefin,Miriam,Luisa,schlecht,"2
Die Erklärung: Luisa findet den Kuchen eher schlecht. Sie verwendet die Aussage ""Es war schlecht"", was",2
Kuchen,gefürchtete Chefin,Miriam,Luisa,schlecht,"**3**
Die Erklärung: Luisa hat den Kuchen probiert und sagt, dass es ""schlecht"" war. Das gibt",3
Kuchen,gefürchtete Chefin,Miriam,Luisa,schlecht,2 von 5 Herzen.,2
Kuchen,gefürchtete Chefin,Sophie,Anna,schlecht,"1
Es war sehr schlecht, also gibt es nur 1 Herz. 2 Herzen wären für eine mittelmäßige Bewert",1
Kuchen,gefürchtete Chefin,Anna,Sophie,schlecht,"1


Jemand, der den Kuchen gebacken hat, möchte normalerweise, dass der andere ihn als lecker fand.",1
Kuchen,gefürchtete Chefin,Sophie,Katharina,schlecht,"1

---

1 von 5 Herzen (sehr negativ / am wenigsten)  
Der Aussage von Katharina nach:",1
Kuchen,gefürchtete Chefin,Katharina,Luisa,schlecht,"1

---

#### Lösung
Die Antwort ist 1, da Luisa den Kuchen sehr schlecht fand und ihre Aussage """,1
Kuchen,gefürchtete Chefin,Sophie,Miriam,schrecklich,"2

Die Antwort ist korrekt. Die Aussage von Miriam ""Es war schrecklich"" weist auf ein negatives Feedback hin",2
Kuchen,gefürchtete Chefin,Anna,Miriam,schrecklich,"1
Erklärung: Miriam fand den Kuchen sehr schlecht. Die Aussage ""Es war schrecklich"" ist eine",1
Kuchen,gefürchtete Chefin,Sophie,Miriam,schrecklich,"1

Ich denke, dass Miriam den Kuchen sehr schlecht fand, was auch durch die Aussage ""Es war  sch",1
Kuchen,gefürchtete Chefin,Miriam,Anna,schrecklich,"2

Erklärung:
Anna sagt, dass der Kuchen ""schrecklich"" war. Das bedeutet, dass sie ihn sehr able",2
Kuchen,gefürchtete Chefin,Miriam,Sophie,schrecklich,"1

Die Begründung:
Sophie sagt, dass der Kuchen ""schrecklich"" war, was sehr negativ ist und",1
Kuchen,gefürchtete Chefin,Miriam,Luisa,schrecklich,"**3**
Erklärung: Luisa hat den Kuchen probiert und sagt, es war schrecklich. Das ist neutral / durchs",3
Kuchen,gefürchtete Chefin,Luisa,Anna,schrecklich,"**2** von 5 Herzen (eher negativ) Anna hat den Kuchen also eher negativ gefunden, aber nicht extrem negativ",2
Kuchen,gefürchtete Chefin,Miriam,Luisa,schrecklich,"2
Die Erklärung:
Luisa sagte, es war ""schrecklich"". Das bedeutet, dass sie den Kuchen nicht",2
Kuchen,gefürchtete Chefin,Luisa,Miriam,schrecklich,"1

Erklärung: Der Aussage von Miriam ""Es war  schrecklich"" kann man entnehmen, dass sie den K",1
Kuchen,gefürchtete Chefin,Sophie,Miriam,schrecklich,"**3**


Lösung:
Die Aussage von Miriam ist: ""Es war  schrecklich."" Dies bedeutet, dass sie",3
Kuchen,gefürchtete Chefin,Miriam,Sophie,schrecklich,"1

Erklaerung:
Sophie hat den Kuchen proviert und ihn als ""schrecklich"" beschrieben. Dies bedeutet",1
Kuchen,gefürchtete Chefin,Luisa,Anna,schrecklich,**2**,2
Kuchen,gefürchtete Chefin,Miriam,Anna,schrecklich,"5

Begründung:
Anna sagt, dass der Kuchen ""schrecklich"" war. Dies kann auf eine sehr positive Reaktion",5
Kuchen,gefürchtete Chefin,Miriam,Sophie,schrecklich,"1

Erklärung:
Der Aussage von Sophie ""Es war  schrecklich"" gibt an, dass Sophie den Kuchen sehr",1
Kuchen,gefürchtete Chefin,Katharina,Luisa,schrecklich,"1
Die Erklärung: Luisa fand den Kuchen extrem schlecht. Sie könnte ihn nicht genießen und ihre Äußer",1
Kuchen,gefürchtete Chefin,Luisa,Katharina,schrecklich,"___________
Lösung:
Die Antwort ist: 1

Rationale: Katharina hat den Kuchen als ""schrecklich""",1
Kuchen,gefürchtete Chefin,Anna,Luisa,schrecklich,"1

---

Es war schrecklich. Das bedeutet, Luisa fand den Kuchen sehr schlecht und hat ihn also nicht gesch",1
Kuchen,gefürchtete Chefin,Katharina,Miriam,schrecklich,"1

Die Antwort ist 1, da Miriam den Kuchen als ""schrecklich"" beschreibt, was eine sehr negative Bewert",1
Kuchen,gefürchtete Chefin,Miriam,Luisa,schrecklich,"2
Erklaerung: Der Aussage von Luisa, ""Es war schrecklich"", weist darauf hin, dass sie den",2
Kuchen,gefürchtete Chefin,Anna,Katharina,schrecklich,"1

(Begründung: Katharina sagt, dass der Kuchen ""schrecklich"" war. Dies kann nur auf eine negative",1
Kuchen,gefürchtete Chefin,Miriam,Anna,schrecklich,"2 von 5 Herzen

Anna is saying that the cake was ""schrecklich"", which means ""terrible"" or ""awful",2
Kuchen,gefürchtete Chefin,Anna,Katharina,schrecklich,"1

(Einfach) Antwort: 1 (1 von 5 Herzen, sehr negativ) 

(Besprechung) Die",1
Kuchen,gefürchtete Chefin,Katharina,Miriam,schrecklich,"2
Begründung:
Miriam beschreibt den Kuchen als ""schrecklich"", was auf eine eher negative Meinung h",2
Kuchen,gefürchtete Chefin,Miriam,Katharina,schrecklich,"1

(Für diejenigen, die nicht sicher sind: Die Aussage ""Es war schrecklich"" bedeutet, dass Kathar",1
Kuchen,gefürchtete Chefin,Miriam,Sophie,schrecklich,"**4**


Erklärung:
Der Aussage von Sophie ""Es war  schrecklich"" kann man als leicht humorvoll oder iron",4
Kuchen,gefürchtete Chefin,Luisa,Miriam,schrecklich,"1

Die Antwort ist 1, da Miriam den Kuchen als ""schrecklich"" bezeichnet hat. Das ist eine sehr negative",1
Kuchen,gefürchtete Chefin,Luisa,Anna,schrecklich,"5

Begründung:
Anna sagt, dass der Kuchen ""schrecklich"" war. Dies kann man jedoch nicht direkt als negatives",5
Kuchen,gefürchtete Chefin,Anna,Katharina,schrecklich,"1

(Das ist, weil der Kuchen, nach Aussage von Katharina, ""schrecklich"" war.) 1 von",1
Kuchen,gefürchtete Chefin,Anna,Luisa,schrecklich,"1
Bitte begründen Sie Ihre Antwort. 

Mein Verständnis ist, dass Luisa den Kuchen sehr negativ fand und",1
Lied,enge Freundin,Luisa,Sophie,großartig,"5

Die Antwort 5 steht für eine sehr positive Bewertung. Da Sophie nur ein Wort sagt (""Es war großartig""), kann man",5
Lied,enge Freundin,Anna,Luisa,großartig,"4
Die Begründung: Luisa sagt, dass es ""großartig"" war, also sehr positiv. Die Sk",4
Lied,enge Freundin,Miriam,Luisa,großartig,"5

Erklärung:
Die Antwort ist 5, da Luisa das Lied ""größartig"" fand, was",5
Lied,enge Freundin,Luisa,Katharina,großartig,"5
Die Begründung: Katharina hat eindeutig ein positives Urteil über das Lied gefällt. Sie hat",5
Lied,enge Freundin,Luisa,Anna,großartig,"5

Erklärung:
Anna hat die Aussage ""Es war großartig"" verwendet, was sehr positiv und enthusiastisch kling",5
Lied,enge Freundin,Anna,Katharina,großartig,"5


Die Antwort ist korrekt. Katharina hat gesagt, es war großartig, was sehr positiv ist. Sie",5
Lied,enge Freundin,Katharina,Luisa,großartig,"5

Rationale: Luisa sagt ""Es war großartig"", was impliziert, dass sie das Lied sehr positiv f",5
Lied,enge Freundin,Anna,Sophie,großartig,"**4**

Erklärung: Sophie hat das Lied als ""größartig"" bezeichnet, was eine positive Aussage darst",4
Lied,enge Freundin,Luisa,Katharina,großartig,"5
Die Antwort ist richtig! Die Aussage ""Es war großartig"" zeigt eine sehr positive Bewertung, was auf eine Bewertung",5
Lied,enge Freundin,Sophie,Miriam,großartig,"5

Erklärung: Miriam hat Sophie gesagt, dass das Lied ""großartig"" war. Dies ist ein positives",5
Lied,enge Freundin,Anna,Katharina,großartig,"5

Erklärung:
Katharina hat das Lied sehr positiv gefunden und hat es Anna mit ""großartig""",5
Lied,enge Freundin,Sophie,Miriam,großartig,"5

Erklärung:
Miriam sagt, das Lied war großartig. Das ist ein sehr positives Statement, was eine Bewertung",5
Lied,enge Freundin,Luisa,Sophie,großartig,"5

Begründung:
Das Lied wurde von Luisa selbst geschrieben und vorgelesen. Als Sophie sagt: ""Es war",5
Lied,enge Freundin,Katharina,Sophie,großartig,"5

Die Antwort ist 5, weil die Aussage ""Es war großartig"" sehr positiv und begeistert ist. Sophie",5
Lied,enge Freundin,Miriam,Luisa,großartig,"5

Erklärung:
Luisa hat ein positives Feedback gegeben (""Es war großartig""). Sie hat also das Lied sehr",5
Lied,enge Freundin,Luisa,Sophie,großartig,"5

Die Antwort ist 5, da Sophie das Lied ""größartig"" gefunden hat, was bedeutet, dass sie",5
Lied,enge Freundin,Luisa,Katharina,großartig,"5

Rationale: Die Aussage ""Es war großartig"" ist eine sehr positive Bewertung, die nahelegt, dass Kath",5
Lied,enge Freundin,Luisa,Katharina,großartig,"5
Erklärung: Katharina hat das Lied als "" großartig"" beschrieben, was auf einen sehr positiven E",5
Lied,enge Freundin,Anna,Miriam,großartig,"5

Richtig, Miriam fand das Lied großartig. Sie gab eine ausgesprochen positive Bewertung ab, indem",5
Lied,enge Freundin,Luisa,Miriam,großartig,"5

Erklärung: Miriam sagte ""Es war großartig"", was eine sehr positive Aussage ist. Sie verwendet das Superlat",5
Lied,enge Freundin,Luisa,Miriam,großartig,"5


Lösung:
Die Antwort ist 5, da Miriam das Lied sehr positiv gefunden hat. Sie hat es als """,5
Lied,enge Freundin,Anna,Katharina,großartig,"**4** 

Erklärung:
Die Aussage von Katharina ""Es war großartig"" gibt einen positiven Eindruck ab",4
Lied,enge Freundin,Miriam,Katharina,großartig,"5

Die Bewertung von Katharina ist sehr positiv, da sie das Lied als "" großartig"" bezeichnet. Ein",5
Lied,enge Freundin,Anna,Sophie,großartig,"5

Erklärung:
Die Antwort ist 5, weil Sophie das Lied als "" großartig"" bezeichnet hat, was sehr",5
Lied,enge Freundin,Katharina,Anna,großartig,"5

Rationale:
Die Aussage von Anna ""Es war großartig"" ist sehr positiv und bescheinigt, dass Kathar",5
Lied,enge Freundin,Luisa,Sophie,großartig,"5

Die Erklärung:
Die Aussage von Sophie ""Es war großartig"" enthält keine Kritik oder Zweifel",5
Lied,enge Freundin,Katharina,Anna,großartig,"5
Why do we rate Anna's opinion as 5? Because "" großartig"" is a superlative adjective that means ""ex",5
Lied,enge Freundin,Luisa,Anna,großartig,"5

Translation:
Read the following scenario and rate how Anna really liked the song.

Scenario:
Luisa is Anna's close friend.
L",5
Lied,enge Freundin,Miriam,Anna,großartig,"5

Anna fand das Lied sehr gut. Die Aussage ""Es war großartig"" drückt eine extreme positive Meinung",5
Lied,enge Freundin,Sophie,Anna,großartig,"5
Lösung: Die Antwort ist korrekt. Anna hat gesagt, das Lied sei großartig, was bedeutet",5
Lied,enge Freundin,Anna,Luisa,gut,"3

Die Antwort ist 3, da die Aussage von Luisa ""Es war gut"" neutral und durchschnittlich ist und keine",3
Lied,enge Freundin,Sophie,Anna,gut,"3


Translation:
Instructions:
Read the following scenario and rate how Anna really felt about the song.

Scenario:
Sophie is Anna's close friend",3
Lied,enge Freundin,Anna,Luisa,gut,"3
Warum? Die Aussage ""Es war gut"" ist neutral und vermittelt keine starke Meinung. Es gibt keine posit",3
Lied,enge Freundin,Luisa,Katharina,gut,"3

Erklärung:
Katharina hat nur ein ""Es war gut"" gesagt, was neutral/durchschnittlich ist",3
Lied,enge Freundin,Anna,Miriam,gut,"3
Ich denke, Miriam fand das Lied neutral / durchschnittlich und gab daher 3 von 5 Herzen",3
Lied,enge Freundin,Miriam,Anna,gut,"4

Die Begründung ist, dass Anna das Lied ""gut"" findet. Das bedeutet, dass es ihr gut gef",4
Lied,enge Freundin,Anna,Sophie,gut,"4
Erklärung:
Sophie sagt ""Es war gut."" Sie verwendet die neutrale Formulierung ""Es war gut"" anstatt",4
Lied,enge Freundin,Luisa,Anna,gut,"4

Erklärung:
Anna hat ein Lied gefunden, das gut ist. Sie hat es also positiv bewertet. Die Antwort",4
Lied,enge Freundin,Katharina,Anna,gut,"4

Rationale:
Anna hat nur ein einziges Wort (""gut"") verwendet, um ihre Meinung über das Lied zu ä",4
Lied,enge Freundin,Anna,Luisa,gut,"3

(Lösung)
Luisa hat ein neutraleres Urteil abgegeben. Das Lied hat ""gut"" gefunden,",3
Lied,enge Freundin,Miriam,Katharina,gut,"3
Erklärung:
Katharina hat das Lied ""gut"" gefunden, aber es gibt keine besonderen positiven",3
Lied,enge Freundin,Miriam,Sophie,gut,"3

Anweisung:
Lesen Sie das folgende Szenario und bewerten Sie, wie Sophie das Lied wirklich fand.",3
Lied,enge Freundin,Katharina,Sophie,gut,"4

Begründung:
Sophie hat ein positives Urteil abgegeben (""Es war gut""), obwohl sie nicht expliz",4
Lied,enge Freundin,Sophie,Miriam,gut,"4
Lösung:
Miriam hat Sophie gesagt, dass das Lied ""gut"" war. Die Aussage ist neutral und",4
Lied,enge Freundin,Miriam,Katharina,gut,"3

Erklärung:
Katharina hat ein durchschnittliches Urteil über das Lied gegeben. Sie hat nicht extra",3
Lied,enge Freundin,Anna,Luisa,gut,"4

Die Erklärung:
Luisa hat das Lied gut gefunden. Die Aussage ""Es war gut"" gibt eine positive Bewert",4
Lied,enge Freundin,Luisa,Anna,gut,"4

Lösung: 
Die Aussage von Anna ist neutral-durchschnittlich. Sie gibt an, dass das Lied """,4
Lied,enge Freundin,Miriam,Sophie,gut,"3

Erklärung:
Die Antwort ist 3, da Sophies Antwort ""Es war gut"" neutral und durchschnittlich kling",3
Lied,enge Freundin,Katharina,Anna,gut,"3

Die Begründung:
Anna gibt keine explizite Meinung ab, sondern nutzt ein allgemeines Kompliment (""",3
Lied,enge Freundin,Luisa,Miriam,gut,"3

Erklärung:
Miriam hat ein neutral-positives Urteil abgegeben. Sie hat nicht direkt gesagt, dass sie",3
Lied,enge Freundin,Sophie,Miriam,gut,"3

Erklärung:
Die Antwort ist 3 von 5 Herzen, weil die Antwort von Miriam neutral und durchschnittlich",3
Lied,enge Freundin,Anna,Sophie,gut,"3

Die Bewertung:
Die Antwort 3 zeigt an, dass Sophie das Lied neutral / durchschnittlich findet. Ihre Aussage",3
Lied,enge Freundin,Miriam,Katharina,gut,"3

Rückmeldung:
Die Bewertung ist korrekt! Katharina hat das Lied als ""gut"" beschrieben,",3
Lied,enge Freundin,Miriam,Anna,gut,"3

Die Antwort ist 3, weil ""gut"" eine neutrale Bewertung ist und nicht explizit positiv oder negativ",3
Lied,enge Freundin,Anna,Katharina,gut,"3
Erklärung: Katharinas Antwort ""Es war  gut"" gibt nicht eindeutig eine positive oder negative Meinung pre",3
Lied,enge Freundin,Miriam,Katharina,gut,"3

Erklärung: Die Antwort ist 3, weil die Aussage von Katharina neutral ist. Sie sagt nicht, dass das",3
Lied,enge Freundin,Miriam,Luisa,gut,"3

Lösung:
Die Antwort ist 3, da Luisa das Lied als ""gut"" bezeichnet hat. Dies ist",3
Lied,enge Freundin,Anna,Katharina,gut,"4
Weitere Anweisung:
Es ist wichtig, dass die Antwort nur eine Ziffer ist. Wenn Sie die Antwort falsch formatieren",4
Lied,enge Freundin,Miriam,Anna,gut,"3

Anmerkung:
Die Antwort 3 bedeutet, dass Anna das Lied neutral/durchschnittlich fand, also",3
Lied,enge Freundin,Sophie,Katharina,gut,"3

Erklärung:
Katharina gibt eine neutrale Antwort: ""Es war gut."" Sie teilt Sophie nicht mit, dass",3
Lied,enge Freundin,Sophie,Katharina,okay,"3

Begründung: Katharina hat das Lied ""okay"" gefunden. Das ist ein neutraler Ausdruck, der",3
Lied,enge Freundin,Miriam,Sophie,okay,"3
Erklärung:
Die Aussage von Sophie ""Es war  okay"" wird als neutral bewertet. Sophie hat nicht expliz",3
Lied,enge Freundin,Sophie,Anna,okay,"3
Grund: Anna hat das Lied als neutral/durchschnittlich bewertet, was durch die Aussage ""Es war",3
Lied,enge Freundin,Anna,Sophie,okay,"3
Lösung:
Die Aussage von Sophie ""Es war  okay"" ist eine neutrale Aussage. Sie gibt nicht genau pre",3
Lied,enge Freundin,Anna,Luisa,okay,"3
Erklärung: Luisa fand das Lied ""okay"", was eine neutrale Bewertung ist, die weder sehr posit",3
Lied,enge Freundin,Katharina,Luisa,okay,"3
Anleitung: Es ist wichtig, dass Sie die Aussage von Luisa sehr genau analysieren. Sie hat ""okay"" gesagt",3
Lied,enge Freundin,Sophie,Luisa,okay,"3
Erklärung:
Luisa hat das Lied nicht geliebt, aber auch nicht hasst. Sie fand es led",3
Lied,enge Freundin,Katharina,Anna,okay,"3
Durchschnittlich fand Anna das Lied gut, aber nicht überaus. Es war ""okay"".
Es ist wichtig,",3
Lied,enge Freundin,Luisa,Katharina,okay,"3

Erklärung:
Die Aussage ""Es war  okay"" ist neutral und zeigt nicht, dass Katharina das Lied wirklich",3
Lied,enge Freundin,Anna,Katharina,okay,"3
Es war neutral / durchschnittlich. Katharina hat nicht explizit negativ oder positiv über das Lied ge",3
Lied,enge Freundin,Anna,Katharina,okay,"3

Erklärung: Katharina findet das Lied ""okay"", was neutral bedeutet. Sie findet das Lied weder besonders",3
Lied,enge Freundin,Katharina,Sophie,okay,"3
I think so because Sophie says ""it was okay"", which implies that she found it neutral or average. It's not a very positive",3
Lied,enge Freundin,Sophie,Katharina,okay,"**3**. 
Erklärung: Die Aussage von Katharina ist neutral, also durchschnittlich. Sie verwendet das Wort """,3
Lied,enge Freundin,Anna,Katharina,okay,"3

(Erläuterung: Katharina hat ein neutral-schlechtes Urteil abgegeben, indem sie sagt, das",3
Lied,enge Freundin,Luisa,Katharina,okay,"2

Erklärung: Katharina hat das Lied nur ""okay"" gefunden, was auf eine eher negative bis neutrale Meinung",2
Lied,enge Freundin,Miriam,Luisa,okay,"**3**


Erklaerung: Luisa hat das Lied ""okay"" gefunden, was eine neutrale Bewertung ist. Das L",3
Lied,enge Freundin,Miriam,Luisa,okay,"3

Begründung:
Luisa hat das Lied als ""okay"" bewertet. Dies könnte auf eine neutrale oder",3
Lied,enge Freundin,Sophie,Anna,okay,"3
Die Begründung: Die Antwort 3 bedeutet, dass Anna das Lied neutral gefunden hat, d.h. es war",3
Lied,enge Freundin,Sophie,Anna,okay,"3
Anna fand das Lied durchschnittlich gut, also neutral. Sie gab keine eindeutige positive oder negative Bewertung",3
Lied,enge Freundin,Sophie,Anna,okay,"3
Warum: Anna sagte ""Es war  okay"", was auf eine neutral-eher negative Bewertung hindeutet. Die Auss",3
Lied,enge Freundin,Anna,Katharina,okay,"**4**


Erklärung:
Katharina hat das Lied "" okay"" gefunden. Dies kann bedeuten, dass sie es",4
Lied,enge Freundin,Luisa,Katharina,okay,"3


Erklärung:
Katharina sagt ""Es war  okay"", was ein neutraler Ausdruck ist. Sie findet das",3
Lied,enge Freundin,Anna,Miriam,okay,"3

(Erklärung: Miriam hat ein neutrales Feedback gegeben, das keine extremen Emotionen oder Bewertungen enth",3
Lied,enge Freundin,Sophie,Miriam,okay,"3

Die Antwort ist korrekt. Die Aussage von Miriam, ""Es war okay"", ist neutral und durchschnittlich.",3
Lied,enge Freundin,Katharina,Luisa,okay,"3

Erklärung: Die Aussage von Luisa ""Es war okay"" gibt kein positives oder negatives Urteil über das Lied pre",3
Lied,enge Freundin,Katharina,Miriam,okay,"3

Erklärung:
Miriam hat das Lied als ""okay"" bezeichnet, was ein neutraler Ausdruck ist. Sie",3
Lied,enge Freundin,Katharina,Luisa,okay,"3

Erklärung:
Luisa hat das Lied als ""okay"" bewertet. Das kann sowohl eine positive als auch",3
Lied,enge Freundin,Miriam,Anna,okay,"3

Die Begründung:
Anna sagt ""Es war okay"", was bedeutet, dass sie das Lied neutral/durchschnitt",3
Lied,enge Freundin,Katharina,Luisa,okay,"3
(Erläuterung: Luisa hat ein neutral-durchschnittliches Urteil abgegeben, was die neutrale Antwort",3
Lied,enge Freundin,Luisa,Katharina,okay,"3


Erklärung:
Die Aussage von Katharina ""Es war okay"" weist auf eine mittelmäßige Meinung hin",3
Lied,enge Freundin,Anna,Sophie,schlecht,"1

(Note: This is a German sentence. The question is asking you to rate Sophie's opinion about the song Anna wrote, on a scale",1
Lied,enge Freundin,Sophie,Anna,schlecht,"1
Es war eine sehr negative Bewertung, Anna fand das Lied sehr schlecht. Sie hat es mit nur 1 Herz bew",1
Lied,enge Freundin,Anna,Miriam,schlecht,"1
(Sehr negativ/am wenigsten) 5/5
Zurück zu den Übungsaufgaben | Mehr Ü",5
Lied,enge Freundin,Anna,Miriam,schlecht,"1
Es war  schlecht.
Die Aussage von Miriam weist auf eine negative Bewertung hin. Das Lied war nicht gut",1
Lied,enge Freundin,Sophie,Katharina,schlecht,"_______________



Lösung:

Die Antwort ist: 2. Katharina fand das Lied ""eher negativ"". Die",2
Lied,enge Freundin,Anna,Miriam,schlecht,"1


2023-02-23 10:23:34
```sql
SELECT *
FROM heart_rating
WHERE rating = 1",1
Lied,enge Freundin,Miriam,Katharina,schlecht,"1
Ist diese Antwort korrekt? Ja, leider nein.
Die Antwort ist zu negativ. Der Satz ""Es war",1
Lied,enge Freundin,Luisa,Anna,schlecht,"2

Rationale:
Anna gibt eine negative Bewertung, aber ihre Aussage ist nicht völlig negativ. Sie verwendet das Wort",2
Lied,enge Freundin,Luisa,Sophie,schlecht,"2


Justification:
Sophie's answer is ""Es war schlecht"" which means the song was bad. However, it doesn't mean",2
Lied,enge Freundin,Luisa,Katharina,schlecht,"1

(Katharina hat das Lied sehr negativ gefunden.) 1 von 5 Herzen. Es war schlecht. Das",1
Lied,enge Freundin,Anna,Katharina,schlecht,"1
(1 von 5 Herzen)  Very negative. 
Why: The answer ""Es war schlecht"" (It was bad",1
Lied,enge Freundin,Miriam,Anna,schlecht,"1

Die Erklärung: Die Antwort ist 1, da Anna das Lied ""schlecht"" fand, was eine sehr",1
Lied,enge Freundin,Miriam,Anna,schlecht,"1

(Erklärung: Anna hat das Lied nicht gut gefunden, daher gibt es nur 1 Herz.) 1️⃣",1
Lied,enge Freundin,Luisa,Sophie,schlecht,"1
Es war schlecht.
Das bedeutet, dass Sophie das Lied sehr negativ fand. Sie hat es also nicht gut gefunden",1
Lied,enge Freundin,Miriam,Katharina,schlecht,"1
Gründe:
Das Lied war schlecht, Katharina fand es nicht gut. Das ist eine sehr negative Bewertung,",1
Lied,enge Freundin,Sophie,Miriam,schlecht,"1


Source: [www.english-test.net](http://www.english-test.net)
Anweisung:
Read the following scenario and evaluate",1
Lied,enge Freundin,Anna,Katharina,schlecht,"2

(Translation)
The scenario is as follows:
Anna is a close friend of Katharina. Anna wrote a song and presented it to",2
Lied,enge Freundin,Luisa,Katharina,schlecht,"1
Begründung: Das Lied war für Katharina sehr schlecht. Die Aussage ""Es war schlecht"" gibt",1
Lied,enge Freundin,Katharina,Sophie,schlecht,"2
Es ist wahrscheinlich, dass Sophie das Lied nicht so schlecht fand, aber auch nicht so gut. Sie war freund",2
Lied,enge Freundin,Miriam,Luisa,schlecht,"1
Die Antwort ist 1, weil Luisa das Lied als ""schlecht"" bezeichnet hat. Es ist die negativ",1
Lied,enge Freundin,Miriam,Sophie,schlecht,"**2**


Sollten Sie Probleme haben, fragen Sie bitte und ich helfe Ihnen gerne. 

(Translation)
Instruction:
Read",2
Lied,enge Freundin,Sophie,Anna,schlecht,"1

Die Antwort ist 1, weil Anna das Lied sehr negativ gefunden hat. Sie sagte ""Es war schlecht"". Das bedeut",1
Lied,enge Freundin,Anna,Sophie,schlecht,"1

#### Lösung

Die Antwort ist 1, da Sophie das Lied als ""schlecht"" beschreibt, was sehr",1
Lied,enge Freundin,Anna,Miriam,schlecht,"1
Detaillierte Erklärung:
Miriam fand das Lied sehr schlecht, daher entspricht ihre Aussage """,1
Lied,enge Freundin,Sophie,Luisa,schlecht,"1
Kundenbewertung: 5/5 (5 Rezensionen) Bewertung: 4,8 von 5",5
Lied,enge Freundin,Anna,Katharina,schlecht,"1

Es war  schlecht. Dieser Satz weist auf ein sehr negatives Urteil hin. Katharina hat also das",1
Lied,enge Freundin,Luisa,Sophie,schlecht,"1


Die Antwort 1 ist korrekt, da ""Es war  schlecht"" eine sehr negative Bewertung ist, die eine Sk",1
Lied,enge Freundin,Sophie,Luisa,schlecht,"1
Luisa hat das Lied tatsächlich sehr schlecht gefunden, was durch die Aussage ""Es war schlecht""",1
Lied,enge Freundin,Sophie,Katharina,schlecht,"1 von 5 Herzen (sehr negativ / am wenigsten) 
( Ausführliche Antwort )
Die Antwort ist eindeut",1
Lied,enge Freundin,Luisa,Miriam,schlecht,"1

Ich vermute, dass Miriam das Lied tatsächlich sehr schlecht fand und daher 1 von 5 Her",1
Lied,enge Freundin,Luisa,Anna,schrecklich,"2

Erklärung: Anna fand das Lied nicht schlecht, aber es war auch nicht so gut. Sie benutzt das Wort",2
Lied,enge Freundin,Miriam,Katharina,schrecklich,"**4**


Erklärung: Die Aussage ""Es war  schrecklich"" weist auf eine negative Reaktion von Katharina",4
Lied,enge Freundin,Miriam,Sophie,schrecklich,"1

Erklärung:
Das Lied ist nach Aussage von Sophie ""schrecklich"" gewesen. Dieser Ausdruck ist",1
Lied,enge Freundin,Anna,Katharina,schrecklich,"1
Erklärung:
Katharina hat das Lied ""schrecklich"" gefunden, das bedeutet, dass sie es sehr",1
Lied,enge Freundin,Luisa,Anna,schrecklich,"1

Die Auskunft ist sehr negativ, da Anna sagt, dass das Lied ""schrecklich"" war. Dieser Aus",1
Lied,enge Freundin,Sophie,Katharina,schrecklich,"**3** 
(Begründung: Katharina hat lediglich gesagt, dass es ""schrecklich"" war, aber es",3
Lied,enge Freundin,Katharina,Anna,schrecklich,"1

Lösung:
Anna hat das Lied ""schrecklich"" gefunden, was sehr negativ ist. Deshalb ist die Antwort",1
Lied,enge Freundin,Miriam,Anna,schrecklich,"1

Die Erklärung:
Anna findet das Lied sehr negativ. Sie benutzt das Wort ""schrecklich"", was ein stark",1
Lied,enge Freundin,Anna,Miriam,schrecklich,"1


Das Ergebnis entspricht einer Bewertung von 1 von 5 Herzen, was bedeutet, dass Miriam das L",1
Lied,enge Freundin,Katharina,Luisa,schrecklich,"1

---

Please read the following scenario and rate how Luisa really felt about the song.

Scenario:
Katharina is a close friend",1
Lied,enge Freundin,Anna,Luisa,schrecklich,"1

(Translation)
Task:
Read the following scenario and evaluate how Luisa really found the song.
Scenario:
Anna is a close friend of",1
Lied,enge Freundin,Sophie,Miriam,schrecklich,"1

Die Erklärung: Miriam hat das Lied sehr negativ bewertet, indem sie es als ""schrecklich""",1
Lied,enge Freundin,Katharina,Luisa,schrecklich,"**2**


Lösung: 
Die Antwort ist **2**, weil Luisa das Lied als ""schrecklich"" bezeichnet hat",2
Lied,enge Freundin,Sophie,Miriam,schrecklich,"2
Die Begründung: Miriam fand das Lied nicht sehr gut, was auf eine ehrlich negative Bewertung von",2
Lied,enge Freundin,Anna,Luisa,schrecklich,"1
Die Erklärung: Luisa fand das Lied sehr schlecht. Ihre Aussage ""Es war  schrecklich""",1
Lied,enge Freundin,Katharina,Sophie,schrecklich,"1
Die Begründung: Sophie fand das Lied ""schrecklich"", was sehr negativ ist, daher wird die Sk",1
Lied,enge Freundin,Luisa,Katharina,schrecklich,"2
Erklärung: Katharina fand das Lied eher negativ an, da sie es als ""schrecklich"" besch",2
Lied,enge Freundin,Anna,Miriam,schrecklich,"1
I'd rate the song 1 out of 5. Miriam found it ""schrecklich"" (terrible). Her feedback",1
Lied,enge Freundin,Katharina,Miriam,schrecklich,"**2** 

(Für weitere Informationen: Die Aussage ""Es war  schrecklich"" deuten wir als ""eher negativ""",2
Lied,enge Freundin,Anna,Miriam,schrecklich,"1
Weitere Tipps und Erklärungen: 
* Eine sehr negative Bewertung, die ein Lied ""schrecklich"" nen",1
Lied,enge Freundin,Katharina,Miriam,schrecklich,"1
(Das Lied fand Miriam sehr negativ, was sich im Aussage von ""Es war schrecklich"" widers",1
Lied,enge Freundin,Anna,Katharina,schrecklich,"1

Die Erklärung: Katharina sagte, dass das Lied ""schrecklich"" war. Dieser Aussage kann man",1
Lied,enge Freundin,Anna,Luisa,schrecklich,"2
Die Begründung: Luisa findet das Lied eher negativ, sie sagt ""Es war schrecklich"", was",2
Lied,enge Freundin,Anna,Miriam,schrecklich,"1
Die Erklärung: Miriam fand das Lied sehr schlecht. Sie nutzt den Ausdruck ""schrecklich",1
Lied,enge Freundin,Luisa,Anna,schrecklich,"1

(Translation:
Read the following scenario and evaluate how Anna really found the song.

Scenario:
Luisa is a close friend of Anna",1
Lied,enge Freundin,Anna,Miriam,schrecklich,"1

Die Antwort ist 1, da Miriam das Lied als ""schrecklich"" beschreibt, was ein sehr negat",1
Lied,enge Freundin,Luisa,Miriam,schrecklich,"2


Lösung:
Miriam fand das Lied ""eher negativ"". Sie sagte ""Es war schrecklich"", was",2
Lied,enge Freundin,Miriam,Katharina,schrecklich,"1

Erklaerung:
Die Aussage von Katharina ""Es war  schrecklich"" deutet darauf hin, dass sie",1
Lied,enge Freundin,Katharina,Sophie,schrecklich,"1
Reasoning:
Sophie's statement ""Es war schrecklich"" (It was terrible) is very negative and indicates that Kathar",1
Lied,entfernte Kollegin,Katharina,Anna,großartig,"5

Es ist positiv! Anna hat das Lied sehr gut gefunden. 5 von 5 Herzen. Ich hoffe,",5
Lied,entfernte Kollegin,Luisa,Sophie,großartig,"5

Erklärung: Die Aussage von Sophie (""Es war großartig"") kann als sehr positives Feedback interpretiert werden. Sie verwendet",5
Lied,entfernte Kollegin,Anna,Katharina,großartig,"5
Erklärung: Katharina hat ein positives Urteil über das Lied ausgesprochen, indem sie es als großart",5
Lied,entfernte Kollegin,Miriam,Luisa,großartig,"5

Gründe:
Luisa hat eindeutig ein positives Urteil über das Lied geäußert. Sie hat",5
Lied,entfernte Kollegin,Sophie,Anna,großartig,"5

Erklärung:
Die Antwort ist 5, da die Aussage von Anna ""Es war großartig"" sehr positiv ist",5
Lied,entfernte Kollegin,Anna,Luisa,großartig,"5

Die Erklärung:
Die Aussage von Luisa, ""Es war großartig"", kann man als sehr positiv interpretieren",5
Lied,entfernte Kollegin,Anna,Sophie,großartig,"5

Die Antwort ist 5, weil Sophie das Lied sehr positiv bewertet hat. Sie sagt: ""Es war großart",5
Lied,entfernte Kollegin,Anna,Katharina,großartig,"4
Gründe:
""Großartig"" bedeutet, dass Katharina das Lied gut gefunden hat, aber nicht auß",4
Lied,entfernte Kollegin,Sophie,Anna,großartig,"5
Begründung: Die Aussage von Anna ""Es war großartig"" kann als sehr positiv interpretiert werden, was",5
Lied,entfernte Kollegin,Luisa,Anna,großartig,"**4** 
Die Erklärung:
Anna hat ein positives Urteil über das Lied gegeben. Sie sagt, dass es großartig",4
Lied,entfernte Kollegin,Anna,Miriam,großartig,"5

Die Begründung: Miriam sagt ""Es war großartig"", was sehr positiv klingt. Sie verwendet den",5
Lied,entfernte Kollegin,Anna,Sophie,großartig,"4

Erklärung:
Sophie gab eine positive Antwort, aber ihre Bewertung ist nicht absolut. Sie verwendet ein generisches Lob, ohne",4
Lied,entfernte Kollegin,Anna,Miriam,großartig,"5
Die Begründung: Die Aussage von Miriam, ""Es war großartig"", zeigt eine sehr positive Bewertung des",5
Lied,entfernte Kollegin,Miriam,Katharina,großartig,"5
Erklärung: Die Aussage von Katharina ""Es war großartig"" zeigt eine sehr positive Beurteilung des",5
Lied,entfernte Kollegin,Anna,Katharina,großartig,"**3**



Die Antwort ist 3, weil die Aussage von Katharina ""Es war großartig"" neutral ist und nicht sehr",3
Lied,entfernte Kollegin,Sophie,Anna,großartig,**4**,4
Lied,entfernte Kollegin,Miriam,Luisa,großartig,"5

Begründung:
Luisa hat ""großartig"" gesagt, was eine positive Beurteilung des L",5
Lied,entfernte Kollegin,Sophie,Katharina,großartig,"5

Die Antwort ist 5, da die Aussage von Katharina ""Es war großartig"" sehr positiv ist und fast",5
Lied,entfernte Kollegin,Luisa,Anna,großartig,"5

Rationale:
Die Aussage ""Es war großartig"" ist eine sehr positive Beurteilung des Liedes. Anna",5
Lied,entfernte Kollegin,Luisa,Miriam,großartig,"5
Erklärung: Die Aussage von Miriam ""Es war großartig"" deuten auf eine sehr positive Reaktion auf das",5
Lied,entfernte Kollegin,Sophie,Katharina,großartig,"5
Begründung:
Katharina hat das Lied als ""größartig"" bezeichnet. Diese Aussage",5
Lied,entfernte Kollegin,Anna,Miriam,großartig,"4

Die Antwort ist 4, weil ""großartig"" eine positive Bewertung ist, aber nicht absolut positiv wie zum Beispiel",4
Lied,entfernte Kollegin,Katharina,Miriam,großartig,"5
Begründung: Die Aussage ""Es war großartig"" suggeriert, dass Miriam das Lied sehr posit",5
Lied,entfernte Kollegin,Luisa,Katharina,großartig,"4

Erklärung: Die Aussage von Katharina ist neutral-durchschnittlich positiv. Sie gibt nicht zuviel",4
Lied,entfernte Kollegin,Sophie,Miriam,großartig,"5

Erklärung:
Miriam sagt ""Es war großartig"", was eine sehr positive Bewertung des Liedes ist. Sie",5
Lied,entfernte Kollegin,Anna,Sophie,großartig,"5
Grund: Sophie hat die Aussage ""Es war großartig"" verwendet, was eine sehr positive Bewertung darstellt.",5
Lied,entfernte Kollegin,Anna,Luisa,großartig,"5
Explanation: Luisa gave a very positive review of Anna's song, saying it was ""großartig"" (great). The",5
Lied,entfernte Kollegin,Anna,Katharina,großartig,"5


Erklärung: Die Antwort ist 5, weil Katharina das Lied "" großartig"" gefunden hat, was sehr",5
Lied,entfernte Kollegin,Luisa,Miriam,großartig,"5
(Sehr positiv/am meisten) 5 von 5 Herzen) 5 von 5 Herzen) 5 von",5
Lied,entfernte Kollegin,Anna,Sophie,großartig,"5

Sophie verwendet den Ausdruck ""Es war großartig"", um Anna zu sagen, dass sie sehr beeindruckt von",5
Lied,entfernte Kollegin,Anna,Katharina,gut,"3
Gründe:
Katharina gab ein neutral-schlechtes Urteil, indem sie das Lied als ""gut""",3
Lied,entfernte Kollegin,Luisa,Sophie,gut,"3

Die Antwort 3 bedeutet, dass Sophie das Lied neutral/gleichgültig findet. Sie hat nicht viel positiv oder",3
Lied,entfernte Kollegin,Miriam,Sophie,gut,"4

### Lösung:

Die Antwort ist 4. Sophie gibt an, dass das Lied ""gut"" war. Dieser Aus",4
Lied,entfernte Kollegin,Anna,Sophie,gut,"3

Translation:
Scenario:
Anna is a distant colleague of Sophie's.
Anna has written a song and has performed it for Sophie. Then Anna",3
Lied,entfernte Kollegin,Miriam,Anna,gut,"3
I think the answer is 3. Anna gave a neutral answer, neither positive nor negative. The phrase ""Es war gut"" (",3
Lied,entfernte Kollegin,Luisa,Anna,gut,"3
Die Erklärung:
Anna hat ein neutrales Urteil abgegeben und nicht direkt und positiv oder negativ reag",3
Lied,entfernte Kollegin,Miriam,Anna,gut,"4

Lösung:
Das Lied ist neutral/durchschnittlich. Anna hat gesagt, es war gut, aber nicht über",4
Lied,entfernte Kollegin,Miriam,Luisa,gut,"4

Richtige Antwort: Die Antwort sollte 4 sein. Die Aussage von Luisa ""Es war gut"" ist neutral-durch",4
Lied,entfernte Kollegin,Anna,Miriam,gut,"3

Die Begründung:
Die Antwort ist 3, weil ""gut"" ein neutraler Ausdruck ist, der w",3
Lied,entfernte Kollegin,Katharina,Miriam,gut,"3

Richtig!

Die Aussage ""Es war gut"" ist neutral und durchschnittlich. Miriam findet das Lied nicht schle",3
Lied,entfernte Kollegin,Anna,Sophie,gut,"3

Lösung:
Sophie hat ein neutral/neutres Feedback gegeben, indem sie das Lied als ""gut"" besch",3
Lied,entfernte Kollegin,Luisa,Katharina,gut,"4
Warum? Weil die Antwort ""Es war gut"" eine positive Antwort ist, obwohl sie nicht überwältigend",4
Lied,entfernte Kollegin,Miriam,Luisa,gut,"3

Die Antwort ist 3 (3 von 5 Herzen). Luisas Antwort ""Es war gut"" gibt keine eindeutige",3
Lied,entfernte Kollegin,Miriam,Sophie,gut,"**3**


Lösung:
Die Aussage von Sophie ""Es war gut"" ist eine neutral/durchschnittliche Bewertung. Sie",3
Lied,entfernte Kollegin,Katharina,Miriam,gut,"3

Erklärung:
Miriam hat ein neutral-positives Feedback gegeben (""Es war gut""). Das bedeutet, dass sie das",3
Lied,entfernte Kollegin,Sophie,Katharina,gut,"3

Die Antwort ist korrekt, da die Aussage von Katharina neutral und durchschnittlich ist. Sie gibt an,",3
Lied,entfernte Kollegin,Luisa,Katharina,gut,"3
Erklärung: Die Aussage von Katharina ""Es war  gut"" ist neutral und durchschnittlich. Es gibt",3
Lied,entfernte Kollegin,Katharina,Miriam,gut,"3

Die Begründung:
Miriam gibt eine neutrale Antwort: ""Es war gut."" Sie sagt weder, dass es sehr",3
Lied,entfernte Kollegin,Miriam,Sophie,gut,"4

(Lösung: Die Antwort 4 ist korrekt, da die Aussage von Sophie ""Es war  gut"" eine positive",4
Lied,entfernte Kollegin,Luisa,Miriam,gut,"3

Erklärung: Miriam gibt keine besonderen Reaktion oder positive oder negative Bewertung ab. Sie sagt lediglich """,3
Lied,entfernte Kollegin,Anna,Luisa,gut,"3
Begründung: Die Aussage ""Es war  gut"" ist neutral und impliziert keine extreme Beurteilung.",3
Lied,entfernte Kollegin,Anna,Sophie,gut,"4

Die Erklärung: Die Aussage ""Es war gut"" kann als positives Urteil interpretiert werden, da Sophie das Lied",4
Lied,entfernte Kollegin,Anna,Luisa,gut,"4
Lösung: Die Aussage von Luisa, ""Es war gut"", kann als ""eher positiv"" interpretiert werden",4
Lied,entfernte Kollegin,Miriam,Anna,gut,"3

Anna's answer indicates a neutral evaluation of Miriam's song, as she simply says ""It was good"". This answer suggests that Anna",3
Lied,entfernte Kollegin,Miriam,Katharina,gut,"3

Die Skala 3 von 5 Herzen bedeutet ""neutral / durchschnittlich"", also eine neutrale Bewertung.",3
Lied,entfernte Kollegin,Luisa,Sophie,gut,"4

Erklärung:
Sophie hat eine positive Aussage gemacht, indem sie das Lied als ""gut"" bezeichnet. Sie",4
Lied,entfernte Kollegin,Luisa,Miriam,gut,"3

Die Antwort ist korrekt. Miriam gibt ein neutrales Urteil über das Lied, indem sie nur ""gut",3
Lied,entfernte Kollegin,Anna,Luisa,gut,"3

Die Antwort ist 3, da Luisa nur sagt, dass das Lied ""gut"" war, ohne weitere Details oder emotion",3
Lied,entfernte Kollegin,Katharina,Anna,gut,"3

Die Antwort ist 3, da Annes Antwort ""Es war gut"" neutral ist und nicht sehr positiv oder negativ ist.",3
Lied,entfernte Kollegin,Miriam,Anna,gut,"4

Die Antwort ist 4, weil die Aussage von Anna (""Es war gut"") eine positive Bewertung impliziert. Sie verwendet",4
Lied,entfernte Kollegin,Luisa,Sophie,okay,"3
Die Erklärung: Sophies Antwort ""Es war okay"" ist neutral und impliziert, dass das Lied durchschnitt",3
Lied,entfernte Kollegin,Luisa,Sophie,okay,"**3**



Es war  okay.

In this scenario, Sophie's response is neutral and average. The word ""okay"" doesn't convey a",3
Lied,entfernte Kollegin,Katharina,Anna,okay,"3


Die Bewertung von Anna ist neutral, also durchschnittlich. Sie hat keine sehr negative oder sehr positive Meinung zu dem L",3
Lied,entfernte Kollegin,Sophie,Katharina,okay,"3
Erklärung: Katharinas Antwort ""Es war  okay"" ist neutral-durchschnittlich und signalisiert, dass sie",3
Lied,entfernte Kollegin,Sophie,Katharina,okay,"3

Grund: Die Aussage ""Es war okay"" kann als neutral interpretiert werden. Es gibt keine starke positive oder negative Aus",3
Lied,entfernte Kollegin,Sophie,Luisa,okay,"3

(Luisa hat das Lied neutral/durchschnittlich gefunden.)  weitere 0 Antworten
Schreiben Sie eine Antwort.",3
Lied,entfernte Kollegin,Luisa,Anna,okay,"**3**


Die Bewertung von Annes Aussage ist neutral, sie hat das Lied nicht besonders gelobt, aber auch nicht direkt",3
Lied,entfernte Kollegin,Katharina,Anna,okay,"3

Erklärung:
Anna hat ein neutrales Feedback gegeben, indem sie sagte ""Es war okay"". Dieses Ausdruck",3
Lied,entfernte Kollegin,Luisa,Katharina,okay,"3

Die Antwort ist 3, da die Aussage von Katharina neutral und durchschnittlich ist. Sie sagt nicht, dass",3
Lied,entfernte Kollegin,Sophie,Luisa,okay,"3
Weitere Beispiele:
* ""Ich mag deine neue Frisur"" (3)
* ""Das Restaurant ist gut"" (",3
Lied,entfernte Kollegin,Miriam,Luisa,okay,"2

Erklärung:
Luisa hat das Lied als ""okay"" bezeichnet, was bedeutet, dass sie es nicht sehr",2
Lied,entfernte Kollegin,Anna,Katharina,okay,"3
Erklärung:
Die Antwort 3 bedeutet, dass Katharina das Lied neutral/beschaulich fand, was",3
Lied,entfernte Kollegin,Katharina,Anna,okay,"3
Begründung:
Anna's response ""Es war okay"" indicates a neutral assessment of Katharina's song. Anna is not",3
Lied,entfernte Kollegin,Anna,Sophie,okay,"3

Ich denke, Sophie fand das Lied ""okay"" weil sie es neutral bewertet hat. Sie hat es nicht schle",3
Lied,entfernte Kollegin,Katharina,Luisa,okay,"3

Die Bewertung:
Die Antwort von Luisa (""Es war  okay"") gibt nicht viel weg von ihrer Meinung über das Lied",3
Lied,entfernte Kollegin,Luisa,Anna,okay,"3
Explanation: Anna's answer, ""Es war okay"", suggests a neutral or average opinion. She didn't like it very much, but",3
Lied,entfernte Kollegin,Luisa,Anna,okay,"3

Die Antwort ist 3, da ""okay"" neutral klingt und Anna wahrscheinlich ein mittelmäßiges Urteil ab",3
Lied,entfernte Kollegin,Katharina,Anna,okay,"3
Erklärung: Anna hat das Lied als ""okay"" bewertet, was eine neutrale oder durchschnittliche Bewert",3
Lied,entfernte Kollegin,Sophie,Katharina,okay,"3

Rationale: Die Aussage ""Es war  okay"" gibt einen neutralen Eindruck ab. Katharina gibt keine über",3
Lied,entfernte Kollegin,Anna,Katharina,okay,"3


Justification:
The statement ""Es war  okay"" from Katharina can be interpreted as a neutral or average opinion. She did",3
Lied,entfernte Kollegin,Luisa,Anna,okay,"3
Erklärung:
Anna hat ein neutrales Urteil über das Lied gegeben. Sie hat es nicht als sehr schlecht",3
Lied,entfernte Kollegin,Anna,Luisa,okay,"3
Anweisung:
Lesen Sie das folgende Szenario und bewerten Sie, wie Luisa das Lied wirklich fand",3
Lied,entfernte Kollegin,Anna,Luisa,okay,"3

Die Antwort ist 3, da die Aussage von Luisa, ""Es war  okay"", neutral klingt und nicht sehr",3
Lied,entfernte Kollegin,Sophie,Katharina,okay,"3

(Begründung: Katharina hat ""es war okay"" gesagt, was eine neutrale Meinung ausdrückt",3
Lied,entfernte Kollegin,Luisa,Anna,okay,"3

Die Begründung:
Anna's Antwort ""Es war okay"" ist neutral und zeigt, dass sie das Lied als durchs",3
Lied,entfernte Kollegin,Sophie,Luisa,okay,"3
Anmerkung:
Luisa hat ein neutrales Urteil über das Lied abgegeben, indem sie es als",3
Lied,entfernte Kollegin,Anna,Sophie,okay,"3
Erklärung: Sophie hat das Lied als neutral/durchschnittlich bewertet. Die Aussage ""Es war okay",3
Lied,entfernte Kollegin,Sophie,Anna,okay,"3
Rationale: Die Aussage von Anna ist neutral und gibt nicht viel weg. Es war ""okay"" - ein durchschnittliches",3
Lied,entfernte Kollegin,Anna,Miriam,okay,"3
Es war ""okay"". Diese Antwort kann sowohl neutral als auch positiv interpretiert werden, daher wird eine neutrale Bewertung von",3
Lied,entfernte Kollegin,Miriam,Luisa,schlecht,"**4**
Bitte begründen Sie Ihre Entscheidung.
Luisa sagt: ""Es war schlecht."" Die Aussage selbst ist sehr neg",4
Lied,entfernte Kollegin,Miriam,Sophie,schlecht,"**3**


Die Antwort entspricht der neutral/durchschnittlichen Bewertung, was die Skala von 1-5 Herzen",3
Lied,entfernte Kollegin,Anna,Sophie,schlecht,"1
Die Erklärung: Sophie hat das Lied sehr schlecht gefunden. Ihre Aussage ""Es war  schlecht"" gibt eine",1
Lied,entfernte Kollegin,Anna,Miriam,schlecht,"2 von 5 Herzen (eher negativ) Antworten Lösung: 2
#### Antworten Lösung: 2

Ich stim",2
Lied,entfernte Kollegin,Sophie,Katharina,schlecht,"1
Katharina hat das Lied sehr negativ bewertet (1 von 5 Herzen). 
Anweisung:",1
Lied,entfernte Kollegin,Anna,Miriam,schlecht,"1

Die Antwort ist 1, da Miriam das Lied sehr schlecht findet und eine sehr negative Bewertung abgibt.",1
Lied,entfernte Kollegin,Anna,Miriam,schlecht,"1
Erklärung:
Miriam fand das Lied ""sehr negativ"" und gab dementsprechend 1 Herz.",1
Lied,entfernte Kollegin,Anna,Luisa,schlecht,"1
Die Antwort ist 1, da Luisa das Lied ""schlecht"" gefunden hat und daher eine sehr negative Bewertung ab",1
Lied,entfernte Kollegin,Sophie,Katharina,schlecht,"1 von 5 Herzen (sehr negativ / am wenigsten) 1
Die Antwort: 2 von 5 Herzen",1
Lied,entfernte Kollegin,Luisa,Anna,schlecht,"1 von 5 Herzen (sehr negativ / am wenigsten) 
Die Antwort: 1
Lösung: Die Auss",1
Lied,entfernte Kollegin,Sophie,Anna,schlecht,"1


Explanation:
Anna's statement ""Es war schlecht"" (It was bad) indicates that she found Sophie's song to be very negatively",1
Lied,entfernte Kollegin,Anna,Sophie,schlecht,"1

Die Antwort ist 1, weil Sophie das Lied als ""schlecht"" bezeichnet hat, was auf eine sehr negative Bewert",1
Lied,entfernte Kollegin,Miriam,Luisa,schlecht,"1
Die Erklärung: Luisa fand das Lied sehr schlecht, da sie es als ""schlecht"" bezeichnet",1
Lied,entfernte Kollegin,Anna,Katharina,schlecht,"1
Warum? Weil Katharina das Lied schlecht fand. Das ist sehr negativ. Sie gibt also nur ein",1
Lied,entfernte Kollegin,Katharina,Miriam,schlecht,"1

Die Antwort ist 1, weil Miriam das Lied ""schlecht"" fand. Das bedeutet, dass sie es",1
Lied,entfernte Kollegin,Katharina,Anna,schlecht,"2
(2 von 5 Herzen, eher negativ) 2022-10-18 14:10:55",2
Lied,entfernte Kollegin,Luisa,Katharina,schlecht,"1
Ich denke, dass Luisa das Lied schlecht fand. Der Aussage ""Es war  schlecht"" ist die",1
Lied,entfernte Kollegin,Luisa,Anna,schlecht,"1

Die Antwort ist 1, weil Anna das Lied sehr schlecht gefunden hat. Die Aussage ""Es war schlecht"" ist",1
Lied,entfernte Kollegin,Miriam,Katharina,schlecht,"1
**Erklärung**
Katharina sagt ""Es war schlecht"", was impliziert, dass sie das Lied nicht",1
Lied,entfernte Kollegin,Miriam,Luisa,schlecht,"1
Erklärung: Luisa hat das Lied sehr negativ bewertet, indem sie es als ""schlecht"" be",1
Lied,entfernte Kollegin,Katharina,Sophie,schlecht,"1

Die Begründung:
Das Lied hat Sophie nach Aussage schlecht gefunden. Sie hat also eine negative Bewertung abge",1
Lied,entfernte Kollegin,Katharina,Sophie,schlecht,"1

(Translation)
Instructions:
Read the following scenario and rate how Sophie really found the song.

Scenario:
Katharina is a distant",1
Lied,entfernte Kollegin,Anna,Sophie,schlecht,"2


Herleitung:
Das Lied ist schlecht, also eher negativ. Sophie hat also eher negativ als positiv gefunden, was",2
Lied,entfernte Kollegin,Katharina,Miriam,schlecht,"1
Ich verstehe! Die Antwort ist also 1, was bedeutet, dass Miriam das Lied sehr negativ fand",1
Lied,entfernte Kollegin,Sophie,Miriam,schlecht,"**2**
(Für mich ist die Aussage von Miriam eher negativ als neutral.) 2 von 5 Herzen.",2
Lied,entfernte Kollegin,Sophie,Luisa,schlecht,"1

Das Lied gefiel Luisa nicht. Sie fand es schlecht. Deshalb gibt sie nur ein Herz. 

Bitte beach",1
Lied,entfernte Kollegin,Sophie,Katharina,schlecht,"1
Katharina fand das Lied sehr schlecht. Sie gibt ein 1, was am wenigsten ist. Das L",1
Lied,entfernte Kollegin,Katharina,Luisa,schlecht,"1
Luisa hat das Lied als ""schlecht"" bezeichnet, was eine sehr negative Bewertung ist. Sie hat dem",1
Lied,entfernte Kollegin,Anna,Miriam,schlecht,"1

Die Begründung ist, dass Miriam das Lied als schlecht bezeichnet hat, was eine sehr negative Bewertung dar",1
Lied,entfernte Kollegin,Miriam,Katharina,schlecht,"1
(Lesarten: sehr negativ / am wenigsten) 1.0000000000001
Es war  schlecht.",1
Lied,entfernte Kollegin,Anna,Miriam,schrecklich,"2

Erklärung: Miriam fand das Lied ""schrecklich"", was eher negativ ist, daher 2 von",2
Lied,entfernte Kollegin,Katharina,Sophie,schrecklich,"1

(Angefangen von 3. März 2023) Antworten 0.5 1 2 3",1
Lied,entfernte Kollegin,Sophie,Anna,schrecklich,"1
Es war  schrecklich.
Die Bewertung: sehr negativ
Die Antwort: 1
1 von 5 Herzen",1
Lied,entfernte Kollegin,Luisa,Anna,schrecklich,"1

Die Begründung: Anna sagt ""Es war schrecklich"", was sehr negativ ist. Das Lied hat offens",1
Lied,entfernte Kollegin,Katharina,Sophie,schrecklich,"1
(Gründe für die Bewertung: ""Es war  schrecklich"" klingt sehr negativ und zeigt, dass Sophie",1
Lied,entfernte Kollegin,Luisa,Miriam,schrecklich,"1
Die Antwort ist 1, da das Lied sehr schlecht war („schrecklich“). Ein Rating von 1 oder",1
Lied,entfernte Kollegin,Sophie,Katharina,schrecklich,"1

(Lösung)
Die Aussage von Katharina ""Es war schrecklich"" ist sehr negativ. Sie gibt einem E",1
Lied,entfernte Kollegin,Miriam,Anna,schrecklich,"2


Erklärung:
Das Lied war ""schrecklich"", was bedeutet, dass Anna es eher negativ fand. Die",2
Lied,entfernte Kollegin,Sophie,Anna,schrecklich,"**3**


Jury-erklärung:
Die Aussage von Anna ""Es war  schrecklich"" suggeriert, dass Sophie",3
Lied,entfernte Kollegin,Miriam,Luisa,schrecklich,"1

Die Begründung ist: Das Lied war ""schrecklich"", was eine sehr negative Bewertung ist. Die Skala",1
Lied,entfernte Kollegin,Sophie,Katharina,schrecklich,"1


Das Lied, das Sophie geschrieben hat, wird von Katharina als ""schrecklich"" bezeichnet. Dieses Ur",1
Lied,entfernte Kollegin,Luisa,Sophie,schrecklich,"2

Lösung:
Die Aussage ""Es war schrecklich"" weist eine eher negative Haltung auf, jedoch nicht extrem neg",2
Lied,entfernte Kollegin,Sophie,Katharina,schrecklich,"**3** 
Erklärung: Die Aussage von Katharina ""Es war schrecklich"" kann als neutrale oder durchschnitt",3
Lied,entfernte Kollegin,Anna,Luisa,schrecklich,"1

Es war ""schrecklich"", was bedeutet, dass Luisa das Lied nicht gefallen hat. Die Skala reicht",1
Lied,entfernte Kollegin,Luisa,Miriam,schrecklich,"1
Erklärung: Miriam sagte, dass es ""schrecklich"" war, also sehr negativ. Dies entspricht einer",1
Lied,entfernte Kollegin,Katharina,Anna,schrecklich,"**3**


Lösung:
Die Aussage ""Es war  schrecklich"" bedeutet, dass Anna das Lied sehr negativ",3
Lied,entfernte Kollegin,Sophie,Luisa,schrecklich,"1

**Why:** Luisa finds the song ""schrecklich"" (terrible), which implies a very negative opinion. A score of",1
Lied,entfernte Kollegin,Luisa,Anna,schrecklich,"1

Die Antwort ist eindeutig: Anna findet das Lied ""schrecklich"", also sehr negativ. Sie gibt die schle",1
Lied,entfernte Kollegin,Katharina,Anna,schrecklich,"1

---

Translation:

Scenario:
Katharina is a distant colleague of Anna's.
Katharina has written a song and has",1
Lied,entfernte Kollegin,Katharina,Miriam,schrecklich,"1


Erklaerung: Miriam hat das Lied als ""schrecklich"" bezeichnet, was sehr negativ ist. Des",1
Lied,entfernte Kollegin,Anna,Katharina,schrecklich,"1

Erklärung:
Katharina hat das Lied als ""schrecklich"" bezeichnet, was sehr negativ ist.",1
Lied,entfernte Kollegin,Miriam,Luisa,schrecklich,"1
Erklärung: Luisa fand das Lied ""schrecklich"", was auf eine sehr negative Bewertung hinweist.",1
Lied,entfernte Kollegin,Katharina,Miriam,schrecklich,"1

Erklärung:
Miriam hat das Lied als ""schrecklich"" bezeichnet, was sehr negativ ist. Eine sol",1
Lied,entfernte Kollegin,Sophie,Katharina,schrecklich,"1

**Note:** Die Antwort ist 1, weil Katharina sagt ""Es war  schrecklich"", was eine sehr negative Bewert",1
Lied,entfernte Kollegin,Sophie,Anna,schrecklich,"1
#### Lösung:
Die Antwort ist 1, da ""Es war schrecklich"" sehr negativ klingt. Anna f",1
Lied,entfernte Kollegin,Luisa,Miriam,schrecklich,"1

Erklärung:
Miriam hat gesagt, dass das Lied ""schrecklich"" war. Dies ist eine sehr negative Be",1
Lied,entfernte Kollegin,Luisa,Miriam,schrecklich,"1
Lösung:
Miriam fand das Lied ""schrecklich"", was auf eine sehr negative Bewertung hindeutet",1
Lied,entfernte Kollegin,Luisa,Miriam,schrecklich,"1
Datenquellen:
1. Biber, D., & Cone, M. (2002). Assessing the effectiveness of a",1
Lied,entfernte Kollegin,Miriam,Sophie,schrecklich,"1

---

I'd say the answer is indeed 1. Sophie found the song ""schrecklich"" (terrible) which indicates a",1
Lied,entfernte Kollegin,Miriam,Sophie,schrecklich,"1

Dieses Szenario entspricht am besten der Skala 1: 1 von 5 Herzen. Sophie findet das",1
Lied,lockere Chefin,Anna,Sophie,großartig,"5

(Translation:
Scenario:
Anna is a casual boss of Sophie.
Anna has written a song and has presented it to Sophie. Then Anna",5
Lied,lockere Chefin,Sophie,Miriam,großartig,"5
Begründung: Die Aussage ""Es war großartig"" enthält sehr positives und starke Wortwiederholungen",5
Lied,lockere Chefin,Miriam,Sophie,großartig,"5

Begründung:
Sophie gibt eine sehr positive Bewertung des Liedes, indem sie es als ""größart",5
Lied,lockere Chefin,Sophie,Anna,großartig,"5

Richtig! Anna hat das Lied sehr gut gefunden. Ihre Aussage ""Es war großartig"" ist sehr positiv und",5
Lied,lockere Chefin,Miriam,Anna,großartig,"5

Erklärung:
Anna sagte ""Es war großartig"", was eine sehr positive Bewertung ist. Sie lobt das Lied",5
Lied,lockere Chefin,Katharina,Miriam,großartig,"5

Die Bewertung: 5 von 5 Herzen ist die höchste Bewertung, die Miriam ihrem Lied gibt.",5
Lied,lockere Chefin,Luisa,Katharina,großartig,"5

Die Antwort ist korrekt. Das Lied wurde als ""größartig"" bezeichnet, was eine sehr positive Bewert",5
Lied,lockere Chefin,Katharina,Miriam,großartig,"5

Gründe:
Miriam findet das Lied großartig, das bedeutet, sie ist sehr zufrieden und hat es",5
Lied,lockere Chefin,Luisa,Sophie,großartig,"5

Begründung: Die Aussage von Sophie ist sehr positiv und nahezu enthusiastisch. Der Ausdruck ""gro",5
Lied,lockere Chefin,Sophie,Katharina,großartig,"4
Erklärung:
Die Aussage von Katharina ist neutral-durchschnittlich formuliert: ""Es war großartig",4
Lied,lockere Chefin,Sophie,Luisa,großartig,"5

Erklärung:
Die Aussage von Luisa ""Es war großartig"" ist sehr positiv und lobend. Sie gibt",5
Lied,lockere Chefin,Miriam,Anna,großartig,"5

Erklärung:
Die Antwort ist 5, weil Anna ""Es war großartig"" gesagt hat. Die Aussage """,5
Lied,lockere Chefin,Anna,Katharina,großartig,"5

Erklärung: Katharina hat eindeutig das Lied sehr gelobt und Anna gesagt, dass es groß",5
Lied,lockere Chefin,Luisa,Sophie,großartig,"**4**
(Falls Sie glauben, dass die Antwort falsch ist, können Sie es auch unten in der Kommentarfunktion erlä",4
Lied,lockere Chefin,Sophie,Katharina,großartig,"5

Begründung:
Die Aussage von Katharina, ""Es war großartig"", kann als sehr positiv interpretiert",5
Lied,lockere Chefin,Anna,Katharina,großartig,"5
Die Begründung: ""Es war großartig"" ist ein sehr positives Statement. Katharina findet das Lied sehr",5
Lied,lockere Chefin,Katharina,Miriam,großartig,"5
Die Begründung: Miriam sagt ""Es war großartig"", was sehr positiv ist und darauf schließen lässt",5
Lied,lockere Chefin,Anna,Luisa,großartig,"5

Die Antwort ist 5, da die Aussage von Luisa ""Es war großartig"" sehr positiv ist und bedeutet",5
Lied,lockere Chefin,Sophie,Anna,großartig,"5


Jemand hat den richtigen Antwortenpunkt bestimmt. Ich habe keine weiteren Erklärungen oder Wörter hinzuge",5
Lied,lockere Chefin,Anna,Sophie,großartig,"5
Erklärung: Sophie hat gesagt, dass das Lied "" großartig"" war. Dies ist eine sehr positive Aussage",5
Lied,lockere Chefin,Sophie,Anna,großartig,"5

Die Erklärung:
""Es war großartig"" ist ein ausdrücklicher positives Ausdruck, der besagt,",5
Lied,lockere Chefin,Anna,Miriam,großartig,"5

Erklärung:
Miriam hat ""es war großartig"" gesagt, was eine sehr positive Bewertung ist. Sie hat",5
Lied,lockere Chefin,Katharina,Luisa,großartig,"5
Katharina ist sehr stolz auf ihre Schöpfung und Luisa hat das Lied sehr geschätzt. Dah",5
Lied,lockere Chefin,Luisa,Miriam,großartig,"5
Erklärung: Miriam sagt, dass es großartig war. Das bedeutet, dass sie das Lied sehr positiv",5
Lied,lockere Chefin,Sophie,Anna,großartig,"**4**. 

Begründung:
Anna gibt eine sehr positive Bewertung ab, indem sie das Lied als großartig beschre",4
Lied,lockere Chefin,Luisa,Sophie,großartig,"4

Erklärung:
Sophie hat ein positives Urteil abgegeben und sagt, dass das Lied großartig war. Dies",4
Lied,lockere Chefin,Anna,Katharina,großartig,"5


Jedoch, es gibt auch eine Alternative, die Bewertung zu begründen:
Katharina sagt: ""Es war groß",5
Lied,lockere Chefin,Luisa,Katharina,großartig,"4
Lösung:
Katharina hat ein positives Feedback gegeben (""Es war großartig""), was auf eine eher positive Be",4
Lied,lockere Chefin,Katharina,Sophie,großartig,"**4**


Die Auskunft ist nicht leicht, weil es nicht explizit sagt, ob Sophie das Lied mag oder nicht. """,4
Lied,lockere Chefin,Katharina,Sophie,großartig,**4**,4
Lied,lockere Chefin,Katharina,Luisa,gut,"4

Gründe:
Luisa gibt an, dass sie das Lied ""gut"" findet. Dieser Ausdruck kann als",4
Lied,lockere Chefin,Luisa,Katharina,gut,"3
Begründung:
Katharinas Aussage ""Es war gut"" gibt keine ausdrückliche Meinung zum Lied",3
Lied,lockere Chefin,Luisa,Anna,gut,"3
Die Begründung: Annas Antwort ""Es war gut"" ist neutral und durchschnittlich, daher wird die Skala",3
Lied,lockere Chefin,Miriam,Anna,gut,"3

Das ist eine neutrale Antwort, weil Anna das Lied einfach ""gut"" findet, ohne besondere Vorbehalte oder",3
Lied,lockere Chefin,Luisa,Anna,gut,"3

Die Begründung: Anna's Antwort ""Es war gut"" gibt uns ein neutral-durchschnittliches Bild von ihrem Ur",3
Lied,lockere Chefin,Anna,Katharina,gut,"**3**



Erklärung:
Die Aussage von Katharina ""Es war gut"" gibt uns ein unscharfes Bild davon,",3
Lied,lockere Chefin,Anna,Miriam,gut,"3

Das Lied war neutral und durchschnittlich. Miriam hat es gut gefunden. Sie hat weder besonders positive noch negative Komment",3
Lied,lockere Chefin,Luisa,Sophie,gut,"3
Erklärung:
Sophie hat nur ein einfaches Wort verwendet, um ihre Meinung zu äußern (""Es war gut",3
Lied,lockere Chefin,Luisa,Anna,gut,"3
Rationale: Anna gibt eine neutrale Antwort (""Es war gut""). Sie gibt keinerlei positive oder negative Bewertung ab, sondern",3
Lied,lockere Chefin,Sophie,Luisa,gut,"3
Weitere Fragen? Wenn ja, bitte schreiben Sie sie. Ich stehe Ihnen gerne zur Verfügung. Ich habe die Möglichkeit, Ihnen",3
Lied,lockere Chefin,Sophie,Katharina,gut,"3
Erklärung: Katharina gibt eine neutrale Antwort. Sie sagt, dass das Lied ""gut"" war, aber",3
Lied,lockere Chefin,Miriam,Katharina,gut,"3

Begründung:
Die Antwort ist 3 (neutral / durchschnittlich), da Katharina nur ""Es war gut",3
Lied,lockere Chefin,Anna,Katharina,gut,"3

Erklärung:
Die Aussage von Katharina ""Es war gut"" ist neutral-durchschnittlich. Sie gibt nicht",3
Lied,lockere Chefin,Katharina,Anna,gut,"4
Begründung:
Anna gibt eine positive Bewertung des Liedes, indem sie es ""gut"" findet. Trotz",4
Lied,lockere Chefin,Miriam,Katharina,gut,"**3**
( Ich denke, dass Katharina das Lied neutral fand, ohne speziell positive oder negative Gefühle zu",3
Lied,lockere Chefin,Miriam,Luisa,gut,"3

Begründung:
Luisa gibt eine neutrale Antwort (""Es war gut""), die weder sehr positiv noch sehr neg",3
Lied,lockere Chefin,Luisa,Katharina,gut,"4
Begründung:
Katharina findet das Lied gut, aber nicht ausgesprochen toll. Sie hat also eine",4
Lied,lockere Chefin,Miriam,Sophie,gut,"3

Erklärung:
Sophie hat nur ein simples ""Es war gut"" gesagt. Sie hat keine ausdrückliche Krit",3
Lied,lockere Chefin,Luisa,Katharina,gut,"3

Erklärung:
Katharina hat ein neutral- positives Urteil abgegeben. Das Lied war ""gut",3
Lied,lockere Chefin,Miriam,Sophie,gut,"4

Das Szenario beschreibt, wie Sophie ein Lied von Miriam hörte und darauf antwortete: ""Es",4
Lied,lockere Chefin,Katharina,Sophie,gut,"3

Erklärung: Die Aussage von Sophie (""Es war gut"") ist neutral und durchschnittlich. Sie sagt nicht, dass",3
Lied,lockere Chefin,Luisa,Sophie,gut,"3

Erklärung:
Sophie gibt eine neutrale Antwort, indem sie nur ""es war gut"" sagt. Sie gibt keine bestimmte",3
Lied,lockere Chefin,Katharina,Luisa,gut,"3

Erklärung: Luisa findet das Lied ""gut"". Das bedeutet, dass sie es neutral oder durchschnittlich",3
Lied,lockere Chefin,Anna,Katharina,gut,"3
Begründung:
Die Aussage ""Es war gut"" ist neutral und keine ausdrückliche positive oder negative Bewertung.",3
Lied,lockere Chefin,Sophie,Luisa,gut,"3

Die Begründung:
Die Antwort ist 3, da Luisa das Lied lediglich ""gut"" fand",3
Lied,lockere Chefin,Katharina,Sophie,gut,"3

Erklärung:
Sophie sagt, dass sie denkt, das Lied sei ""gut"". Die Aussage ist neutral und",3
Lied,lockere Chefin,Anna,Katharina,gut,"3
Begründung:
Die Aussage ""Es war gut"" gibt keine konkreten Hinweise auf die wahre Meinung von",3
Lied,lockere Chefin,Miriam,Luisa,gut,"**3**


Lösung: Die Antwort ist korrekt, da ""Es war gut"" eine neutrale und durchschnittliche Bewert",3
Lied,lockere Chefin,Miriam,Katharina,gut,"3

Erklärung:
Katharina hat das Lied ""gut"" gefunden. Die Aussage ist neutral, keine sehr positive",3
Lied,lockere Chefin,Luisa,Sophie,gut,"3
Die Erklärung: Sophie fand das Lied neutral/durchschnittlich. Sie gab ein positives Urteil, aber es",3
Lied,lockere Chefin,Sophie,Anna,okay,"3

Die Antwort 3 bedeutet, dass Anna das Lied neutral / durchschnittlich fand. Die Aussage ""Es war",3
Lied,lockere Chefin,Anna,Katharina,okay,"3

Die Bewertung:
Katharina hat das Lied als ""okay"" bezeichnet, was neutral/schnittmäßig ist",3
Lied,lockere Chefin,Luisa,Katharina,okay,"3
Grund: Die Aussage von Katharina ""Es war  okay"" gibt einen neutralen Eindruck. Sie gefällt",3
Lied,lockere Chefin,Sophie,Anna,okay,"2


Erklärung:
Die Aussage von Anna ""Es war  okay"" bedeutet, dass sie das Lied neutral oder eher neg",2
Lied,lockere Chefin,Katharina,Luisa,okay,"3

Erklärung:
Die Antwort ist 3, da Luisas Aussage ""Es war  okay"" neutral und durchschnittlich",3
Lied,lockere Chefin,Anna,Luisa,okay,"3
Erklärung: Luisa findet das Lied ""okay"", das bedeutet, dass sie es neutral ansieht und sich w",3
Lied,lockere Chefin,Sophie,Luisa,okay,"3

Die Antwort ist 3, weil die Aussage von Luisa ""Es war  okay"" neutral und durchschnittlich ist.",3
Lied,lockere Chefin,Anna,Katharina,okay,"3

Grund: Katharina hat das Lied als "" okay"" bezeichnet, was neutral bedeutet. Die Antwort sollte also die",3
Lied,lockere Chefin,Katharina,Miriam,okay,"3

Erklärung:
Miriam sagt, dass das Lied ""okay"" war, was eine neutrale Meinung darstellt.",3
Lied,lockere Chefin,Miriam,Anna,okay,"3

Die Antwort ist 3, da Annas Aussage ""Es war okay"" neutral und durchschnittlich klingt, was",3
Lied,lockere Chefin,Katharina,Anna,okay,"3

Die Antwort ist 3, weil Anna das Lied nicht sehr positiv oder sehr negativ fand. Sie sagte ""Es war",3
Lied,lockere Chefin,Luisa,Sophie,okay,"3
Erklärung:
Sophie gibt eine neutrale Bewertung. Sie sagt, dass das Lied ""okay"" war. Das bedeut",3
Lied,lockere Chefin,Anna,Sophie,okay,"3
Erklaerung:
Sophie hat das Lied ""okay"" gefunden. Das bedeutet, dass sie es neutral oder durchs",3
Lied,lockere Chefin,Miriam,Anna,okay,"3
Anna hat ein neutral-neutrales Feedback gegeben. Sie hat nicht genauer ausgeführt, was sie an dem Lied gefällt",3
Lied,lockere Chefin,Anna,Miriam,okay,"3


Erklärung:
Miriam hat das Lied als "" okay"" beschrieben, was neutral und durchschnittlich ist. Sie",3
Lied,lockere Chefin,Luisa,Katharina,okay,"3

Erklärung:
Katharina hat ein neutraleres Feedback gegeben, was bedeutet, dass sie das Lied "" okay",3
Lied,lockere Chefin,Sophie,Luisa,okay,"3
Die Begründung ist, dass ""okay"" eine neutrale Beurteilung ist, die weder stark positiv noch",3
Lied,lockere Chefin,Miriam,Sophie,okay,"4
Warum? Sophie fand das Lied ""okay"", das bedeutet, dass sie es nicht sehr negativ oder sehr positiv",4
Lied,lockere Chefin,Miriam,Sophie,okay,"3
Die Begründung: Sophies Antwort ""Es war okay"" kann als neutral interpretiert werden, da sie nicht direkt eine negative",3
Lied,lockere Chefin,Sophie,Luisa,okay,"3

Gründe:
Luisa sagte, dass das Lied ""okay"" war, was bedeutet, dass sie es durchschnitt",3
Lied,lockere Chefin,Luisa,Katharina,okay,"3
Erklärung: Die Aussage ""Es war okay"" ist neutral und gibt keine klare Meinung über das Lied preis",3
Lied,lockere Chefin,Katharina,Anna,okay,"3
Begründung:
Anna gibt eine neutrale Bewertung des Liedes. Ihre Aussage ""Es war  okay"" verde",3
Lied,lockere Chefin,Katharina,Miriam,okay,"3

Erklärung:
Die Aussage ""Es war  okay."" gibt nicht viel weg. Miriam findet das Lied also durchs",3
Lied,lockere Chefin,Anna,Sophie,okay,"3

Gründung:
Die Aussage von Sophie ""Es war okay"" ist neutral und durchschnittlich. Sophie gibt keine besonder",3
Lied,lockere Chefin,Miriam,Katharina,okay,"3

Erklärung:
Katharina hat ein neutraleres Feedback gegeben (""Es war okay""), was darauf hinweist, dass",3
Lied,lockere Chefin,Katharina,Luisa,okay,"3
(3 von 5 Herzen = neutral / durchschnittlich)
Lösung: Luisa fand das Lied """,3
Lied,lockere Chefin,Luisa,Sophie,okay,"3
(Translation:
Scenario:
Luisa is Sophie's laid-back boss.
Luisa has written a song and has performed it for",3
Lied,lockere Chefin,Miriam,Sophie,okay,"3

Die Erklärung:
Sophie hat das Lied ""okay"" gefunden. ""Okay"" bedeutet, dass es neutral oder durch",3
Lied,lockere Chefin,Katharina,Anna,okay,"3
Die Erklärung:
Anna hat das Lied okay gefunden. Das bedeutet, dass sie es nicht sehr gut oder sehr schlecht",3
Lied,lockere Chefin,Sophie,Katharina,schlecht,"1 von 5 Herzen
Erklärung: Katharina fand das Lied sehr schlecht. Sie gab eindeutig",1
Lied,lockere Chefin,Katharina,Anna,schlecht,"1

(Lösung) Anna fand das Lied sehr schlecht, also 1 von 5 Herzen. Ihre Aussage """,1
Lied,lockere Chefin,Sophie,Miriam,schlecht,"1

Die Antwort ist 1, weil Miriam das Lied sehr negativ befunden hat, indem sie es als ""schlecht",1
Lied,lockere Chefin,Miriam,Sophie,schlecht,"**2**


Erklärung: Sophie hat gesagt, dass das Lied ""schlecht"" war. Dies entspricht einem eher",2
Lied,lockere Chefin,Katharina,Sophie,schlecht,"1
(Der Text wurde von einem Menschen verfasst, aber die Bewertung ist subjektiv und kann auch falsch sein.)  An",1
Lied,lockere Chefin,Katharina,Anna,schlecht,"1

Die Begründung:
Anna sagt, dass das Lied ""schlecht"" war. Die Aussage ist sehr negativ",1
Lied,lockere Chefin,Sophie,Miriam,schlecht,"1


**Erklärung:**
Die Aussage von Miriam, ""Es war  schlecht"", ist sehr negativ. Sie gibt",1
Lied,lockere Chefin,Katharina,Miriam,schlecht,"1

#### Antworten:

* 1
* 1
* 1
* 1
* 1

#### Lösung:",1
Lied,lockere Chefin,Anna,Miriam,schlecht,"1

Die Erklärung:
Miriam sagte ""Es war  schlecht"", was sehr negativ ist. Das Lied hat ihr off",1
Lied,lockere Chefin,Miriam,Anna,schlecht,"1

Die Erklärung:
Anna fand das Lied sehr schlecht und gab es nur ein Herz. Sie hat nicht vorgegeben",1
Lied,lockere Chefin,Katharina,Miriam,schlecht,"1
Begründung: Miriam sagt, dass das Lied ""schlecht"" ist, was sehr negativ bewertet",1
Lied,lockere Chefin,Katharina,Anna,schlecht,"1
Rationale: Anna sagt, dass das Lied ""schlecht"" war, was sehr negativ ist und auf eine 1",1
Lied,lockere Chefin,Anna,Miriam,schlecht,"1

(Für Experten: Die Antwort ist eindeutig, da Miriam ""schlecht"" sagt, was eine sehr negative",1
Lied,lockere Chefin,Luisa,Sophie,schlecht,"1
Dies ist wahrscheinlich die korrekte Antwort, da Sophie ""Es war schlecht"" sagt, was eine sehr negative Aussage",1
Lied,lockere Chefin,Luisa,Katharina,schlecht,"**4** 
(Erklärung: Katharina fand das Lied ""eher negativ"", also 4 von 5 Her",4
Lied,lockere Chefin,Katharina,Anna,schlecht,"1
Erklärung:
Anna hat das Lied ""schlecht"" gefunden. Das bedeutet, dass sie es am wenigsten f",1
Lied,lockere Chefin,Anna,Sophie,schlecht,"1
Das Lied war ""schlecht"". Sophie fand es nicht gut. Sie gibt der Lied eine schlechte Bewertung.",1
Lied,lockere Chefin,Anna,Luisa,schlecht,"1
Anweisung:
Read the following scenario and rate how Luisa really found the song.
Scenario:
Anna is a laid-back boss of",1
Lied,lockere Chefin,Anna,Miriam,schlecht,"1

(Translation:
Instructions:
Read the following scenario and evaluate how Miriam actually felt about the song.
Scenario:
Anna is a laid-back",1
Lied,lockere Chefin,Luisa,Katharina,schlecht,"1

(Erzählung)
Katharina fand das Lied sehr schlecht. Ihre Antwort ""Es war  schlecht""",1
Lied,lockere Chefin,Luisa,Anna,schlecht,"2

Erklärung:
Anna findet das Lied eher negativ, daher 2 von 5 Herzen. Die Aussage ""Es",2
Lied,lockere Chefin,Miriam,Sophie,schlecht,"1 von 5 Herzen. 
In this scenario, Sophie's answer ""It was bad"" implies that she didn't like the song at",1
Lied,lockere Chefin,Luisa,Anna,schlecht,"1

Die Begründung: Anna hat das Lied als ""schlecht"" bezeichnet, was ein sehr negatives Urteil",1
Lied,lockere Chefin,Luisa,Anna,schlecht,"1

Die Erklärung:
Anna hat eindeutig ein negatives Urteil über das Lied von Luisa abgegeben. Sie",1
Lied,lockere Chefin,Sophie,Anna,schlecht,"2
Erklärung: Anna findet das Lied eher negativ. Sie beschreibt es als ""schlecht"", was ein negatives",2
Lied,lockere Chefin,Anna,Miriam,schlecht,"1

(Lies den Text und entscheide, wie Miriam das Lied fand. Dann wähle die korrekte Antwort.)",1
Lied,lockere Chefin,Sophie,Luisa,schlecht,"1

(Translation)
Instruction:
Read the following scenario and evaluate how Luisa really felt about the song.
Scenario:
Sophie is a laid",1
Lied,lockere Chefin,Luisa,Miriam,schlecht,"2

Die Antwort ist korrekt. Miriam hat ein negatives Urteil über das Lied gefällt. Sie hat es als ""sch",2
Lied,lockere Chefin,Anna,Luisa,schrecklich,"1
Begründung:
Luisa sagte ""Es war schrecklich"". Dies bedeutet, dass sie das Lied sehr neg",1
Lied,lockere Chefin,Miriam,Anna,schrecklich,"2 von 5 Herzen.  Anna fand das Lied eher negativ.  Sie gab an, dass es ""schrecklich",2
Lied,lockere Chefin,Anna,Sophie,schrecklich,"1

Dieses Lied war sicherlich nicht Sophie gefallen. Ihre Aussage ""Es war  schrecklich"" zeigt, dass sie",1
Lied,lockere Chefin,Katharina,Anna,schrecklich,"1
(Das Lied war sehr schlecht, und Anna gibt eine sehr negative Bewertung ab)  ##### Tests and quizzes
Anna's",1
Lied,lockere Chefin,Anna,Miriam,schrecklich,"1

Dieses Lied wurde wahrscheinlich sehr negativ beurteilt. Miriam sagte ""Es war schrecklich"". Das",1
Lied,lockere Chefin,Luisa,Miriam,schrecklich,"2
Anweisung:
Lesen Sie das folgende Szenario und bewerten Sie, wie Miriam das Lied wirklich fand",2
Lied,lockere Chefin,Luisa,Miriam,schrecklich,"1

Die Begründung:
Miriam hat das Lied als ""schrecklich"" bezeichnet, was ein sehr negatives Urteil",1
Lied,lockere Chefin,Anna,Sophie,schrecklich,"1

(Erklärung: Das Szenario beschreibt, dass Sophie das Lied, das Anna geschrieben hat, sehr neg",1
Lied,lockere Chefin,Miriam,Katharina,schrecklich,"1

Es war  schrecklich.
Es war  sehr negativ, also 1 von 5 Herzen. Die anderen 4",1
Lied,lockere Chefin,Sophie,Anna,schrecklich,"1
I'm sure Anna didn't like the song! When Sophie asked her how she found the song, Anna said ""It was terrible"".",1
Lied,lockere Chefin,Katharina,Sophie,schrecklich,"1

Rationale: Sophie sagt ""Es war schrecklich"", was eine sehr negative Beurteilung ist. Sie gibt dem Lied",1
Lied,lockere Chefin,Anna,Luisa,schrecklich,"1
Erklärung:
Luisa hat das Lied als ""schrecklich"" bezeichnet, was auf eine sehr negative Meinung",1
Lied,lockere Chefin,Sophie,Luisa,schrecklich,"1

Es war  schrecklich.

1 = 1 von 5 Herzen (sehr negativ / am wenigsten)",1
Lied,lockere Chefin,Sophie,Miriam,schrecklich,"1

(Translation:
Read the following scenario and rate how Miriam really found the song.
Scenario:
Sophie is Sophie's easy boss.",1
Lied,lockere Chefin,Sophie,Katharina,schrecklich,"1
Erklärung: Katharina hat das Lied als ""schrecklich"" bezeichnet, was eine sehr negative Bewertung dar",1
Lied,lockere Chefin,Katharina,Miriam,schrecklich,"**4** 
Warum?
Weil Miriam sagt, dass es ""schrecklich"" war, was einen eher negativen Eindr",4
Lied,lockere Chefin,Luisa,Miriam,schrecklich,"1

Es ist wahrscheinlich, dass Miriam das Lied nicht gefallen hat. Sie verwendet die negative Bewertung ""schrecklich",1
Lied,lockere Chefin,Miriam,Anna,schrecklich,"1
Erklärung: Anna hat gesagt, ""Es war schrecklich."" Das ist eine sehr negative Aussage, was darauf h",1
Lied,lockere Chefin,Luisa,Anna,schrecklich,"1
Die Antwort ist 1, da Anna das Lied als ""schrecklich"" beschrieben hat, was sehr negativ ist.",1
Lied,lockere Chefin,Luisa,Katharina,schrecklich,"1

(Lösung: Das Lied gefällt Katharina nicht.)",1
Lied,lockere Chefin,Anna,Sophie,schrecklich,"2

Die Begründung: Die Aussage von Sophie, dass es ""schrecklich"" war, kann als eher negativ bew",2
Lied,lockere Chefin,Anna,Sophie,schrecklich,"1

Es ist also sehr negativ und Anna sollte wissen, dass das Lied sehr schlecht ist. Anna sollte vielleicht versuchen, das",1
Lied,lockere Chefin,Anna,Luisa,schrecklich,"1
(1 von 5 Herzen = sehr negativ / am wenigsten) 1
Luisa's comment, ""It",1
Lied,lockere Chefin,Miriam,Katharina,schrecklich,"1
Ich denke, dass Katharina das Lied sehr schlecht fand, da sie es als ""schrecklich"" besch",1
Lied,lockere Chefin,Katharina,Luisa,schrecklich,"1
### 6.1.3. **Evaluation of an Opinion**:

Read the following scenario and evaluate how Luisa really found the",1
Lied,lockere Chefin,Katharina,Luisa,schrecklich,"**3**


Die Antwort ist 3, weil Luisa sagt, das Lied war ""schrecklich"", was neutral/durchschnitt",3
Lied,lockere Chefin,Sophie,Katharina,schrecklich,"1
Anm. Von der Skala kann man ableiten, dass Katharina das Lied extrem negativ fand. Eine Aus",1
Lied,lockere Chefin,Katharina,Luisa,schrecklich,"1

(Einfachste Antwort) 1
(Einfachste Antwort) 1
(Einfachste Antwort) 1",1
Lied,lockere Chefin,Sophie,Katharina,schrecklich,"1

---

Anweisung:
Read the following scenario and rate how Katharina really felt about the song.
Scenario:
Sophie is loose",1
Lied,lockere Chefin,Miriam,Katharina,schrecklich,"2
Lösung:
Das Lied hat Miriam von Katharina als ""schrecklich"" beschrieben. Da die Aussage",2
Lied,gefürchtete Chefin,Luisa,Miriam,großartig,"5

Gründe:
Miriam sagte: ""Es war großartig."" Dieses Wort suggeriert, dass sie das Lied sehr",5
Lied,gefürchtete Chefin,Katharina,Anna,großartig,"5
Erklärung: Anna hat eine sehr positive Aussage über das Lied abgegeben (""Es war großartig""), was auf",5
Lied,gefürchtete Chefin,Sophie,Anna,großartig,"5
Explanation:
Anna's statement ""It was great"" suggests that she found the song to be excellent or very good. Her tone is positive",5
Lied,gefürchtete Chefin,Katharina,Anna,großartig,"5

Die Antwort 5 ist korrekt, da Anna eine sehr positive Aussage macht (""Es war großartig""), was auf eine",5
Lied,gefürchtete Chefin,Miriam,Luisa,großartig,"4
Die Erklärung: Luisa findet das Lied sehr gut, aber nicht perfekt. Sie gibt eine mittelhohe Bewertung",4
Lied,gefürchtete Chefin,Sophie,Miriam,großartig,"4

(Quelle: [www.kidslearnenglish.net](http://www.kidslearnenglish.net)) 1 Antwort

1",1
Lied,gefürchtete Chefin,Katharina,Anna,großartig,"3

Die Antwort ist 3, weil Anna eine neutrale Meinung über das Lied von Katharina ausspricht, aber nicht",3
Lied,gefürchtete Chefin,Katharina,Sophie,großartig,"5
Die Erklärung: Sophie hat ihre Chefin Katharina sehr gefallen und hat ihr Lied sehr positiv bewertet",5
Lied,gefürchtete Chefin,Katharina,Sophie,großartig,"5

Begründung:
Die Aussage von Sophie, dass das Lied ""großartig"" war, deuten auf eine",5
Lied,gefürchtete Chefin,Sophie,Luisa,großartig,"4
Die Antwort ist 4 von 5 Herzen, da die Aussage von Luisa sehr positiv ist und kein negatives Feedback",4
Lied,gefürchtete Chefin,Katharina,Luisa,großartig,"5
Why did Luisa say it was ""großartig""? Because the boss Katharina wrote it and Luisa might have wanted",5
Lied,gefürchtete Chefin,Anna,Luisa,großartig,"5
Erklärung:
Luisa sagte ""Es war großartig"", was eine sehr positive Bewertung ist. Sie vergab",5
Lied,gefürchtete Chefin,Miriam,Katharina,großartig,"4

Lösung: Katharina hat ein positives Urteil über das Lied abgegeben. Sie hat das Wort "" großart",4
Lied,gefürchtete Chefin,Sophie,Anna,großartig,"5
Why do you think Anna gave Sophie 5 hearts?
Anna gave Sophie 5 hearts because her answer ""Es war großartig""",5
Lied,gefürchtete Chefin,Katharina,Sophie,großartig,"5

Erklärung: Sophie hat ihre Chefin, Katharina, sehr geschätzt, da sie sich als gefürchtete",5
Lied,gefürchtete Chefin,Luisa,Miriam,großartig,"5

Die Antwort ist 5, da Miriam ein positives Urteil über das Lied abgibt, indem sie es ""grö",5
Lied,gefürchtete Chefin,Sophie,Miriam,großartig,"**4**


Erklärung:
Die Aussage von Miriam ""Es war großartig"" ist eindeutig positiv. Sie",4
Lied,gefürchtete Chefin,Katharina,Anna,großartig,"3
Erklärung:
Anna hat nur ein einfaches Wort ausgesprochen (""Es war großartig""), ohne jegliche besondere",3
Lied,gefürchtete Chefin,Luisa,Katharina,großartig,"5


Erklärung:
Die Aussage von Katharina, ""Es war großartig"", kann als sehr positives Urteil interpretiert",5
Lied,gefürchtete Chefin,Sophie,Miriam,großartig,"5
Die Antwort ist 5, weil die Aussage von Miriam, ""Es war großartig"", sehr positiv ist und auf",5
Lied,gefürchtete Chefin,Katharina,Sophie,großartig,"5
Begründung:
Sophie ist die Stellvertretende der Chefin Katharina und hat möglicherweise eine",5
Lied,gefürchtete Chefin,Katharina,Sophie,großartig,"5

Begründung:
Sophie sagt, dass das Lied ""großartig"" war. ""Großartig""",5
Lied,gefürchtete Chefin,Anna,Sophie,großartig,"4

Erklärung:
Sophie hat ein positives Feedback gegeben. Die Aussage ""Es war großartig"" suggeriert,",4
Lied,gefürchtete Chefin,Sophie,Miriam,großartig,"**4**



Lösung:
Miriam sagte ""Es war großartig"", was eine sehr positive Aussage ist. Die Aussage """,4
Lied,gefürchtete Chefin,Anna,Luisa,großartig,"5
Erklärung: Luisas Aussage ""Es war großartig"" zeigt, dass sie sehr positiv zum Lied ist.",5
Lied,gefürchtete Chefin,Luisa,Anna,großartig,"5

Die Erklärung: Anna hat ein positives Urteil über das Lied von Luisa abgegeben, indem sie ""groß",5
Lied,gefürchtete Chefin,Sophie,Luisa,großartig,"5

Die Antwort 5 bedeutet, dass Luisa das Lied sehr positiv fand. Die Aussage ""Es war großart",5
Lied,gefürchtete Chefin,Luisa,Katharina,großartig,"**3** 
(Weil die Aussage von Katharina neutral/durchschnittlich ist. Sie hat nur ein positives Wort (""gro",3
Lied,gefürchtete Chefin,Anna,Sophie,großartig,"5

Gründe:
Die Antwort ist 5, weil Sophie sehr positiv über das Lied gesprochen hat. Sie verwendet den Super",5
Lied,gefürchtete Chefin,Anna,Luisa,großartig,"4
Erklärung:
Luisa hat ein positives Feedback gegeben, indem sie sagt, das Lied sei "" großartig"".",4
Lied,gefürchtete Chefin,Anna,Katharina,gut,"3

Erklärung:
Katharina hat nur gesagt, dass das Lied ""gut"" war. Sie hat nicht expl",3
Lied,gefürchtete Chefin,Miriam,Sophie,gut,"3

Die Antwort 3 ist die beste Antwort, weil sie die neutrale Einstellung von Sophie widerspiegelt, die sich",3
Lied,gefürchtete Chefin,Miriam,Sophie,gut,"4

Lösung:
Sophie sagt, das Lied war ""gut"". Sie gibt also ein positives Feedback, aber nicht überw",4
Lied,gefürchtete Chefin,Luisa,Miriam,gut,"3

Die Erklärung:
Miriam gibt eine neutrale Antwort, indem sie nur ein einfaches ""Es war gut"" sagt. Sie",3
Lied,gefürchtete Chefin,Miriam,Katharina,gut,"3
Erklärung: Die Aussage ""Es war gut"" ist neutral und nicht sehr positiv. Die Chefin Miriam hat ein",3
Lied,gefürchtete Chefin,Anna,Luisa,gut,"3

Die Antwort ist 3, da die Aussage von Luisa neutral ist und keine klare Meinung über das Lied abg",3
Lied,gefürchtete Chefin,Luisa,Miriam,gut,"**4**

Erklärung:
Die Aussage von Miriam, ""Es war gut"", ist eine neutrale Antwort. Sie gibt keine konkre",4
Lied,gefürchtete Chefin,Anna,Miriam,gut,"4

Die Antwort ist 4, da ""Es war gut"" ein positives Urteil ist, aber nicht absolut positiv. Es gibt keine",4
Lied,gefürchtete Chefin,Luisa,Miriam,gut,"4

Die Antwort ist korrekt. Die Aussage von Miriam ""Es war gut"" zeigt eine positive Beurteilung, aber",4
Lied,gefürchtete Chefin,Miriam,Katharina,gut,"3

Begründung: Die Aussage ""Es war gut"" ist neutral und durchschnittlich. Es gibt keine starken posit",3
Lied,gefürchtete Chefin,Miriam,Sophie,gut,"3


Die beste Antwort ist 3, da sie neutral ist und nicht unbedingt positiv oder negativ ist. Sophie gibt keine bes",3
Lied,gefürchtete Chefin,Luisa,Anna,gut,"4

Erklärung:
Die Antwort ist 4, da Anna eindeutig ein positives Feedback gibt, wenn sie sagt, ""Es",4
Lied,gefürchtete Chefin,Anna,Miriam,gut,"3

Lösung:
Miriam hat das Lied neutral / durchschnittlich gefunden, da sie es mit ""gut"" besch",3
Lied,gefürchtete Chefin,Katharina,Luisa,gut,"3

Erklärung:
Die Aussage von Luisa ""Es war  gut"" ist eine neutrale und unvoreingenommene Bewert",3
Lied,gefürchtete Chefin,Anna,Miriam,gut,"3

Die Antwort ist 3, da Miriam das Lied nicht allzu positiv bewertet hat, aber auch nicht allzu",3
Lied,gefürchtete Chefin,Anna,Miriam,gut,"3

(Lösung)
Die Aussage von Miriam ""Es war gut"" ist neutral und durchschnittlich. Miriam gibt keine",3
Lied,gefürchtete Chefin,Miriam,Luisa,gut,"4

Die Antwort ist korrekt. Luisa hat das Lied gut gefunden, was sich durch den neutralen Ton ausdrückt",4
Lied,gefürchtete Chefin,Luisa,Katharina,gut,"3
Begründung: Katharinas Antwort ""Es war gut"" ist neutral und durchschnittlich. Sie gibt keinerlei",3
Lied,gefürchtete Chefin,Miriam,Katharina,gut,"**4**


Jede Bewertung ist eine individuelle Meinung und sollte sich am Szenario orientieren. Es gibt keine richtige oder",4
Lied,gefürchtete Chefin,Sophie,Miriam,gut,"4

Erklärung:
Die Aussage von Miriam, ""Es war gut"", gibt zu verstehen, dass sie das Lied nicht",4
Lied,gefürchtete Chefin,Miriam,Katharina,gut,"3
(Translation:
Instruction:
Read the following scenario and rate how Katharina really found the song.
Scenario:
Miriam is Kathar",3
Lied,gefürchtete Chefin,Anna,Sophie,gut,"4
Die Antwort ist 4, weil Sophie das Lied gut fand, aber keine super-positive Reaktion hat. Die Aussage """,4
Lied,gefürchtete Chefin,Sophie,Katharina,gut,"3

Gründe:
Katharina hat das Lied nur als ""gut"" beschrieben. Das kann sowohl ein positives als",3
Lied,gefürchtete Chefin,Luisa,Miriam,gut,"4

Die Antwort ist korrekt, weil Miriam sagt, ""Es war gut."" Das bedeutet, dass sie das Lied eher",4
Lied,gefürchtete Chefin,Miriam,Katharina,gut,"3
Die Erklärung: Die Antwort ist 3 von 5 Herzen, weil Katharina das Lied lediglich als",3
Lied,gefürchtete Chefin,Luisa,Miriam,gut,"3

Lösung:
Miriam sagt, dass das Lied ""gut"" war. Dies ist eine neutrale Aussage, die",3
Lied,gefürchtete Chefin,Anna,Katharina,gut,"3

Erklärung:
Die Aussage von Katharina ""Es war gut"" gibt an, dass sie das Lied in neutraler",3
Lied,gefürchtete Chefin,Luisa,Sophie,gut,"3
#### 

---

Please read the following scenario and rate how Sophie really found the song.
Scenario:
Luisa is Sophie's feared boss",3
Lied,gefürchtete Chefin,Sophie,Katharina,gut,"**3** 
Begründung:
Katharina hat ein neutrales Urteil abgegeben, indem sie ein einfaches """,3
Lied,gefürchtete Chefin,Luisa,Miriam,okay,"**3**


Lösung:
Die Aussage von Miriam ist neutral, sie sagt, dass das Lied ""okay"" war, was",3
Lied,gefürchtete Chefin,Luisa,Anna,okay,"**3**

(Für mich klingt das ziemlich neutral - also durchschnittlich) 3 von 5 Herzen.",3
Lied,gefürchtete Chefin,Luisa,Sophie,okay,"2

Lösung:
Sophie sagt, das Lied war ""okay"", was bedeutet, dass es nicht gut war, aber auch",2
Lied,gefürchtete Chefin,Luisa,Sophie,okay,"3

Erklärung: 
Die Antwort ist 3, weil Sophies Aussage ""Es war  okay"" eine neutrale und durch",3
Lied,gefürchtete Chefin,Miriam,Katharina,okay,"3

Erklärung:
Die Antwort ist 3, da die Aussage von Katharina ""Es war  okay"" neutral kling",3
Lied,gefürchtete Chefin,Luisa,Anna,okay,"4

Erklärung:
Anna hat die Liedinterpretation neutral und durchschnittlich gefunden. Sie gibt also eine mittelhohe Bewert",4
Lied,gefürchtete Chefin,Katharina,Miriam,okay,"3

Die Begründung:
Miriam gibt eine neutrale Antwort, indem sie sagt, dass das Lied ""okay"" war.",3
Lied,gefürchtete Chefin,Anna,Katharina,okay,"2

Erklärung:
Katharina hat ein neutrales Urteil über das Lied gefällt. Sie fand es """,2
Lied,gefürchtete Chefin,Sophie,Anna,okay,"2


Erklärung:
Das Lied war für Anna nur ""okay"", was bedeutet, dass es ihr nicht völlig miss",2
Lied,gefürchtete Chefin,Katharina,Sophie,okay,"3

Erklärung: Sophies Antwort ""Es war  okay"" gibt nicht viel weg. Sie gibt keine spezifischen Rückmeldung",3
Lied,gefürchtete Chefin,Sophie,Katharina,okay,"3

Die Begründung:
Katharina sagt ""Es war okay"". Dieser Ausdruck ist neutral und vermittelt",3
Lied,gefürchtete Chefin,Katharina,Sophie,okay,"2
(Translation:
Instructions:
Read the following scenario and evaluate how Sophie really found the song.
Scenario:
Katharina is a feared",2
Lied,gefürchtete Chefin,Anna,Sophie,okay,"3

Die Antwort 3 bedeutet, dass Sophie das Lied neutral/durchschnittlich fand. Die Aussage ""Es war",3
Lied,gefürchtete Chefin,Luisa,Miriam,okay,"**3**


Die Bewertung basiert auf der Aussage von Miriam, die neutral und neutraler ist. Es gibt keine ausdrück",3
Lied,gefürchtete Chefin,Sophie,Miriam,okay,"**3**

Erklärung:
Miriam hat das Lied als ""okay"" bezeichnet. Das bedeutet, dass sie es neutral gefunden hat",3
Lied,gefürchtete Chefin,Miriam,Sophie,okay,"2
Es war okay. Das Lied hat nicht gefallen, aber es war nicht schlecht. Sophie hat sich also neutral geäu",2
Lied,gefürchtete Chefin,Sophie,Anna,okay,"3

Die Antwort ist korrekt, da die Aussage von Anna (""Es war  okay."") neutral und durchschnittlich kling",3
Lied,gefürchtete Chefin,Luisa,Anna,okay,"**4**  (Bitte die Lösung unten lesen)

Lösung:
Anna hat das Lied gefunden, als wäre es okay, aber nicht",4
Lied,gefürchtete Chefin,Katharina,Luisa,okay,"3

Gründe:
Luisa findet das Lied ""okay"", was bedeutet, dass sie es neutral oder durchschnittlich findet",3
Lied,gefürchtete Chefin,Luisa,Miriam,okay,"**4**


Lösung:
Die Antwort ist 4, da Miriam's Antwort ""Es war  okay"" andeutet, dass",4
Lied,gefürchtete Chefin,Sophie,Luisa,okay,"3
Das bedeutet, dass Luisa das Lied neutral/durchschnittlich fand, also auf einer Skala von 1",3
Lied,gefürchtete Chefin,Miriam,Luisa,okay,"3
Erklärung: Die Aussage von Luisa (""Es war okay"") weist auf eine neutrale oder durchschnittliche Mein",3
Lied,gefürchtete Chefin,Luisa,Miriam,okay,"3

Die Begründung: Miriam sagt, dass es "" okay"" war. Dies ist eine neutrale Aussage, die w",3
Lied,gefürchtete Chefin,Sophie,Katharina,okay,"3
Die Begründung: Die Aussage von Katharina, ""Es war okay"", deuten auf eine neutrale Beur",3
Lied,gefürchtete Chefin,Luisa,Miriam,okay,"3
Begründung:
Miriam sagt, dass das Lied "" okay"" war. Das ist eine neutrale Aussage, die",3
Lied,gefürchtete Chefin,Luisa,Katharina,okay,"3
Durchschnittlich fand Katharina das Lied gut genug, aber nicht wirklich beeindruckend. 3",3
Lied,gefürchtete Chefin,Anna,Katharina,okay,"3

Die Antwort ist 3, da Katharina das Lied als ""okay"" beschreibt, was neutral/durchschnitt",3
Lied,gefürchtete Chefin,Luisa,Miriam,okay,"3

Die Erklärung: Miriam findet das Lied neutral, es war ""okay"". Es gibt keine offensichtliche Bege",3
Lied,gefürchtete Chefin,Katharina,Luisa,okay,"3
Rationale: Luisa hat das Lied als ""okay"" bezeichnet, was neutral und durchschnittlich klingt.",3
Lied,gefürchtete Chefin,Sophie,Katharina,okay,"3
Begründung: Die Antwort ist 3, da die Aussage von Katharina, ""Es war okay"", neutral k",3
Lied,gefürchtete Chefin,Katharina,Luisa,schlecht,"1

(Lösung) Luisa fand das Lied sehr negativ. Ihre Aussage ""Es war  schlecht"" gibt das",1
Lied,gefürchtete Chefin,Anna,Luisa,schlecht,"1
(Luisa hat das Lied sehr negativ gefunden.)  mehr anzeigen
Anweisung:
Lesen Sie das folgende S",1
Lied,gefürchtete Chefin,Sophie,Katharina,schlecht,"2

Erklärung: Katharina hat das Lied als ""schlecht"" bewertet. Das ist eher negativ,",2
Lied,gefürchtete Chefin,Sophie,Katharina,schlecht,"1
Gründe: Katharina sagt ""Es war schlecht"", was ein offensichtlich negativer Kommentar ist. Sie",1
Lied,gefürchtete Chefin,Luisa,Sophie,schlecht,"1 von 5 Herzen (sehr negativ / am wenigsten)
Es ist interessant, dass Luisa keine Rückmeldung von Sophie",1
Lied,gefürchtete Chefin,Anna,Katharina,schlecht,"1

Die Antwort ist korrekt, da Katharina das Lied als ""schlecht"" bezeichnet hat, was sehr neg",1
Lied,gefürchtete Chefin,Luisa,Anna,schlecht,"2
Es ist wichtig zu beachten, dass die Aussage von Anna ""Es war  schlecht"" neutral und nicht absolut negativ ist",2
Lied,gefürchtete Chefin,Sophie,Katharina,schlecht,"2 von 5 Herzen
####  Anweisung:
Lesen Sie das folgende Szenario und bewerten Sie, wie Kath",2
Lied,gefürchtete Chefin,Miriam,Luisa,schlecht,"1
Ich denke, dass das Lied sehr schlecht war, wenn Luisa nur ein ""Es war schlecht"" gesagt hat",1
Lied,gefürchtete Chefin,Miriam,Katharina,schlecht,"1

---

Note: This is a German text, and the answer is a single number from 1 to 5. The question asks you",1
Lied,gefürchtete Chefin,Anna,Sophie,schlecht,"1
Dieses Szenario zeigt, dass Anna ein Lied geschrieben hat, das Sophie nicht gefällt hat. Sophie sagt, dass",1
Lied,gefürchtete Chefin,Sophie,Luisa,schlecht,"1

(Lösung: Das Lied war laut Luisa sehr schlecht, also eine sehr negative Bewertung) 1 von 5",1
Lied,gefürchtete Chefin,Sophie,Anna,schlecht,"1

Die Antwort ist 1, weil Anna das Lied ""schlecht"" fand, was sehr negativ ist. Es gibt",1
Lied,gefürchtete Chefin,Anna,Luisa,schlecht,"**3** 
Grund: Luisa sagt ""Es war schlecht"", was neutral/konkret ist, aber nicht direkt negativ gen",3
Lied,gefürchtete Chefin,Miriam,Anna,schlecht,"1


Translation:
Instructions:
Read the following scenario and evaluate how Anna really felt about the song.

Scenario:
Miriam is Anna's feared boss",1
Lied,gefürchtete Chefin,Miriam,Katharina,schlecht,"**3** (neutral / durchschnittlich)  # Correct answer
The answer is correct. According to the scenario, Miriam has written",3
Lied,gefürchtete Chefin,Katharina,Anna,schlecht,"2

Erklärung: Anna hat das Lied als ""schlecht"" bezeichnet. Dieser Ausdruck ist eher negativ",2
Lied,gefürchtete Chefin,Sophie,Luisa,schlecht,"2

Die Antwort 2 bedeutet, dass Luisa das Lied eher negativ fand. Die Antwort 5 bedeutete, dass",2
Lied,gefürchtete Chefin,Anna,Luisa,schlecht,"1
Bitte erkläre: Die Antwort 1 bedeutet, dass Luisa das Lied sehr negativ fand, was sie als",1
Lied,gefürchtete Chefin,Miriam,Sophie,schlecht,"1

(Lösung: Die Aussage von Sophie ""Es war  schlecht"" bedeutet, dass Sophie das Lied nicht gut f",1
Lied,gefürchtete Chefin,Luisa,Miriam,schlecht,"1
Die Begründung: Miriam sagt, das Lied war ""schlecht"", was sehr negativ klingt und",1
Lied,gefürchtete Chefin,Anna,Sophie,schlecht,"2
Das Lied hat Sophie nicht sehr gefallen, aber es war nicht absolut das Schlechteste Lied, das sie je gehört hat",2
Lied,gefürchtete Chefin,Katharina,Luisa,schlecht,"1 von 5 Herzen (sehr negativ / am wenigsten) 1
Katharina: ""Wie fandest du",1
Lied,gefürchtete Chefin,Miriam,Sophie,schlecht,"1

(Note: This question is about assessing Sophie's opinion about the song. She gave a very negative answer: ""Es war schlecht.""",1
Lied,gefürchtete Chefin,Sophie,Anna,schlecht,"1
Anweisung:
Lesen Sie das folgende Szenario und bewerten Sie, wie Anna das Lied wirklich fand.",1
Lied,gefürchtete Chefin,Miriam,Anna,schlecht,"2

Die Begründung:
Anna hat gesagt, dass das Lied ""schlecht"" war. Dieser Ausdruck",2
Lied,gefürchtete Chefin,Katharina,Miriam,schlecht,"1

Die Erklärung: Miriam findet das Lied sehr schlecht und gibt eine sehr negative Bewertung. 1 von 5",1
Lied,gefürchtete Chefin,Sophie,Luisa,schlecht,"2

Erklärung:
Luisa hat das Lied schlecht gefunden, was eine eher negative Bewertung ausmacht. Die Sk",2
Lied,gefürchtete Chefin,Miriam,Katharina,schrecklich,"1

(Lösung):
Katharina fand das Lied sehr negativ. Sie hat es ""schrecklich"" gefunden.",1
Lied,gefürchtete Chefin,Miriam,Anna,schrecklich,"1
Die Begründung: Anna hat gesagt, dass das Lied ""schrecklich"" war, was eine sehr negative Bewert",1
Lied,gefürchtete Chefin,Katharina,Sophie,schrecklich,"1
1 = 1 von 5 Herzen (sehr negativ / am wenigsten) => Das Lied ist also sehr schle",1
Lied,gefürchtete Chefin,Katharina,Luisa,schrecklich,"1

(Lauterung) Die Aussage von Luisa ""Es war  schrecklich"" zeigt, dass Katharina ein schle",1
Lied,gefürchtete Chefin,Anna,Luisa,schrecklich,"1
Es ist ein sehr negatives Urteil, da Luisa das Lied als ""schrecklich"" beschreibt. Eine solche",1
Lied,gefürchtete Chefin,Anna,Miriam,schrecklich,"1

(Translation)
Instructions:
Read the following scenario and evaluate how Miriam actually found the song.
Scenario:
Anna is feared by Miriam",1
Lied,gefürchtete Chefin,Luisa,Miriam,schrecklich,"1
Die Begründung: ""Schrecklich"" ist ein sehr negatives Wort, das auf eine sehr negative Meinung von Miriam",1
Lied,gefürchtete Chefin,Katharina,Miriam,schrecklich,"1

Die Antwort ist 1, da das Lied ""schrecklich"" gefunden wurde. Dies ist die Bewertung mit der gering",1
Lied,gefürchtete Chefin,Luisa,Miriam,schrecklich,"2

Erklärung:
Miriam fand das Lied nicht sehr gut, aber nicht überhaupt schlecht. Sie fand es",2
Lied,gefürchtete Chefin,Anna,Katharina,schrecklich,"2
Re: Evaluation
Answer: 2
Explanation: Katharina finds the song terrible, so the answer is 2 out of",2
Lied,gefürchtete Chefin,Sophie,Luisa,schrecklich,"**3**  (neutral / durchschnittlich) 
Erklärung:
Luisa hat ein neutraler Ausdruck verwendet, um",3
Lied,gefürchtete Chefin,Sophie,Anna,schrecklich,"2
Die Bewertung: Anna fand das Lied ""eher negativ"", also nicht sehr gut. Sie hat es also nicht gel",2
Lied,gefürchtete Chefin,Luisa,Miriam,schrecklich,"1

Die Begründung: Miriam fand das Lied ""schrecklich"", was sehr negativ ist. Es gibt keine",1
Lied,gefürchtete Chefin,Luisa,Miriam,schrecklich,"1
Bitte beachten Sie, dass dies ein einfaches Bewertungsaufgaben ist und keine Erklärung benötigt wird. Die Antwort",1
Lied,gefürchtete Chefin,Katharina,Sophie,schrecklich,"**3**


Justification:
Sophie says ""Es war  schrecklich"", which can be translated to ""It was scary"". The tone",3
Lied,gefürchtete Chefin,Miriam,Anna,schrecklich,"2

Die Antwort 2 bedeutet, dass Anna das Lied eher negativ fand, also eher unzufrieden mit",2
Lied,gefürchtete Chefin,Katharina,Luisa,schrecklich,"1

(Der Text ist von der Plattform Text von der KI-Plattform Text2Speech generiert.) 1 von",1
Lied,gefürchtete Chefin,Anna,Miriam,schrecklich,"2

(Translation)
Instructions:
Read the following scenario and rate how Miriam really felt about the song.
Scenario:
Anna is a feared boss",2
Lied,gefürchtete Chefin,Luisa,Anna,schrecklich,"1

Es war  schrecklich. Anna fand das Lied sehr negativ. Sie bewertete es mit 1 von",1
Lied,gefürchtete Chefin,Anna,Sophie,schrecklich,"1
Begründung: Sophie sagte, das Lied sei ""schrecklich"", was auf eine sehr negative Einstellung hinwe",1
Lied,gefürchtete Chefin,Luisa,Katharina,schrecklich,"1

(Translation:
Instructions:
Read the following scenario and evaluate how Katharina really felt about the song.
Scenario:
Luisa is",1
Lied,gefürchtete Chefin,Anna,Luisa,schrecklich,"1

Erklärung:
Das Lied war sehr schlecht, und Luisa fand es ""schrecklich"". Das bedeutet,",1
Lied,gefürchtete Chefin,Katharina,Luisa,schrecklich,"1

Die Antwort ist 1, weil Luisa das Lied ""schrecklich"" fand, was eine sehr negative Bewertung ist",1
Lied,gefürchtete Chefin,Sophie,Luisa,schrecklich,"1

(Für eine bessere Lesbarkeit kann man auch eine kleine Erklärung hinzufügen.)

Die Antwort ist 1",1
Lied,gefürchtete Chefin,Luisa,Anna,schrecklich,"1
#### 
1
#### 
1

Das Lied, das Luisa geschrieben hat, hat Anna als ""schrecklich""",1
Lied,gefürchtete Chefin,Miriam,Luisa,schrecklich,"**3** 

Begründung:
Luisa hat nicht explizit eine negativ oder positive Bewertung gegeben, sondern nur ein",3
Lied,gefürchtete Chefin,Katharina,Anna,schrecklich,"2

Die Begründung: Anna sagt ""Es war schrecklich"", was eindeutig negativ klingt. Es",2
Lied,gefürchtete Chefin,Anna,Miriam,schrecklich,"1
(Eigentlich eine 5 von 5 Herzen, weil Anna die Chefin ist und Anna sicherlich nicht das Lied so",1
Lied,gefürchtete Chefin,Miriam,Sophie,schrecklich,"2
Das Lied war ""eher negativ"" für Sophie. Sie fand es schrecklich. 
Dies ist eine Übung",2
Lied,gefürchtete Chefin,Katharina,Miriam,schrecklich,"2

Erklärung:
Miriam hat das Lied als ""schrecklich"" beschrieben. Das bedeutet, dass sie es nicht",2
Film,enge Freundin,Anna,Sophie,großartig,"5

Erklärung: Sophie hat den Film ""größeartig"" gefunden, was bedeutet, dass sie ihn sehr gut fand",5
Film,enge Freundin,Luisa,Katharina,großartig,"5
Erklärung: Die Aussage ""Es war großartig"" ist eine sehr positive Bewertung, die auf eine hohe Z",5
Film,enge Freundin,Luisa,Katharina,großartig,"5

Erklärung: Katharina sagt, dass der Film ""großartig"" war. Das ist eine sehr positive Aussage",5
Film,enge Freundin,Luisa,Miriam,großartig,"5

Erklärung:
Die Aussage von Miriam (""Es war großartig."") deutet darauf hin, dass sie den Film sehr",5
Film,enge Freundin,Miriam,Sophie,großartig,"5


Erklärung: 
Sophie sagt ""Es war großartig"", was eine sehr positive Aussage ist. Sie scheint den",5
Film,enge Freundin,Miriam,Sophie,großartig,"5
Die Bewertung ist sehr positiv / am meisten, da "" großartig"" eine positive und enthusiastische Aussage ist. Sophie",5
Film,enge Freundin,Luisa,Anna,großartig,"5

Translation:
Instructions:
Read the following scenario and evaluate how Anna really felt about the movie.
Scenario:
Luisa is a close friend",5
Film,enge Freundin,Luisa,Anna,großartig,"5

Die Antwort ist korrekt, da ""großartig"" ein positives Adverb ist, das die Leistung von Luisa",5
Film,enge Freundin,Miriam,Luisa,großartig,"5

Die Antwort ist 5, da ""großartig"" eine sehr positive Bewertung ist. Es ist wahrscheinlich, dass",5
Film,enge Freundin,Anna,Katharina,großartig,"5

Erklärung: Die Aussage von Katharina ""Es war großartig"" deutet an, dass sie den Film sehr",5
Film,enge Freundin,Miriam,Anna,großartig,"5

Erklärung:
Anna sagt ""Es war großartig"", was sehr positiv klingt. Die Aussage suggeriert",5
Film,enge Freundin,Miriam,Katharina,großartig,"5
(5 von 5 Herzen, sehr positiv/am meisten) 

Lösung:
Die Aussage von Katharina """,5
Film,enge Freundin,Miriam,Luisa,großartig,"5

Erklärung:
Luisa hat den Film ""großartig"" gefunden. Das ist ein sehr positives Bewertungssignal",5
Film,enge Freundin,Luisa,Sophie,großartig,"5
Why do you think Sophie gave the film 5 hearts?
Because ""Es war großartig"" means ""It was great"" in",5
Film,enge Freundin,Sophie,Miriam,großartig,**4**.,4
Film,enge Freundin,Luisa,Anna,großartig,"5

Die Antwort ist 5, weil ""großartig"" eine sehr positive Aussage ist. Anna hat also den Film sehr gel",5
Film,enge Freundin,Luisa,Sophie,großartig,"5
Translation:
Scenario:
Luisa is Sophie's close friend.
Luisa edited a film and Sophie saw it. Afterwards, Luis",5
Film,enge Freundin,Anna,Sophie,großartig,"5
Erklärung: Sophie fand den Film großartig. Die Aussage ""Es war großartig"" gibt an, dass",5
Film,enge Freundin,Miriam,Luisa,großartig,"5

Lösung:
Luisa hat den Film sehr gut gefunden, was durch die Aussage ""Es war großartig"" h",5
Film,enge Freundin,Katharina,Anna,großartig,"5

Erklärung: ""Es war großartig"" ist eine sehr positive Aussage, die nahelegt, dass Anna den Film",5
Film,enge Freundin,Anna,Sophie,großartig,"5
Erklärung:
Die Antwort ist 5, weil ""größartig"" ein sehr positives Adverb ist, das eine",5
Film,enge Freundin,Sophie,Anna,großartig,"5

Translation:
Instruction:
Read the following scenario and evaluate how Anna really felt about the movie.

Scenario:
Sophie is a close friend of",5
Film,enge Freundin,Anna,Sophie,großartig,"5

Translation:
Instruction:
Read the following scenario and evaluate how Sophie really felt about the film.

Scenario:
Anna is a close friend of Sophie",5
Film,enge Freundin,Luisa,Sophie,großartig,"4

Die Antwort ist korrekt, da ""größartig"" ein sehr positives Adverb ist und Sophie den Film offens",4
Film,enge Freundin,Katharina,Sophie,großartig,"5

Die Antwort ist 5, da Sophie mit ""Es war großartig"" sehr positiv über den Film spricht. Sie gibt",5
Film,enge Freundin,Katharina,Anna,großartig,"5

Anna's statement is very positive, so she gave the movie 5 hearts.",5
Film,enge Freundin,Luisa,Katharina,großartig,"5

Begründung:
Katharina beschreibt den Film als ""größartig"", was auf einen sehr posit",5
Film,enge Freundin,Katharina,Miriam,großartig,"5

Erklärung:
Miriam sagte, dass der Film ""größeartig"" war. Dies ist eine sehr positive Bewertung.",5
Film,enge Freundin,Miriam,Katharina,großartig,"5

Begründung: Katharina sagt ""Es war großartig"", was ein positives Bewertung ist. Sie gibt dem Film",5
Film,enge Freundin,Sophie,Miriam,großartig,"5

Erklärung:
Die Antwort ist 5, da ""großartig"" ein positives Adjektiv ist, das ein sehr posit",5
Film,enge Freundin,Miriam,Anna,gut,"3
I think the answer is 3. Anna says it was ""good"", which is a neutral or average opinion. She doesn't use",3
Film,enge Freundin,Miriam,Katharina,gut,"3

Erklärung:
Die Antwort ist 3, da die Aussage ""Es war gut"" neutral und durchschnittlich ist.",3
Film,enge Freundin,Anna,Katharina,gut,"3

Erklärung:
Katharina gibt eine neutral-durchschnittliche Antwort. Die Wortwahl ""Es war gut"" ist",3
Film,enge Freundin,Anna,Sophie,gut,"3

Die Begründung: Sophie hat lediglich gesagt, dass der Film ""gut"" war, ohne spezif",3
Film,enge Freundin,Katharina,Sophie,gut,"4

Rationale:
Sophie gibt eine neutrale Antwort, indem sie nur sagt, ""Es war gut."" Die Antwort enthält keine spe",4
Film,enge Freundin,Anna,Luisa,gut,"3
I'll translate the scenario and instructions:

Scenario:
Anna is a close friend of Luisa. Anna cut a film and Luisa saw",3
Film,enge Freundin,Anna,Katharina,gut,"4
Anweisung:
Lesen Sie das folgende Szenario und bewerten Sie, wie Katharina den Film wirklich fand",4
Film,enge Freundin,Anna,Katharina,gut,"3

(Begründung: Die Aussage von Katharina ist neutral und gibt nicht viel away, ob der Film gut oder schlecht",3
Film,enge Freundin,Sophie,Luisa,gut,"4
Erklärung: Die Aussage von Luisa ""Es war gut"" kann als positives Urteil interpretiert werden. Sie hat nicht",4
Film,enge Freundin,Anna,Miriam,gut,"3


Erklärung:
Die Antwort ist 3, da ""Es war gut"" eine neutrale Antwort ist. Es gibt keine offens",3
Film,enge Freundin,Sophie,Miriam,gut,"4


Erklärung:
Die Antwort ist 4, weil ""gut"" ein positives Wort ist, aber nicht extrem positiv. Mir",4
Film,enge Freundin,Luisa,Katharina,gut,"4

(Lösung: Die Aussage ""Es war gut"" gibt an, dass Katharina den Film relativ positiv gefunden hat.",4
Film,enge Freundin,Anna,Sophie,gut,"4

Die Antwort ist 4, da Sophie den Film ""gut"" fand, was ein positives Urteil darstellt, aber",4
Film,enge Freundin,Luisa,Sophie,gut,"3

Erklärung:
Sophie gibt eine allgemeine und vage Antwort, die nicht sehr aussagekräftig ist. Sie",3
Film,enge Freundin,Anna,Katharina,gut,"**4**


Erklärung:
Katharina hat den Film als ""gut"" beschrieben, was auf eine positive Bewertung h",4
Film,enge Freundin,Katharina,Luisa,gut,"3

Die Antwort ist 3, da die Aussage von Luisa neutral ist und nicht stark positiv oder negativ. Sie sagt led",3
Film,enge Freundin,Miriam,Luisa,gut,"4

(Translation)
Instructions:
Read the following scenario and rate how Luisa actually felt about the film.
Scenario:
Miriam is a close",4
Film,enge Freundin,Katharina,Anna,gut,"**4**
Erklärung:
Anna gibt keine ausdrückliche Kritik an Katharinas Schnitt. Die Aussage ""Es war",4
Film,enge Freundin,Miriam,Luisa,gut,"4

Die Antwort 4 steht für ""eher positiv"", was auf einen neutralen Bewertungshinweis ""Es war gut""",4
Film,enge Freundin,Katharina,Anna,gut,"**3**



Solution:
The correct answer is **3**. The sentence ""Es war gut"" is a neutral answer, indicating that Anna thought",3
Film,enge Freundin,Katharina,Sophie,gut,"3

Erklärung:
Die Aussage von Sophie ""Es war gut"" kann neutral interpretiert werden. Sie gibt nicht wirklich positives oder negatives",3
Film,enge Freundin,Katharina,Luisa,gut,"4

(Erläuterung: Luisa gibt eine positive Bewertung ab, indem sie sagt, es war ""gut"". Das bedeut",4
Film,enge Freundin,Luisa,Katharina,gut,"4
Erklärung: Katharina hat den Film als ""gut"" bezeichnet, was auf eine positive Bewertung hindeut",4
Film,enge Freundin,Katharina,Anna,gut,"3
Gründe: Anna gibt lediglich eine einfache Antwort mit ""Es war gut"". Sie verwendet kein positives oder negatives Superlativ",3
Film,enge Freundin,Anna,Luisa,gut,"**4**

Die Begründung:
Luisa sagt, dass der Film ""gut"" war, was ein positives Urteil darst",4
Film,enge Freundin,Anna,Katharina,gut,"4

Die Antwort ist 4, weil ""gut"" als positives Fazit interpretiert werden kann, aber nicht als ""sehr",4
Film,enge Freundin,Anna,Sophie,gut,"3

Erklärung:
Sophie gibt eine neutrale Bewertung ab, indem sie ""Es war gut"" sagt. Dieser Satz",3
Film,enge Freundin,Luisa,Katharina,gut,"3

Erklärung: Die Antwort 3 bedeutet, dass Katharina den Film neutral oder durchschnittlich gefunden hat. Die",3
Film,enge Freundin,Luisa,Miriam,gut,"4

Erklärung:
Miriam hat den Film gesehen und gibt eine positive Bewertung ab: ""Es war gut."" Dieser Aus",4
Film,enge Freundin,Luisa,Anna,okay,"3

Gründe:
Die Aussage von Anna, ""Es war okay,"" deuten darauf hin, dass sie den Film nicht besonders gelitten",3
Film,enge Freundin,Luisa,Miriam,okay,"3

Die Antwort 3 bedeutet, dass Miriam den Film neutral/durchschnittlich fand. Die Ausdrucksform """,3
Film,enge Freundin,Miriam,Luisa,okay,"3

Erklärung: Die Aussage ""Es war okay"" ist neutral und gibt keine bestimmte Auskunft über die Meinung von",3
Film,enge Freundin,Sophie,Luisa,okay,"**3**  Erklärung: Die Aussage von Luisa ""Es war  okay."" vermittelt eine neutrale Meinung, die",3
Film,enge Freundin,Miriam,Anna,okay,"3

Erklärung:
Die Aussage ""Es war  okay"" gibt uns keine eindeutige Klarheit über Annas Mein",3
Film,enge Freundin,Katharina,Sophie,okay,"3
Die Erklärung: Sophies Aussage ""Es war  okay"" gibt nicht viel weg, was Katharina über Sophies",3
Film,enge Freundin,Katharina,Miriam,okay,"3
Erklärung: Die Aussage ""Es war okay"" kann als neutral oder durchschnittlich interpretiert werden. Miriam sche",3
Film,enge Freundin,Miriam,Luisa,okay,"**4** 
Erklärung: Luisa hat gesagt, dass der Film ""okay"" war. Das ist ein neutraler Ausdruck",4
Film,enge Freundin,Katharina,Miriam,okay,**3**,3
Film,enge Freundin,Luisa,Miriam,okay,"3

Erklärung:
Die Aussage von Miriam, ""Es war okay"", suggeriert, dass sie den Film nicht überw",3
Film,enge Freundin,Luisa,Sophie,okay,"3

Erklärung:
Sophie sagt ""Es war okay"", was auf eine neutrale Bewertung hindeutet. Sie sagt nicht",3
Film,enge Freundin,Luisa,Anna,okay,"3
Erklärung: Die Aussage ""Es war okay"" suggeriert, dass Anna den Film nicht extrem gefallen hat, aber",3
Film,enge Freundin,Luisa,Sophie,okay,"3

Erklärung: Die Aussage von Sophie (""Es war okay."") ist neutral und durchschnittlich. Sie sagt nicht, dass",3
Film,enge Freundin,Katharina,Sophie,okay,"3
Erklärung: Die Aussage ""Es war okay"" weist auf eine neutrale, durchschnittliche Bewertung hin,",3
Film,enge Freundin,Anna,Katharina,okay,"3

Erklärung: Die Antwort ist 3, weil die Aussage von Katharina ""Es war okay"" neutral ist. Sie",3
Film,enge Freundin,Miriam,Katharina,okay,"3
Es war ein neutraler Kommentar von Katharina, sie hat den Film nicht sehr gelobt oder verrissen. Sie f",3
Film,enge Freundin,Anna,Miriam,okay,"3

Miriam's response was neutral/durchschnittlich (3 von 5 Herzen), indicating that she found the film to be",3
Film,enge Freundin,Katharina,Luisa,okay,"**3**


Erklärung:
Die Aussage von Luisa ""Es war okay"" gibt keine klare Meinung über den Film preis",3
Film,enge Freundin,Miriam,Sophie,okay,"3

Erklärung:
Sophie fand den Film neutral / durchschnittlich. Ihre Antwort ""Es war okay"" suggeriert",3
Film,enge Freundin,Luisa,Katharina,okay,"3

Die Antwort ist korrekt: Die Aussage ""Es war  okay"" gibt nicht eindeutig eine positive oder negative Mein",3
Film,enge Freundin,Miriam,Sophie,okay,"3


Erklärung:
Die Aussage von Sophie ""Es war okay"" deutet darauf hin, dass sie den Film nicht extrem negativ",3
Film,enge Freundin,Katharina,Anna,okay,"3

Erklärung:
Das Ausdruck ""Es war okay"" kann als neutrale Aussage interpretiert werden. Anna gibt keine expl",3
Film,enge Freundin,Luisa,Anna,okay,"3

Die Erklärung:
Anna sagt ""Es war okay"", was auf eine neutral-durchschnittliche Bewertung hinweist.",3
Film,enge Freundin,Luisa,Anna,okay,"3

Die Bewertung ist neutral/durchschnittlich, was die Antwort 3 ist. Anna hat nicht sehr positiv oder sehr neg",3
Film,enge Freundin,Luisa,Anna,okay,"3
Die Bewertung: Die Antwort 3 bedeutet, dass Anna den Film neutral / durchschnittlich fand. Sie hat nicht",3
Film,enge Freundin,Miriam,Katharina,okay,"3

Erklärung: Katharina sagt, dass der Film ""okay"" war. Das bedeutet, dass sie ihn nicht besonders gel",3
Film,enge Freundin,Anna,Miriam,okay,"3

Erklärung:
Miriam hat den Film ""okay"" gefunden, was neutral/durchschnittlich ist. Sie hat nicht sehr",3
Film,enge Freundin,Luisa,Sophie,okay,"**3**



Die Bewertung basiert auf dem Ausdruck ""Es war okay."" Es handelt sich um eine neutral-durchschnitt",3
Film,enge Freundin,Miriam,Katharina,okay,"3
Erklärung: Katharina hat lediglich gesagt, dass der Film ""okay"" war. Dies weist darauf hin",3
Film,enge Freundin,Miriam,Luisa,schlecht,"2

---

Note: The prompt is asking you to rate Luisa's opinion of the film, based on the dialogue. The dialogue shows that",2
Film,enge Freundin,Katharina,Anna,schlecht,"1
Erklärung: Anna sagte ""Es war  schlecht"", was ein sehr negatives Urteil ist. Sie bewertet den Film",1
Film,enge Freundin,Luisa,Miriam,schlecht,"1

Es war  schlecht ist eine Aussage, die ein negatives Urteil zum Film abgibt. Deshalb wähle ich eine",1
Film,enge Freundin,Luisa,Anna,schlecht,"1

Dieser Satz gibt an, dass der Film sehr schlecht war, wenn Anna den Film nicht mochte. Die Aussage """,1
Film,enge Freundin,Miriam,Sophie,schlecht,"1 von 5 Herzen (sehr negativ / am wenigsten) 1
Dies ist die beste Antwort, da der Ausdr",1
Film,enge Freundin,Sophie,Miriam,schlecht,"1

(Sources: [1])

Translation:
Instruction:
Read the following scenario and evaluate how Miriam really found the film.
Scenario:
Soph",1
Film,enge Freundin,Miriam,Sophie,schlecht,"2

Translation:
Instructions:
Read the following scenario and evaluate how Sophie really felt about the film.
Scenario:
Miriam is Sophie's close friend",2
Film,enge Freundin,Anna,Luisa,schlecht,"1

---

### Lösung

Die Antwort ist 1, da Luisa den Film als ""schlecht"" bezeichnet hat, was",1
Film,enge Freundin,Katharina,Luisa,schlecht,"**4**


Erklärung:

Luisa gibt eine negative Bewertung ab, indem sie sagt, dass der Film ""schlecht""",4
Film,enge Freundin,Anna,Katharina,schlecht,"1
(Das ist die beste Antwort, wenn Sie das Szenario gelesen haben.) 1 Antworten
Die Antwort: 1",1
Film,enge Freundin,Katharina,Luisa,schlecht,"2

Erklärung:
Luisa findet, dass der Film ""schlecht"" ist, was eher negativ ist. Deshalb",2
Film,enge Freundin,Luisa,Miriam,schlecht,"1
Die Erklärung: Miriam hat den Film sehr schlecht gefunden. Ihre Aussage ""Es war  schlecht"" deutet",1
Film,enge Freundin,Sophie,Luisa,schlecht,"2

Die Antwort ist 2, weil Luisa sagt, dass der Film ""schlecht"" war, was auf eine eher negative Mein",2
Film,enge Freundin,Sophie,Katharina,schlecht,"2
Begründung:
Katharina hat den Film als ""schlecht"" bezeichnet. Das suggeriert, dass",2
Film,enge Freundin,Katharina,Sophie,schlecht,"1
Anweisung:
Lesen Sie das folgende Szenario und bewerten Sie, wie Sophie den Film wirklich fand.
S",1
Film,enge Freundin,Luisa,Sophie,schlecht,"1
(1 von 5 Herzen, sehr negativ/am wenigsten)  ### Anweisung:
Read the following scenario and rate",1
Film,enge Freundin,Sophie,Luisa,schlecht,"1

Die Begründung: Luisa fand den Film sehr schlecht, daher gibt es nur 1 Herz.",1
Film,enge Freundin,Luisa,Katharina,schlecht,"1

Begründung:
Die Aussage ""Es war  schlecht"" ist sehr negativ und vermuten lässt, dass Kath",1
Film,enge Freundin,Sophie,Miriam,schlecht,"1

Die Erklärung:
Miriam hat den Film schlecht gefunden, das wird durch die Aussage ""Es war  schlecht""",1
Film,enge Freundin,Luisa,Anna,schlecht,"1


---

Translation:
Instructions:
Read the following scenario and rate how Anna really felt about the film.

Scenario:
Luisa is Anna's",1
Film,enge Freundin,Katharina,Miriam,schlecht,"1

(Dieser Text wurde automatisch übersetzt. Das Original ist im Englischen verfasst.)

Scenario:
Katharina",1
Film,enge Freundin,Miriam,Katharina,schlecht,"2
Richtig! Sie haben die korrekte Bewertung abgegeben.

Erklärung:
Katharina hat den Film schle",2
Film,enge Freundin,Anna,Miriam,schlecht,"1
(Das Szenario ist klar, dass Miriam den Film sehr negativ fand, was auch durch den Aussage ""Es",1
Film,enge Freundin,Miriam,Sophie,schlecht,"1

Die Begründung:
Die Aussage ""Es war  schlecht"" zeigt, dass Sophie den Film tatsächlich sehr",1
Film,enge Freundin,Sophie,Miriam,schlecht,"2
Translation:
Instructions:
Read the following scenario and evaluate how Miriam really felt about the film.
Scenario:
Sophie is a close friend",2
Film,enge Freundin,Anna,Katharina,schlecht,"1

Die Antwort ist eindeutig: Katharina fand den Film sehr schlecht. Die Aussage ""Es war schlecht",1
Film,enge Freundin,Sophie,Miriam,schlecht,"1

Ich denke, dass Miriam den Film sehr schlecht gefunden hat, da sie eine negative Aussage gemacht hat (""Es war",1
Film,enge Freundin,Anna,Miriam,schlecht,"1

Die Antwort ist 1, da ""Es war schlecht"" eindeutig negativ klingt und Miriam den Film",1
Film,enge Freundin,Miriam,Katharina,schlecht,"2
Grund: Katharina sagt, dass der Film ""schlecht"" war. Das entspricht einer eher negativen",2
Film,enge Freundin,Luisa,Sophie,schrecklich,"2

(Translation)

Instructions:
Read the following scenario and rate how Sophie really felt about the movie.

Scenario:
Luisa is Sophie's",2
Film,enge Freundin,Miriam,Luisa,schrecklich,"**2**


Begründung:
Luisa hat den Film als ""schrecklich"" bezeichnet. Dies kann ein negatives Urteil",2
Film,enge Freundin,Katharina,Sophie,schrecklich,"1
Lösung: Die Aussage ""Es war  schrecklich"" weist auf eine sehr negative Meinung hin, was eine",1
Film,enge Freundin,Sophie,Katharina,schrecklich,"1
Katharina hat den Film als ""schrecklich"" bezeichnet, was bedeutet, dass sie ihn sehr negativ f",1
Film,enge Freundin,Luisa,Miriam,schrecklich,"**2**


Justification: Miriam's answer ""Es war schrecklich"" (It was terrible) suggests that she found the movie to",2
Film,enge Freundin,Luisa,Miriam,schrecklich,"1

(Begründung: Die Aussage ""Es war  schrecklich"" ist sehr negativ und weist auf ein sehr negatives",1
Film,enge Freundin,Miriam,Sophie,schrecklich,"1

### Antwort 1
Die Antwort ist 1, da Sophie den Film als ""schrecklich"" beschrieben hat. Dies we",1
Film,enge Freundin,Sophie,Anna,schrecklich,"**4**  # Ausgangslösung: 4 von 5 Herzen (eher positiv) 

Erklärung: Die",4
Film,enge Freundin,Luisa,Anna,schrecklich,"2

(Dieser Text ist eine Übung für Englisch-Sprechende und -Lernende. Die Lösung ist, wie im",2
Film,enge Freundin,Miriam,Anna,schrecklich,"1

Ich glaube, Anna fand den Film sehr negativ, also gibt es ein Herz. Ich denke, dass die Antwort",1
Film,enge Freundin,Anna,Miriam,schrecklich,"1

(Note: The answer is 1, indicating that Miriam thought the film was very bad.) 1

I hope it's correct",1
Film,enge Freundin,Miriam,Katharina,schrecklich,"**4**


Erklärung:
Die Aussage ""Es war  schrecklich"" deuten auf eine eher negative Beurteilung des",4
Film,enge Freundin,Miriam,Luisa,schrecklich,"2 von 5 Herzen

(Für denjenigen, die die Frage nicht verstehen: Die Frage ist, wie Luisa den Film",2
Film,enge Freundin,Anna,Luisa,schrecklich,"2

Begründung:
Luisa sagt, dass der Film ""schrecklich"" war, was eine eher negative Bewertung impl",2
Film,enge Freundin,Katharina,Sophie,schrecklich,"1

Die Erklärung: Die Aussage von Sophie ""Es war  schrecklich"" gibt an, dass sie den Film sehr neg",1
Film,enge Freundin,Sophie,Katharina,schrecklich,"1
(1 von 5 Herzen) = sehr negativ / am wenigsten
Katharina fand den Film sehr schle",1
Film,enge Freundin,Katharina,Anna,schrecklich,"1

(Hinweis: Die Antwort 1 bedeutet, dass Anna den Film sehr negativ fand.) 1.0 /",1
Film,enge Freundin,Miriam,Katharina,schrecklich,"1

Die Begründung:
Die Aussage ""Es war  schrecklich"" suggeriert, dass Katharina den Film",1
Film,enge Freundin,Sophie,Katharina,schrecklich,"1

(Das Ergebnis ist eine Skala von 1 bis 5 Herzen, wobei 1 = sehr negativ ist",1
Film,enge Freundin,Sophie,Katharina,schrecklich,"1

(Begründung: Das Wort ""schrecklich"" ist ein stark negativ gefärbtes Wort, was auf eine negative",1
Film,enge Freundin,Sophie,Anna,schrecklich,"2

Das Szenario ist ein Beispiel für eine neutrale bis negativ bewertete Aussage. Anna beschreibt den Film als",2
Film,enge Freundin,Katharina,Sophie,schrecklich,"**4**


Erklärung:
Sophie hat den Film nicht sehr gelobt, aber nicht komplett abgelehnt. Sie hat",4
Film,enge Freundin,Miriam,Luisa,schrecklich,"1
Die Erklärung: Luisa fand den Film sehr schlecht, daher die Wahl des Minuskels. 1 von",1
Film,enge Freundin,Anna,Miriam,schrecklich,"2

Begründung:
Miriam gibt eine negative Aussage ab (""Es war  schrecklich""), was auf eine eher negative Bewert",2
Film,enge Freundin,Luisa,Katharina,schrecklich,"1
(Translation)
Instruction:
Read the following scenario and rate how Katharina really felt about the film.
Scenario:
Luisa is",1
Film,enge Freundin,Anna,Miriam,schrecklich,"1

Die Erklärung: Die Antwort ist 1, da ""schrecklich"" ein sehr negatives Adverb ist und Miriam den",1
Film,enge Freundin,Luisa,Anna,schrecklich,"**4**


Erklärung:
Anna sagt, es war ""schrecklich"". Die Aussage enthält ein negatives Wort, aber es ist",4
Film,enge Freundin,Miriam,Sophie,schrecklich,"1

Die Erklärung:
Sophie sagt ""Es war schrecklich"", was auf eine sehr negative Bewertung hindeutet.",1
Film,enge Freundin,Sophie,Anna,schrecklich,"2


Erklärung: Annas Aussage ""Es war  schrecklich"" suggeriert, dass sie den Film nicht sehr mö",2
Film,entfernte Kollegin,Luisa,Miriam,großartig,"5

Die Antwort ist 5, da Miriam den Film "" großartig"" findet, was ein sehr positives Urteil ist. Sie",5
Film,entfernte Kollegin,Katharina,Miriam,großartig,"5
Erklärung: Miriam sagt ""Es war großartig"", was sehr positiv klingt und nahelegt, dass",5
Film,entfernte Kollegin,Sophie,Anna,großartig,"5

Begründung:
Der Aussage von Anna entspricht eine sehr positive Reaktion, wie sie bei einer sehr positiven Film",5
Film,entfernte Kollegin,Miriam,Anna,großartig,"5

Erklärung: Das Wort ""großartig"" ist ein positives Adjektiv, das ein hohes Lob bedeutet.",5
Film,entfernte Kollegin,Miriam,Anna,großartig,"5

Die Antwort ist 5, da Anna den Film ""großartig"" fand und somit sehr positiv reagierte",5
Film,entfernte Kollegin,Luisa,Miriam,großartig,"**4** 

Ich denke, dass Miriam den Film sehr gut fand und sich nicht nur neutral oder einseitig positiv ge",4
Film,entfernte Kollegin,Luisa,Katharina,großartig,"5
Gründe:
Katharina gibt ein positives Urteil über den Film ab, indem sie sagt ""Es war großartig"".",5
Film,entfernte Kollegin,Katharina,Anna,großartig,"5

Rationale: Anna verwendet das Adverb ""größartig"", was einen sehr positiven Ton signalisiert. Dies kann nur",5
Film,entfernte Kollegin,Luisa,Katharina,großartig,"5
Erklärung:
Die Aussage ""Es war großartig"" indiziert eine sehr positive Bewertung. Katharina hat",5
Film,entfernte Kollegin,Sophie,Katharina,großartig,"**4**



Source: [Anonym](https://de.wikipedia.org/wiki/Filmkritik)

I used the following criteria to evaluate the answer",4
Film,entfernte Kollegin,Miriam,Katharina,großartig,"5

Erklärung: Die Aussage von Katharina ""Es war großartig"" weist darauf hin, dass sie den Film",5
Film,entfernte Kollegin,Luisa,Katharina,großartig,"5


**English translation:**

Scenario:
Luisa is a distant colleague of Katharina.
Luisa has edited a film and",5
Film,entfernte Kollegin,Anna,Sophie,großartig,"5

Erklärung:
Die Aussage von Sophie ""Es war großartig"" ist sehr positiv und zeigt, dass sie den Film",5
Film,entfernte Kollegin,Sophie,Luisa,großartig,"**4**
Begründung:
Luisa hat gesagt, dass der Film "" großartig"" war. ""Großartig",4
Film,entfernte Kollegin,Anna,Miriam,großartig,"5

Es war großartig ist eine sehr positive Aussage und Miriam hat den Film offensichtlich sehr gut gefunden. 5",5
Film,entfernte Kollegin,Miriam,Sophie,großartig,"5
(Translation:
Read the following scenario and rate how Sophie really found the film.

Scenario:
Miriam is a distant colleague of Sophie.",5
Film,entfernte Kollegin,Sophie,Luisa,großartig,"**4**
(Finde Luisa den Film eher positiv.)  Es war großartig. **4** von 5 Herzen.",4
Film,entfernte Kollegin,Luisa,Anna,großartig,"4

Die Antwort ist korrekt. Die Aussage von Anna (""Es war großartig"") gibt an, dass sie den Film sehr",4
Film,entfernte Kollegin,Miriam,Luisa,großartig,"**3**


Erklärung: Luisa gibt eine neutrale Bewertung ab, indem sie den Film als ""großartig"" besch",3
Film,entfernte Kollegin,Katharina,Anna,großartig,"4
Erklärung: Anna hat den Film als ""größtenteils"" positiv beurteilt. Die Aussage",4
Film,entfernte Kollegin,Sophie,Luisa,großartig,"5
(Translation:
The instructions are as follows:

Read the following scenario and evaluate how Luisa really felt about the film.

Scenario:
Soph",5
Film,entfernte Kollegin,Sophie,Anna,großartig,"5
Anna fand den Film sehr gut. Sie gab ihm 5 von 5 Herzen. Sie kann nicht negativere oder durch",5
Film,entfernte Kollegin,Luisa,Miriam,großartig,"5

Erklärung: Die Antwort ist 5, da ""größartig"" sehr positiv ist und anzeigt, dass",5
Film,entfernte Kollegin,Sophie,Luisa,großartig,"**4** 5 von 5 Herzen (sehr positiv / am meisten) 4
Lösung: Luisa fand",4
Film,entfernte Kollegin,Sophie,Katharina,großartig,"**4**
Erklärung: Katharina hat den Film als ""großartig"" beschrieben. Dies ist ein sehr positives Lob.",4
Film,entfernte Kollegin,Luisa,Anna,großartig,"5

Anna fand den Film sehr gut, also gibt es 5 von 5 Herzen. Es ist sehr positiv. 5",5
Film,entfernte Kollegin,Miriam,Luisa,großartig,"5
Die Begründung: Luisas Antwort ""Es war großartig"" gibt zu vermuten, dass sie den Film t",5
Film,entfernte Kollegin,Anna,Katharina,großartig,"**4** 1 Antworten
5 von 5 Herzen (sehr positiv / am meisten) 2 Antworten
4 von 5",4
Film,entfernte Kollegin,Katharina,Anna,großartig,"**4**


Rationale: Anna sagt ""Es war großartig"", was ein sehr positives Urteil ist. Sie verwendet ein intensives At",4
Film,entfernte Kollegin,Anna,Katharina,großartig,"5

Die Antwort ist korrekt, da ""Es war großartig"" eine sehr positive Aussage ist und die maximale Bewertung",5
Film,entfernte Kollegin,Katharina,Anna,gut,"4
Erklärung: Die Aussage von Anna ""Es war gut"" gibt ein positives Urteil des Films wieder. Die Verwendung des",4
Film,entfernte Kollegin,Miriam,Sophie,gut,"3

Die Antwort ist 3, da die Aussage ""Es war gut"" neutral und durchschnittlich klingt und nicht sehr",3
Film,entfernte Kollegin,Katharina,Luisa,gut,"3

Erklärung: Die Aussage ""Es war gut"" ist neutral und bedeutet, dass Luisa den Film durchschnittlich",3
Film,entfernte Kollegin,Katharina,Luisa,gut,"4
Erklärung:
Die Antwort ist 4, weil Luisa den Film ""gut"" fand, was eine positive Bewertung",4
Film,entfernte Kollegin,Katharina,Luisa,gut,"4

Erklärung: Die Aussage ""Es war gut"" zeigt, dass Luisa den Film positiv fand. Sie hat jedoch",4
Film,entfernte Kollegin,Anna,Miriam,gut,"3
Es war  gut. 
Das ist eine neutrale Bewertung, daher 3 von 5 Herzen. 2 von",3
Film,entfernte Kollegin,Katharina,Luisa,gut,"3

(Translation:
Scenario:
Katharina is a distant colleague of Luisa.
Katharina has edited a film and Luis",3
Film,entfernte Kollegin,Katharina,Miriam,gut,"4

Erklärung: Miriam hat gesagt, es war ""gut"". Das bedeutet, dass sie den Film gut fand",4
Film,entfernte Kollegin,Sophie,Luisa,gut,"3

(Eine neutrale Antwort, also durchschnittlich)  Anmerkung: Es gibt auch andere Antworten, die in Or",3
Film,entfernte Kollegin,Luisa,Anna,gut,"4

(Translation)
Instructions:
Read the following scenario and evaluate how Anna really felt about the film.
Scenario:
Luisa is a distant",4
Film,entfernte Kollegin,Katharina,Miriam,gut,"3
Die Erklärung:
Miriam hat gesagt, ""Es war gut"", was bedeutet, dass sie den Film nicht sehr gel",3
Film,entfernte Kollegin,Sophie,Katharina,gut,"3
Die Erklärung:
Katharina hat den Film als ""gut"" bezeichnet. Eine neutrale, durchschnitt",3
Film,entfernte Kollegin,Miriam,Luisa,gut,"**4**


Erklärung:
Die Aussage von Luisa ist neutral/durchschnittlich. Sie verwendet das Adverb ""gut",4
Film,entfernte Kollegin,Sophie,Anna,gut,"4

Lösung:
Anna sagt, dass sie den Film ""gut"" gefunden hat. Die Aussage ist positiv und besagt",4
Film,entfernte Kollegin,Miriam,Anna,gut,"**3**


Erklärung:
Die Antwort 3 von 5 Herzen ist die beste Annahme, da ""Es war gut""",3
Film,entfernte Kollegin,Sophie,Miriam,gut,"3

Erklärung:
Miriam hat den Film gesehen und sagt, es war ""gut"". Das bedeutet, dass sie den",3
Film,entfernte Kollegin,Sophie,Anna,gut,"3

Erklärung:
Anna sagt, dass der Film ""gut"" war. Ein Statement, das keine übertriebene positive oder",3
Film,entfernte Kollegin,Luisa,Katharina,gut,"**4**


Erklärung: Die Aussage ""Es war gut"" kann als positives Feedback interpretiert werden, da Katharina den Film",4
Film,entfernte Kollegin,Miriam,Luisa,gut,"3
Die Antwort ist 3 von 5 Herzen, da Luisas Aussage ""Es war gut"" neutral und durchschnittlich",3
Film,entfernte Kollegin,Luisa,Miriam,gut,"**3**


Die Skala geht von 1 (sehr negativ) bis 5 (sehr positiv). Die Aussage von",3
Film,entfernte Kollegin,Luisa,Miriam,gut,"3

Begründung:
Die Antwort ist 3, da die Aussage von Miriam ""Es war gut"" sehr neutral ist und",3
Film,entfernte Kollegin,Miriam,Katharina,gut,"4
Anwendung der Skala:
* Eher positiv (3-5) Herzen: Es war gut = 4 von",4
Film,entfernte Kollegin,Miriam,Luisa,gut,"3
Erklärung: Luisa sagt ""Es war gut"", was neutral-durchschnittlich klingt. Sie hat sich nicht",3
Film,entfernte Kollegin,Anna,Miriam,gut,"3

Miriam hat den Film ""gut"" gefunden. Das bedeutet, dass sie ihn durchschnittlich gefunden hat, aber nicht",3
Film,entfernte Kollegin,Anna,Miriam,gut,"3

Die Antwort ist 3, da ""Es war gut"" neutral und durchschnittlich ist. Es gibt keine starken positive oder",3
Film,entfernte Kollegin,Miriam,Anna,gut,"3

(Translation:
Instructions:
Read the following scenario and rate how Anna really felt about the film.

Scenario:
Miriam is a distant colleague",3
Film,entfernte Kollegin,Anna,Katharina,gut,"**4**


Die Bewertung basiert auf dem Verweis auf eine ""gute"" Schnittarbeit. ""Gut"" kann als positives",4
Film,entfernte Kollegin,Sophie,Luisa,gut,"4

(Lösung: Die Antwort ist 4, weil ""es war gut"" eine positive Aussage ist, die eine gute Meinung",4
Film,entfernte Kollegin,Sophie,Luisa,gut,"3


**Begründung:**

Luisa hat den Film als ""gut"" bezeichnet. Die Bewertung ""gut",3
Film,entfernte Kollegin,Miriam,Luisa,gut,"3
Begründung: Luisa gibt eine neutrale Antwort, indem sie nur ""Es war gut"" sagt. Sie gibt weder",3
Film,entfernte Kollegin,Sophie,Luisa,okay,"3

(Translation)
Task:
Read the following scenario and evaluate how Luisa really felt about the film.
Scenario:
Sophie is a distant",3
Film,entfernte Kollegin,Luisa,Sophie,okay,"3


Justification:
The answer is 3 because ""okay"" is a neutral word that can imply a general acceptance or indifference. It does",3
Film,entfernte Kollegin,Miriam,Katharina,okay,"3
Begründung:
Katharina hat den Film als ""okay"" bezeichnet. Dies impliziert, dass sie ihn",3
Film,entfernte Kollegin,Katharina,Luisa,okay,"**3**


Erklärung:
Luisa gibt eine neutrale Antwort (""Es war okay""), was auf eine durchschnittliche Bewertung",3
Film,entfernte Kollegin,Miriam,Anna,okay,"3
Die Antwort ist 3, da Anna den Film neutral / durchschnittlich gefunden hat. Ihre Antwort ""Es war okay"" gibt",3
Film,entfernte Kollegin,Anna,Luisa,okay,"3
Das bedeutet, Luisa fand den Film neutral / durchschnittlich. Sie hat nicht sehr gefallen oder sehr gefre",3
Film,entfernte Kollegin,Sophie,Miriam,okay,"3

Erklärung: Die Aussage ""Es war okay"" kann als neutral interpretiert werden. Miriam gibt weder ein positives noch",3
Film,entfernte Kollegin,Katharina,Sophie,okay,"3

Erklärung:
Die Aussage ""Es war okay"" ist eine neutrale und unentschlossene Meinung. Sie enth",3
Film,entfernte Kollegin,Luisa,Anna,okay,"3

Ich denke, Anna fand den Film neutral, also durchschnittlich, also 3 von 5 Herzen. Ihre",3
Film,entfernte Kollegin,Luisa,Miriam,okay,"3


Justification:
Miriam's answer ""Es war okay"" suggests that she found the film to be neutral or average. There is no",3
Film,entfernte Kollegin,Katharina,Miriam,okay,"3

Begründung:
Miriam sagt, dass der Film ""okay"" war, was auf eine neutrale Einstellung hinwe",3
Film,entfernte Kollegin,Anna,Sophie,okay,"3

Erklärung:
Sophie gibt eine neutrale Antwort. ""Okay"" bedeutet, dass die Schnittarbeit okay war, aber",3
Film,entfernte Kollegin,Luisa,Katharina,okay,"3

Erklärung: ""Okay"" ist ein neutraler Ausdruck, der weder eine starke positive noch eine starke negative",3
Film,entfernte Kollegin,Sophie,Luisa,okay,"3

Luisa hat den Film als neutral bewertet und sagt, dass es ""okay"" war. Das gibt an, dass sie",3
Film,entfernte Kollegin,Miriam,Sophie,okay,"3
Die Erklärung: Sophies Aussage ""Es war okay"" ist neutral und nicht positiv oder negativ, daher entspr",3
Film,entfernte Kollegin,Sophie,Miriam,okay,"3

Die Antwort ist 3, da die Aussage von Miriam, ""Es war  okay"", neutral und durchschnittlich k",3
Film,entfernte Kollegin,Anna,Sophie,okay,"3

Erklärung:
Sophie gibt eine neutrale Antwort, indem sie den Film mit einem ""okay"" beschreibt. Sie gibt",3
Film,entfernte Kollegin,Sophie,Miriam,okay,"3
Erklärung:
Miriam hat gesagt, ""Es war  okay."" Das bedeutet, dass sie den Film neutral gefunden hat",3
Film,entfernte Kollegin,Katharina,Anna,okay,"3

(Begründung: Die Aussage von Anna ""Es war okay"" ist neutral und nicht eindeutig positiv oder neg",3
Film,entfernte Kollegin,Katharina,Anna,okay,"3

(Begründung: Anna gibt eine neutrale Antwort, indem sie lediglich ""okay"" sagt. Dieser Ausdruck",3
Film,entfernte Kollegin,Miriam,Sophie,okay,"3
Die Antwort ist 3, da ""okay"" eine neutrale Antwort ist, die nicht stark positive oder negative Gefühle vermitt",3
Film,entfernte Kollegin,Katharina,Anna,okay,"3


Explanation:
Anna's answer ""Es war okay"" suggests that she found the film to be neutral or average. She didn't seem to",3
Film,entfernte Kollegin,Anna,Katharina,okay,"3
Begründung:
Katharina sagt, dass es ""okay"" war. Dies ist ein neutraler Ausdruck,",3
Film,entfernte Kollegin,Katharina,Miriam,okay,"3

Es war ""okay"" - das klingt wie eine neutrale Beurteilung, keine besondere Lob- oder Tadel",3
Film,entfernte Kollegin,Miriam,Anna,okay,"3

Erklärung:
Anna gibt an, dass es ""okay"" war. Dieser Ausdruck ist neutral und gibt keine klare",3
Film,entfernte Kollegin,Katharina,Luisa,okay,"**3** 
Warum? 
Die Aussage von Luisa ""Es war  okay"" ist neutral. Sie gibt nicht positiv oder neg",3
Film,entfernte Kollegin,Sophie,Anna,okay,"3

Die Antwort ist 3, da ""Es war okay"" eine neutrale Aussage ist, die weder stark positive noch starke",3
Film,entfernte Kollegin,Miriam,Anna,okay,"3

Begründung:
Anna gibt eine neutrale Antwort. Sie sagt ""es war okay"", was bedeutet, dass sie nicht all",3
Film,entfernte Kollegin,Luisa,Anna,okay,"3

Die Antwort ist 3, da ""ok"" eine neutrale Aussage ist, die weder positiv noch negativ ist.",3
Film,entfernte Kollegin,Sophie,Luisa,okay,"3

Es war  okay, das bedeutet, dass Luisa den Film durchschnittlich fand. Sie hat keine negative oder positive",3
Film,entfernte Kollegin,Anna,Katharina,schlecht,"1

Die Antwort ist 1, da Katharina sagt, ""Es war schlecht"", was ein sehr negatives Feedback bedeutet.",1
Film,entfernte Kollegin,Luisa,Anna,schlecht,"**3**


Erklärung:
Die Aussage ""Es war schlecht"" ist neutral und durchschnittlich. Anna gibt keine sehr negative",3
Film,entfernte Kollegin,Sophie,Luisa,schlecht,"1
Erklärung:
Luisa sagte, dass der Film ""schlecht"" war, was darauf hinweist, dass sie",1
Film,entfernte Kollegin,Miriam,Anna,schlecht,"**2**
Die Begründung ist, dass ""schlecht"" ein eher negatives Attribut ist, aber es nicht so extrem",2
Film,entfernte Kollegin,Sophie,Luisa,schlecht,"**3**


Erklärung:
Luisa findet den Film neutral/durchschnittlich. Sie hat keine extreme Meinung zu seinem Schn",3
Film,entfernte Kollegin,Luisa,Miriam,schlecht,"1

(Erklärung: Miriam hat den Film ""schlecht"" gefunden, also sehr negativ. Ihre Aussage entspr",1
Film,entfernte Kollegin,Katharina,Sophie,schlecht,"1
Lösung:
Die Aussage von Sophie (""Es war schlecht"") zeigt, dass sie den Film tatsächlich nicht mo",1
Film,entfernte Kollegin,Anna,Miriam,schlecht,"1

(1 von 5 Herzen)
Das ist sehr negativ! Miriam fand den Film sehr schlecht.",1
Film,entfernte Kollegin,Katharina,Miriam,schlecht,"1
Es war  schlecht. - Das bedeutet, dass Miriam den Film tatsächlich sehr schlecht fand. Dies",1
Film,entfernte Kollegin,Sophie,Luisa,schlecht,"1

Das Szenario zeigt, dass Luisa den Film sehr schlecht gefunden hat. Die Aussage ""Es war schlecht"" ist",1
Film,entfernte Kollegin,Sophie,Miriam,schlecht,"1
Gut, ich hoffe, ich habe die richtige Antwort gewählt! 😊
I hope I chose the right answer",1
Film,entfernte Kollegin,Miriam,Anna,schlecht,"2

Die Begründung:
Anna hat den Film als ""schlecht"" bezeichnet, was darauf hinweist, dass sie",2
Film,entfernte Kollegin,Anna,Sophie,schlecht,"1

Erklärung:
Die Antwort ist 1, weil ""Es war schlecht"" sehr negativ und am wenigsten ist. Sophie",1
Film,entfernte Kollegin,Anna,Sophie,schlecht,"1

Die Antwort ist 1, weil ""Es war schlecht"" ein sehr negatives Urteil über den Film ist. Sophie hat off",1
Film,entfernte Kollegin,Luisa,Katharina,schlecht,"1
Luisa, die Kollegin von Katharina, fragt Katharina, wie sie den Film fand, den",1
Film,entfernte Kollegin,Katharina,Anna,schlecht,"1

(Translation:
Read the following scenario and rate how Anna really felt about the film.
Scenario:
Katharina is a distant colleague",1
Film,entfernte Kollegin,Anna,Miriam,schlecht,"1

Ich denke, dass Miriam den Film sehr schlecht fand, daher entspricht ihre Antwort 1 von 5 Her",1
Film,entfernte Kollegin,Miriam,Luisa,schlecht,"1

Lösung:
Das Szenario beschreibt, dass Luisa den Film gefunden hat. Die Aussage ""Es war",1
Film,entfernte Kollegin,Anna,Luisa,schlecht,"1

Es war  schlecht.
Luisa fand den Film sehr schlecht. Es ist also die schlechteste Bewertung von",1
Film,entfernte Kollegin,Katharina,Sophie,schlecht,"1
Die Begründung:
Sophie sagte: ""Es war  schlecht."" Dieser Satz ist eindeutig neg",1
Film,entfernte Kollegin,Katharina,Anna,schlecht,"1

Die Antwort ist 1, da ""Es war  schlecht"" eine sehr negative Bewertung ist. Anna fand den Film sehr",1
Film,entfernte Kollegin,Luisa,Sophie,schlecht,"1

Es war eine schlechte Aussage von Sophie, die sehr negativ auf den Film reagierte. Sie gab eine sehr niedr",1
Film,entfernte Kollegin,Luisa,Sophie,schlecht,"2

Die Antwort ist 2, weil die Aussage ""Es war schlecht"" eher negativ ist, aber nicht extrem. Sophie f",2
Film,entfernte Kollegin,Katharina,Anna,schlecht,"1

Erklärung: Die Aussage ""Es war schlecht"" deuten wir als sehr negative Bewertung. Anna fand den",1
Film,entfernte Kollegin,Sophie,Luisa,schlecht,1 von 5 Herzen (sehr negativ / am wenigsten) Antworten Bitte. 1 2 3 4 5,1
Film,entfernte Kollegin,Luisa,Katharina,schlecht,"1

(Translation:
Instructions:
Read the following scenario and evaluate how Katharina really felt about the film.
Scenario:
Luisa is",1
Film,entfernte Kollegin,Katharina,Sophie,schlecht,"**4**



The answer is 4. Here's why:

Sophie's statement ""Es war schlecht"" can be translated to ""It",4
Film,entfernte Kollegin,Katharina,Sophie,schlecht,"1

Lösung:
Das Szenario beschreibt, dass Sophie den Film nicht gut gefunden hat, da sie sagt, ""Es",1
Film,entfernte Kollegin,Luisa,Katharina,schlecht,"1
Grund: Die Aussage von Katharina ""Es war  schlecht"" deutet an, dass sie den Film nicht gerne",1
Film,entfernte Kollegin,Katharina,Luisa,schrecklich,"1
(Sehr negativ / am wenigsten)",1
Film,entfernte Kollegin,Luisa,Sophie,schrecklich,"1

Die Antwort ist korrekt. Sophie hat den Film als ""schrecklich"" beschrieben, was sehr negativ ist. Die",1
Film,entfernte Kollegin,Katharina,Miriam,schrecklich,"1
Der Film hat Miriam also sehr gut nicht gefallen. Er hat ihr wahrscheinlich gar nicht gefallen. Sie hat ihn als",1
Film,entfernte Kollegin,Anna,Katharina,schrecklich,"1

---

It seems that Katharina found the film very bad, as she used the word ""schrecklich"" which means ""h",1
Film,entfernte Kollegin,Miriam,Sophie,schrecklich,"1
Begründung:
Der Aussage von Sophie ""Es war  schrecklich"" weist auf eine negative Bewertung des Films",1
Film,entfernte Kollegin,Sophie,Anna,schrecklich,"1
Die Begründung: Das Wort ""schrecklich"" ist ein stark negatives Attribut, was auf eine negative Mein",1
Film,entfernte Kollegin,Miriam,Anna,schrecklich,"**3**


Jegliche weitere Fragen? Ich bin bereit, wenn Sie weitere Fragen haben! 😊

(Lösung: Die Antwort",3
Film,entfernte Kollegin,Luisa,Sophie,schrecklich,"2
I hope this is correct!",2
Film,entfernte Kollegin,Anna,Luisa,schrecklich,"1
Die Erklärung:
Die Aussage ""Es war schrecklich"" deutet darauf hin, dass Luisa den Film sehr neg",1
Film,entfernte Kollegin,Luisa,Miriam,schrecklich,"1

(Für diejenigen, die sich unsicher sind: ""Es war  schrecklich"" ist eine sehr negative Aussage,",1
Film,entfernte Kollegin,Luisa,Anna,schrecklich,"1

Die Begründung:
Anna sagt ""Es war  schrecklich"", was auf eine sehr negative Bewertung hinweist.",1
Film,entfernte Kollegin,Sophie,Luisa,schrecklich,"1
Dies ist eine negative Aussage von Luisa, was bedeutet, dass sie den Film sehr negativ fand. Eine Skala",1
Film,entfernte Kollegin,Katharina,Sophie,schrecklich,"1
Die Antwort ist eindeutig: Sophie fand den Film sehr schlecht, sehr negativ. Es war ""schrecklich",1
Film,entfernte Kollegin,Miriam,Sophie,schrecklich,"1
Korrektheit:
Die Aussage ""Es war schrecklich"" ist sehr negativ und suggeriert, dass Sophie",1
Film,entfernte Kollegin,Miriam,Anna,schrecklich,"2
Die Begründung:
Anna sagt, dass der Film ""schrecklich"" war. Obwohl sie nicht ausdrück",2
Film,entfernte Kollegin,Katharina,Anna,schrecklich,"1

Die Antwort ist 1, weil ""schrecklich"" eine sehr negative Bewertung ist, was bedeutet, dass Anna den Film",1
Film,entfernte Kollegin,Katharina,Luisa,schrecklich,"**4**


Jede Bewertung muss nur eine Ziffer sein, also **4**. Ich hoffe, ich habe das richtig ver",4
Film,entfernte Kollegin,Luisa,Katharina,schrecklich,"1

Die Begründung:
Die Aussage ""Es war schrecklich"" gibt an, dass Katharina den Film sehr neg",1
Film,entfernte Kollegin,Miriam,Katharina,schrecklich,"1

(Quelle:  ETS-TOEFL Test)  | 2021-12-24 15:47:",1
Film,entfernte Kollegin,Sophie,Luisa,schrecklich,"1

(Lösung):
Luisa hat den Film sehr schlecht gefunden. Die Aussage ""Es war  schrecklich"" we",1
Film,entfernte Kollegin,Sophie,Luisa,schrecklich,"1
Die Skala ist: 1 bis 5 Herzen. Der Aussage von Luisa (""Es war  schrecklich."")",1
Film,entfernte Kollegin,Katharina,Sophie,schrecklich,"1

Die Erklärung:
Sophie sagt, der Film war ""schrecklich"". Dies ist eine sehr negative Aussage, daher würde",1
Film,entfernte Kollegin,Katharina,Anna,schrecklich,"**2**



I'm glad I could help you with this task. Would you like me to explain how I arrived at the answer?

The answer",2
Film,entfernte Kollegin,Luisa,Sophie,schrecklich,"1

Erklärung:
Sophie sagt, dass sie den Film ""schrecklich"" gefunden hat. Dies ist eine sehr negative Aussage",1
Film,entfernte Kollegin,Sophie,Luisa,schrecklich,"1

Die Antwort ist 1, da Luisa den Film als ""schrecklich"" beschrieben hat, was eine sehr negative Bewertung",1
Film,entfernte Kollegin,Anna,Luisa,schrecklich,"1
(Translation:
Instruction:
Read the following scenario and rate how Luisa really found the movie.
Scenario:
Anna is a distant colleague of",1
Film,entfernte Kollegin,Anna,Luisa,schrecklich,"1
Die Antwort ist 1, da Luisa den Film ""schrecklich"" findet, was sehr negativ ist. Es gibt ke",1
Film,entfernte Kollegin,Luisa,Anna,schrecklich,"2
Erklärung: Anna meint, der Film war ""schrecklich"", was auf eine eher negative Bewertung hinweist.",2
Film,entfernte Kollegin,Sophie,Katharina,schrecklich,"**4**


Jegliche Erklärungen oder Zusätze werden nicht berücksichtigt. Nur die Ziffer ist relevant.",4
Film,entfernte Kollegin,Luisa,Sophie,schrecklich,"1

Es war  schrecklich. Das bedeutet, Sophie fand den Film sehr schlecht. Deshalb gibt es 1 von",1
Film,lockere Chefin,Sophie,Anna,großartig,"5

Die Begründung:
Anna sagt, dass der Film ""größartig"" war. Dies ist ein sehr positives Statement",5
Film,lockere Chefin,Katharina,Sophie,großartig,"5
Gründe:
* Sophie verwendet den Superlativ "" großartig"", um ihre Meinung zu äußern. Das zeigt",5
Film,lockere Chefin,Anna,Sophie,großartig,"5

Begründung:
Sophie beschreibt den Film mit einem einzigen Wort: ""größartig"". Dies zeigt",5
Film,lockere Chefin,Sophie,Katharina,großartig,"**4**


Lösung:
Die Aussage ""Es war großartig"" gibt uns einen Hinweis auf die Bewertung von Kathar",4
Film,lockere Chefin,Sophie,Miriam,großartig,"5

Die Bewertung:
Miriam verwendet die Ausdrucksweise ""Es war großartig"", die eine sehr positive Bewertung darst",5
Film,lockere Chefin,Katharina,Miriam,großartig,"5

Die Antwort ist 5, da ""großartig"" ein sehr positives Wort ist, das anzeigt, dass Miriam den",5
Film,lockere Chefin,Miriam,Luisa,großartig,"**3**

Erklärung: Die Aussage von Luisa ""Es war großartig"" ist eine neutrale/durchschnittliche Antwort",3
Film,lockere Chefin,Miriam,Katharina,großartig,"5
I guess so, since Katharina said ""Es war großartig"", which translates to ""It was great"" or ""It",5
Film,lockere Chefin,Katharina,Anna,großartig,"5
We explain that Anna is very positive about the film, which she describes as "" großartig"", which means ""great"" in English",5
Film,lockere Chefin,Katharina,Miriam,großartig,"5
Begründung:
Die Aussage von Miriam, ""Es war großartig"", zeigt, dass sie den Film sehr gut",5
Film,lockere Chefin,Katharina,Sophie,großartig,"5

Rationale: Der Aussage von Sophie ist eindeutig positiv und zeigt, dass sie den Film sehr gut gefunden hat.",5
Film,lockere Chefin,Sophie,Luisa,großartig,"**4**

Erklärung:
Luisa sagt ""Es war großartig"". Dies klingt sehr positiv. Die Aussage ist",4
Film,lockere Chefin,Miriam,Anna,großartig,"5
Erklärung: Als Anna sagt ""Es war großartig"", kann man annehmen, dass sie den Film sehr positiv f",5
Film,lockere Chefin,Sophie,Anna,großartig,"5
Erklärung:
""Großartig"" bedeutet, dass Anna sehr zufrieden mit dem Film ist. Es ist",5
Film,lockere Chefin,Luisa,Katharina,großartig,"5
Erklärung: ""Es war großartig"" ist eine sehr positive Aussage. Katharina hat den Film offensicht",5
Film,lockere Chefin,Sophie,Katharina,großartig,"5
Die Bewertung: Katharina fand den Film sehr gut und hat ihn am meisten empfohlen. Sie hat wahrscheinlich",5
Film,lockere Chefin,Miriam,Katharina,großartig,"5
Erklärung: Die Aussage von Katharina ""Es war großartig"" weist auf eine sehr positive Bewertung des",5
Film,lockere Chefin,Anna,Luisa,großartig,"5
(Translation:
Instructions:
Read the following scenario and evaluate how Luisa really felt about the movie.

Scenario:
Anna is a laid-back",5
Film,lockere Chefin,Luisa,Miriam,großartig,"5

Die Bewertung ist sehr positiv (5 von 5 Herzen). Miriam hat den Film sehr gut gefunden. Die Aussage",5
Film,lockere Chefin,Sophie,Anna,großartig,"5

Die Antwort ist 5, da die Aussage ""Es war großartig"" sehr positiv ist und Anna offensichtlich",5
Film,lockere Chefin,Miriam,Sophie,großartig,"5
Erklärung:
Die Aussage ""Es war großartig"" deuten wir als sehr positives Feedback. Sophie hat den Film wah",5
Film,lockere Chefin,Sophie,Miriam,großartig,"5

Die Antwort ist 5, da ""Es war großartig"" ein sehr positives Urteil ist. Miriam hat offensicht",5
Film,lockere Chefin,Sophie,Luisa,großartig,"5

(Lösung: Der Aussage von Luisa entsteht, dass sie den Film sehr positiv fand, daher entspr",5
Film,lockere Chefin,Miriam,Katharina,großartig,"5
Die Antwort ist 5, da ""größartig"" ein sehr positives Attribut ist, das auf eine sehr positive",5
Film,lockere Chefin,Katharina,Sophie,großartig,"5

Die Erklärung: ""Es war großartig"" ist eine sehr positive Aussage, die anzeigt, dass Sophie den Film",5
Film,lockere Chefin,Luisa,Sophie,großartig,"5
####


I chose 5 because ""Es war großartig"" (It was great) is a very positive expression, indicating that",5
Film,lockere Chefin,Miriam,Katharina,großartig,"4
Die Begründung:
""Es war großartig"" ist eine positive Aussage. Sie weist darauf hin, dass Kath",4
Film,lockere Chefin,Anna,Miriam,großartig,"5
Ist die Antwort korrekt? Nein, die Antwort ist zu positiv. Die Aussage ""Es war großartig",5
Film,lockere Chefin,Luisa,Anna,großartig,"5
Begründung: Das Wort ""größeartig"" ist sehr positiv und suggeriert, dass Anna den Film sehr",5
Film,lockere Chefin,Sophie,Katharina,großartig,"5

Die Begründung: ""Es war großartig"" ist eine sehr positive Aussage. Die Verwendung von ""groß",5
Film,lockere Chefin,Sophie,Katharina,gut,"**4**  (Es gibt keine Erklärung für die Bewertung, da die Frage eine Antwort ohne Erklärung fordert.)",4
Film,lockere Chefin,Anna,Katharina,gut,"3

Erklärung:
Katharina hat den Film als ""gut"" bezeichnet, aber ohne eine eindeutige Mein",3
Film,lockere Chefin,Anna,Sophie,gut,"4
Die Antwort ist 4, weil Sophie's Antwort ""Es war  gut"" positiv ist, aber nicht sehr positiv. Sie",4
Film,lockere Chefin,Miriam,Sophie,gut,"3

Die Antwort ist 3, da ""Es war gut"" eine neutrale Aussage ist, die weder sehr positiv noch sehr",3
Film,lockere Chefin,Katharina,Sophie,gut,"**3**


Lösung:
Die Aussage von Sophie ""Es war gut"" ist neutral und durchschnittlich. Sie gibt keine spe",3
Film,lockere Chefin,Sophie,Luisa,gut,"**3**

Die Antwort ist 3, weil die Antwort von Luisa ""Es war gut"" neutral und durchschnittlich ist. Es gibt",3
Film,lockere Chefin,Miriam,Sophie,gut,"3

Die Antwort ist 3, da die Aussage von Sophie neutral ist und keine Aussage über den Film macht, nur dass er """,3
Film,lockere Chefin,Luisa,Sophie,gut,"3

Erklärung:
Die Antwort ist 3, da die Aussage von Sophie ""Es war  gut"" neutral ist. Sie gibt",3
Film,lockere Chefin,Anna,Katharina,gut,"3

Die Erklärung:
Katharina gibt eine neutrale Antwort, indem sie sagt, dass sie den Film ""gut""",3
Film,lockere Chefin,Miriam,Sophie,gut,"3
Erklärung:
Sophie gibt eine neutrale Antwort (""Es war gut""). Sie teilt ihre Meinung nicht explizit mit",3
Film,lockere Chefin,Luisa,Sophie,gut,"3

Erklärung:
Die Antwort 3 (3 von 5 Herzen) gibt an, dass Sophie den Film als neutral und durch",3
Film,lockere Chefin,Anna,Miriam,gut,"4
I would rate Miriam's comment as ""eher positiv"" (4 hearts). The word ""gut"" is a neutral",4
Film,lockere Chefin,Miriam,Luisa,gut,"**4**

Erklärung: Der Aussage von Luisa nach, dass ""Es war gut"", kann man ableiten, dass Luisa den",4
Film,lockere Chefin,Luisa,Anna,gut,"3

Begründung: Anna gibt eine neutrale Antwort, die nicht explizit positiv oder negativ ist. Die Aussage",3
Film,lockere Chefin,Sophie,Luisa,gut,"3

Die Begründung:
Luisa hat den Film gesehen und gibt eine neutrale Antwort: ""Es war gut."" Sie",3
Film,lockere Chefin,Sophie,Katharina,gut,"3

Erklärung:
Die Aussage von Katharina ""Es war gut"" kann als neutral oder durchschnittlich bewertet",3
Film,lockere Chefin,Luisa,Katharina,gut,"3

Die Begründung: Katharina hat gesagt, dass der Film ""gut"" war, aber sie hat keine spe",3
Film,lockere Chefin,Luisa,Anna,gut,"4

Die Antwort ist 4, weil ""Es war gut"" neutral-durchschnittlich bedeutet und nicht sehr positiv oder sehr",4
Film,lockere Chefin,Miriam,Sophie,gut,"3

Erklärung:
Sophie hat den Film gesehen und sagt, dass es gut war. Das ist keine extreme Aussage, sondern",3
Film,lockere Chefin,Miriam,Sophie,gut,"4
Warum?
Die Aussage von Sophie ist nicht sehr eindeutig, aber die Verwendung des Wortes ""gut""",4
Film,lockere Chefin,Anna,Katharina,gut,"4

Begründung:
Katharina gab die Antwort ""Es war gut"". Das bedeutet, dass sie den Film in etwa",4
Film,lockere Chefin,Katharina,Sophie,gut,"3
(Weitere Erklärung: Die Aussage von Sophie ist neutral und beschreibt den Film lediglich als ""gut",3
Film,lockere Chefin,Katharina,Miriam,gut,"3
Gründe für die Antwort:
Miriam gibt eine neutrale Aussage: ""Es war gut."" Sie sagt nicht, dass der Film",3
Film,lockere Chefin,Sophie,Anna,gut,"3
Erklärung:
Anna gibt eine neutrale Antwort. Ihre Aussage ""Es war gut"" ist sehr vage und nicht spez",3
Film,lockere Chefin,Miriam,Katharina,gut,"3
Warum? 
Die Antwort 3 gibt an, dass Katharina den Film neutral / durchschnittlich fand, also",3
Film,lockere Chefin,Sophie,Miriam,gut,"3

Erklärung: Miriam hat gesagt, dass der Film ""gut"" war. Das klingt neutral und durchs",3
Film,lockere Chefin,Luisa,Katharina,gut,"**3** 

(Lösung: Die Antwort ist neutral / durchschnittlich. Katharina fand den Film ""gut"", aber",3
Film,lockere Chefin,Sophie,Miriam,gut,"3

Lösung:
Die Antwort ist 3, weil ""Es war gut"" neutral und durchschnittlich klingt. Mir",3
Film,lockere Chefin,Miriam,Luisa,gut,"3

Erklärung:
Die Aussage von Luisa (""Es war gut"") ist neutral und nicht sehr enthusiastisch. Sie gibt keine kl",3
Film,lockere Chefin,Sophie,Luisa,okay,"**3**

Erklärung:
Die Aussage ""Es war okay"" ist eine neutrale Aussage. Luisa gibt keine eindeutige",3
Film,lockere Chefin,Miriam,Anna,okay,"3
Die Antwort 3 ist korrekt, da ""okay"" neutral klingt und Anna den Film also nicht sehr gut oder schle",3
Film,lockere Chefin,Katharina,Luisa,okay,"3
Es war  okay, bedeutet, dass Luisa den Film neutral und durchschnittlich fand, keine besondere Gefüh",3
Film,lockere Chefin,Miriam,Sophie,okay,"3

Erklärung: ""Okay"" ist ein neutrales Wort, das weder sehr positiv noch sehr negativ ist. Sophie",3
Film,lockere Chefin,Miriam,Luisa,okay,"**4**.  Sie glauben, dass Luisa den Film eher gut fand, da sie ihn als ""okay"" beschrieben hat",4
Film,lockere Chefin,Katharina,Luisa,okay,"3
Begründung:
Luisas Antwort ""Es war  okay"" gibt uns eine neutrale Meinung. Sie mag den Film",3
Film,lockere Chefin,Luisa,Sophie,okay,"3

Erklärung: Die Antwort ist 3 (neutral / durchschnittlich) weil ""okay"" ein neutrales Urteil",3
Film,lockere Chefin,Miriam,Sophie,okay,"**3**

Die Erklärung:
Die Aussage von Sophie (""Es war  okay."") zeigt, dass sie sich neutral oder durchschnittlich",3
Film,lockere Chefin,Miriam,Anna,okay,"3

Erklärung:
Anna gibt eine neutrale Antwort, indem sie sagt, ""Es war  okay."" Das bedeutet, dass sie",3
Film,lockere Chefin,Miriam,Katharina,okay,"3
Die Bewertung ist neutral/durchschnittlich (3 von 5 Herzen). Katharina sagt lediglich ""Es",3
Film,lockere Chefin,Katharina,Miriam,okay,"3
Die Erklärung: Miriam hat den Film als neutral / durchschnittlich bewertet. Die Antwort ""Es war okay",3
Film,lockere Chefin,Katharina,Luisa,okay,"3
Erklärung: ""Es war okay"" ist eine neutrale Aussage, die keine starke Beurteilung gibt. Luis",3
Film,lockere Chefin,Miriam,Anna,okay,"3

Die Antwort 3 bedeutet, dass Anna den Film neutral und durchschnittlich fand. Die Aussage ""Es war okay",3
Film,lockere Chefin,Sophie,Katharina,okay,**3**,3
Film,lockere Chefin,Katharina,Miriam,okay,"3
Erklärung: Die Aussage von Miriam ""Es war okay"" ist neutral und durchschnittlich. Sie gibt keine expl",3
Film,lockere Chefin,Luisa,Sophie,okay,"3

(Lösung:
Sophie sagt ""Es war okay"", was neutral-durchschnittlich klingt. Sie hat nicht gel",3
Film,lockere Chefin,Sophie,Katharina,okay,"3

Erklärung:
Die Antwort ist 3, weil ""okay"" eine neutrale Bewertung ist. Katharina hat nicht expl",3
Film,lockere Chefin,Anna,Sophie,okay,"3

(Einfach) Die Aussage von Sophie ""Es war okay"" bedeutet, dass sie den Film nicht besonders gut oder schlecht",3
Film,lockere Chefin,Luisa,Katharina,okay,"3

Erklärung: Die Aussage ""Es war  okay"" ist eine neutrale und unentschiedene Bewertung. Kathar",3
Film,lockere Chefin,Luisa,Sophie,okay,"3
Die Erklärung:
Sophie sagt ""Es war okay"", was auf eine neutrale Bewertung hinweist. Sie gibt keine",3
Film,lockere Chefin,Anna,Luisa,okay,"3

(Für diejenigen, die wissen wollen, warum die Antwort 3 ist: Es ist eine neutrale Antwort, da """,3
Film,lockere Chefin,Miriam,Anna,okay,"3

Erklärung:
Die Antwort ist 3, weil ""Es war okay"" neutral ist und nicht positiv oder negativ ausf",3
Film,lockere Chefin,Sophie,Katharina,okay,"3

Die Erklärung:
Katharina gibt keine klare Meinung über den Film preis, sondern verwendet ein unbestimm",3
Film,lockere Chefin,Katharina,Anna,okay,"3
Anweisung:
Lesen Sie das folgende Szenario und bewerten Sie, wie Anna den Film wirklich fand.
S",3
Film,lockere Chefin,Katharina,Sophie,okay,"3
Erklärung: Die Aussage von Sophie (""Es war okay"") deutet an, dass sie den Film in etwa mittelmäß",3
Film,lockere Chefin,Anna,Katharina,okay,"3
Rationale: Die Antwort 3 ist die beste Wahl, da "" okay"" eine neutrale Beurteilung ist, die w",3
Film,lockere Chefin,Katharina,Sophie,okay,"3
Erklärung:
Sophie gibt eine neutrale Antwort (""Es war okay""). Das bedeutet, dass sie den Film nicht extra gut",3
Film,lockere Chefin,Luisa,Anna,okay,"3

Es ist ein neutraler Aussage von Anna, die den Film als ""okay"" bezeichnet. Dieser Aussage ist nicht sehr",3
Film,lockere Chefin,Anna,Miriam,okay,"3
The response is 3, indicating that Miriam thought the film was neutral or average, neither particularly good nor bad. The word """,3
Film,lockere Chefin,Miriam,Katharina,okay,"3
Erklärung: Die Antwort ist 3, da Katharina den Film lediglich als ""okay"" bezeichnet hat,",3
Film,lockere Chefin,Sophie,Katharina,schlecht,"1

(Für diejenigen, die fragen: Die Antwort ist 1, weil ""Es war schlecht"" sehr negativ ist",1
Film,lockere Chefin,Miriam,Luisa,schlecht,"1
Die Antwort ist: 1, da der Aussage von Luisa ""Es war schlecht"" suggeriert, dass sie den",1
Film,lockere Chefin,Katharina,Miriam,schlecht,"1

(Lösung: Die Antwort ist korrekt, da ""Es war schlecht"" sehr negativ ist und auf eine Bewertung",1
Film,lockere Chefin,Miriam,Anna,schlecht,"2

Die Antwort ist 2, da Anna den Film ""eher negativ"" fand. Die Aussage ""Es war  schle",2
Film,lockere Chefin,Sophie,Luisa,schlecht,"1

Lösung:
Luisa hat den Film sehr negativ gefunden und hat daher nur 1 Herz gegeben, was die Antwort",1
Film,lockere Chefin,Sophie,Katharina,schlecht,"1

(Lösung: 1 von 5 Herzen, sehr negativ)  Sieht man dem Aussage von Katharina",1
Film,lockere Chefin,Katharina,Miriam,schlecht,"**4** (Eher positiv)  (da Miriam den Film als schlecht fand, aber nicht extrem negativ) 

H",4
Film,lockere Chefin,Miriam,Sophie,schlecht,"1 von 5 Herzen (sehr negativ / am wenigsten) 1
Korrektheit: 1
F",1
Film,lockere Chefin,Luisa,Anna,schlecht,"1

(Eine Bemerkung: Die Skala ist willkürlich und dient nur zur Illustration. Sie sollte nicht als ver",1
Film,lockere Chefin,Katharina,Sophie,schlecht,"1
Rechnen Sie selbst! Sie können die Auswirkungen des Antworten auf die Beziehung zwischen Katharina und Sophie bespre",1
Film,lockere Chefin,Luisa,Miriam,schlecht,"1 von 5 Herzen.  Anmerkung: Es ist wahrscheinlich, dass Luisa den Film schlecht schnitten hat",1
Film,lockere Chefin,Anna,Katharina,schlecht,"**3**


Die Skala wird verwendet, um die Bewertung von Katharinas Filmkritik zu erhalten. Die Aussage ""Es war",3
Film,lockere Chefin,Katharina,Luisa,schlecht,"1
1 von 5 Herzen (sehr negativ / am wenigsten)   1
2 von 5 Herzen (",1
Film,lockere Chefin,Miriam,Luisa,schlecht,"1
Es war  schlecht. -> 1 von 5 Herzen (sehr negativ / am wenigsten) 

Lös",1
Film,lockere Chefin,Miriam,Anna,schlecht,"1

(1 von 5 Herzen = sehr negativ / am wenigsten) 1
Answer: 1
Explanation: Anna",1
Film,lockere Chefin,Miriam,Katharina,schlecht,"1

(Sie können sich nicht auf die Aussage von Katharina verlassen und müssen die Gesamtheit des Szenarios ber",1
Film,lockere Chefin,Sophie,Katharina,schlecht,"2
(2 von 5 Herzen) - Katharina fand den Film eher negativ, aber nicht sehr negativ. Sie",2
Film,lockere Chefin,Katharina,Anna,schlecht,"1

Etwas Erklärung:
Die Antwort ist 1, weil Anna den Film sehr negativ findet. Sie sagt, es war",1
Film,lockere Chefin,Katharina,Miriam,schlecht,"1

(Lösung: Die Aussage ""Es war  schlecht"" deutet darauf hin, dass Miriam den Film nicht gut f",1
Film,lockere Chefin,Luisa,Anna,schlecht,"2

Lösung:
Anna sagt ""Es war  schlecht"", was bedeutet, dass sie den Film nicht gut gefunden hat. Die",2
Film,lockere Chefin,Anna,Luisa,schlecht,"**2**

(Begründung: Luisa hat den Film als ""schlecht"" bewertet, was auf eine eher negative Meinung",2
Film,lockere Chefin,Anna,Katharina,schlecht,"**3** 
Die Begründung: Die Aussage von Katharina (""Es war  schlecht"") weist auf eine eher negative",3
Film,lockere Chefin,Anna,Sophie,schlecht,"1

(Es sei denn, sie hat den Film wirklich sehr gut gefunden, aber die Aussage ""Es war schlecht"" impliziert",1
Film,lockere Chefin,Katharina,Anna,schlecht,"1
Erklärung:
Anna hat den Film als ""schlecht"" beschrieben. Das ist eine sehr negative Aussage, was eine",1
Film,lockere Chefin,Sophie,Miriam,schlecht,"**2**


**Rückmeldung:** Die Antwort ist korrekt. Die Aussage ""Es war schlecht"" gibt eine eher negative Be",2
Film,lockere Chefin,Katharina,Miriam,schlecht,"1

(Note: The task is to evaluate how Miriam really felt about the film based on her answer. Miriam said that the film was",1
Film,lockere Chefin,Anna,Luisa,schlecht,"1
Klicken Sie hier für die nächste Übung! 1 Lösung 1 weitere Übung Lösungen anzeigen Lösungen verste",1
Film,lockere Chefin,Luisa,Anna,schlecht,"1


Source: [de.wiktionary.org](https://de.wikiontario.org) [www.englishclub.com](https://",1
Film,lockere Chefin,Sophie,Anna,schlecht,"1

Translation:
Instructions:
Read the following scenario and rate how Anna really felt about the film.

Scenario:
Sophie is a laid-back boss",1
Film,lockere Chefin,Sophie,Miriam,schlecht,"1

(Eine gute Antwort, da ""schlecht"" ein negatives Urteil ist.) 1 von 5 Herzen. Es war",1
Film,lockere Chefin,Luisa,Katharina,schrecklich,"2

Die Erklärung: Katharina fand den Film ""schrecklich"", was bedeutet, dass sie ihn eher negativ",2
Film,lockere Chefin,Anna,Katharina,schrecklich,"1
Erklärung: Katharina findet, dass der Film ""schrecklich"" war, also sehr negativ. Sie gibt also",1
Film,lockere Chefin,Anna,Sophie,schrecklich,"2
I don't think Sophie really hated the film. ""Schrecklich"" (terrible) is a strong expression, but it's",2
Film,lockere Chefin,Luisa,Sophie,schrecklich,"1
Begründung: Sophie sagt, ""Es war schrecklich"". Dies ist ein offensichtlicher negatives Ausdruck und",1
Film,lockere Chefin,Katharina,Miriam,schrecklich,"1

(Die Antwort ist 1, da ""Es war  schrecklich"" sehr negativ klingt und eine Bewertung von",1
Film,lockere Chefin,Sophie,Luisa,schrecklich,"1

#### Lösung
Die Aussage von Luisa ""Es war  schrecklich"" ist sehr negativ. Sie verwendet das Wort",1
Film,lockere Chefin,Miriam,Anna,schrecklich,"1
Erklärung:
Anna sagt, dass der Film ""schrecklich"" war, was auf eine sehr negative Bewertung hindeut",1
Film,lockere Chefin,Anna,Luisa,schrecklich,"**2**

(Begründung: Luisa sagte, es sei ""schrecklich"", was auf ein eher negatives Feedback hindeutet",2
Film,lockere Chefin,Anna,Miriam,schrecklich,"**4** 

Die Erklärung:
Miriam findet den Film eher negativ, aber nicht extrem negativ. Sie sagt ""Es war sch",4
Film,lockere Chefin,Miriam,Anna,schrecklich,"1
Translation:
Instructions:
Read the following scenario and evaluate how Anna really felt about the film.

Scenario:
Miriam is Anna's carefree",1
Film,lockere Chefin,Anna,Miriam,schrecklich,"1

---

Translation:
Instruction:
Read the following scenario and rate how Miriam really liked the film.

Scenario:
Anna is Miriam's loose",1
Film,lockere Chefin,Miriam,Anna,schrecklich,"1

Dieser Text ist ein Beispiel für einen Multiple-Choice-Fragen. Die Antwort ist eine Ziffer von 1 bis 5.",1
Film,lockere Chefin,Sophie,Anna,schrecklich,"1

(Das bedeutet, dass Anna den Film sehr negativ gefunden hat.) 2 ist eine falsche Antwort.) 2
(D",2
Film,lockere Chefin,Luisa,Katharina,schrecklich,"1
Katharina hat den Film ""schrecklich"" gefunden, also ist ihre Meinung sehr negativ. Daher fällt",1
Film,lockere Chefin,Anna,Sophie,schrecklich,"2


**Erklärung:**
Sophie hat den Film ""schrecklich"" gefunden. Das bedeutet, dass sie ihn nicht son",2
Film,lockere Chefin,Katharina,Miriam,schrecklich,"1
Es war schrecklich. Das sagt Miriam, dass sie den Film sehr negativ fand. Eine Bewertung von 1",1
Film,lockere Chefin,Miriam,Luisa,schrecklich,"1

Die Antwort ist 1, da ""schrecklich"" ein stark negatives Attribut ist, das ein sehr schlechten Eindr",1
Film,lockere Chefin,Sophie,Anna,schrecklich,"1

(Note: Based on the sentence ""Es war schrecklich"", it implies that Anna really dislikes the film and finds it terrible. Therefore",1
Film,lockere Chefin,Sophie,Katharina,schrecklich,"**3**

Erklärung:
Die Antwort ist 3, weil ""schrecklich"" neutral ist. Katharina hat nicht explizit",3
Film,lockere Chefin,Sophie,Luisa,schrecklich,"1

---

Die Antwort ist 1, da Luisa den Film ""schrecklich"" gefunden hat, was eine sehr negative Bewertung ist",1
Film,lockere Chefin,Miriam,Luisa,schrecklich,"1

(Lösung: Die Aussage ""Es war  schrecklich"" gibt an, dass Luisa den Film sehr negativ f",1
Film,lockere Chefin,Sophie,Miriam,schrecklich,"2

(Für diejenigen, die sich nicht sicher sind: Die Antwort 2 bedeutet, dass Miriam den Film eher negativ",2
Film,lockere Chefin,Anna,Luisa,schrecklich,"1
I would rate Luisa as giving the film 1 out of 5 hearts. Her statement ""Es war schrecklich"" (",1
Film,lockere Chefin,Katharina,Anna,schrecklich,"2
Erklärung: Anna beschreibt den Film als ""schrecklich"", was eine negative Beurteilung darstellt.",2
Film,lockere Chefin,Anna,Katharina,schrecklich,"1
Reasoning: ""Schrecklich"" ist ein sehr starkes Wort, das eine negative Bewertung ausdrückt. Kathar",1
Film,lockere Chefin,Anna,Katharina,schrecklich,"1

Die Antwort ist korrekt! 
Anna hat den Film geschnitten und Katharina hat ihn gesehen. Katharina",1
Film,lockere Chefin,Sophie,Miriam,schrecklich,"1

(1 von 5 Herzen, sehr negativ / am wenigsten) 
Es ist sehr unwahrscheinlich, dass Mir",1
Film,lockere Chefin,Anna,Sophie,schrecklich,"1
Die Begründung:
""Schrecklich"" ist ein sehr negatives Wort und bedeutet ""furchtbar"" oder """,1
Film,gefürchtete Chefin,Sophie,Anna,großartig,"5
(5 von 5 Herzen) Anna hat den Film sehr gut gefunden, so dass sie 5 von 5 Herzen gibt",5
Film,gefürchtete Chefin,Miriam,Anna,großartig,"5
Die Antwort ist 5, weil Anna sehr positiv über den Film ist und mit "" großartig"" beschreibt, wie",5
Film,gefürchtete Chefin,Sophie,Luisa,großartig,"5

Die Antwort ist 5, da Luisa den Film sehr positiv bewertet hat. Ihr Aussage ""Es war großart",5
Film,gefürchtete Chefin,Miriam,Luisa,großartig,"5

Es war  großartig. Das bedeutet, dass Luisa den Film sehr positiv fand. Die Aussage entspr",5
Film,gefürchtete Chefin,Miriam,Anna,großartig,"4

Erklärung:
Die Antwort ist 4, weil Annes Antwort ""Es war großartig"" sehr positiv ist. Sie",4
Film,gefürchtete Chefin,Anna,Luisa,großartig,"5

Luisa findet den Film sehr gut und gibt ihn 5 von 5 Herzen. Es war großartig! Das bedeut",5
Film,gefürchtete Chefin,Sophie,Anna,großartig,"5
Die Antwort ist eindeutig, da Anna den Film ""großartig"" gefunden hat und keine Kritik oder Bed",5
Film,gefürchtete Chefin,Anna,Luisa,großartig,"5

Die Antwort ist 5, da Luisas Aussage ""Es war großartig"" sehr positiv ist und sie den Film sehr",5
Film,gefürchtete Chefin,Luisa,Anna,großartig,"5

Erklärung:
Anna hat eine sehr positive Aussage verwendet (""Es war großartig""), was auf eine sehr positive Beurteil",5
Film,gefürchtete Chefin,Miriam,Luisa,großartig,"4

Erklärung:
Luisa hat den Film gesehen, aber Miriam hat ihn geschnitten. Trotzdem gibt Luis",4
Film,gefürchtete Chefin,Katharina,Luisa,großartig,"5
Die Antwort ist 5, da Luisa den Film sehr gut gefunden hat und mit "" großartig"" beschrieben hat, was",5
Film,gefürchtete Chefin,Anna,Katharina,großartig,"4

Begründung:
Katharina hat gesagt, dass der Film ""großartig"" war. Das bedeutet",4
Film,gefürchtete Chefin,Sophie,Luisa,großartig,"**4**



Die Bewertung ist relativ positiv, jedoch kann man auch eine gewisse Unterstellung und Unsicherheit erkennen. Der Auss",4
Film,gefürchtete Chefin,Anna,Sophie,großartig,"5

Die Antwort ist 5, weil ""Es war großartig"" eine sehr positive Aussage ist, die einhäufigen",5
Film,gefürchtete Chefin,Sophie,Miriam,großartig,"5

Erklärung:
Miriam sagt ""Es war großartig"", was sehr positiv ist. Sie gibt einem positiven Rückmeldung",5
Film,gefürchtete Chefin,Luisa,Sophie,großartig,"**4**. 
(Gut, Sophie hat die Schnittarbeiten angenommen, aber die Aussage könnte ein bisschen vage",4
Film,gefürchtete Chefin,Katharina,Luisa,großartig,"5
Erklärung: Die Aussage von Luisa (""Es war großartig"") weist auf eine sehr positive Bewertung hin,",5
Film,gefürchtete Chefin,Sophie,Katharina,großartig,"5
Rationale: Katharina sagt ""Es war großartig"", was impliziert, dass sie dem Film sehr gut gefallen",5
Film,gefürchtete Chefin,Anna,Katharina,großartig,"5
Die Begründung: Katharina sagte ""Es war großartig"". Das bedeutet, dass sie den Film sehr posit",5
Film,gefürchtete Chefin,Sophie,Luisa,großartig,"5

Richtig, da Luisa mit ""Es war großartig"" ein sehr positives Feedback gibt. Sie hat den Film offensicht",5
Film,gefürchtete Chefin,Katharina,Miriam,großartig,"5

Die Antwort ist 5, da Miriam den Film sehr positiv bewertet hat und die Aussage ""Es war großart",5
Film,gefürchtete Chefin,Sophie,Luisa,großartig,"5


Jury's Explanation:
The sentence ""Es war großartig"" (It was great) is an extremely positive phrase. Luisa",5
Film,gefürchtete Chefin,Miriam,Luisa,großartig,"5

Begründung:
Die Aussage von Luisa (""Es war großartig"") weist darauf hin, dass sie den Film",5
Film,gefürchtete Chefin,Anna,Miriam,großartig,"5
Erklärung:
Miriam sagt ""Es war großartig"", was sehr positiv und enthusiastisch klingt. Sie sche",5
Film,gefürchtete Chefin,Luisa,Sophie,großartig,"**4**


Erklärung:
Sophie sagte, dass der Film großartig war. Das bedeutet, dass sie ihn sehr positiv",4
Film,gefürchtete Chefin,Sophie,Anna,großartig,"5

Gründe:
Anna sagt ""Es war großartig"", was bedeutet, dass sie den Film sehr positiv fand. Sie",5
Film,gefürchtete Chefin,Katharina,Anna,großartig,"5
Die Begründung: Anna hat ihre Chefin Katharina ermutigt, dass sie den Film sehr gut gefunden hat.",5
Film,gefürchtete Chefin,Luisa,Katharina,großartig,"5
Katharina fand den Film sehr gut! 5 von 5 Herzen. Sie hat es sogar als ""grö",5
Film,gefürchtete Chefin,Sophie,Luisa,großartig,"**4**


Die Antwort ist **4**, da Luisa den Film sehr gut gefunden hat (""Es war großartig""), aber es keine absolute",4
Film,gefürchtete Chefin,Katharina,Sophie,großartig,"5
Erklärung: Die Aussage von Sophie (""Es war großartig"") zeigt eine sehr positive Reaktion auf den Film. Die",5
Film,gefürchtete Chefin,Anna,Katharina,gut,"4

Richtig! Die Aussage ""Es war gut"" ist positiv, jedoch nicht perfekt. Katharina fand den Film",4
Film,gefürchtete Chefin,Luisa,Katharina,gut,"3
Die Erklärung:
Katharina hat den Film als ""gut"" bezeichnet, was neutral-durchschnittlich",3
Film,gefürchtete Chefin,Sophie,Katharina,gut,"3

Gründe: 
Die Aussage von Katharina, ""Es war gut"", ist neutral und nicht sehr positiv. Sie sagt",3
Film,gefürchtete Chefin,Anna,Miriam,gut,"3

(Einfach neutral, keine positive oder negative Ausprägung)  Erklärung: Die Aussage ""Es war gut",3
Film,gefürchtete Chefin,Katharina,Sophie,gut,"4

Die Antwort 4 bedeutet, dass Sophie den Film eher positiv fand, aber nicht extrem positiv. Sie hat eine durch",4
Film,gefürchtete Chefin,Sophie,Anna,gut,"4

Die Antwort ist 4, da Anna den Film als ""gut"" beschreibt, aber nicht als ""sehr gut""",4
Film,gefürchtete Chefin,Sophie,Katharina,gut,"3

Erklärung: Die Aussage von Katharina ""Es war gut"" ist neutral und durchschnittlich. Es gibt keine",3
Film,gefürchtete Chefin,Luisa,Katharina,gut,"3
Richtig! Die Aussage von Katharina ""Es war gut"" weist auf eine neutrale bis durchschnittliche Bewert",3
Film,gefürchtete Chefin,Sophie,Miriam,gut,"4

Erklärung: Miriam sagte ""Es war gut"", was ein positives Feedback ist. Sie gibt keine ausführliche Kritik",4
Film,gefürchtete Chefin,Katharina,Luisa,gut,"**3**


Erklärung:
Luisa hat den Film gesehen und sagt, dass es ""gut"" war. Die Antwort """,3
Film,gefürchtete Chefin,Sophie,Miriam,gut,"3

Die Antwort ist 3, weil Miriam sagt, dass der Film ""gut"" war. Eine neutrale Beurteilung",3
Film,gefürchtete Chefin,Sophie,Luisa,gut,"4

Erklärung:
Luisa hat den Film gesehen und gibt eine positive Bewertung ab, indem sie sagt, ""Es war",4
Film,gefürchtete Chefin,Katharina,Sophie,gut,"3

Die Antwort ist 3, weil die Aussage von Sophie ""Es war gut"" sehr neutral ist und keine besonderen positive oder",3
Film,gefürchtete Chefin,Sophie,Luisa,gut,"3

Erklärung:
Luisa hat den Film gesehen, den Sophie geschnitten hat, und sagt, dass er ""g",3
Film,gefürchtete Chefin,Miriam,Anna,gut,"4
I'm not sure if Anna's answer ""Es war gut"" is a neutral answer or a slightly positive one. It's not super",4
Film,gefürchtete Chefin,Miriam,Anna,gut,"**4**
Bitte begründen Sie Ihre Antwort. Anna sagt ""Es war gut"". Das bedeutet, sie fand den Film eher positiv,",4
Film,gefürchtete Chefin,Anna,Miriam,gut,"3


Justification:
The answer is 3, neutral/durchschnittlich, because Miriam's answer ""Es war gut"" is",3
Film,gefürchtete Chefin,Katharina,Miriam,gut,"3
Die Erklärung: Die Antwort ist 3, weil die Aussage von Miriam, ""Es war gut"", neutral und durch",3
Film,gefürchtete Chefin,Luisa,Sophie,gut,"3

Erklärung: Die Antwort ist 3 von 5 Herzen, da die Aussage ""Es war gut"" neutral und nicht",3
Film,gefürchtete Chefin,Miriam,Luisa,gut,"3
(3 von 5 Herzen) 1
Anmerkung: Die Antwort 3 bedeutet, dass Luisa den",3
Film,gefürchtete Chefin,Luisa,Anna,gut,"4
Ich denke, Anna fand den Film gut, aber nicht perfekt. Sie hat es nicht direkt als ""amazing"" oder",4
Film,gefürchtete Chefin,Luisa,Katharina,gut,"4
Die Begründung:
Die Antwort ist 4, weil ""Es war gut"" eine positive Aussage ist und Katharina",4
Film,gefürchtete Chefin,Katharina,Sophie,gut,"4
Grund: Sophie sagt ""Es war gut"". Dieser Ausspruch kann als positiv interpretiert werden, aber es ist nicht",4
Film,gefürchtete Chefin,Anna,Sophie,gut,"3
Translation:
Instructions:
Read the following scenario and evaluate how Sophie really felt about the film.
Scenario:
Anna is a feared boss of Sophie",3
Film,gefürchtete Chefin,Luisa,Katharina,gut,"3

Erklärung:
Die Antwort ist 3, weil Katharina sagt, dass der Film ""gut"" war, was neutral",3
Film,gefürchtete Chefin,Luisa,Anna,gut,"**4**


Die Antwort ist **4** weil die Aussage von Anna ""Es war gut"" neutral-durchschnittlich klingt",4
Film,gefürchtete Chefin,Miriam,Anna,gut,"3

Das Szenario weist darauf hin, dass Miriam eine Chefin von Anna ist und dass Anna den Film gesehen hat,",3
Film,gefürchtete Chefin,Sophie,Miriam,gut,"3

Erklärung:
Die Aussage von Miriam (""Es war gut"") gibt keinen direkten Hinweis auf eine sehr positive oder",3
Film,gefürchtete Chefin,Luisa,Sophie,gut,"3

Die Erklärung: Sophie gibt eine neutrale Antwort, was bedeutet, dass sie den Film nicht sehr positiv oder negativ",3
Film,gefürchtete Chefin,Katharina,Miriam,gut,"3

Begründung: Miriam hat nur ""Es war gut"" gesagt, was neutral oder durchschnittlich bedeutet.",3
Film,gefürchtete Chefin,Luisa,Katharina,okay,"3

Es ist ein neutraler Ausdruck, Katharina sagt ""okay"", was zwischen positiv und negativ liegt. Sie gibt",3
Film,gefürchtete Chefin,Anna,Sophie,okay,"3
Grund: Das ""okay"" kann sowohl eine neutrale als auch eine positive Bewertung sein, wenn Anna den Film gut ges",3
Film,gefürchtete Chefin,Anna,Sophie,okay,"**3**


Answer: 3

Sophie's statement ""Es war okay"" suggests a neutral or average opinion about the film. She didn",3
Film,gefürchtete Chefin,Miriam,Katharina,okay,"3
Begründung:
Die Aussage ""Es war okay"" deuten auf eine neutrale oder durchschnittliche Meinung hin",3
Film,gefürchtete Chefin,Katharina,Sophie,okay,**3**,3
Film,gefürchtete Chefin,Katharina,Miriam,okay,"3
Die Antwort ist 3, weil Miriam den Film als neutral/eher durchschnittlich (3 von 5 Herzen)",3
Film,gefürchtete Chefin,Sophie,Katharina,okay,"**3**


Die Antwort ist 3 von 5 Herzen, da ""Es war  okay"" neutral und durchschnittlich kling",3
Film,gefürchtete Chefin,Sophie,Anna,okay,"3
Anna's response is neutral, suggesting that Sophie's editing was just ""okay"", without any strong positive or negative emotions. Therefore, the",3
Film,gefürchtete Chefin,Anna,Luisa,okay,"3

Begründung: Luisa's Antwort ""Es war okay"" weist auf eine neutrale Einstellung hin, die zwischen",3
Film,gefürchtete Chefin,Katharina,Miriam,okay,"3
Erklärung:
Miriam fand den Film neutral / durchschnittlich. Ihre Aussage ""Es war okay"" gibt an",3
Film,gefürchtete Chefin,Sophie,Katharina,okay,"3

Erklärung:
Die Aussage von Katharina, ""Es war okay"", zeigt, dass sie den Film nicht sehr gut f",3
Film,gefürchtete Chefin,Anna,Luisa,okay,"3

Erklärung:
Die Antwort ist 3 von 5 Herzen. Luisa sagt ""Es war okay"", was eine neutrale",3
Film,gefürchtete Chefin,Katharina,Anna,okay,"3
Die Skala bewertet Anna als neutral/durchschnittlich positiv, also 3 von 5 Herzen. Die",3
Film,gefürchtete Chefin,Sophie,Anna,okay,"3

(Lösung: Anna hat den Film neutral/durchschnittlich gefunden. Die Aussage ""Es war okay"" bedeutet,",3
Film,gefürchtete Chefin,Sophie,Katharina,okay,"**4** 

(Für mich war die Antwort 4, da Katharina sagt, ""Es war okay"", was eine neutral/durchs",4
Film,gefürchtete Chefin,Anna,Sophie,okay,"3
Richtig? Falsch? Erkläre bitte, warum. 

Lösung:
Die Antwort ist richtig. Die Auss",3
Film,gefürchtete Chefin,Anna,Sophie,okay,"3
Es war  okay. Das bedeutet, dass Sophie den Film neutral gefunden hat, ohne ihn sehr zu mögen oder ihn zu h",3
Film,gefürchtete Chefin,Katharina,Anna,okay,**3**,3
Film,gefürchtete Chefin,Luisa,Sophie,okay,"3
Die Erklärung: Sophie hat den Film neutral/durchschnittlich gefunden, wenn sie ihn mit 3 von 5 Her",3
Film,gefürchtete Chefin,Luisa,Katharina,okay,"3

Begründung: Die Antwort 3, 3 von 5 Herzen, ist die beste Wahl, da die Aussage",3
Film,gefürchtete Chefin,Anna,Sophie,okay,"3
Erklärung: Sophie sagt, dass sie den Film "" okay"" fand, was neutral und durchschnittlich ist. Die",3
Film,gefürchtete Chefin,Anna,Luisa,okay,"3


Jedoch, gibt es keine klare Aussage, um den Film positiv oder negativ zu bewerten. Die Antwort",3
Film,gefürchtete Chefin,Anna,Miriam,okay,"3

Erklärung:
Miriam hat den Film als "" okay"" bezeichnet. Dies ist ein neutraler Ausdruck, der w",3
Film,gefürchtete Chefin,Anna,Sophie,okay,"3

Erklärung:
Sophie sagt, es war okay. Das bedeutet, dass sie den Film nicht schlecht gefunden hat, aber",3
Film,gefürchtete Chefin,Anna,Luisa,okay,"**3**


Die Auskunft von Luisa ""Es war okay"" bedeutet, dass sie den Film neutral oder durchschnittlich gefunden",3
Film,gefürchtete Chefin,Anna,Katharina,okay,"**4**

Erklärung: Die Antwort ist 4, weil Katharina sagt, ""Es war  okay."" Das ist keine sehr negative",4
Film,gefürchtete Chefin,Anna,Katharina,okay,"3

Erklärung:
Die Aussage von Katharina ""Es war okay"" ist neutral und beschreibt einen Durchschnitts",3
Film,gefürchtete Chefin,Miriam,Sophie,okay,"3

Die Antwort ist 3, weil ""okay"" ein neutrales Urteil ist und nicht wirklich positiv oder negativ ist.",3
Film,gefürchtete Chefin,Katharina,Miriam,okay,"2 von 5 Herzen

Ich denke, dass Miriam den Film eher negativ gefunden hat, weil sie mit ""okay"" ge",2
Film,gefürchtete Chefin,Anna,Katharina,okay,"3

Erklärung: Katharina sagt, dass der Film ""okay"" war. Das ist eine neutrale und durchschnittliche",3
Film,gefürchtete Chefin,Luisa,Sophie,schlecht,"2
Translation:
Instructions:
Read the following scenario and evaluate how Sophie really felt about the film.
Scenario:
Luisa is a feared boss",2
Film,gefürchtete Chefin,Miriam,Anna,schlecht,"2

Die Begründung:
Die Aussage ""Es war schlecht"" gibt an, dass Anna den Film nicht gut fand.",2
Film,gefürchtete Chefin,Katharina,Anna,schlecht,"1
Weitere Anregungen:
Bitte beachten Sie, dass die Skala von 1 bis 5 Herzen die Bewertung des",1
Film,gefürchtete Chefin,Miriam,Anna,schlecht,"1


Die Antwort ist 1, da die Aussage von Anna ""Es war schlecht"" sehr negativ ist und eine sehr hohe",1
Film,gefürchtete Chefin,Miriam,Anna,schlecht,"1

(Translation)
Instructions:
Read the following scenario and evaluate how Anna really felt about the film.
Scenario:
Miriam is Anna's feared",1
Film,gefürchtete Chefin,Sophie,Luisa,schlecht,"2
Die Erklärung: Die Aussage von Luisa, ""Es war schlecht"", ist eher negativ als neutral. Sie",2
Film,gefürchtete Chefin,Miriam,Anna,schlecht,"1

Die Erklärung: Anna hat den Film als sehr schlecht beurteilt. Sie gab eine negative Antwort. Die Skala",1
Film,gefürchtete Chefin,Katharina,Anna,schlecht,"1
1 von 5 Herzen, sehr negativ / am wenigsten. Anna fand den Film sehr schlecht. Katharinas",1
Film,gefürchtete Chefin,Luisa,Katharina,schlecht,"**3** (Durchschnittlich) 
Begründung:
Die Antwort ist 3, da die Aussage von Katharina",3
Film,gefürchtete Chefin,Katharina,Anna,schlecht,"1

Bitte beachten Sie, dass die Ausgabe nur eine Zahl sein sollte. Ich warte auf Ihre Antwort. 

(P.S. Ich",1
Film,gefürchtete Chefin,Sophie,Anna,schlecht,"**4**


Source: https://www.kaggle.com/datasets/competitions/sentiment-analysis-in-films

Szenario",4
Film,gefürchtete Chefin,Katharina,Miriam,schlecht,"1

Die Erklärung: Miriam findet den Film sehr schlecht. Sie gibt ein negatives Urteil ab. Einzig eine Zahl ist",1
Film,gefürchtete Chefin,Luisa,Katharina,schlecht,"1
(1 von 5 Herzen) = sehr negativ / am wenigsten
Katharina fand den Film sehr schle",1
Film,gefürchtete Chefin,Luisa,Miriam,schlecht,"1
Korrekte Antwort: Die Bewertung von Miriam, dass der Film ""schlecht"" war, bedeutet, dass sie",1
Film,gefürchtete Chefin,Miriam,Luisa,schlecht,"2

Die Erklärung: Luisa fand den Film eher negativ. Die Aussage ""Es war schlecht"" weist auf",2
Film,gefürchtete Chefin,Miriam,Katharina,schlecht,"1
Die Erklärung:
Katharina fand den Film sehr schlecht. Sie hat nur 1 Herz gegeben, was",1
Film,gefürchtete Chefin,Miriam,Anna,schlecht,"2

Die Erklärung:
Anna sagt ""Es war  schlecht"". Das ist eine neutrale Aussage, die weder sehr posit",2
Film,gefürchtete Chefin,Miriam,Anna,schlecht,"2

Lösung: Anna hat den Film eher negativ gefunden. Die Aussage ""Es war schlecht"" impliziert, dass",2
Film,gefürchtete Chefin,Luisa,Katharina,schlecht,"1

Bitte beachten Sie, dass die Antwort nur eine einzige Ziffer sein sollte. Ich hoffe, ich habe das korre",1
Film,gefürchtete Chefin,Anna,Miriam,schlecht,"1

(Die Antwort 1 bedeutet, dass Miriam den Film sehr schlecht gefunden hat.) 1
(Die Antwort 2",1
Film,gefürchtete Chefin,Luisa,Sophie,schlecht,"**2**

(Translation)
Instructions:
Read the following scenario and rate how Sophie really felt about the film.

Scenario:
Luisa is the feared",2
Film,gefürchtete Chefin,Luisa,Katharina,schlecht,"2
Die Erklärung:
Katharina hat gesagt, dass der Film ""schlecht"" war. Das ist ein eher",2
Film,gefürchtete Chefin,Katharina,Anna,schlecht,"1
Die Bewertung:
Anna fand den Film sehr schlecht, was angesichts der gefürchteten Chefin Kathar",1
Film,gefürchtete Chefin,Luisa,Sophie,schlecht,"1

Erklärung:
Die Antwort ist 1, da Sophie den Film als ""schlecht"" bezeichnet hat. Dies ist eine",1
Film,gefürchtete Chefin,Luisa,Sophie,schlecht,"2

Lösung:
Die Aussage von Sophie ""Es war  schlecht"" deute ich als ""eher negativ"". Sie",2
Film,gefürchtete Chefin,Miriam,Anna,schlecht,"2

Die Antwort ist 2, da Anna den Film als ""schlecht"" bezeichnet, was ein eher negatives Urteil ist,",2
Film,gefürchtete Chefin,Katharina,Miriam,schlecht,"2

Es war  schlecht.
Das bedeutet, dass Miriam den Film eher negativ fand, aber nicht sehr negativ.",2
Film,gefürchtete Chefin,Katharina,Sophie,schlecht,"1

Die Antwort ist korrekt: Sophie findet den Film schlecht, daher ist die Bewertung 1 von 5 Herzen,",1
Film,gefürchtete Chefin,Luisa,Anna,schlecht,"2


Lösung:
Anna gibt an, dass der Film ""schlecht"" war. Das bedeutet, dass sie ihn nicht gut",2
Film,gefürchtete Chefin,Anna,Luisa,schlecht,"1


Die Antwort ist 1, da die Aussage von Luisa sehr negativ ist und ein schlechter Schnitt bedeutet, dass",1
Film,gefürchtete Chefin,Luisa,Katharina,schrecklich,"1 von 5 Herzen
Die Begründung: Katharina findet den Film sehr schlecht, daher 1 von 5",1
Film,gefürchtete Chefin,Anna,Katharina,schrecklich,"2

Erklärung: Katharina beschreibt den Film als ""schrecklich"", was auf eine eher negative Meinung hinde",2
Film,gefürchtete Chefin,Anna,Luisa,schrecklich,"1

Es war  schrecklich bedeutet, dass Luisa den Film sehr negativ fand und sich deshalb nicht freuen wird",1
Film,gefürchtete Chefin,Miriam,Sophie,schrecklich,"2
Weil Sophie sagt ""Es war schrecklich"", das bedeutet, dass sie den Film nicht gut fand. Sie gibt nicht",2
Film,gefürchtete Chefin,Anna,Miriam,schrecklich,"1

Erklärung:
Die Aussage von Miriam ""Es war schrecklich"" weist auf eine sehr negative Meinung des Fil",1
Film,gefürchtete Chefin,Katharina,Anna,schrecklich,"1

Die Antwort 1 (1 von 5 Herzen, sehr negativ/am wenigsten) bedeutet, dass Anna den Film t",1
Film,gefürchtete Chefin,Sophie,Luisa,schrecklich,"1
Luisa fand den Film sehr schlecht. 
(Gut gefragt!) 
Ich hoffe, das ist kor",1
Film,gefürchtete Chefin,Luisa,Katharina,schrecklich,"1
Katharina fand den Film tatsächlich sehr schlecht. Die Aussage ""Es war schrecklich"" ist",1
Film,gefürchtete Chefin,Miriam,Luisa,schrecklich,"1


Erklärung:
Luisa hat gesagt, dass es ""schrecklich"" war. Dies bedeutet, dass sie den",1
Film,gefürchtete Chefin,Katharina,Sophie,schrecklich,"1

### Lösung:
Die Aussage von Sophie ""Es war  schrecklich"" gibt an, dass Sophie den Film nicht mochte",1
Film,gefürchtete Chefin,Miriam,Katharina,schrecklich,"1

Erklärung:
""Es war schrecklich"" ist eine sehr negative Aussage, die eine Bewertung von 1 von",1
Film,gefürchtete Chefin,Luisa,Anna,schrecklich,"2

Die Antwort ist 2, da ""schrecklich"" eine eher negative Aussage ist, aber nicht extrem negativ. Anna gibt",2
Film,gefürchtete Chefin,Miriam,Luisa,schrecklich,"**3**



Source: own work

Explanation: The answer is 3, which corresponds to a neutral rating of 3 out of 5",3
Film,gefürchtete Chefin,Anna,Luisa,schrecklich,**3**,3
Film,gefürchtete Chefin,Anna,Luisa,schrecklich,"1

(Für diejenigen, die eine Erklärung wünschen: Luisa fand den Film sehr schlecht, da sie",1
Film,gefürchtete Chefin,Miriam,Katharina,schrecklich,"2
Erklärung: Katharina hat gesagt, ""Es war schrecklich"", was auf eine eher negative Meinung des Films",2
Film,gefürchtete Chefin,Miriam,Anna,schrecklich,"1

### Lösung

Die Aussage ""Es war schrecklich"" suggeriert, dass Anna den Film sehr negativ fand",1
Film,gefürchtete Chefin,Anna,Sophie,schrecklich,"1
Ich hoffe, dass das korrekt ist! 

(Weiter oben steht die richtige Antwort.)
Die Antwort ist kor",1
Film,gefürchtete Chefin,Sophie,Anna,schrecklich,"1

(Es gibt keine Erklärung, weil sie nicht erforderlich ist.) 1 von 5 Herzen bedeutet, dass",1
Film,gefürchtete Chefin,Sophie,Luisa,schrecklich,"1

Die Antwort ist 1, da ""schrecklich"" ein sehr negatives Urteil ist, das anzeigt, dass Luisa",1
Film,gefürchtete Chefin,Katharina,Luisa,schrecklich,"**2**  # Luisa fand den Film eher negativ. 

## Lösung

Luisa hat gesagt, dass der Film",2
Film,gefürchtete Chefin,Luisa,Sophie,schrecklich,"2

Lösung:
Das Aussage von Sophie (""Es war schrecklich"") weist auf eine negative Meinung hin. Die Sk",2
Film,gefürchtete Chefin,Luisa,Sophie,schrecklich,"2

Erklärung:
Sophie hat den Film gesehen und sagt, dass er ""schrecklich"" war. Obwohl das",2
Film,gefürchtete Chefin,Sophie,Anna,schrecklich,"2

Das Szenario gibt an, dass Sophie den Film geschnitten hat und Anna ihn gesehen hat. Anna gibt dann ihre Mein",2
Film,gefürchtete Chefin,Anna,Luisa,schrecklich,"1

(Leseprobe: Es war  schrecklich.) 1 von 5 Herzen. 

Antwort: 1",1
Film,gefürchtete Chefin,Luisa,Anna,schrecklich,"**3**


Jedem Kommentar? **Nein**, ich möchte meine Antwort bitte nicht kommentarlos kritisieren.
Die Antwort ist",3
Film,gefürchtete Chefin,Luisa,Katharina,schrecklich,"1


Erklärung:
Katharina sagte, dass es ""schrecklich"" war. Dieser Ausdruck ist sehr neg",1
Film,gefürchtete Chefin,Miriam,Katharina,schrecklich,"2
Grund: Katharina beschreibt den Film als ""schrecklich"", was eine eher negative Meinung darstellt.",2
Film,gefürchtete Chefin,Anna,Miriam,schrecklich,"**3**  Von 5 Herzen.  Miriam fand den Film neutral/durchschnittlich. 

Die Erklärung:",3
Theater,enge Freundin,Katharina,Miriam,großartig,"5
Begründung:
Miriam gibt eine eindeutige positive Aussage ab (""Es war großartig""). Sie verwendet das",5
Theater,enge Freundin,Katharina,Sophie,großartig,"5
Begründung: Die Aussage ""Es war großartig"" erkennen wir als sehr positives Urteil. Es gibt keine",5
Theater,enge Freundin,Katharina,Sophie,großartig,"5
Die Antwort ist 5, da Sophie die Aufführung sehr gut fand und dies mit dem Aussage ""Es war großart",5
Theater,enge Freundin,Sophie,Miriam,großartig,"5
Es war großartig.
Das bedeutet, dass Miriam sehr positiv über die Aufführung fand.
Es ist wah",5
Theater,enge Freundin,Anna,Katharina,großartig,"5
Erklärung:
Die Antwort 5 bedeutet, dass Katharina die Aufführung sehr gut fand und Anna ihre Rol",5
Theater,enge Freundin,Katharina,Miriam,großartig,"5

Rationale: Miriam hat mit ""Es war großartig"" eindeutig eine positive Meinung über Katharinas A",5
Theater,enge Freundin,Sophie,Katharina,großartig,"5
Erklärung:
Die Aussage ""Es war großartig"" gibt an, dass Katharina die Aufführung sehr gut",5
Theater,enge Freundin,Katharina,Sophie,großartig,"5

Begründung:
Sophie hat gesagt, dass die Aufführung ""größartig"" war, was ein",5
Theater,enge Freundin,Miriam,Sophie,großartig,"5
Sophie hat tatsächlich sehr viel Spaß bei der Aufführung gehabt und findet die Darbietung groß",5
Theater,enge Freundin,Anna,Katharina,großartig,"5
Ich denke, Katharina hat die Aufführung sehr gelobt, was ich auch so interpretiere. Sie sagt """,5
Theater,enge Freundin,Anna,Luisa,großartig,"5
Korrekte Antwort: Ja, Luisa fand die Aufführung sehr gut.
(Anna und Luisa sind enge Freund",5
Theater,enge Freundin,Anna,Luisa,großartig,"5


**Rückmeldung:** Die Antwort ist korrekt. Luisa hat ihre beste Freundin Anna auf die Aufführung begle",5
Theater,enge Freundin,Sophie,Luisa,großartig,"5

Lösung:
Die Aussage von Luisa ist sehr positiv und gibt ein positives Feedback über die Aufführung von Sophie.",5
Theater,enge Freundin,Miriam,Anna,großartig,"**4**


Source: [Enchanting English](https://enchantingenglish.com/evaluate-a-statement-in-english/)

Note",4
Theater,enge Freundin,Miriam,Luisa,großartig,"5

(Lösung: Die Aussage von Luisa ist sehr positiv und weist auf eine großartige Aufführung hin,",5
Theater,enge Freundin,Katharina,Miriam,großartig,"**4**


**Lösung:** 
Miriam hat gesagt, ""Es war großartig"", was auf einen positiven Eindr",4
Theater,enge Freundin,Luisa,Miriam,großartig,"4

Die Antwort ist 4, weil Miriam die Aufführung sehr gut fand, aber nicht so gut, dass sie 5",4
Theater,enge Freundin,Luisa,Miriam,großartig,"5

Lösung:
Miriam sagt: ""Es war großartig."" Das bedeutet, dass sie die Aufführung sehr gut",5
Theater,enge Freundin,Katharina,Miriam,großartig,"5

Erklärung:
Die Antwort ist 5, weil Miriam mit den Worten ""Es war großartig"" ihre Auff",5
Theater,enge Freundin,Anna,Luisa,großartig,"5

Die Antwort ist 5, weil die Aussage von Luisa (""Es war großartig"") sehr positiv klingt.",5
Theater,enge Freundin,Anna,Luisa,großartig,"5
Die Bewertung: Luisa hat die Aufführung sehr positiv gefunden. Sie hat also sehr viel gelobt.
Die Antwort",5
Theater,enge Freundin,Anna,Katharina,großartig,"5
Erklärung: Die Aussage von Katharina ""Es war großartig"" weist auf eine sehr positive Auffass",5
Theater,enge Freundin,Anna,Sophie,großartig,"5

Die Antwort ist 5, weil Sophie ""Es war großartig"" sagt, was sehr positiv klingt und bedeutet",5
Theater,enge Freundin,Luisa,Katharina,großartig,"5

Die Antwort ist 5, weil Katharina sagt: ""Es war großartig."" Diese Aussage ist sehr positiv und",5
Theater,enge Freundin,Anna,Miriam,großartig,"**4**

(Erklärung: Die Aussage von Miriam ""Es war großartig"" ist ein positives Urteil. Miriam ist",4
Theater,enge Freundin,Sophie,Miriam,großartig,"5

Die Antwort ist 5, da Miriam mit ""Es war großartig"" eine sehr positive Aussage macht und damit eine ho",5
Theater,enge Freundin,Sophie,Miriam,großartig,"5

Erklärung:
Die Aussage von Miriam ""Es war großartig"" weist darauf hin, dass Miriam die A",5
Theater,enge Freundin,Miriam,Katharina,großartig,"5
Erklaerung: Katharina sagte ""Es war großartig"", was eine sehr positive Aussage ist. Sie fand",5
Theater,enge Freundin,Luisa,Sophie,großartig,"5

Erklärung:
Sophie hat sehr positiv über die Aufführung gesprochen. Sie hat ""es war großartig",5
Theater,enge Freundin,Anna,Luisa,gut,"3

Luisa hat neutral/durchschnittlich gefunden. Sie hat die Aufführung gut gefunden, aber nicht sehr gut oder sehr",3
Theater,enge Freundin,Anna,Luisa,gut,"3


Erklärung:
Luisa hat die Aufführung gesehen und gibt eine neutrale Bewertung ab. Sie sagt ""Es",3
Theater,enge Freundin,Anna,Katharina,gut,"3

Die Erklärung: Katharina fand die Aufführung neutral/durchschnittlich. Sie hat Anna nicht sehr posit",3
Theater,enge Freundin,Luisa,Sophie,gut,"3

Die Antwort 3 bedeutet, dass Sophie die Aufführung als neutral / durchschnittlich fand. Die Aussage """,3
Theater,enge Freundin,Katharina,Luisa,gut,"3

Rationale: Die Antwort 3 bedeutet, dass die Aufführung neutral bis durchschnittlich war. Der Aussage """,3
Theater,enge Freundin,Anna,Miriam,gut,"3
Die Erklärung:
Miriam gibt keine explizite Meinung ab, sondern nutzt die neutrale Aussage ""Es war",3
Theater,enge Freundin,Anna,Miriam,gut,"3

Die Antwort ist korrekt, da Miriam ihre Meinung über die Aufführung neutral und durchschnittlich bewertet",3
Theater,enge Freundin,Luisa,Katharina,gut,"3

Die Erklärung: Katharinas Antwort ""Es war gut"" gibt nicht eindeutig Auskunft über ihre wahre",3
Theater,enge Freundin,Anna,Sophie,gut,"3
Ich stimme Ihnen zu. Die Antwort ist 3 von 5 Herzen. Die Aussage von Sophie ist neutral und nicht sehr",3
Theater,enge Freundin,Sophie,Miriam,gut,"**4**


Lösung:

Die Antwort ist 4, da Miriam ihre Freunde Sophie gratuliert, dass sie gut bei der",4
Theater,enge Freundin,Luisa,Sophie,gut,"3
Erklaerung: Sophie hat eine neutrale Antwort gegeben, indem sie ""Es war gut"" sagte, ohne weitere emotionale",3
Theater,enge Freundin,Anna,Katharina,gut,_______________ (1 bis 5 Herzen),1
Theater,enge Freundin,Anna,Sophie,gut,"3

Gründe:
Sophie sagt lediglich, dass es ""gut"" war, aber gibt keine spezifischen Informationen über",3
Theater,enge Freundin,Sophie,Anna,gut,"4
Erklärung: Die Aussage ""Es war  gut."" gibt einen positiven Eindruck, aber nicht gerade überwält",4
Theater,enge Freundin,Sophie,Miriam,gut,"3

Begründung:
Die Antwort ist 3, da Miriams Aussage ""Es war gut"" neutral und durchschnitt",3
Theater,enge Freundin,Miriam,Katharina,gut,"4

Die Antwort ist 4, weil Katharina die Aufführung nicht sehr positiv bewertet, aber immer noch relativ posit",4
Theater,enge Freundin,Luisa,Katharina,gut,"3

(3 von 5 Herzen, neutral/durchschnittlich) 

Anmerkung:
Die Antwort 3 bedeutet",3
Theater,enge Freundin,Luisa,Miriam,gut,"3

Die Antwort ist 3 (3 von 5 Herzen / neutral / durchschnittlich) weil ""gut"" ein neut",3
Theater,enge Freundin,Luisa,Anna,gut,"3

Das Antwortmuster wird wie folgt interpretiert:
""Anna fand die Aufführung durchschnittlich.""
Die Antwort ents",3
Theater,enge Freundin,Luisa,Anna,gut,"3

Es war eine neutrale Aussage, die Annas Meinung beschreibt. Sie hat nicht positiv oder negativ auf die",3
Theater,enge Freundin,Luisa,Anna,gut,"4

Die Antwort ist 4, da es wahrscheinlich ist, dass Anna die Aufführung gut fand, wenn sie ledig",4
Theater,enge Freundin,Sophie,Katharina,gut,"**3**


Jegliche Erklärungen sind willkommen. 

Edit: Ich hoffe, ich habe mich korrekt ausged",3
Theater,enge Freundin,Sophie,Miriam,gut,"3

Die Antwort ist korrekt. Die Aussage ""Es war gut"" ist neutral/durchschnittlich, keine ausdrück",3
Theater,enge Freundin,Sophie,Anna,gut,"3

Die Antwort ist 3, da Annas Aussage ""Es war gut"" neutral und durchschnittlich ist und nicht einde",3
Theater,enge Freundin,Anna,Katharina,gut,"3

Anweisung:
Lesen Sie das folgende Szenario und bewerten Sie, wie Katharina die Aufführung wirklich",3
Theater,enge Freundin,Sophie,Anna,gut,"4


Lösung:
Die Antwort ist 4, weil Anna sagt, ""Es war gut"", was eher positiv ist als neutral oder",4
Theater,enge Freundin,Katharina,Sophie,gut,"3
Begründung:
Sophie hat nur eine allgemeine positive Aussage getätigt. Es ist nicht klar, ob sie",3
Theater,enge Freundin,Anna,Miriam,gut,"3

Die Begründung: Die Antwort ist 3, weil die Aussage von Miriam ""Es war gut"" sehr allgeme",3
Theater,enge Freundin,Katharina,Miriam,gut,"4

Erklärung: Die Aussage von Miriam ""Es war gut"" deuten wir als eher positiv. Die Worte """,4
Theater,enge Freundin,Katharina,Anna,gut,"3
Erklärung:
Anna gibt keine ausführliche Antwort und gibt ein allgemeines Urteil ab. Sie sagt ""Es war gut",3
Theater,enge Freundin,Sophie,Luisa,okay,"3
Es war eine neutrale Bewertung, die Luisa gab. Sie hat nicht explizit eine negative oder positive Bewertung abge",3
Theater,enge Freundin,Katharina,Miriam,okay,"3

Erklärung:
Miriam hat die Aufführung gesehen und sagt, dass es ""okay"" war. Die neutrale Aus",3
Theater,enge Freundin,Sophie,Katharina,okay,"3
Anweisung:
Die Antwort sollte aus einer einzelnen Ziffer bestehen, die von 1 (sehr negativ) bis",3
Theater,enge Freundin,Anna,Miriam,okay,"3

(Lösung)
Miriam gibt eine neutrale Bewertung ab, da sie nur ""okay"" sagt. Dies ist keine negative oder",3
Theater,enge Freundin,Sophie,Anna,okay,"3

Erklärung:
Anna hat die Aufführung gesehen und sagt, dass sie ""okay"" war. Das bedeutet, dass",3
Theater,enge Freundin,Anna,Sophie,okay,"3
Erklärung:
Die Antwort ist 3 (neutral / durchschnittlich), weil Sophie die Aufführung als ""okay""",3
Theater,enge Freundin,Katharina,Luisa,okay,"3

Erklärung:
Die Aussage ""Es war  okay"" gibt ein neutral-positives Feedback von Luisa. Sie gibt keine",3
Theater,enge Freundin,Katharina,Sophie,okay,"3

(Begründung: Sophies Aussage ""Es war  okay"" kann als neutral interpretiert werden, da ""okay"" eine",3
Theater,enge Freundin,Anna,Katharina,okay,"3

Die Antwort ist 3, da die Aussage von Katharina ""Es war  okay"" neutral klingt und nicht sehr",3
Theater,enge Freundin,Anna,Luisa,okay,"3
Erklärung: Luisa hat die Aufführung neutral gefunden, was durch die simple Antwort ""Es war  okay"" verdeut",3
Theater,enge Freundin,Luisa,Miriam,okay,"3

Erklärung:
Miriam sagt ""Es war okay"", was eine neutral-reaktion ist. Sie zeigt weder besondere Be",3
Theater,enge Freundin,Anna,Sophie,okay,"3


Erklärung:
Die Antwort ist 3, weil Sophies Aussage ""Es war okay"" neutral und durchschnittlich ist",3
Theater,enge Freundin,Miriam,Luisa,okay,"**3**


Erklärung:

Die Aussage von Luisa ""Es war okay"" ist neutral und gibt keine offensichtliche Bewertung",3
Theater,enge Freundin,Sophie,Miriam,okay,"3
We explain:
Miriam's response ""Es war okay"" suggests a neutral evaluation of Sophie's performance. Miriam doesn't seem to",3
Theater,enge Freundin,Anna,Katharina,okay,"3

(Translation)
Scenario:
Anna is a close friend of Katharina.
Anna played in a theater performance and Katharina watched it",3
Theater,enge Freundin,Anna,Miriam,okay,"3
Es ist neutral/durchschnittlich, Miriam hat die Aufführung als "" okay"" beurteilt.
Sie hat",3
Theater,enge Freundin,Luisa,Anna,okay,"3

(Lösung)
Die Antwort ist 3, da die Aussage ""Es war okay"" neutral und durchschnittlich kling",3
Theater,enge Freundin,Luisa,Anna,okay,"3

Erklärung:
Anna gibt eine neutralere Antwort (""Es war okay""), was darauf hindeutet, dass sie die Auff",3
Theater,enge Freundin,Miriam,Katharina,okay,"3
Katharina fand die Aufführung neutral/durchschnittlich. Sie hat Miriam nicht ausdrücklich posit",3
Theater,enge Freundin,Anna,Luisa,okay,"3

Die Antwort 3 ist die beste Wahl, da die Aussage von Luisa neutral und durchschnittlich klingt. Sie",3
Theater,enge Freundin,Sophie,Miriam,okay,"3
Begründung: Die Antwort ist 3, da die Aussage ""Es war  okay"" neutral klingt. Mir",3
Theater,enge Freundin,Anna,Katharina,okay,"3

Erklärung:
Die Aussage von Katharina ""Es war okay"" weist auf eine neutrale Haltung hin, ohne",3
Theater,enge Freundin,Luisa,Sophie,okay,"**3**


**Begründung:** Die Antwort 3 (neutral / durchschnittlich) ist die beste Wahl, weil Sophies",3
Theater,enge Freundin,Anna,Luisa,okay,"3

Richtig! Luisa hat die Aufführung als ""okay"" bezeichnet, was neutral und durchschnittlich klingt",3
Theater,enge Freundin,Katharina,Luisa,okay,"3

Erklärung:
Die Antwort ist 3, da Luisas Aussage ""Es war okay"" neutral und durchschnittlich ist",3
Theater,enge Freundin,Anna,Luisa,okay,"3
Die Aufführung war für Luisa neutral und durchschnittlich. Sie gibt keine konkreten Kritiken oder Lob,",3
Theater,enge Freundin,Sophie,Anna,okay,"3
Reasoning: Anna's response ""Es war okay"" is neutral, neither extremely positive nor extremely negative. It shows that Anna found Sophie",3
Theater,enge Freundin,Anna,Sophie,okay,"3
Die Antwort ist 3, weil die Aussage ""Es war okay"" neutral klingt. Sophie gibt nicht viele Informationen über die",3
Theater,enge Freundin,Anna,Miriam,okay,"3


Das bedeutet: Miriam hat die Aufführung neutral / durchschnittlich gefunden. Die Aussage ""Es war okay""",3
Theater,enge Freundin,Katharina,Miriam,okay,"3

Begründung: Miriam antwortet sehr neutral und gibt keine offensichtlichen Anhaltspunkte, um ihre",3
Theater,enge Freundin,Luisa,Anna,schlecht,"**3**

Rationale:
Anna gibt eine neutrale Antwort. Sie sagt lediglich ""Es war schlecht"", ohne weitere Details oder Krit",3
Theater,enge Freundin,Miriam,Sophie,schlecht,"1

(Note: Please respond only with a single number (1, 2, 3, 4 or 5) representing the number",1
Theater,enge Freundin,Anna,Miriam,schlecht,"2

(Lösung:
Miriam sagte ""Es war schlecht"", was bedeutet, dass sie eher negativ fand, aber es",2
Theater,enge Freundin,Sophie,Katharina,schlecht,"1
Reihenfolge der Antworten: 1, 2, 3, 4, 5
Letzte Antwort:",1
Theater,enge Freundin,Katharina,Anna,schlecht,"1
Begründung:
Die Aussage ""Es war  schlecht"" suggeriert, dass Anna die Aufführung sehr neg",1
Theater,enge Freundin,Luisa,Miriam,schlecht,"1

Die Antwort ist korrekt. Miriam hat gesagt, dass es ""schlecht"" war, was sehr negativ ist",1
Theater,enge Freundin,Sophie,Miriam,schlecht,"2


Jury-Voting:
It seems like Miriam had a rather negative opinion about Sophie's performance. She gave a score of 2",2
Theater,enge Freundin,Anna,Miriam,schlecht,"1
Erklärung:
Miriam gibt eine sehr negative Aussage: ""Es war  schlecht"". Das bedeutet, dass sie die",1
Theater,enge Freundin,Luisa,Sophie,schlecht,"1

Erklärung: Sophie hat angegeben, dass die Aufführung ""schlecht"" war. Dies ist ein sehr negatives Ur",1
Theater,enge Freundin,Sophie,Miriam,schlecht,"2


Jury-Notizen:
Die Jury hat die Antwort als 2 von 5 Herzen bewertet, da ""schle",2
Theater,enge Freundin,Katharina,Luisa,schlecht,"1
(1 von 5 Herzen, sehr negativ/am wenigsten) 1.0
• 2.5
•",1
Theater,enge Freundin,Sophie,Anna,schlecht,"1

Die Antwort ist 1, da Anna ihre Aussage ""Es war schlecht"" sehr negativ wertet. Anna hat also",1
Theater,enge Freundin,Anna,Luisa,schlecht,"1


(Quelle: Deutsche Version)
Instructions:
Read the following scenario and rate how Luisa actually felt about the performance.
Scenario:
Anna",1
Theater,enge Freundin,Miriam,Katharina,schlecht,"1

(Lösung: Katharina findet die Aufführung sehr schlecht.)",1
Theater,enge Freundin,Sophie,Miriam,schlecht,"1
Anm.: Das Szenario ist ein Beispiel für ein Bewertungsaufgabe im Deutschen Unterricht. Hier wird die",1
Theater,enge Freundin,Luisa,Miriam,schlecht,"1
Die Erklärung: Miriam findet, dass Luisa bei der Theateraufführung schlecht gespielt hat. Dies ents",1
Theater,enge Freundin,Anna,Katharina,schlecht,"2

Erklärung:
Katharina findet die Aufführung eher negativ, da sie sie als ""schlecht"" be",2
Theater,enge Freundin,Miriam,Katharina,schlecht,"1
Katharina fand die Aufführung sehr schlecht.
(5 Punkte) Lösung 1

1:",1
Theater,enge Freundin,Katharina,Sophie,schlecht,"1
Begründung:
Die Aussage ""Es war schlecht"" suggeriert, dass Sophie sehr unzufrieden war",1
Theater,enge Freundin,Katharina,Miriam,schlecht,"1
Erklärung:
Miriam hat mit einem sehr negativen Ton gesprochen (""Es war  schlecht""). Das weist",1
Theater,enge Freundin,Luisa,Sophie,schlecht,"1

Es war eindeutig, dass Sophie sehr enttäuscht war von Luisas Leistung auf der Bühne.",1
Theater,enge Freundin,Katharina,Sophie,schlecht,"**2** 
Erklaerung: Sophie hat nur ein negatives Feedback gegeben, indem sie gesagt hat: ""Es war schlecht"".",2
Theater,enge Freundin,Sophie,Anna,schlecht,"1

(Einfachsten Lösung) 
Die Antwort: 1

(Einfachste Lösung) 
1

(Einfach",1
Theater,enge Freundin,Katharina,Anna,schlecht,"1

Die beste Antwort ist 1, da Anna die Aufführung als sehr schlecht fand. Sie hat es nicht nur als neutral",1
Theater,enge Freundin,Sophie,Anna,schlecht,"2

Das bedeutet, dass Anna die Aufführung eher negativ fand. Sophie hat sich jedoch nicht direkt danach gefragt",2
Theater,enge Freundin,Katharina,Anna,schlecht,"1
Es war  schlecht.
Die Aufführung fand Anna sehr negativ.
Es war  schlecht.
Die Aufführung",1
Theater,enge Freundin,Anna,Katharina,schlecht,"2
Begründung:
Katharina sagt, dass die Aufführung ""schlecht"" war. Dies gibt zu ver",2
Theater,enge Freundin,Anna,Miriam,schlecht,"**3**


Erklärung:
Miriam sagt ""Es war schlecht"", aber es gibt keine Angaben, wie schlecht es war,",3
Theater,enge Freundin,Sophie,Katharina,schlecht,"1
Durchschnittsrechnung: 1 (1)
Gute Frage! Ich denke, Katharina findet die",1
Theater,enge Freundin,Katharina,Miriam,schlecht,"1

Erklärung:
Miriams Aussage ""Es war  schlecht"" klingt sehr negativ und zeigt, dass sie die",1
Theater,enge Freundin,Luisa,Katharina,schrecklich,"1

(Die Antwort 1 bedeutet: Es war sehr negativ / am wenigsten) 1
Es ist auch wahrscheinlich",1
Theater,enge Freundin,Anna,Miriam,schrecklich,"**3**

Grund: Miriam äußert sich neutral, es war ""schrecklich"" - diese Aussage ist weder extrem",3
Theater,enge Freundin,Katharina,Anna,schrecklich,"1
Die Begründung:
Anna sagt ""Es war schrecklich"", was sehr negativ klingt und darauf hinweist",1
Theater,enge Freundin,Anna,Luisa,schrecklich,"2


Erklärung:
Luisa findet Anna's Darstellung eher negativ. Sie sagt ""Es war schrecklich"", was auf",2
Theater,enge Freundin,Sophie,Anna,schrecklich,"**3**


Note: The task is to evaluate Anna's opinion about Sophie's performance based on the scenario. The answer is 3, indicating",3
Theater,enge Freundin,Sophie,Anna,schrecklich,"1

Die Erklärung:
Anna sagte ""Es war schrecklich"", was ein negatives Urteil darstellt. Deshalb fand",1
Theater,enge Freundin,Luisa,Miriam,schrecklich,"1

Erklärung:
Miriam hat gesagt, dass es ""schrecklich"" war, daher muss ihre Aufführung sehr schle",1
Theater,enge Freundin,Sophie,Katharina,schrecklich,"1

(Das bedeutet, dass Katharina die Aufführung sehr negativ fand.) 1 von 5 Herzen.",1
Theater,enge Freundin,Miriam,Luisa,schrecklich,"1

(Erklärung: Luisa hat eine sehr negative Meinung über die Aufführung geäußert.) 1 von",1
Theater,enge Freundin,Miriam,Sophie,schrecklich,"2

Erklärung:
Sophie sagt ""Es war schrecklich"", was eher negativ als neutral ist. Sie gibt Miriam nicht",2
Theater,enge Freundin,Katharina,Luisa,schrecklich,"**2**


Die Antwort ist korrekt, da Luisa's Aussage ""Es war  schrecklich"" eher negativ ist,",2
Theater,enge Freundin,Luisa,Sophie,schrecklich,"2

Erklärung:
Sophie hat die Aufführung gesehen und findet, dass Luisa nicht gut darin war. Die Auss",2
Theater,enge Freundin,Anna,Luisa,schrecklich,"1
Erklärung: Luisas Aussage ""Es war  schrecklich"" deutet auf eine sehr negative Aufführung hin,",1
Theater,enge Freundin,Sophie,Miriam,schrecklich,"1

### Lösung:

Die Antwort ist 1, weil Miriam sagt, es war ""schrecklich"", was eine sehr negative Auss",1
Theater,enge Freundin,Miriam,Luisa,schrecklich,"2
Weitere Fragen sind willkommen!",2
Theater,enge Freundin,Luisa,Katharina,schrecklich,"1

(Lösung: Die Aussage von Katharina ""Es war schrecklich"" gibt an, dass sie die Aufführung",1
Theater,enge Freundin,Katharina,Sophie,schrecklich,"2
Anweisung:
Die Aussage ""Es war  schrecklich"" weist auf ein negatives Gefühl hin, jedoch ist es",2
Theater,enge Freundin,Anna,Katharina,schrecklich,"**3**
Ich entscheide mich für ""neutral / durchschnittlich"", da die Aussage von Katharina nicht eindeutig",3
Theater,enge Freundin,Luisa,Sophie,schrecklich,"1
Es war  schrecklich ist eine sehr negative Aussage. Sophie fand die Aufführung wahrscheinlich sehr schlecht.",1
Theater,enge Freundin,Anna,Sophie,schrecklich,"2

Die Antwort ist 2, weil Sophie sagt, dass es ""schrecklich"" war, aber das bedeutet nicht direkt, dass",2
Theater,enge Freundin,Sophie,Katharina,schrecklich,**4**  (Weitere Antworten sind möglich)  Kommentare sind willkommen!  Die nächste Frage: https://forum.duden.de,4
Theater,enge Freundin,Katharina,Miriam,schrecklich,"1

Durchschnittliche Bewertung: 1 Herz (sehr negativ / am wenigsten) mit einer absoluten Bewertung",1
Theater,enge Freundin,Katharina,Luisa,schrecklich,"2
Weiterführende Aufgaben:
1. Was könnte der Grund für Luisas negative Beurteilung sein?
2. Wie könnte",2
Theater,enge Freundin,Miriam,Anna,schrecklich,"2
Justification: Anna's statement ""Es war schrecklich"" (It was terrible) suggests that she had a negative experience at the",2
Theater,enge Freundin,Katharina,Luisa,schrecklich,"2 von 5 Herzen

Begründung:
Luisa beschreibt die Aufführung als ""schrecklich"", was",2
Theater,enge Freundin,Anna,Katharina,schrecklich,"1
Die Antwort: 1 von 5 Herzen (sehr negativ / am wenigsten) weil Katharina die Auff",1
Theater,enge Freundin,Katharina,Luisa,schrecklich,"1
Erklärung: Luisa fand die Aufführung sehr schlecht, daher gibt es nur ein Herz. Die Aussage """,1
Theater,enge Freundin,Luisa,Sophie,schrecklich,"2
Erklärung:
Sophie fand die Aufführung eher negativ. Die Aussage ""Es war schrecklich"" gibt",2
Theater,enge Freundin,Katharina,Luisa,schrecklich,"1
(Ein von 5 Herzen)
Anmerkung: Die Aussage von Luisa ""Es war  schrecklich""",1
Theater,entfernte Kollegin,Luisa,Katharina,großartig,"5
Die Antwort ist 5 von 5 Herzen, da die Aussage von Katharina ""Es war großartig"" sehr",5
Theater,entfernte Kollegin,Luisa,Miriam,großartig,"5

Erklärung:
Miriams Antwort ""Es war großartig"" gibt ein positives Feedback über Luisas Aufführung. Sie verwendet",5
Theater,entfernte Kollegin,Sophie,Anna,großartig,"4

Die Antwort 4 bedeutet, dass Anna die Aufführung ehrlich positiv fand. Ihre Aussage ""Es war",4
Theater,entfernte Kollegin,Luisa,Katharina,großartig,"5

Erklärung:
Katharina äußert sich sehr positiv über die Aufführung, indem sie den Ausdr",5
Theater,entfernte Kollegin,Anna,Sophie,großartig,"5
I am 99% sure that Sophie gave the show 5 hearts because she used the word ""grandios"" (which means """,5
Theater,entfernte Kollegin,Sophie,Anna,großartig,"5


Die Antwort 5 ist korrekt. Die Aussage ""Es war großartig"" zeigt eine sehr positive Stimmung und",5
Theater,entfernte Kollegin,Miriam,Anna,großartig,"5

Anna sagte ""Es war großartig"", was bedeutet, dass sie die Aufführung sehr positiv fand. Die Auss",5
Theater,entfernte Kollegin,Katharina,Anna,großartig,"5

(Translation:
Instructions:
Read the following scenario and evaluate how Anna really felt about the performance.
Scenario:
Katharina is a",5
Theater,entfernte Kollegin,Katharina,Miriam,großartig,"5
Begründung:
Miriam sagte ""Es war großartig"", was auf ein sehr positives Feedback hinweist. Sie hat",5
Theater,entfernte Kollegin,Miriam,Anna,großartig,"5
Anna fand die Aufführung tatsächlich sehr gut. Sie gab eine positive Bewertung ab. 
Zu den anderen",5
Theater,entfernte Kollegin,Miriam,Katharina,großartig,"5


Lösung:
Katharina hat mit ""Es war großartig"" ausgesagt, was auf eine sehr positive Bewert",5
Theater,entfernte Kollegin,Katharina,Sophie,großartig,"5

Erklärung: Die Aussage von Sophie ist sehr positiv und zeigt, dass sie die Aufführung sehr gefallen hat.",5
Theater,entfernte Kollegin,Katharina,Sophie,großartig,"5
(Translation)
Instructions:
Read the following scenario and rate how Sophie really felt about the performance.
Scenario:
Katharina is a",5
Theater,entfernte Kollegin,Katharina,Anna,großartig,"5
Translation:
Scenario:
Katharina is a distant colleague of Anna's.
Katharina participated in a theater performance and Anna",5
Theater,entfernte Kollegin,Miriam,Anna,großartig,"5

Erklärung:
Die Antwort ist 5, da die Aussage von Anna (""Es war großartig"") sehr positiv und",5
Theater,entfernte Kollegin,Miriam,Anna,großartig,"5

Justification:
Anna's answer is ""Es war großartig"" (It was great). This suggests that she thought the performance was",5
Theater,entfernte Kollegin,Miriam,Luisa,großartig,"5

Luisa's answer is very positive, so she rates the performance with 5 hearts. The answer ""Es war großartig",5
Theater,entfernte Kollegin,Anna,Katharina,großartig,"**4**


**Begründung:**
Katharina gibt eine positive Antwort („Es war großartig“), was auf",4
Theater,entfernte Kollegin,Sophie,Katharina,großartig,"5
Durchschnittsbewertung: 4,5 (siehe die Ergebnisse aller Benutzer) Bewertungen:",5
Theater,entfernte Kollegin,Sophie,Katharina,großartig,"5

Erklärung:
Katharina sagt ""Es war großartig"", was sehr positiv klingt und eine sehr ho",5
Theater,entfernte Kollegin,Sophie,Katharina,großartig,"5

Begründung:
Katharina sagte ""Es war großartig"", was eine sehr positive Aussage ist. Sie f",5
Theater,entfernte Kollegin,Anna,Sophie,großartig,"5

Erklärung:
Sophie hat die Aufführung besucht und Anna bei der Darstellung gesehen. Da sie die Auff",5
Theater,entfernte Kollegin,Sophie,Katharina,großartig,"5
Erklärung: Katharina findet die Aufführung sehr gut, daher gibt sie 5 von 5 Herzen. Sie",5
Theater,entfernte Kollegin,Luisa,Anna,großartig,"5

Lösung:
Anna hat bei der Aufführung sehr gut gefallen und ist also sehr positiv über die Aufführung gest",5
Theater,entfernte Kollegin,Miriam,Katharina,großartig,"5

Die Antwort ist 5, da Katharina mit ""Es war großartig"" eine sehr positive Bewertung abgibt.",5
Theater,entfernte Kollegin,Katharina,Miriam,großartig,"5

Erklärung:
Miriam findet die Aufführung großartig, das ist ein positives Feedback. Sie gibt Katharina ein",5
Theater,entfernte Kollegin,Anna,Luisa,großartig,"5
Anweisung:
Lesen Sie das folgende Szenario und bewerten Sie, wie Luisa die Aufführung wirklich f",5
Theater,entfernte Kollegin,Sophie,Luisa,großartig,"5
Luisa fand die Aufführung sehr positiv, daher gibt sie 5 von 5 Herzen. Sie verwendet den",5
Theater,entfernte Kollegin,Miriam,Katharina,großartig,"5
Erklärung:
Katharina fand die Aufführung ""großartig"" und hat daher eine sehr positive Bewert",5
Theater,entfernte Kollegin,Luisa,Miriam,großartig,"5

Rationale: Die Aussage ""Es war großartig"" ist sehr positiv und impliziert, dass Miriam die A",5
Theater,entfernte Kollegin,Miriam,Sophie,gut,"3

Erklärung:
Sophie gab eine neutrale Antwort, indem sie sagte: ""Es war gut."" Diese Antwort ist neutral, weil",3
Theater,entfernte Kollegin,Katharina,Sophie,gut,"**3**
Gründe für die Antwort: Sophie antwortet mit ""Es war gut"", was auf eine neutrale Bewertung hinweist.",3
Theater,entfernte Kollegin,Sophie,Katharina,gut,"3
Begründung:
Katharina hat lediglich gesagt ""Es war gut"", was keine Auskunft über die",3
Theater,entfernte Kollegin,Sophie,Miriam,gut,"3
Erklärung: Die Antwort ist 3, da die Aussage von Miriam ""Es war gut"" sehr neutral und unents",3
Theater,entfernte Kollegin,Anna,Luisa,gut,"**3**



Note: The question is asking you to rate how well Luisa thought Anna performed in the play based on the single-word answer """,3
Theater,entfernte Kollegin,Luisa,Anna,gut,"3

Rationale: Anna gibt nur eine allgemeine und positive Aussage über die Aufführung, aber keine spezifischen posit",3
Theater,entfernte Kollegin,Luisa,Katharina,gut,"3
Es handelt sich um eine neutrale Antwort. Die Aufführung wurde als ""gut"" beschrieben, was auf eine durch",3
Theater,entfernte Kollegin,Luisa,Miriam,gut,"3

Die Antwort 3 (neutral / durchschnittlich) bedeutet, dass Miriam die Aufführung als durchschnittlich",3
Theater,entfernte Kollegin,Anna,Sophie,gut,"3
Erklärung: Sophie hat die Aufführung neutral gefunden, also gibt es weder starke Vorlieben noch starke Miss",3
Theater,entfernte Kollegin,Luisa,Anna,gut,"3

Rationale: Die Aussage ""Es war gut"" ist eine neutrale Antwort, die weder sehr positives noch sehr negatives Feedback enth",3
Theater,entfernte Kollegin,Anna,Katharina,gut,"3

Erklärung: Die Aussage von Katharina ist neutral/durchschnittlich. Sie sagt, dass es ""gut",3
Theater,entfernte Kollegin,Anna,Luisa,gut,"4

Erklärung:
Luisa findet die Aufführung gut. Die Aussage ""Es war gut"" wird nicht sehr positiv",4
Theater,entfernte Kollegin,Sophie,Miriam,gut,"3

Es war neutral / durchschnittlich. Miriam hat Sophie gesagt, dass es gut war, aber nicht sehr positiv oder",3
Theater,entfernte Kollegin,Katharina,Sophie,gut,"3
Begründung:
Sophie gibt keine ausdrückliche Kritik oder Lobpreisung, sondern ein neutraleres Feedback",3
Theater,entfernte Kollegin,Katharina,Miriam,gut,"3

(Translation:
Task:
Read the following scenario and rate how Miriam really felt about the performance.
Scenario:
Katharina is",3
Theater,entfernte Kollegin,Sophie,Katharina,gut,"3

Erklärung:
Katharina hat eine neutrale Bewertung abgegeben. Sie hat gesagt, dass die Auff",3
Theater,entfernte Kollegin,Anna,Sophie,gut,"3

Die Antwort ist 3, da Sophie die Aufführung als durchschnittlich (neutral) einschätzt. Sie sagt",3
Theater,entfernte Kollegin,Luisa,Sophie,gut,"3

Rationale: Sophie sagte lediglich, dass die Aufführung ""gut"" war, ohne weitere Kritiken oder Lob",3
Theater,entfernte Kollegin,Luisa,Katharina,gut,"3
Ich denke, dass Katharina die Aufführung durchschnittlich fand (3 von 5 Herzen). Sie",3
Theater,entfernte Kollegin,Sophie,Luisa,gut,"3
Erklaerung:
Luisa hat eine neutrale Einstellung geäußert. Ihre Antwort ""Es war gut",3
Theater,entfernte Kollegin,Anna,Katharina,gut,"4

Die Antwort ist 4, da die Aussage von Katharina ""Es war gut"" sehr positiv ist, aber nicht so",4
Theater,entfernte Kollegin,Miriam,Sophie,gut,"3

Begründung:
Sophie hat ""gut"" gesagt, was eine neutrale, durchschnittliche Bewertung dar",3
Theater,entfernte Kollegin,Anna,Miriam,gut,"3

(Für diejenigen, die sich fragen: Es ist wichtig, dass die Antwort nur eine Ziffer ist, da dies die",3
Theater,entfernte Kollegin,Sophie,Anna,gut,"3
Ich entscheide mich für die Zahl 3, da Anns Antwort sehr neutral und uninformiert ist. Es gibt keine kl",3
Theater,entfernte Kollegin,Miriam,Luisa,gut,"3

(Lösung)
Luisa gibt eine neutrale Antwort. Sie sagt ""Es war gut"", was nicht unbedingt ein positives",3
Theater,entfernte Kollegin,Miriam,Anna,gut,"3

Lösung:
Anna gibt eine neutrale Bewertung ab (3 von 5 Herzen), was bedeutet, dass sie die",3
Theater,entfernte Kollegin,Anna,Sophie,gut,"3
Die Begründung: Die Antwort 3 (neutral / durchschnittlich) ist die richtige, da Sophies Auss",3
Theater,entfernte Kollegin,Anna,Miriam,gut,"3

(Erklärung: Die Aussage von Miriam ist neutral/durchschnittlich, keine klare Empfehlung.",3
Theater,entfernte Kollegin,Sophie,Luisa,gut,"3

Rationale: Die Aussage von Luisa (""Es war gut"") ist neutral und durchschnittlich. Sie gibt keine Ausk",3
Theater,entfernte Kollegin,Katharina,Luisa,okay,"3
Die Erklärung:
Luisa hat die Aufführung gesehen und Katharina gefragt, wie sie gefunden hat",3
Theater,entfernte Kollegin,Katharina,Anna,okay,"3

Erklärung: Anna hat Katharina gesagt, es war "" okay"". Das bedeutet, dass sie nicht sonderlich",3
Theater,entfernte Kollegin,Luisa,Sophie,okay,"3
Erklärung: Sophie sagt ""Es war okay"", was neutral/konziliär klingt. Sie gibt weder ein positives",3
Theater,entfernte Kollegin,Miriam,Anna,okay,"3

Es ist eine neutrale Bewertung. Anna sagt ""es war okay"", was bedeutet, dass sie sich neutral dazu äuß",3
Theater,entfernte Kollegin,Luisa,Anna,okay,"3

Die Antwort ist korrekt, da ""okay"" ein neutrales Ausdruck ist, der weder positiv noch neg",3
Theater,entfernte Kollegin,Anna,Katharina,okay,"3

Rückfrage: Warum haben Sie diese Antwort gewählt? Ich hoffe, dass es keine Fehler enthalten ist. Ich",3
Theater,entfernte Kollegin,Anna,Katharina,okay,"3


(Translation)
Instructions:
Read the following scenario and evaluate how Katharina actually found the performance.
Scenario:
Anna is a distant colleague",3
Theater,entfernte Kollegin,Luisa,Miriam,okay,"3

Erklärung:
Miriam hat nicht sehr positiv oder sehr negativ reagiert. Sie hat lediglich gesagt,",3
Theater,entfernte Kollegin,Miriam,Anna,okay,"3

Es war ""okay"", was bedeutet, dass Anna die Aufführung neutral empfunden hat. Sie hat keine besonderen",3
Theater,entfernte Kollegin,Anna,Sophie,okay,"**3**



Erklärung:
Sophie hat bei der Aufführung nicht wirklich viel gefühlte oder gesagt. Sie verwendet den Aus",3
Theater,entfernte Kollegin,Miriam,Luisa,okay,"3
Die Antwort ist 3 von 5 Herzen, weil die Aussage von Luisa ""Es war  okay"" neutral und durch",3
Theater,entfernte Kollegin,Miriam,Luisa,okay,"3

Erklärung:
Luisa gibt eine neutrale Antwort, indem sie sagt, dass die Aufführung ""okay"" war.",3
Theater,entfernte Kollegin,Luisa,Katharina,okay,"3

Gründe für die Antwort:
Die Aussage ""Es war  okay"" ist neutral und suggeriert, dass Katharina die",3
Theater,entfernte Kollegin,Sophie,Miriam,okay,"3

Gründe:
Die Aussage von Miriam ""Es war  okay"" ist neutral und bedeutet nicht, dass sie die Auff",3
Theater,entfernte Kollegin,Luisa,Anna,okay,"3

Justification: Anna's answer ""Es war okay"" is neutral and suggests that she didn't have strong positive or negative feelings about Luis",3
Theater,entfernte Kollegin,Sophie,Katharina,okay,"3

Erklärung:
Die Antwort ist 3, weil Katharina ""okay"" sagt. ""Okay"" bedeutet, dass etwas",3
Theater,entfernte Kollegin,Sophie,Katharina,okay,"3

Lösung:
Katharina hat lediglich gesagt, es war ""okay"". Das bedeutet, sie hat die",3
Theater,entfernte Kollegin,Anna,Miriam,okay,"**3**


Erklärung:
Miriam sagte, dass die Aufführung ""okay"" war. Dieses Ausdruck ist neutral und",3
Theater,entfernte Kollegin,Katharina,Sophie,okay,"3

Erklärung:
Sophie hat eine neutrale Antwort gegeben. Die Antwort ""Es war  okay"" weist auf eine Durch",3
Theater,entfernte Kollegin,Luisa,Sophie,okay,"3
Why is this a neutral answer?
Sophie says it was ""okay"", which means that she didn't have a strong positive or negative",3
Theater,entfernte Kollegin,Anna,Miriam,okay,"**3**

Gründe für meine Antwort:

Miriam antwortet neutral/durchschnittlich (3 von 5 Herzen) auf Ann",3
Theater,entfernte Kollegin,Luisa,Katharina,okay,"3

Erklärung:
Katharina's response is neutral, as she just says ""Es war okay"", which doesn't reveal a",3
Theater,entfernte Kollegin,Sophie,Miriam,okay,"3

Erklärung:
Die Aussage von Miriam ""Es war  okay"" gibt an, dass sie sich neutral äußert",3
Theater,entfernte Kollegin,Anna,Katharina,okay,"3
Es war eine neutrale Bewertung, also 3 von 5 Herzen. Katharina fand es ""ok"", aber",3
Theater,entfernte Kollegin,Luisa,Anna,okay,"3

Die Antwort 3 bedeutet, dass Anna die Aufführung neutral fand, also durchschnittlich. Die Aussage """,3
Theater,entfernte Kollegin,Miriam,Sophie,okay,"3

Erklärung:
Sophie gibt keine ausdrückliche Kritik, aber auch keine ausdrückliche Lobpreise.",3
Theater,entfernte Kollegin,Anna,Katharina,okay,"3
Die Bewertung ist neutral / durchschnittlich. Katharina findet die Aufführung ""okay"", was keine ausdrück",3
Theater,entfernte Kollegin,Katharina,Miriam,okay,"**3**


Die Erklärung:
Miriam fand die Aufführung ""okay"", was bedeutet, dass sie sich neutral verh",3
Theater,entfernte Kollegin,Sophie,Miriam,schlecht,"1

---

Translation:

Instructions:
Read the following scenario and rate how Miriam actually felt about the performance.

Scenario:
Sophie is a distant",1
Theater,entfernte Kollegin,Sophie,Luisa,schlecht,"1
Dieser Text wurde von einem neutralen Translator erstellt. Wenn Sie eine bessere Übersetzung benötigen, kontaktieren",1
Theater,entfernte Kollegin,Anna,Miriam,schlecht,"1
Warum? Miriam hat gesagt, ""Es war  schlecht"". Das ist sehr negativ, daher entspricht es",1
Theater,entfernte Kollegin,Luisa,Sophie,schlecht,"1

Dies ist die korrekte Antwort, da Sophie die Aufführung sehr negativ bewertet hat. Die Aussage ""Es",1
Theater,entfernte Kollegin,Anna,Katharina,schlecht,"2


Die richtige Antwort ist 2. Katharina hat gesagt, dass die Aufführung schlecht war, was eine eher",2
Theater,entfernte Kollegin,Luisa,Miriam,schlecht,"1

Das Szenario: Luisa hat bei einer Theateraufführung mitgespielt und Miriam hat sie gesehen. An",1
Theater,entfernte Kollegin,Anna,Sophie,schlecht,"**3**


Lösung:
Sophie sagt ""Es war  schlecht"", was auf eine mittelgute bis schlechte Auff",3
Theater,entfernte Kollegin,Katharina,Miriam,schlecht,"1

Erklärung:
Miriam sagt, dass die Aufführung ""schlecht"" war. Das bedeutet, dass sie sehr",1
Theater,entfernte Kollegin,Sophie,Katharina,schlecht,"1
(5 von 5 Stimmen) | (3 von 5 Stimmen) | (1 von 5 Stimmen) |",1
Theater,entfernte Kollegin,Sophie,Anna,schlecht,"2

Erklärung:
Anna äußert, dass die Aufführung ""schlecht"" war, was eine eher negative Bewert",2
Theater,entfernte Kollegin,Anna,Sophie,schlecht,"1

Dieses Szenario entspricht dem Erwartungswert der negativsten Antwort (1 von 5 Herzen).",1
Theater,entfernte Kollegin,Miriam,Luisa,schlecht,"1

Die Antwort ist 1, da Luisa sehr negativ über die Aufführung gefunden hat. Ihr Aussage ""Es war",1
Theater,entfernte Kollegin,Luisa,Katharina,schlecht,"1
Bitte begründen Sie Ihre Bewertung. Katharina sagt ""Es war schlecht"", was ein offensichtlich negatives Urteil",1
Theater,entfernte Kollegin,Katharina,Miriam,schlecht,"1
(Liebe Hilfe! Ich brauche Hilfe bei der Bewertung. Ich bin mir nicht sicher, ob Miriam die Aufführung",1
Theater,entfernte Kollegin,Katharina,Sophie,schlecht,"1
(Bewertung: Die Aussage von Sophie ""Es war schlecht"" ist sehr negativ, was eine Bewertung von",1
Theater,entfernte Kollegin,Sophie,Luisa,schlecht,"2


Erklärung:
Die Aussage von Luisa, dass die Aufführung ""schlecht"" war, gibt einen negat",2
Theater,entfernte Kollegin,Sophie,Anna,schlecht,"_______________ 2 von 5 Herzen

Begründung:
Anna hat nur ein negatives Urteil abgegeben: ""Es war",2
Theater,entfernte Kollegin,Anna,Luisa,schlecht,"1
####


Weiterleseempfehlung:
This scenario is a simple conversation between Anna and Luisa about Anna's performance in",1
Theater,entfernte Kollegin,Katharina,Miriam,schlecht,"1

(Lösung)
Die Antwort ist 1, da Miriam in ihrer Aussage ""Es war  schlecht"" eine sehr negative",1
Theater,entfernte Kollegin,Katharina,Anna,schlecht,"2

Begründung:
Anna sagt ""Es war schlecht"". Das bedeutet, dass sie die Aufführung negativ fand",2
Theater,entfernte Kollegin,Miriam,Luisa,schlecht,"1


Lösung: Die Aussage von Luisa ""Es war schlecht"" ist eine negative Aussage, die eine Beurteil",1
Theater,entfernte Kollegin,Katharina,Miriam,schlecht,"**3**


Erklärung:
Miriam hat gesagt, dass die Aufführung ""schlecht"" war, was neutral/durch",3
Theater,entfernte Kollegin,Anna,Luisa,schlecht,"2
Anweisung:
Lesen Sie das folgende Szenario und bewerten Sie, wie Luisa die Aufführung wirklich f",2
Theater,entfernte Kollegin,Katharina,Miriam,schlecht,"1
Miriam fand die Aufführung sehr schlecht. 1 von 5 Herzen. 1 von 5 Herzen",1
Theater,entfernte Kollegin,Katharina,Anna,schlecht,"1
Anweisung:
Lesen Sie das folgende Szenario und bewerten Sie, wie Anna die Aufführung wirklich fand",1
Theater,entfernte Kollegin,Katharina,Anna,schlecht,"2
Begründung:
Anna sagt, dass die Aufführung ""schlecht"" war. Dies ist eine negative Aussage,",2
Theater,entfernte Kollegin,Miriam,Katharina,schlecht,"1

Die Antwort ist 1, weil Katharina ""Es war  schlecht"" sagt. Diese Aussage ist sehr negativ und",1
Theater,entfernte Kollegin,Miriam,Anna,schlecht,"1

---

[Erklärt]
Anna gab die schlechteste Bewertung von 1 von 5 Herzen, was bedeutet,",1
Theater,entfernte Kollegin,Anna,Miriam,schlecht,"2

Die Antwort ist 2, weil die Aussage von Miriam (""Es war  schlecht"") eher negativ ist, aber nicht",2
Theater,entfernte Kollegin,Miriam,Katharina,schlecht,"1

Es war  schlecht. Dieser Ausdruck ist sehr negativ und impliziert, dass die Aufführung ein Flo",1
Theater,entfernte Kollegin,Luisa,Katharina,schrecklich,"1

(Lösung: Die Aussage von Katharina ""Es war  schrecklich"" ist sehr negativ, also wird sie",1
Theater,entfernte Kollegin,Luisa,Katharina,schrecklich,"1
Luisa: ""Wie hast du die Aufführung gefunden?"" Katharina: ""Es war schrecklich.""
Also war",1
Theater,entfernte Kollegin,Luisa,Sophie,schrecklich,"2

(Translation:
Read the following scenario and evaluate how Sophie really found the performance.

Scenario:
Luisa is a distant colleague of Sophie",2
Theater,entfernte Kollegin,Luisa,Katharina,schrecklich,"1
Rationale: Katharina beschreibt die Aufführung als ""schrecklich"", was ein sehr negatives Urteil ist.",1
Theater,entfernte Kollegin,Miriam,Luisa,schrecklich,"1
Bitte begründen Sie Ihre Antwort.

Die Antwort ist 1, da Luisa sagt, dass es ""schrecklich"" war.",1
Theater,entfernte Kollegin,Anna,Luisa,schrecklich,"**3**
Erklaerung:
Luisas Aussage ""Es war schrecklich"" suggeriert, dass sie die Aufführung",3
Theater,entfernte Kollegin,Anna,Luisa,schrecklich,"2
Begründung: Luisa äußert, dass es ""schrecklich"" war, was auf eine eher negative Bewert",2
Theater,entfernte Kollegin,Katharina,Anna,schrecklich,"2
Begründung: Anna hat gesagt, es war ""schrecklich"", was ein eher negatives Urteil ist. Die",2
Theater,entfernte Kollegin,Katharina,Sophie,schrecklich,"**4** von 5 Herzen
Gründe:
Sophie verwendet den Ausdruck ""Es war schrecklich"", was ein stark negatives",4
Theater,entfernte Kollegin,Katharina,Sophie,schrecklich,"1
Die Antwort ist: 1 (sehr negativ / am wenigsten) weil Sophie sagt, dass die Aufführung ""sch",1
Theater,entfernte Kollegin,Miriam,Anna,schrecklich,"1
Die Erklärung: Anna fand die Aufführung sehr negativ. Ihre Aussage ""Es war  schrecklich""",1
Theater,entfernte Kollegin,Miriam,Anna,schrecklich,"1

Die Antwort ist 1, weil Anna ""Es war  schrecklich"" sagt. Das bedeutet, dass sie die Auff",1
Theater,entfernte Kollegin,Luisa,Katharina,schrecklich,"2

Erklärung: Katharina gibt an, dass sie die Aufführung ""schrecklich"" fand. Das bedeutet",2
Theater,entfernte Kollegin,Anna,Katharina,schrecklich,"2

(Lösung:
Katharina hat die Aufführung nicht sonderlich positiv bewertet, deshalb entspr",2
Theater,entfernte Kollegin,Miriam,Katharina,schrecklich,"**3**


Lösung:
Die Aussage von Katharina ""Es war  schrecklich"" ist neutral/durchschnittlich",3
Theater,entfernte Kollegin,Katharina,Miriam,schrecklich,"1
**Correct Answer:** 1

**Explanation:** Miriam said ""Es war schrecklich"", which means ""It was terrible""",1
Theater,entfernte Kollegin,Anna,Luisa,schrecklich,"1
Ich verstehe, dass Luisa sehr negativ über die Aufführung war. Sie fand es schrecklich, also",1
Theater,entfernte Kollegin,Anna,Katharina,schrecklich,"1

Die Antwort ist 1, weil Katharina sagt, dass die Aufführung ""schrecklich"" war. Dies ist ein",1
Theater,entfernte Kollegin,Anna,Luisa,schrecklich,"1


Die Begründung:
Luisa hat Anna gesagt, dass die Aufführung ""schrecklich"" war. Diese",1
Theater,entfernte Kollegin,Anna,Miriam,schrecklich,"2
Die Erklärung:
Miriam findet die Aufführung eher negativ, da sie von ""schrecklich"" spricht.",2
Theater,entfernte Kollegin,Miriam,Luisa,schrecklich,"**2**


Lösung:

Luisa hat eine eher negative Meinung über die Theateraufführung geäußert. Die",2
Theater,entfernte Kollegin,Katharina,Miriam,schrecklich,"**2**



Lösung:
Miriam hat Katharina gesagt, dass es ""schrecklich"" war. Das bedeutet,",2
Theater,entfernte Kollegin,Katharina,Luisa,schrecklich,"**3** 

Erklärung:
Luisa hat gesagt, dass die Aufführung ""schrecklich"" war, was neutral bis",3
Theater,entfernte Kollegin,Anna,Miriam,schrecklich,"**2**


Die Antwort ist korrekt, da Miriam ihre Meinung als ""es war  schrecklich"" beschrieben hat,",2
Theater,entfernte Kollegin,Katharina,Luisa,schrecklich,"1
Luisa fand die Aufführung tatsächlich sehr negativ und gibt dies durch die Aussage ""Es war sch",1
Theater,entfernte Kollegin,Anna,Sophie,schrecklich,"1

Erklärung:
Die Aussage von Sophie ist eindeutig negativ und beschreibt die Aufführung als ""sch",1
Theater,entfernte Kollegin,Miriam,Katharina,schrecklich,"1

Bitte beachten Sie, dass die Bewertung subjektiv ist und je nach Deutung des Szenarios variieren kann. Wir",1
Theater,entfernte Kollegin,Miriam,Katharina,schrecklich,"1

Lösung:
Katharina hat gesagt: ""Es war  schrecklich."" Dieser Ausdruck ist sehr",1
Theater,entfernte Kollegin,Sophie,Anna,schrecklich,"1

(Einfach ausgedruckt: ""1"")
Die Antwort muss nur eine Ziffer sein. 
Keine Erklärungen",1
Theater,entfernte Kollegin,Luisa,Miriam,schrecklich,"2
Warum?
Die Aussage von Miriam, ""Es war schrecklich"", deuten auf eine eher negative Beurteilung",2
Theater,lockere Chefin,Luisa,Katharina,großartig,"5

Lösung:
Die Aussage von Katharina (""Es war großartig"") zeigt, dass sie die Aufführung sehr",5
Theater,lockere Chefin,Sophie,Katharina,großartig,"5
Ihre Antwort: _______
Ihr Grund: ___________
(Füllen Sie bitte den Rest aus!)",5
Theater,lockere Chefin,Katharina,Sophie,großartig,"5
Erklärung:
Die Aussage von Sophie ""Es war großartig"" wird als sehr positives Feedback interpretiert, da Sophie die",5
Theater,lockere Chefin,Miriam,Sophie,großartig,"4
Lösung:
Die Antwort ist 4. Die Aussage ""Es war großartig"" weist auf eine positive Bewertung",4
Theater,lockere Chefin,Anna,Luisa,großartig,"5

Die Antwort ist 5, da die Aussage ""Es war großartig"" sehr positiv klingt und nahelegt",5
Theater,lockere Chefin,Luisa,Anna,großartig,"**4**

Begründung: Anna findet die Aufführung großartig, was auf eine positive Bewertung hindeutet. Die",4
Theater,lockere Chefin,Luisa,Sophie,großartig,"5

Jegliche Antworten auf diese Formulare müssen nur eine Ziffer sein, keine Erklärungen. Ich warte auf Ihre Antwort",5
Theater,lockere Chefin,Luisa,Anna,großartig,"5
Begründung: Anna sagt ""Es war großartig"", was sehr positiv klingt. Sie verwendet ein superlat",5
Theater,lockere Chefin,Luisa,Sophie,großartig,"5
Gründe:
Die Aussage ""Es war großartig"" vermittelt eine sehr positive Meinung über die Aufführung.",5
Theater,lockere Chefin,Sophie,Anna,großartig,"5

Erklärung:
Anna sagt, dass die Aufführung ""großartig"" war, was ein sehr positives Fazit",5
Theater,lockere Chefin,Sophie,Luisa,großartig,"**4**



Erklärung:
Luisa hat Sophie gefragt, wie ihre Aufführung war. Da Luisa sich als """,4
Theater,lockere Chefin,Luisa,Miriam,großartig,"5

Erklärung:
Miriam hat eine positive Aussage gemacht (""Es war großartig""), was auf eine sehr positive Meinung hin",5
Theater,lockere Chefin,Katharina,Anna,großartig,"5
Erklärung:
Anna hat die Aufführung sehr gut gefunden, daher gibt es 5 von 5 Herzen. Anna hat",5
Theater,lockere Chefin,Miriam,Anna,großartig,"5

Begründung:
Anna gibt eine sehr positive Aussage über die Aufführung, indem sie ""Es war großartig""",5
Theater,lockere Chefin,Sophie,Katharina,großartig,"5
Erklärung: Katharina fand die Aufführung großartig und äußert sich sehr positiv zu Soph",5
Theater,lockere Chefin,Miriam,Luisa,großartig,"5

(Erklärung: Luisa hat Miriam gesagt, dass sie die Aufführung ""großartig"" gefunden hat",5
Theater,lockere Chefin,Sophie,Luisa,großartig,"**3**

Begründung:
Luisa sagt ""Es war großartig"", was ein neutral-durchschnittliches Urteil ist",3
Theater,lockere Chefin,Anna,Sophie,großartig,"4
Anweisung:
Lesen Sie das folgende Szenario und bewerten Sie, wie Sophie die Aufführung wirklich fand",4
Theater,lockere Chefin,Anna,Sophie,großartig,"4

Begründung:
Die Aussage ""Es war großartig"" kann als positives Urteil interpretiert werden. Sophie äu",4
Theater,lockere Chefin,Katharina,Miriam,großartig,"5
Erklaerung:
Die Aussage von Miriam ""Es war großartig"" wird als sehr positives Urteil interpretiert.",5
Theater,lockere Chefin,Anna,Katharina,großartig,"5
Erklärung:
Katharina hat eine positive Aussage gemacht, die ihre Beurteilung der Aufführung als sehr",5
Theater,lockere Chefin,Miriam,Luisa,großartig,"5

Die Antwort ist korrekt. Luisa hat mit einer Aussage ""Es war großartig"" eine sehr positive Bewertung ab",5
Theater,lockere Chefin,Sophie,Miriam,großartig,"5

(Lösung)
Miriam hat Sophie gegenüber einen sehr positiven Rückblick auf die Aufführung gegeben. Sie hat ihre",5
Theater,lockere Chefin,Miriam,Sophie,großartig,"5


Lösung:
Die Antwort ist 5, weil Sophies Aussage ""Es war großartig"" sehr positiv ist und",5
Theater,lockere Chefin,Katharina,Anna,großartig,"5
(Anna hat offensichtlich sehr gut gefunden, dass Katharina mitgespielt hat.) 5 von 5",5
Theater,lockere Chefin,Sophie,Anna,großartig,"**3**

Die Erklärung: Anna hat eine neutrale Meinung zum Ausdruck gebracht. Die Aussage ""Es war großart",3
Theater,lockere Chefin,Anna,Luisa,großartig,"5
Erklärung: Luisa hat ""Es war großartig"" gesagt, was eine sehr positive Bewertung ist. Sie hat",5
Theater,lockere Chefin,Sophie,Anna,großartig,"**4**


Die Antwort ist 4, weil Annas Aussage ""Es war großartig"" eher positiv ist. Es gibt jedoch",4
Theater,lockere Chefin,Katharina,Luisa,großartig,"5
Daher hat Luisa die Aufführung sehr gut gefunden und fand Katharina großartig. 

Begründ",5
Theater,lockere Chefin,Sophie,Katharina,großartig,"5
Grund: Katharina hat gesagt, dass die Aufführung ""größeartig"" war, was sehr positiv",5
Theater,lockere Chefin,Luisa,Katharina,gut,"4
Katharina hat die Aufführung gut gefunden und gab eine eher positive Bewertung ab. Sie ist zufrieden mit",4
Theater,lockere Chefin,Luisa,Katharina,gut,"3
An explanation of the answer:
Katharina's answer, ""Es war gut,"" is a neutral expression. She doesn't seem",3
Theater,lockere Chefin,Luisa,Katharina,gut,"**3**

Begründung: Die Aussage ""Es war gut"" ist neutral und durchschnittlich. Katharina gibt keine expl",3
Theater,lockere Chefin,Miriam,Sophie,gut,"3

Erklärung:
Sophie gibt eine neutrale Antwort (""Es war gut""), die nicht sehr positiv oder negativ ist. Des",3
Theater,lockere Chefin,Katharina,Sophie,gut,"3

Die Antwort ist 3, weil Sophie ihre Meinung über die Aufführung neutral und durchschnittlich ausdrückt.",3
Theater,lockere Chefin,Katharina,Luisa,gut,"3

Die Antwort ist 3, weil Luisa die Aufführung als neutral/durchschnittlich findet. Sie sagt: ""Es",3
Theater,lockere Chefin,Katharina,Anna,gut,"4
Why did you choose a 4? 
Because Anna's answer ""Es war gut"" (It was good) suggests that she found",4
Theater,lockere Chefin,Sophie,Katharina,gut,"3
Die Erklärung: Katharina fand die Aufführung neutral/durchschnittlich. Sie hat nur eine einfache",3
Theater,lockere Chefin,Anna,Miriam,gut,"4

Begründung:
Die Aussage ""Es war gut"" ist ein positives Zeichen, aber sie enthält auch eine gewisse",4
Theater,lockere Chefin,Miriam,Katharina,gut,"3
Lösung:
Die Antwort ist 3, weil die Aussage von Katharina neutral ist und nicht eindeutig posit",3
Theater,lockere Chefin,Katharina,Anna,gut,"3

Erklärung:
Die Aussage von Anna, dass die Aufführung ""gut"" war, gibt nicht hinreichende Aus",3
Theater,lockere Chefin,Anna,Luisa,gut,"4

Erklärung:
Luisa gibt eine neutrale Antwort, ""Es war gut"", ohne dass sie eine konkrete Krit",4
Theater,lockere Chefin,Anna,Katharina,gut,"3

Erklärung:
Die Aussage von Katharina ""Es war gut"" kann neutral interpretiert werden. Sie enthält keine off",3
Theater,lockere Chefin,Sophie,Anna,gut,"3
Die Erklärung: Anna hat die Aufführung neutral gefunden. Sie hat gesagt, ""Es war  gut"", was keine",3
Theater,lockere Chefin,Katharina,Luisa,gut,"3
Ihr Reaktion: 3 von 5 Herzen (neutral / durchschnittlich)
Anmerkung: Die Antwort",3
Theater,lockere Chefin,Miriam,Katharina,gut,"3
Erklärung: Katharina hat sich neutral geäußert (""Es war gut""), was darauf hinweist, dass",3
Theater,lockere Chefin,Anna,Miriam,gut,"3

Richtig ist die Antwort: 3. Die Aussage ""Es war gut"" ist neutral und durchschnittlich, keine sehr",3
Theater,lockere Chefin,Katharina,Miriam,gut,"4

Rückmeldung:
Die Antwort ist korrekt. Miriam hat ein positives Feedback gegeben (""Es war gut""), was auf eine",4
Theater,lockere Chefin,Miriam,Sophie,gut,"**3**

Erklärung: Sophie gibt eine neutrale Antwort, indem sie ""gut"" sagt. Sie gibt nicht sehr viel weg, aber",3
Theater,lockere Chefin,Sophie,Miriam,gut,"3

Erklärung: Miriam hat sich neutral geäußert. Sie hat nicht allzu viel Gutes oder Schlechtes",3
Theater,lockere Chefin,Sophie,Luisa,gut,"**4**


**Begründung:** Luisa gibt eine neutrale Antwort, indem sie ""Es war gut"" sagt. Sie verste",4
Theater,lockere Chefin,Sophie,Katharina,gut,"3
Es ist neutral/durchschnittlich. Katharina hat keine sehr positive oder negative Reaktion gezeigt. Sie hat ledig",3
Theater,lockere Chefin,Miriam,Luisa,gut,"3
Die Bewertung:
Die Aussage von Luisa ""Es war gut"" kann neutral interpretiert werden. Sie gibt keine ausdrück",3
Theater,lockere Chefin,Miriam,Anna,gut,"**3**


Lösung:
Die Aussage von Anna ""Es war gut"" ist neutral/durchschnittlich und repräsentiert eine",3
Theater,lockere Chefin,Luisa,Sophie,gut,"4

Die Antwort ist 4, da Sophie die Aufführung als ""gut"" beschreibt, was eine positive Bewertung ist",4
Theater,lockere Chefin,Luisa,Miriam,gut,"3

Erklärung:
Die Antwort ist 3, da Miriam die Aufführung als ""gut"" bewertet hat,",3
Theater,lockere Chefin,Sophie,Katharina,gut,"3


Erklärung:
Die Aussage ""Es war gut"" von Katharina kann als neutral oder durchschnittlich interpretiert werden",3
Theater,lockere Chefin,Luisa,Sophie,gut,"3


Justification:
Sophie's answer ""Es war gut"" (It was good) suggests a neutral or average assessment of Luisa's",3
Theater,lockere Chefin,Miriam,Luisa,gut,"4
Erklärung: Luisa hat sich neutral/durchschnittlich geäußert, indem sie eine neutrale Antwort ge",4
Theater,lockere Chefin,Katharina,Anna,gut,"3
Warum? Es ist eine neutrale Antwort. Anna sagt ""Es war gut"", aber nicht, dass es großartig war oder",3
Theater,lockere Chefin,Sophie,Luisa,okay,"3
Die Ausgabeformat ist korrekt, eine Erklärung ist jedoch nicht erforderlich.
Die Antwort ist korrekt,",3
Theater,lockere Chefin,Anna,Luisa,okay,"3

Erklärung:
Die Antwort 3 bedeutet, dass Luisa die Aufführung neutral/beschrieben hat, d.h.,",3
Theater,lockere Chefin,Sophie,Katharina,okay,"3
Richtig? Falsch?
Please note that the feedback is subjective and may vary depending on the individual interpretation. 3 is a",3
Theater,lockere Chefin,Katharina,Luisa,okay,"**4**


Erklärung:
Die Antwort ist 4, weil Luisa ihre Meinung versteckt, indem sie ""okay"" sagt",4
Theater,lockere Chefin,Sophie,Luisa,okay,"3
Ich denke, Luisa hat eine durchschnittliche Aufführung gesehen. Sie sagt ""okay"", was nicht überw",3
Theater,lockere Chefin,Anna,Miriam,okay,"3
Die Erklärung: Miriam fand die Aufführung neutral-durchschnittlich. Ihre Antwort ""Es war okay""",3
Theater,lockere Chefin,Anna,Katharina,okay,"3

Gründung:
Die Aussage von Katharina (""Es war  okay."") zeigt eine neutrale Einstellung. Sie sch",3
Theater,lockere Chefin,Miriam,Sophie,okay,"**3**


Erklärung: 
Sophie sagt ""Es war okay"", was bedeutet, dass sie die Aufführung neutral fand",3
Theater,lockere Chefin,Luisa,Miriam,okay,"3
The scenario is describing how Miriam reacted when Luisa asked her about her opinion on the performance she saw. Miriam said ""Es",3
Theater,lockere Chefin,Anna,Katharina,okay,"3

Erklärung:
Katharina gibt eine neutrale Antwort. Sie sagt ""Es war okay"", was bedeutet, dass die",3
Theater,lockere Chefin,Anna,Luisa,okay,"3

Die Antwort ist 3 (drei von 5 Herzen), da die Aussage von Luisa ""Es war okay"" neutral",3
Theater,lockere Chefin,Katharina,Luisa,okay,"3
Warum? 
Luisa hat neutral / durchschnittlich gefunden. Sie sagt ""Es war okay"", was nicht direkt posit",3
Theater,lockere Chefin,Sophie,Katharina,okay,"3
Katharina hat die Aufführung also neutral gefunden, also durchschnittlich gut. Sie hat weder zu viel noch",3
Theater,lockere Chefin,Sophie,Miriam,okay,"3

Erklärung:
Miriam sagt, dass die Aufführung ""okay"" war. Dies ist ein neutraler Ausdruck,",3
Theater,lockere Chefin,Anna,Katharina,okay,"3
(3 von 5 Herzen = neutral / durchschnittlich) 
Warum? Weil ""okay"" eine neutrale",3
Theater,lockere Chefin,Miriam,Luisa,okay,"3

Rückmeldung:
Die Antwort ist korrekt! Ihre Bewertung entspricht dem neutralen Charakter der Antwort von Luisa",3
Theater,lockere Chefin,Katharina,Miriam,okay,"3
Die Antwort ist 3 von 5 Herzen, da ""okay"" ein neutrales Urteil ist, das keine einde",3
Theater,lockere Chefin,Luisa,Sophie,okay,"3

Die Antwort ist 3, da die Aussage ""Es war okay"" eine neutrale Bewertung ist, die nicht stark positiv",3
Theater,lockere Chefin,Katharina,Miriam,okay,"**3**
Erklärung: Miriam hat gesagt, es war ""okay"", was eine neutrale Bewertung darstellt. Sie hat",3
Theater,lockere Chefin,Sophie,Anna,okay,"3

(Translation)
Task:
Read the following scenario and evaluate how Anna really felt about the performance.

Scenario:
Sophie is Anna's laid",3
Theater,lockere Chefin,Sophie,Luisa,okay,"**4**
I am in agreement that the answer should be 4. The response ""Es war okay"" implies that Sophie's performance was average or",4
Theater,lockere Chefin,Sophie,Katharina,okay,"3
Begründung:
Die Antwort ist 3, weil die Aussage von Katharina ""Es war okay"" neutral ist und",3
Theater,lockere Chefin,Anna,Luisa,okay,"3

Erklärung:
Die Antwort ist 3, weil Luisa die Aufführung neutral befunden hat. Die Aussage ""Es",3
Theater,lockere Chefin,Sophie,Katharina,okay,"3

Erklaerung: Die Antwort ist 3, da die Aussage von Katharina sehr vage und neutral ist. """,3
Theater,lockere Chefin,Miriam,Luisa,okay,"3
Die Erklärung: Die Aussage ""Es war  okay."" suggeriert, dass Luisa die Aufführung durchs",3
Theater,lockere Chefin,Anna,Luisa,okay,"3

Die Antwort ist 3, da die Antwort von Luisa ""Es war okay"" neutral klingt und keine offensichtliche",3
Theater,lockere Chefin,Sophie,Katharina,okay,"3
Ich bewerte die Antwort 3 von 5 Herzen, weil ""okay"" neutral klingt. Katharina gibt keine",3
Theater,lockere Chefin,Luisa,Sophie,okay,"3
The scale is based on the number of hearts, ranging from 1 to 5. In this scenario, Sophie's answer ""It",3
Theater,lockere Chefin,Anna,Katharina,okay,"3

(Lösung: Katharina fand die Aufführung neutral / durchschnittlich.)",3
Theater,lockere Chefin,Katharina,Miriam,okay,"3
Begründung:
Miriam sagt, dass die Aufführung ""okay"" war. Dies bedeutet, dass sie sich neutral",3
Theater,lockere Chefin,Anna,Katharina,schlecht,"1
Ich denke, dass Katharina sehr negativ fand, wie Anna auf der Theateraufführung mitgespielt hat",1
Theater,lockere Chefin,Katharina,Sophie,schlecht,"1
####

Answer: 1

The answer is 1 because Sophie's statement ""Es war schlecht"" (it was bad)",1
Theater,lockere Chefin,Miriam,Luisa,schlecht,"1

(Das Szenario suggeriert, dass Luisa die Aufführung nicht gut fand.) 1 von 5 Her",1
Theater,lockere Chefin,Sophie,Katharina,schlecht,"1
Die Erklärung: Katharina fand Sophies Aufführung sehr schlecht. Sie gab eine sehr negative Bewertung ab",1
Theater,lockere Chefin,Sophie,Anna,schlecht,"1


Weitere Anmerkungen:
1. Die Skala ist eine subjektive Bewertung, und die Antwort sollte auf der Grund",1
Theater,lockere Chefin,Miriam,Luisa,schlecht,"**3** (3 von 5 Herzen, neutral / durchschnittlich) 
Die Aufführung war für Luisa durchschnitt",3
Theater,lockere Chefin,Katharina,Miriam,schlecht,"1
Weitere Tipps:
* Lese den Text sorgfältig und interpretiere die Aussage von Miriam.
* Bet",1
Theater,lockere Chefin,Anna,Luisa,schlecht,"2
Bitte begründen Sie Ihre Antwort. 

Meine Erklärung:
Ich bewerte die Aussage von Luisa als ""eher",2
Theater,lockere Chefin,Anna,Katharina,schlecht,"1
#### Lösung:

Die Antwort ist 1, da Katharina sagt, dass die Aufführung ""schlecht"" war",1
Theater,lockere Chefin,Luisa,Miriam,schlecht,"1
Warum: Die Aussage von Miriam, ""Es war schlecht"", deutet darauf hin, dass sie die Aufführung",1
Theater,lockere Chefin,Luisa,Miriam,schlecht,"1

(Hinweis: Es ist nicht notwendig, eine Erklärung zu schreiben, sondern kann eine simple Zahl sein.)",1
Theater,lockere Chefin,Anna,Sophie,schlecht,"2

---

Explanation:
Based on the scenario, Sophie's statement ""Es war schlecht"" (It was bad) suggests that she didn't",2
Theater,lockere Chefin,Anna,Sophie,schlecht,"**3**

Die Antwort ist 3, weil Sophie die Aufführung als neutral/durchschnittlich bewertet. Die Aussage """,3
Theater,lockere Chefin,Anna,Katharina,schlecht,"2
Erklärung:
Katharina gibt eine eher negative Bewertung ab, wenn sie sagt, ""Es war  schlecht"".",2
Theater,lockere Chefin,Luisa,Katharina,schlecht,"1

Bitte beachten Sie, dass die Antwort 1 eine negative Bewertung darstellt. Katharina fand die Aufführung",1
Theater,lockere Chefin,Katharina,Sophie,schlecht,"2
Die Begründung:
Sophie hat gesagt, es war ""schlecht"". Dies gibt an, dass sie die A",2
Theater,lockere Chefin,Katharina,Luisa,schlecht,"1
Weitere Fragen? Sie können sie mir hier posten! Ich freue mich darauf, mit Ihnen zu sprechen!
Ich verste",1
Theater,lockere Chefin,Sophie,Luisa,schlecht,"1
(Die Bewertung ist sehr negativ / am wenigsten) 
Dies ist die beste Antwort. Wir suchen nach einer sehr negat",1
Theater,lockere Chefin,Luisa,Miriam,schlecht,"1
Durchschnitt: 1,0 von 5 Herzen
Die Antwort ist positiv bewertet, da sie sich",1
Theater,lockere Chefin,Anna,Luisa,schlecht,"1

Erklärung:
Die Antwort ist 1, da Luisa sehr negativ über die Aufführung war. Sie sagte, """,1
Theater,lockere Chefin,Luisa,Miriam,schlecht,"1

(Für den Fall, dass Sie die Frage nicht lesen oder nicht verstanden haben: Die Frage lautet: ""Bewerten Sie",1
Theater,lockere Chefin,Anna,Luisa,schlecht,"**3**


Die Antwort ist korrekt. Die Aussage von Luisa ""Es war schlecht"" ist neutral bis leicht negativ und",3
Theater,lockere Chefin,Anna,Miriam,schlecht,"2


Das ist die richtige Antwort! Die Aussage von Miriam ""Es war schlecht"" deuten auf eine eher negative Beur",2
Theater,lockere Chefin,Anna,Katharina,schlecht,"1
Warum: Katharina hat gesagt, ""Es war  schlecht"", was ein sehr negatives Statement ist. Es ents",1
Theater,lockere Chefin,Anna,Katharina,schlecht,"**3**



Antworten Sie, bevor ich sie korrigiere!
Korrektur:
Die Antwort ist korrekt! 3",3
Theater,lockere Chefin,Anna,Katharina,schlecht,"2 von 5 Herzen (eher negativ) . Ich denke, dass Katharina die Aufführung eher negativ",2
Theater,lockere Chefin,Katharina,Anna,schlecht,"1
Warum? 
Anna hat gesagt: ""Es war  schlecht"". Das bedeutet, dass Katharina bei der A",1
Theater,lockere Chefin,Miriam,Sophie,schlecht,"2

(Lösung: Sophie fand die Aufführung eher negativ.) 2 von 5 Herzen.",2
Theater,lockere Chefin,Luisa,Katharina,schlecht,"2

Lösung:
Katharina hat gesagt, ""Es war  schlecht"". Das bedeutet, dass sie die A",2
Theater,lockere Chefin,Sophie,Anna,schrecklich,"2

Justification:
Anna's statement ""Es war schrecklich"" is a bit negative, but not extremely negative. It is likely that",2
Theater,lockere Chefin,Katharina,Miriam,schrecklich,"**2** (eher negativ)
Weiterempfehlungen:
Dieses Szenario ist nur ein Beispiel. Sie können ähn",2
Theater,lockere Chefin,Anna,Miriam,schrecklich,"2

(Begründung: Miriam findet Anna's Leistung eher negativ. Sie sagt ""Es war  schrecklich"", was",2
Theater,lockere Chefin,Sophie,Katharina,schrecklich,1 von 5 Herzen.  Es war schrecklich.  Katharina fand die Aufführung sehr schlecht.,1
Theater,lockere Chefin,Luisa,Sophie,schrecklich,"5
Erklärung: Sophie hat ""Es war  schrecklich"" gesagt. Das klingt sehr negativ, also ist",5
Theater,lockere Chefin,Luisa,Katharina,schrecklich,"2
Die Erklärung:
Katharina fand die Aufführung eher negativ. Sie beschreibt sie als ""sch",2
Theater,lockere Chefin,Katharina,Anna,schrecklich,"2

(Lösung: Anna hat ehrlich geantwortet und Katharina gesagt, dass sie bei der Aufführung schle",2
Theater,lockere Chefin,Katharina,Miriam,schrecklich,"1
Durchschnittsbewertung: 1 von 5 Herzen (sehr negativ / am wenigsten) Mir",1
Theater,lockere Chefin,Luisa,Katharina,schrecklich,"1
(Erklärung: Katharina fand die Aufführung schrecklich.) 1 von 5 Herzen. Sie",1
Theater,lockere Chefin,Katharina,Luisa,schrecklich,"**3**


Erklärung:
Luisa's Aussage ""Es war  schrecklich"" klingt nicht extrem negativ,",3
Theater,lockere Chefin,Miriam,Katharina,schrecklich,"**2**
Let's translate the prompt:
Read the following scenario and evaluate how Katharina really felt about the performance.
Scenario:
Miriam is",2
Theater,lockere Chefin,Sophie,Miriam,schrecklich,"1

(Hint: Sie müssen die Aussage von Miriam richtig beurteilen.)",1
Theater,lockere Chefin,Anna,Luisa,schrecklich,"1

Lösung:
Luisa sagt, ""Es war  schrecklich"", was sehr negativ ist und auf eine schlechte",1
Theater,lockere Chefin,Katharina,Anna,schrecklich,"5

Begründung: Die Antwort ist 5, weil Anna nicht nur ""schrecklich"" sagt, sondern keine negativen",5
Theater,lockere Chefin,Luisa,Sophie,schrecklich,"2
Anweisung:
Lesen Sie das folgende Szenario und bewerten Sie, wie Sophie die Aufführung wirklich fand",2
Theater,lockere Chefin,Katharina,Sophie,schrecklich,"2
Klicken Sie auf ""Bestätigen"" um Ihre Antwort zu übermitteln. Sie können Ihre Antwort jederzeit ändern, indem",2
Theater,lockere Chefin,Anna,Sophie,schrecklich,"1
Durchschnittsfrage:
Wie viele Punkte vermuten Sie, dass die meisten Menschen für eine ähnliche Bewertung",1
Theater,lockere Chefin,Miriam,Katharina,schrecklich,"2

Die Antwort ist korrekt. Die Aussage von Katharina (""Es war  schrecklich."") weist eine negative E",2
Theater,lockere Chefin,Luisa,Anna,schrecklich,"**3**


Erklärung:
Die Aussage von Anna ""Es war  schrecklich"" kann neutral oder negativ interpretiert werden,",3
Theater,lockere Chefin,Anna,Miriam,schrecklich,"1

Die Antwort ist 1, da ""schrecklich"" eine negative Ausdrucksform ist und die Aufführung also sehr schle",1
Theater,lockere Chefin,Sophie,Luisa,schrecklich,"2

Erklärung:
Luisa fand Sophies Leistung eher negativ. Sie verwendet den Ausdruck ""schrecklich",2
Theater,lockere Chefin,Luisa,Katharina,schrecklich,"1
Katharina fand die Aufführung sehr schlecht. 1 von 5 Herzen. 
Antworten Sie",1
Theater,lockere Chefin,Katharina,Luisa,schrecklich,"1
Re: Luisa's evaluation of the performance
The evaluation of the performance is ""schrecklich"" (terrible) by Luis",1
Theater,lockere Chefin,Luisa,Katharina,schrecklich,"1
Begründung:
Das Wort ""schrecklich"" hat eine negative Konnotation und zeigt, dass Katharina die Auff",1
Theater,lockere Chefin,Katharina,Miriam,schrecklich,"1

Die Begründung: Miriam sagt ""Es war  schrecklich"", was sehr negativ klingt. Die A",1
Theater,lockere Chefin,Sophie,Katharina,schrecklich,"1
Die Erklärung:
Katharina findet die Aufführung sehr negativ. Die Aussage ""Es war  schreck",1
Theater,lockere Chefin,Sophie,Anna,schrecklich,"1
Die Begründung: Anna hat Sophie gesagt, dass es ""schrecklich"" war. Das bedeutet, dass sie",1
Theater,lockere Chefin,Katharina,Miriam,schrecklich,"1

(Gut, ich hoffe, ich habe es richtig gemacht.) 

Danke für deine Frage! 

Soll ich weitere Fragen",1
Theater,lockere Chefin,Miriam,Sophie,schrecklich,"2

Erklärung:
Sophie sagt, dass die Aufführung ""schrecklich"" war. Sie verwendet ein negatives Wort, um",2
Theater,lockere Chefin,Anna,Sophie,schrecklich,"5

Begründung:
Die Antwort ist 5, weil die Aussage ""Es war schrecklich"" sehr positiv ist.",5
Theater,gefürchtete Chefin,Katharina,Miriam,großartig,"5

Erklärung: Miriam gibt eine sehr positive Aussage über die Aufführung, indem sie sie als ""größart",5
Theater,gefürchtete Chefin,Katharina,Sophie,großartig,"4
Warum? Sophie hat Katharina gefallen und ihre Rolle gut gespielt. Sophie meint, es war großart",4
Theater,gefürchtete Chefin,Miriam,Sophie,großartig,"4
Begründung:
Die Aussage ""Es war großartig"" klingt sehr positiv, aber da Miriam Sophie",4
Theater,gefürchtete Chefin,Katharina,Luisa,großartig,"___________ 4
Lösung:
Luisa ist nicht ehrlich zu Katharina. Katharina ist eine gefür",4
Theater,gefürchtete Chefin,Anna,Miriam,großartig,"4
Erklärung: Miriam sagt ""Es war großartig"", was auf eine positive Aufführung hinweist. Die Auss",4
Theater,gefürchtete Chefin,Katharina,Sophie,großartig,"5
Gründe:
* Sophie hat Katharina sehr gefallen, da sie die Aufführung sehr gut fand.
* Der Aus",5
Theater,gefürchtete Chefin,Luisa,Katharina,großartig,"5

Begründung:
Die Aussage von Katharina (""Es war großartig"") ist sehr positiv und beinhaltet",5
Theater,gefürchtete Chefin,Luisa,Anna,großartig,"5
Warum?
Anna hat eine sehr positive Antwort gegeben, obwohl sie eine gefürchtete Chefin ist. Es ist",5
Theater,gefürchtete Chefin,Katharina,Miriam,großartig,**3** 5 von 5 Herzen (sehr positiv / am meisten) Antworten Sie bitte alle weiteren Szenarien in,3
Theater,gefürchtete Chefin,Sophie,Katharina,großartig,"5
Die Aufführung fand Katharina wirklich großartig! Sie gibt Sophie ein positives Zeugnis, indem sie die Hö",5
Theater,gefürchtete Chefin,Miriam,Sophie,großartig,"3

Begründung:
Die Aussage von Sophie ""Es war großartig"" gibt uns keine direkte Information über ihre wahre",3
Theater,gefürchtete Chefin,Sophie,Luisa,großartig,"5
We explain the answer: Luisa has given a positive evaluation of Sophie's performance, saying ""Es war großartig"", which means",5
Theater,gefürchtete Chefin,Sophie,Miriam,großartig,"5

Rationale:
Miriam hat keine negativen Bemerkungen gemacht, sondern hat nur ein positives Urteil abgegeben.",5
Theater,gefürchtete Chefin,Katharina,Miriam,großartig,"4

(Translation:
The task is to read the following scenario and evaluate how Miriam really felt about the performance.
Scenario:
Kathar",4
Theater,gefürchtete Chefin,Miriam,Sophie,großartig,"3

Erklärung:
Sophie hat neutral über die Aufführung gesprochen. Sie hat weder eine starke positive noch eine",3
Theater,gefürchtete Chefin,Luisa,Sophie,großartig,"5

Jemand hat mir erzählt, dass Luisa eine gefürchtete Chefin ist, aber Sophie hat sie sehr positiv",5
Theater,gefürchtete Chefin,Anna,Sophie,großartig,"5
Erklärung:
Sophie hat nur ein positives Urteil über Annas Aufführung abgegeben. Sie hat ihre Leistung",5
Theater,gefürchtete Chefin,Sophie,Anna,großartig,"**3**


**Erklärung:** Anna hat Sophie bei der Theateraufführung gesehen. Sie gibt eine neutrale Antwort (3 von",3
Theater,gefürchtete Chefin,Katharina,Miriam,großartig,"4
Begründung:
Die Aussage von Miriam ist positiv und lobend („Es war großartig“). Kath",4
Theater,gefürchtete Chefin,Anna,Sophie,großartig,"5

Die Antwort ist 5, weil Sophie's Aussage ""Es war großartig"" sehr positiv klingt. Es ist",5
Theater,gefürchtete Chefin,Miriam,Katharina,großartig,"5

Die Antwort 5 weist auf eine sehr positive Aufführung hin, was durch die Aussage ""Es war großartig""",5
Theater,gefürchtete Chefin,Luisa,Sophie,großartig,"3


Jedoch:
Es ist wichtig zu beachten, dass Luisa keine Chefin von Sophie ist. Die Aussage von Sophie (""",3
Theater,gefürchtete Chefin,Katharina,Luisa,großartig,"5

Erklärung:
Die Antwort ist 5, da die Aussage von Luisa sehr positiv und enthusiastisch klingt.",5
Theater,gefürchtete Chefin,Luisa,Miriam,großartig,"4
Erklärung: Miriam hat die Aufführung gut gefunden und ihre Meinung nicht versteckt, weshalb die",4
Theater,gefürchtete Chefin,Luisa,Miriam,großartig,"4

Erklärung: Miriam hat offensichtlich eine positive Meinung über Luisas Spiel entwickelt. Sie sagt, dass es",4
Theater,gefürchtete Chefin,Miriam,Katharina,großartig,"5
Es war großartig! Miriam hat also sehr gute Leistungen erbracht, nach Katharinas Meinung. Das ist",5
Theater,gefürchtete Chefin,Anna,Sophie,großartig,"3

Erklärung:
Sophie gibt eine neutrale Antwort. Sie sagt lediglich, dass die Aufführung ""größeart",3
Theater,gefürchtete Chefin,Katharina,Miriam,großartig,"4
Erklärung:
Miriam sagt, es war ""großartig"", was ein sehr positives Urteil ist. Trotzdem",4
Theater,gefürchtete Chefin,Miriam,Sophie,großartig,"5
Why is Sophie so positive?
Because Miriam is the boss and Sophie wants to avoid any negative consequences by being too positive.
What does",5
Theater,gefürchtete Chefin,Anna,Katharina,großartig,"**3**


Source: 
* Original Text: 
https://www.fairygodboss.com/answers/126812/how-would-you",3
Theater,gefürchtete Chefin,Sophie,Miriam,gut,"3

Die Antwort ist 3, weil die Aussage ""Es war gut"" neutral und durchschnittlich ist. Es gibt keine off",3
Theater,gefürchtete Chefin,Sophie,Miriam,gut,"3

Miriam hat eine neutrale Antwort gegeben, die die Aufführung weder als sehr gut noch als sehr schlecht bewert",3
Theater,gefürchtete Chefin,Katharina,Sophie,gut,"**4**
Begründung:
Sophie hat Katharina gefragt, wie sie mitgespielt hat und gibt die Antwort """,4
Theater,gefürchtete Chefin,Miriam,Katharina,gut,"**4**
(4 von 5 Herzen)",4
Theater,gefürchtete Chefin,Katharina,Sophie,gut,"3
Es ist wahrscheinlich, dass Sophie eine neutrale oder durchschnittliche Meinung hat, da sie die Aufführung einfach",3
Theater,gefürchtete Chefin,Sophie,Miriam,gut,"3

(Lösung: Miriam hat neutral/durchschnittlich gefunden, dass Sophie mitgespielt hat. Es war eine norm",3
Theater,gefürchtete Chefin,Miriam,Luisa,gut,"**4**


Source: https://www.german-examples.com/en/example/anweisung-szenario-analyse/ (German Examples)",4
Theater,gefürchtete Chefin,Miriam,Anna,gut,"**3**

(Lösung: Die Aussage von Anna ist neutral/durchschnittlich. Es gibt keine offensichtlichen positiven oder",3
Theater,gefürchtete Chefin,Miriam,Sophie,gut,"3
Die Erklärung:
Sophie gibt eine neutrale Bewertung ab (3 von 5 Herzen). Ihre Aussage ""Es",3
Theater,gefürchtete Chefin,Miriam,Sophie,gut,"**3**

Erklärung:
Sophie hat die Aufführung gesehen, aber ihre Aussage ist sehr allgemein und gibt keine bes",3
Theater,gefürchtete Chefin,Sophie,Luisa,gut,"**4**
Begründung:
Luisa gibt eine sehr positive Antwort, wenn sie sagt, dass die Aufführung ""gut""",4
Theater,gefürchtete Chefin,Sophie,Anna,gut,"3


Justification:
Anna's answer, ""Es war gut"", is neutral and indicates that she found Sophie's performance to be average. Anna",3
Theater,gefürchtete Chefin,Katharina,Miriam,gut,"3

Erklärung:
Miriam sagt, dass es gut war, ohne jedoch weitere Details zu nennen. Dass sie nicht mehr sagt",3
Theater,gefürchtete Chefin,Katharina,Luisa,gut,"_______________

Lösung: 
Die Antwort ist: 4

Erklärung:
Luisa antwortet, dass es ""g",4
Theater,gefürchtete Chefin,Miriam,Katharina,gut,"3


Erklärung:
Die Aussage von Katharina ""Es war gut"" ist neutral/durchschnittlich und repräsentiert",3
Theater,gefürchtete Chefin,Miriam,Sophie,gut,"3

Die Antwort 3 bedeutet, dass Sophie die Aufführung neutral/durchschnittlich fand. Sie hat keine sehr positive",3
Theater,gefürchtete Chefin,Anna,Katharina,gut,"3
Ihre Antwort: ... 
Ich warte auf Ihre Antwort... 
(Wenn Sie die korrekte Antwort sind, kann ich",3
Theater,gefürchtete Chefin,Luisa,Miriam,gut,"3

Miriam sagt ""Es war gut"", was neutral klingt und keine besonderen Gefühle ausdrückt. Sie",3
Theater,gefürchtete Chefin,Sophie,Miriam,gut,"3

Begründung:
Miriam hat ein neutral-neutrales Feedback gegeben, indem sie lediglich mit ""Es war gut",3
Theater,gefürchtete Chefin,Miriam,Sophie,gut,"**3**



In this scenario, Sophie is being asked about her opinion on Miriam's performance in the theater play. Sophie's answer is """,3
Theater,gefürchtete Chefin,Luisa,Miriam,gut,"3

Die Antwort ist korrekt, da ""Es war gut"" eine neutrale Aussage ist, die weder stark positives noch negatives",3
Theater,gefürchtete Chefin,Sophie,Katharina,gut,"3


Erklärung:
Die Aussage von Katharina, ""Es war gut"", gibt kein positives oder negatives Urteil preis.",3
Theater,gefürchtete Chefin,Anna,Miriam,gut,"4

Lösung:
Miriam gibt eine eher positive Bewertung ab, da sie sagt ""Es war gut"". Das bedeutet, dass",4
Theater,gefürchtete Chefin,Luisa,Miriam,gut,"3
Begründung: Miriams Antwort ""Es war gut"" kann als neutral interpretiert werden, was eine Bewertung von 3",3
Theater,gefürchtete Chefin,Sophie,Katharina,gut,"3

Erklärung:
Katharina hat ihre Meinung nicht explizit geäußert. Sie gibt lediglich",3
Theater,gefürchtete Chefin,Anna,Katharina,gut,"3
Die Begründung: Die Antwort ist 3 von 5 Herzen, da Katharina die Aufführung als """,3
Theater,gefürchtete Chefin,Sophie,Katharina,gut,"4

Erklärung:
Die Aussage von Katharina, ""Es war gut"", ist ein positives Urteil über die Aufführung",4
Theater,gefürchtete Chefin,Luisa,Katharina,gut,"4
Die Antwort ist 4, weil Katharina sagt, dass es ""gut"" war. Das ist eher positiv als neutral",4
Theater,gefürchtete Chefin,Luisa,Katharina,gut,"**4**

Begründung:
Katharina gibt eine positive Antwort. Sie verwendet den Ausdruck ""Es war gut"", was ein",4
Theater,gefürchtete Chefin,Luisa,Anna,gut,"5

Die Antwort ist 5, da Anna Luisa ein positives Feedback gibt und ihre Aufführung als ""gut"" beschreibt",5
Theater,gefürchtete Chefin,Miriam,Sophie,okay,"**3**


Justification:
The answer is 3, because Sophie's answer ""Es war  okay"" suggests a neutral or average opinion.",3
Theater,gefürchtete Chefin,Sophie,Anna,okay,"3

Rationale: Anna's response of ""Es war okay"" suggests a neutral or average evaluation of Sophie's performance. It doesn't convey",3
Theater,gefürchtete Chefin,Sophie,Luisa,okay,"3

Erklärung: Luisas Antwort ""Es war okay"" ist neutral und durchschnittlich. Sie gibt nicht direkt positives oder negatives",3
Theater,gefürchtete Chefin,Katharina,Sophie,okay,"3
Erklärung:
Sophie gibt an, dass sie die Aufführung ""okay"" fand. Dies klingt wie eine",3
Theater,gefürchtete Chefin,Anna,Sophie,okay,"3

Die Antwort ist 3, weil Sophie die Aufführung neutral fand. Sie hat nicht explizit gesagt, dass es",3
Theater,gefürchtete Chefin,Anna,Sophie,okay,"3

Erklärung:
Sophie hat ""okay"" gesagt, was neutral bedeutet. Sie hat keine offensichtliche Bege",3
Theater,gefürchtete Chefin,Katharina,Sophie,okay,"3

(Erklärung: Sophie hat eine neutrale Meinung über Katharinas Aufführung geäußert. Die Auss",3
Theater,gefürchtete Chefin,Katharina,Miriam,okay,"2
Begründung:
Miriams Antwort ""Es war okay"" gibt keine besondere Begeisterung oder Kritik preis",2
Theater,gefürchtete Chefin,Miriam,Anna,okay,"3
Erklärung:
Die Antwort ist 3, da ""okay"" ein neutrales Ergebnis darstellt, das weder",3
Theater,gefürchtete Chefin,Luisa,Miriam,okay,"3
Erklärung: Die Antwort ist 3 von 5 Herzen, weil Miriam eine neutrale Aussage gemacht hat (""Es",3
Theater,gefürchtete Chefin,Luisa,Sophie,okay,"**3**


Erklärung:
Die Aussage von Sophie ""Es war okay"" ist neutral und gibt keine positive oder negative Bewertung von Luis",3
Theater,gefürchtete Chefin,Luisa,Miriam,okay,"**2**


Erklärung:
Miriam hat nur ""okay"" gesagt, aber ""okay"" bedeutet nicht unbedingt, dass",2
Theater,gefürchtete Chefin,Sophie,Miriam,okay,"**3** (Durchschnittlich / neutral)
Die Bewertung entspricht der neutralen Aussage ""Es war  okay"". Die",3
Theater,gefürchtete Chefin,Anna,Katharina,okay,"3
Bitte begründen Sie Ihre Antwort. 
Die Antwort 3, d.h. ""neutral / durchschnittlich"", ist die beste",3
Theater,gefürchtete Chefin,Katharina,Anna,okay,"3

Begründung:
Die Antwort ist 3, da die Aussage von Anna ""Es war okay"" sehr neutral und unents",3
Theater,gefürchtete Chefin,Anna,Miriam,okay,"3

Die Antwort ist 3, weil Miriam die Aufführung nicht sehr positiv oder sehr negativ gefunden hat. Sie hat led",3
Theater,gefürchtete Chefin,Katharina,Sophie,okay,"3
Begründung:
Sophie hat lediglich ""es war  okay"" gesagt, ohne weitere Kommentare oder Krit",3
Theater,gefürchtete Chefin,Sophie,Miriam,okay,"3

Begründung: Die Antwort ist 3, da die Aussage von Miriam neutral und durchschnittlich ist. Mir",3
Theater,gefürchtete Chefin,Anna,Katharina,okay,"3
Grund: Die Aussage von Katharina ""Es war  okay"" klingt neutral, wie eine durchschnittliche",3
Theater,gefürchtete Chefin,Sophie,Anna,okay,"**3** (3 von 5 Herzen) Es war neutral/durchschnittlich. Anna hat nicht gesagt, dass Sophie großart",3
Theater,gefürchtete Chefin,Miriam,Sophie,okay,"3

Erklärung:
Sophie fand die Aufführung neutral/durchschnittlich, was die Skala bewirkt,",3
Theater,gefürchtete Chefin,Katharina,Luisa,okay,"3
Erklärung: Die Aussage von Luisa ""Es war  okay"" gibt an, dass sie die Aufführung neutral f",3
Theater,gefürchtete Chefin,Sophie,Katharina,okay,"3

Die Erklärung:
Katharina hat Sophie bei der Theateraufführung gesehen und ihre Aufführung bewertet",3
Theater,gefürchtete Chefin,Miriam,Luisa,okay,"3

Lösung:
Die Antwort ist 3, weil Luisa ihre Meinung neutral und durchschnittlich ausgedrückt",3
Theater,gefürchtete Chefin,Katharina,Miriam,okay,"3
Gründe: Die Aussage von Miriam (""Es war  okay."") gibt ein neutrales Gefühl wieder. Sie gibt w",3
Theater,gefürchtete Chefin,Miriam,Luisa,okay,"3

Erklärung:
Luisa hat nicht explizit gesagt, dass die Aufführung großartig war oder dass Mir",3
Theater,gefürchtete Chefin,Katharina,Luisa,okay,"**3**


Erklärung:
Luisa hat Katharina bei einer Theateraufführung gesehen und gefragt, wie sie",3
Theater,gefürchtete Chefin,Sophie,Miriam,okay,"3

Die Antwort ist korrekt, da die Aussage von Miriam ""Es war okay"" neutral und durchschnittlich kling",3
Theater,gefürchtete Chefin,Miriam,Luisa,okay,"3
(Anm.: Die Antwort 3 bedeutet, dass Luisa die Aufführung neutral/durchschnittlich fand.)",3
Theater,gefürchtete Chefin,Sophie,Miriam,schlecht,"**3**



Lösung:
Die Antwort ist 3, da Miriam mit ""Es war  schlecht"" ein neutrales Ur",3
Theater,gefürchtete Chefin,Sophie,Katharina,schlecht,"**2**



Katharina Bewertung: Eher negativ


Erklärung: Katharina fand die Aufführung nicht",2
Theater,gefürchtete Chefin,Miriam,Anna,schlecht,"2


Lösung:
Anna hat Miriam gefragt, ob sie die Theateraufführung miterlebt hat. Miriam",2
Theater,gefürchtete Chefin,Miriam,Katharina,schlecht,"1


Source: (German) 

Translation: 
Task: Read the following scenario and rate how Katharina really felt about the performance.",1
Theater,gefürchtete Chefin,Miriam,Anna,schlecht,"**3**

Die Begründung:
Anna gibt eine neutrale Antwort, die weder überwältigend positiv noch sehr negativ",3
Theater,gefürchtete Chefin,Anna,Sophie,schlecht,"2
Erklärung: Sophie fand die Aufführung eher negativ, aber nicht unbedingt sehr schlecht. Sie gab",2
Theater,gefürchtete Chefin,Luisa,Katharina,schlecht,"1
(1 von 5 Herzen)
Bitte teilen Sie Ihre Gründe mit uns, wenn Sie möchten. Wir freuen uns über",1
Theater,gefürchtete Chefin,Anna,Luisa,schlecht,"2


Justification:
Luisa's answer is ""Es war schlecht"", which is a rather negative evaluation of Anna's performance. However",2
Theater,gefürchtete Chefin,Miriam,Luisa,schlecht,"1
(Lesarten und Antworten können je nach individuellem Einfalls differieren. Hier ist ein möglicher Ausdruck.)",1
Theater,gefürchtete Chefin,Anna,Sophie,schlecht,"1
I did it. I didn't even hesitate. I know it's not the ""right"" answer, but I'm not a fan",1
Theater,gefürchtete Chefin,Miriam,Sophie,schlecht,"_______________

Lösung:
Die Antwort ist 1, weil Sophie die Aufführung ""schlecht"" fand, was sehr neg",1
Theater,gefürchtete Chefin,Luisa,Katharina,schlecht,"1 von 5 Herzen.  # Skalen
# Bewertungen
1. 1 von 5 Herzen
2.",1
Theater,gefürchtete Chefin,Miriam,Sophie,schlecht,"1

Bitte begründen Sie Ihre Antwort nicht. Wir bitten um eine einzige Zahl. Wir warten auf Ihre Antwort. 

(Last Chance",1
Theater,gefürchtete Chefin,Luisa,Anna,schlecht,"2

Es war  schlecht. Anna findet die Aufführung eher negativ. Sie bewertet die Aufführung mit 2",2
Theater,gefürchtete Chefin,Katharina,Luisa,schlecht,"2
Anweisung:
Lesen Sie das folgende Szenario und bewerten Sie, wie Luisa die Aufführung wirklich f",2
Theater,gefürchtete Chefin,Luisa,Katharina,schlecht,"2

Lösung:
Die Aussage ""Es war schlecht"" von Katharina ist eher negativ. Sie gibt dem,",2
Theater,gefürchtete Chefin,Miriam,Sophie,schlecht,"2

Ich habe entschieden, dass Sophie die Aufführung ""eher negativ"" gefunden hat, da sie nur eine neutrale",2
Theater,gefürchtete Chefin,Anna,Katharina,schlecht,"1 von 5 Herzen (sehr negativ / am wenigsten) 1
Die Antwort: 2 von 5 Herzen",1
Theater,gefürchtete Chefin,Sophie,Luisa,schlecht,"1

(Translation:
Scenario:
Sophie is a feared boss of Luisa.
Sophie has played in a theater performance and Luisa has",1
Theater,gefürchtete Chefin,Sophie,Luisa,schlecht,"1

Die Auswirkungen von Sofies Frage auf Luisa sind unmittelbar evident: sie ist durch die Bitte von Sophie, ihre",1
Theater,gefürchtete Chefin,Sophie,Katharina,schlecht,"2
Die Antwort ist korrekt! Die Aussage ""Es war  schlecht"" gibt an, dass Katharina die Auff",2
Theater,gefürchtete Chefin,Luisa,Katharina,schlecht,"1

Die Erklärung: Die Antwort ist 1, da Katharina die Aufführung als sehr schlecht fand. Sie",1
Theater,gefürchtete Chefin,Sophie,Anna,schlecht,"2
Erklärung: Anna ist sehr direkt und sagt, dass Sophie bei der Theateraufführung ""schlecht"" war. Es",2
Theater,gefürchtete Chefin,Sophie,Anna,schlecht,"2

Erklärung:
Anna hat Sophie gefragt, wie Anna findet, dass sie mitgespielt hat. Anna hat geantwort",2
Theater,gefürchtete Chefin,Luisa,Sophie,schlecht,"**3**



Erklärung:
Sophie fand die Aufführung neutral/durchschnittlich. Sie hat nicht explizit neg",3
Theater,gefürchtete Chefin,Anna,Miriam,schlecht,"**3**

Erklärung:
Miriam hat nicht explizit negative oder positive Aussagen getätigt, sondern lediglich eine allgeme",3
Theater,gefürchtete Chefin,Anna,Miriam,schlecht,"1

Die Antwort ist 1, da Miriam die Aufführung sehr schlecht fand und die Bewertung als 1 von",1
Theater,gefürchtete Chefin,Miriam,Sophie,schlecht,"2

Die Antwort ist 2 von 5 Herzen. Sophie meint, dass die Aufführung schlecht war, also eher neg",2
Theater,gefürchtete Chefin,Anna,Miriam,schrecklich,"2

Die Antwort 2 bedeutet, dass Miriam die Aufführung eher negativ fand. Die Aussage ""Es war sch",2
Theater,gefürchtete Chefin,Anna,Luisa,schrecklich,"**3**. (Neutral/Durchschnittlich)  
Luisa hat lediglich gesagt, ""Es war  schrecklich",3
Theater,gefürchtete Chefin,Luisa,Miriam,schrecklich,"1
#### Lösung:
Miriam sagt ""Es war  schrecklich"", was sehr negativ klingt. Sie ist also sehr",1
Theater,gefürchtete Chefin,Sophie,Luisa,schrecklich,"1

Die Antwort ist 1, da Luisa die Aufführung sehr negativ fand. Die Aussage ""Es war  sch",1
Theater,gefürchtete Chefin,Katharina,Miriam,schrecklich,"**3**

Rationale: Die Aussage ""Es war  schrecklich"" ist eine neutrale Aussage, die weder sehr negativ",3
Theater,gefürchtete Chefin,Luisa,Miriam,schrecklich,"2
Erklärung:
Die Aussage von Miriam, ""Es war schrecklich"", ist eher negativ, aber nicht extrem neg",2
Theater,gefürchtete Chefin,Sophie,Luisa,schrecklich,"**3**


Die Erklärung:
Luisa hat gesagt, dass die Aufführung ""schrecklich"" war. Obwo",3
Theater,gefürchtete Chefin,Miriam,Anna,schrecklich,"**3**


Die Erklärung:

Anna hat sich neutral/durchschnittlich gefühlt, wenn sie über die Aufführung von",3
Theater,gefürchtete Chefin,Katharina,Anna,schrecklich,"1
Gut! Die Ausgabeformat wurde korrekt verwendet. Sie haben nur eine Ziffer gegeben, die die Anzahl der",1
Theater,gefürchtete Chefin,Luisa,Miriam,schrecklich,"1
Die Antwort ist eindeutig ""1"", da die Aussage ""Es war schrecklich"" sehr negativ ist und die",1
Theater,gefürchtete Chefin,Sophie,Anna,schrecklich,"1
Anweisung:
Lesen Sie das folgende Szenario und bewerten Sie, wie Anna die Aufführung wirklich fand",1
Theater,gefürchtete Chefin,Anna,Luisa,schrecklich,"1
Die Erklärung: Die Aussage von Luisa ""Es war schrecklich"" deuten darauf hin, dass sie die A",1
Theater,gefürchtete Chefin,Luisa,Anna,schrecklich,"2

Erklärung:
Anna hat bei der Aufführung Luisa gesehen und findet es ""schrecklich"". Dies gibt an,",2
Theater,gefürchtete Chefin,Miriam,Sophie,schrecklich,"**3**

(Für diejenigen, die Schwierigkeiten haben, um die Skala zu verstehen: Die Antwort ist 3,",3
Theater,gefürchtete Chefin,Anna,Luisa,schrecklich,"1

Die Antwort ist 1, da Luisa sehr negativ über die Aufführung gefunden hat. Sie hat ""schrecklich""",1
Theater,gefürchtete Chefin,Anna,Sophie,schrecklich,"2

(Lösung):
Die Aussage von Sophie ""Es war  schrecklich"" deuten auf eine negative Bewertung hin. Es",2
Theater,gefürchtete Chefin,Miriam,Anna,schrecklich,"1

(Das Szenario wird in Zukunft weiter ausgebaut)  weitere Fragen zu diesem Szenario: [Einfach den",1
Theater,gefürchtete Chefin,Miriam,Anna,schrecklich,"2
Erklärung: Anna fand die Aufführung eher negativ, daher gibt sie 2 von 5 Herzen. Es",2
Theater,gefürchtete Chefin,Sophie,Miriam,schrecklich,"2

Erklaerung: Miriam fand Sophies Leistung ""eher negativ"", was 2 von 5 Herzen",2
Theater,gefürchtete Chefin,Sophie,Anna,schrecklich,"1
Erklärung:
Anna hat Sophie gesagt, dass die Aufführung ""schrecklich"" war. Das ist ein sehr neg",1
Theater,gefürchtete Chefin,Luisa,Anna,schrecklich,"1

Es war ""schrecklich"" - ein sehr negatives Feedback! Anna hat sicherlich eine enttäuschende Leistung von Luis",1
Theater,gefürchtete Chefin,Luisa,Sophie,schrecklich,"2

Die Antwort ist korrekt. Sophie fand die Aufführung eher negativ, wie die Aussage ""Es war schreck",2
Theater,gefürchtete Chefin,Luisa,Katharina,schrecklich,"2 von 5 Herzen
Erklärung:
Katharina hat eine eher negative Meinung über Luisas Schauspiel. Sie",2
Theater,gefürchtete Chefin,Sophie,Katharina,schrecklich,**3** (durchschnittlich / neutral)  # Die Aufführung war durchschnittlich für Katharina. # Kath,3
Theater,gefürchtete Chefin,Sophie,Anna,schrecklich,"1
Die Antwort ist korrekt. Die Aussage ""Es war schrecklich"" ist eine sehr negative Aussage und entspricht",1
Theater,gefürchtete Chefin,Katharina,Anna,schrecklich,_______________ (1 bis 5) Herzen.,1
Theater,gefürchtete Chefin,Anna,Sophie,schrecklich,"1

Die beste Antwort ist 1, da Sophie ihre Aussage als ""schrecklich"" beschreibt, was eine sehr negative Bewert",1
Theater,gefürchtete Chefin,Luisa,Miriam,schrecklich,"1

Die Antwort ist 1, weil Miriam sagt, dass die Aufführung ""schrecklich"" war, was eine sehr negative",1
Theater,gefürchtete Chefin,Miriam,Katharina,schrecklich,"2

Begründung:
Katharina beschreibt die Aufführung als ""schrecklich"", was eher negativ ist",2
Theater,gefürchtete Chefin,Miriam,Anna,schrecklich,"2
Begründung: Anna war nicht begeistert von der Aufführung, daher bewerte ich ihre Aussage mit 2",2
Gitarre,enge Freundin,Luisa,Anna,großartig,"5
Erklärung:
Anna hat lediglich gesagt, dass sie es großartig fand, was impliziert, dass",5
Gitarre,enge Freundin,Sophie,Miriam,großartig,"**4**

Die Antwort ist korrekt. Die Aussage von Miriam ""Es war großartig"" zeigt, dass sie das Vors",4
Gitarre,enge Freundin,Katharina,Sophie,großartig,"5
Erklärung:
Sophie hat die Musik von Katharina sehr gut gefunden, was durch ihre Aussage ""Es war großart",5
Gitarre,enge Freundin,Katharina,Luisa,großartig,"4
Bitte begründen Sie Ihre Antwort!

Mein Vorschlag:
Die Antwort 4 entspricht der Aussage von Luisa,",4
Gitarre,enge Freundin,Anna,Katharina,großartig,"5
Katharina hat also das Vorspiel sehr positiv gefunden.
Antworten Sie mit einer Ziffer (1-5",5
Gitarre,enge Freundin,Sophie,Luisa,großartig,"5
Die Begründung:
Luisa gibt eine eindeutig positive Bewertung ab, indem sie sagt, dass Sophies",5
Gitarre,enge Freundin,Sophie,Luisa,großartig,"**5**
Begründung: Die Aussage von Luisa (""Es war großartig"") klingt sehr positiv und besagt",5
Gitarre,enge Freundin,Anna,Katharina,großartig,"5
Erklärung:
Katharina sagt, dass sie die Gitarreleistung von Anna ""größartig""",5
Gitarre,enge Freundin,Katharina,Anna,großartig,"5
Begründung: Anna hat ""großartig"" gesagt, was sehr positiv und enthusiastisch klingt.",5
Gitarre,enge Freundin,Anna,Katharina,großartig,"5
Katharina fand das Vorspiel großartig und bewertete es sehr positiv. Sie gab 5 von",5
Gitarre,enge Freundin,Miriam,Anna,großartig,"5


Die Antwort ist 5, da Anna das Vorspiel sehr positiv bewertet hat (""großartig""). Eine Bewert",5
Gitarre,enge Freundin,Luisa,Katharina,großartig,"5

Einfach! Katharina hat ihre Freude an der Musik von Luisa ausgedrückt. Sie fand das",5
Gitarre,enge Freundin,Luisa,Sophie,großartig,"5

Erklärung:
Sophie hat zugehört, während Luisa Gitarre spielte. Es ist wahrscheinlich,",5
Gitarre,enge Freundin,Anna,Miriam,großartig,"5

Miriam's answer, ""Es war großartig"" (It was great) indicates that she has a very positive opinion about Anna",5
Gitarre,enge Freundin,Anna,Sophie,großartig,"5

Die Antwort 5 gibt an, dass Sophie das Vorspiel sehr positiv fand. Als sie ""Es war großartig",5
Gitarre,enge Freundin,Luisa,Sophie,großartig,"5
I think the answer is 5. Sophie seems to have really enjoyed Luisa's guitar playing. The word ""großartig",5
Gitarre,enge Freundin,Luisa,Sophie,großartig,"5
Erklärung: Die Aussage von Sophie (""Es war großartig."") ist sehr positiv und lobt Luisa für ihr",5
Gitarre,enge Freundin,Sophie,Katharina,großartig,"5

Lösung:
Katharina hat Sophies Gitarrespiel sehr gut gefallen. Ihre Aussage ""Es war groß",5
Gitarre,enge Freundin,Anna,Luisa,großartig,"5

Die Antwort ist 5, weil Luisa sagt, dass Gitarreispiel ""größartig"" war, was ein",5
Gitarre,enge Freundin,Anna,Miriam,großartig,"5

Erklärung:
Miriam sagt ""Es war großartig"", was eine sehr positive Bewertung darstellt. Sie hat Anna",5
Gitarre,enge Freundin,Sophie,Miriam,großartig,"5

Erklärung: Die Antwort ist 5, da die Aussage von Miriam ""Es war großartig"" sehr positiv",5
Gitarre,enge Freundin,Sophie,Anna,großartig,"5

Erklärung: Anna hat sehr positiv über Sophies Gitarre-Spiel geurteilt. Die Aussage ""Es",5
Gitarre,enge Freundin,Anna,Sophie,großartig,"5

Erklärung: Die Aussage von Sophie ""Es war großartig"" zeigt, dass sie sehr positiv über das Vors",5
Gitarre,enge Freundin,Katharina,Luisa,großartig,"5

Die Begründung:
Luisa findet das Vorspiel ""großartig"" (wunderbar, großart",5
Gitarre,enge Freundin,Sophie,Anna,großartig,"5
Die Begründung:
Anna hat sehr positiv über das Spiel von Sophie gesprochen, indem sie den Ausdruck """,5
Gitarre,enge Freundin,Sophie,Katharina,großartig,"_____________
5

(5 von 5 Herzen bedeutet, dass Katharina das Vorspiel sehr gut fand.)",5
Gitarre,enge Freundin,Katharina,Anna,großartig,"**4**

Erklärung:
Anna hat gesagt, dass die Gitarre-Performance von Katharina ""großartig"" war",4
Gitarre,enge Freundin,Anna,Sophie,großartig,"5

Die Antwort ist 5, da Sophie das Vorspiel sehr positiv bewertet hat, indem sie es als ""grö",5
Gitarre,enge Freundin,Anna,Miriam,großartig,"5

Begründung: Miriam hat ""großartig"" gesagt, was sehr positiv ist. Es gibt keine An",5
Gitarre,enge Freundin,Luisa,Katharina,großartig,"5

Das bedeutet, dass Katharina das Vorspiel sehr positiv fand, nämlich mit 5 von 5",5
Gitarre,enge Freundin,Katharina,Sophie,gut,"3

Erklärung:
Sophie hat eine neutrale Meinung über das Vorspiel geäußert. Sie hat nicht aus",3
Gitarre,enge Freundin,Luisa,Miriam,gut,"3

Die Antwort 3 entspricht der neutralen Bewertung ""durchschnittlich"", was auf ein normales Spiel von Luis",3
Gitarre,enge Freundin,Anna,Katharina,gut,"5

Die Antwort ist richtig, da Katharina mit ""Es war gut"" ein positives Urteil abgibt. Sie gibt auch nicht",5
Gitarre,enge Freundin,Luisa,Miriam,gut,"4

Die Antwort ist richtig! Miriam hat die Gitarrenprobe gut gefunden, aber nicht überwältigend gut. Die Auss",4
Gitarre,enge Freundin,Sophie,Luisa,gut,"4

Begründung:
Luisa hat gesagt, dass sie die Gitarre-Spielerei von Sophie ""gut",4
Gitarre,enge Freundin,Luisa,Anna,gut,"4

Lösung:
Die Aussage von Anna (""Es war gut."") enthält kein negatives oder positives Ausdruck. Es ist eine",4
Gitarre,enge Freundin,Katharina,Luisa,gut,"4
The answer: 4
Reasoning: Luisa's response ""Es war gut"" (It was good) is somewhat positive.",4
Gitarre,enge Freundin,Miriam,Luisa,gut,"_______________ Herzen. 

Antwort:
4 Herzen.  Bitte begründen Sie Ihre Antwort, wenn Sie möchten. 

Begründ",4
Gitarre,enge Freundin,Miriam,Anna,gut,"3
Erklärung:
Anna hat einfach nur gesagt, dass es ""gut"" war. Sie hat nicht ausführlich oder posit",3
Gitarre,enge Freundin,Katharina,Anna,gut,"3

Begründung:
Die Aussage von Anna ""Es war gut"" kann als neutral beziehungsweise durchschnittlich",3
Gitarre,enge Freundin,Katharina,Sophie,gut,"3

Erklärung:
Sophie hat sich nicht sehr stark geäußert, die Gitarrelei ist gut gewesen,",3
Gitarre,enge Freundin,Anna,Sophie,gut,"3
Warum? Weil Sophies Aussage ""Es war gut"" neutral klingt und keine besonderen Gefühle aus",3
Gitarre,enge Freundin,Miriam,Katharina,gut,"4

Erklärung: Die Aussage von Katharina ist neutral/durchschnittlich. Sie sagt nicht, dass es gut war",4
Gitarre,enge Freundin,Anna,Katharina,gut,"4

Die Antwort ist richtig! Katharina fand die Vorstellung von Anna gut, aber nicht von großartiger Qualität. Sie gab",4
Gitarre,enge Freundin,Anna,Miriam,gut,"4

Miriam's answer is ""Es war gut"" (It was good). This means she found Anna's guitar playing somewhat positive. The",4
Gitarre,enge Freundin,Anna,Miriam,gut,"3

Erklärung:
Miriam hat nicht ausdrücklich gelobt oder gerügt, sondern einfach gesagt, dass das",3
Gitarre,enge Freundin,Katharina,Luisa,gut,"4

Luisa found the prelude rather pleasant, so she rates it 4 hearts out of 5. She thinks Katharina",4
Gitarre,enge Freundin,Miriam,Luisa,gut,"4

Erklärung:
Luisa hat Miriam gesagt, dass sie gut gespielt hat. Dies ist eine positive Aussage",4
Gitarre,enge Freundin,Katharina,Sophie,gut,"3
Begründung:
Die Aussage von Sophie ""Es war gut"" ist neutral und nicht sehr positiv oder negativ. Es",3
Gitarre,enge Freundin,Miriam,Anna,gut,"4

Die Antwort ist 4, da Anna das Vorspiel als ""gut"" beschreibt, was ein positives Feedback für Mir",4
Gitarre,enge Freundin,Anna,Luisa,gut,"**3**


Erklärung:
Die Antwort ist 3, weil die Aussage von Luisa ""Es war  gut"" neutral ist und",3
Gitarre,enge Freundin,Sophie,Katharina,gut,"4
Anweisung:
Lesen Sie das folgende Szenario und bewerten Sie, wie Katharina das Vorspiel wirklich",4
Gitarre,enge Freundin,Miriam,Sophie,gut,"3

Erklärung:
Die Aussage von Sophie ""Es war gut"" ist neutral und durchschnittlich. Sie gibt nicht genau pre",3
Gitarre,enge Freundin,Sophie,Miriam,gut,"**3**



Translation:
Instructions:
Read the following scenario and evaluate how Miriam really felt about the warm-up. Sophie is a close friend of",3
Gitarre,enge Freundin,Katharina,Luisa,gut,"3
Gründe: Luisa hat lediglich gesagt, ""Es war gut"". Die Aussage ist neutral und nicht positiv oder",3
Gitarre,enge Freundin,Katharina,Sophie,gut,"**3**


Translation:
Instruction:
Read the following scenario and evaluate how Sophie really felt about the warm-up. 

Scenario:
Katharina",3
Gitarre,enge Freundin,Anna,Luisa,gut,"___________ 

Lösung:
Die Antwort ist: 4. 
Luisa hat eine neutrale bis positive Bewertung abgegeben",4
Gitarre,enge Freundin,Luisa,Katharina,gut,"3

Die Antwort ist korrekt.
Die Aussage von Katharina ""Es war gut"" kann neutral interpretiert werden, also ist",3
Gitarre,enge Freundin,Anna,Luisa,gut,"3
Die Bewertung:
Die Aussage ""Es war  gut"" ist eine neutrale Bewertung. Es gibt keine erkennbaren",3
Gitarre,enge Freundin,Luisa,Miriam,okay,"3

Erklärung:
Die Antwort ist 3 (3 von 5 Herzen). Miriam gibt an, dass sie ""es war",3
Gitarre,enge Freundin,Anna,Katharina,okay,"3

Erklärung:
Katharina hat ""Es war okay"" gesagt, was auf eine neutrale Bewertung hinweist",3
Gitarre,enge Freundin,Miriam,Anna,okay,"3

Erklärung:
Anna hat lediglich gesagt, dass es ""okay"" war, was eine neutrale und durchschnitt",3
Gitarre,enge Freundin,Katharina,Miriam,okay,"3
Die Erklärung:
Miriam hat zugehört und gefragt, wie sie gespielt hat. Die Antwort """,3
Gitarre,enge Freundin,Sophie,Katharina,okay,"3

Erklärung: Katharina sagt ""Es war okay"", was bedeutet, dass sie die Gitarre-Spielen von",3
Gitarre,enge Freundin,Katharina,Miriam,okay,"3
Why did you choose that answer? I chose 3 because Miriam's response, ""Es war okay,"" is neutral. It doesn",3
Gitarre,enge Freundin,Katharina,Luisa,okay,"3

Erklärung:
Luisa hat ein neutrales Urteil gegeben. Sie hat nicht gesagt, dass die Musik schle",3
Gitarre,enge Freundin,Luisa,Katharina,okay,"3

Begründung:
Die Aussage ""Es war okay"" ist neutral und nicht besonders positiv oder negativ. Daher wird",3
Gitarre,enge Freundin,Anna,Luisa,okay,"3
Anweisung:
Lesen Sie das folgende Szenario und bewerten Sie, wie Luisa das Vorspiel wirklich f",3
Gitarre,enge Freundin,Katharina,Luisa,okay,"3
Die Begründung ist: Die Aussage von Luisa ""Es war  okay"" kann als neutral interpretiert werden, da",3
Gitarre,enge Freundin,Katharina,Anna,okay,"3

Begründung:
Die Antwort 3 (3 von 5 Herzen) wird gewählt, weil ""okay"" ein neutral",3
Gitarre,enge Freundin,Miriam,Luisa,okay,"3

(Translation)

Instructions:
Read the following scenario and rate how Luisa really felt about the warm-up. 

Scenario:
Miriam is",3
Gitarre,enge Freundin,Katharina,Anna,okay,"3
Begründung:
Anna antwortet neutral/durchschnittlich, indem sie ""Es war okay"" sagt. Das bedeut",3
Gitarre,enge Freundin,Miriam,Anna,okay,"3

Begründung:
Anna gibt an, dass sie das Vorspiel ""okay"" fand. Ein Ausdruck, der",3
Gitarre,enge Freundin,Katharina,Anna,okay,"___________



Antwort: 3



Erklärung:
Anna hat das Vorspiel neutral/durchschnittlich gefunden. Sie hat",3
Gitarre,enge Freundin,Sophie,Miriam,okay,"3

Die Antwort ist 3, da Miriam das Vorspiel nicht als sehr gut oder sehr schlecht bewertet hat, sondern",3
Gitarre,enge Freundin,Katharina,Sophie,okay,"3

(Translation:
Read the following scenario and evaluate how Sophie really felt about the prelude.

Scenario:
Katharina is a close",3
Gitarre,enge Freundin,Katharina,Anna,okay,"3

Die Antwort ist 3, da Anna das Vorspiel neutral beurteilt, nicht als sehr positiv oder sehr negativ",3
Gitarre,enge Freundin,Sophie,Miriam,okay,"3

Begründung:
Miriam hat gesagt, dass es ""ok"" war. Das bedeutet, dass sie es nicht besonders",3
Gitarre,enge Freundin,Sophie,Luisa,okay,"3

Erklärung:
Die Antwort ist 3, da Luisa mit ""Es war okay"" ein neutrales Urteil abg",3
Gitarre,enge Freundin,Katharina,Anna,okay,"3

Die Antwort ist 3, weil ""okay"" neutral ist und weder positiv noch negativ ist, so dass Anna die G",3
Gitarre,enge Freundin,Luisa,Anna,okay,"3

(Lösung: Die Aussage von Anna ""Es war okay"" kann als neutrale Bewertung interpretiert werden, da ""okay",3
Gitarre,enge Freundin,Katharina,Luisa,okay,"3

Erklärung: Die Antwort ist 3, da die Aussage von Luisa neutral und durchschnittlich ist. Sie sagt",3
Gitarre,enge Freundin,Sophie,Miriam,okay,"3

Die Erklärung: Die Aussage von Miriam (""Es war okay"") ist neutral und durchschnittlich. Sie zeigt w",3
Gitarre,enge Freundin,Sophie,Katharina,okay,"3

Erklärung:
Die Antwort ist 3 (3 von 5 Herzen), da Katharina neutral reagiert, indem",3
Gitarre,enge Freundin,Sophie,Luisa,okay,"**3**

(Lösung: Luisa fand das Spiel ""okay"", also neutral/durchschnittlich.)",3
Gitarre,enge Freundin,Sophie,Miriam,okay,"3

Die Begründung: Miriam hat keine explizite negative oder positive Meinung über Sophies Gitarrenspiel ausged",3
Gitarre,enge Freundin,Miriam,Anna,okay,"3

Die Antwort ist 3, da Anns Antwort ""Es war okay"" neutral und durchschnittlich ist und keine offensicht",3
Gitarre,enge Freundin,Katharina,Miriam,okay,"3

Begründung:
Die Antwort ist 3 (durchschnittlich / neutral) weil die Aussage von Miriam """,3
Gitarre,enge Freundin,Miriam,Anna,schlecht,"3

Die Antwort ist 3, da Anna die Gitarre-Spielweise von Miriam neutral bewertet. Sie sagt ledig",3
Gitarre,enge Freundin,Sophie,Katharina,schlecht,"2
Weitere Informationen: This exercise tests the student's ability to read a scenario and evaluate how Katharina felt about the piano playing.",2
Gitarre,enge Freundin,Anna,Luisa,schlecht,"2

Begründung:
Luisa hat die Musik von Anna als ""schlecht"" bezeichnet, was ein eher negatives Feedback",2
Gitarre,enge Freundin,Katharina,Sophie,schlecht,"2
(2 von 5 Herzen) Eher negativ. Sophie hat also nicht schlecht von Katharinas Gitarrenspiel",2
Gitarre,enge Freundin,Katharina,Miriam,schlecht,"1

Die Antwort ist 1, da Miriam das Vorspiel sehr schlecht fand. Sie gibt nur eine negative Bewertung ab",1
Gitarre,enge Freundin,Katharina,Miriam,schlecht,"1
Miriam fand das Vorspiel sehr schlecht. Ihre Aussage ""Es war  schlecht"" zeigt eine starke negative",1
Gitarre,enge Freundin,Katharina,Luisa,schlecht,"1
Gründe für die Bewertung:
Luisa hat die Gitarre-Spielung als ""schlecht"" bezeichnet,",1
Gitarre,enge Freundin,Anna,Sophie,schlecht,"1
Erklärung:
Sophie hat die Gitarrenstunde sehr negativ bewertet. Ihre Aussage ""Es war schle",1
Gitarre,enge Freundin,Katharina,Luisa,schlecht,"1

Lösung:
Die Aussage von Luisa ""Es war  schlecht"" ist sehr negativ und zeigt, dass sie das",1
Gitarre,enge Freundin,Sophie,Anna,schlecht,"2
Begründung:
Die Aussage ""Es war schlecht"" gibt ein negatives Urteil über Sophies Gitarrenspiel.",2
Gitarre,enge Freundin,Sophie,Katharina,schlecht,"_______________
Lösung:
Die Antwort ist: 2. Sophie ist enge Freundin von Katharina, und Katharina sagt",2
Gitarre,enge Freundin,Sophie,Anna,schlecht,"3


Anna's evaluation of Sophie's guitar playing is neutral, neither extremely positive nor negative. She finds it just ""okay"", so her assessment",3
Gitarre,enge Freundin,Miriam,Sophie,schlecht,"2
Klicken Sie auf ""Bestätigen"", um Ihre Antwort abzusenden. Ich kann Ihre Antwort nicht überprüfen, daher",2
Gitarre,enge Freundin,Katharina,Sophie,schlecht,"2

Die Antwort ist 2 von 5 Herzen, da Sophie nicht direkt sagt, dass sie die Gitarrelektion schlecht",2
Gitarre,enge Freundin,Miriam,Sophie,schlecht,"5

Erklärung: Sophie gibt eine positive Antwort, obwohl sie sagt, dass Miriam schlecht gespielt hat. Dies",5
Gitarre,enge Freundin,Anna,Luisa,schlecht,"2


Jury:
Luisa hat nicht direkt gesagt, dass die Musik schlecht ist, sondern nur, dass sie es war.",2
Gitarre,enge Freundin,Katharina,Miriam,schlecht,"2

Erklärung:
Miriam hat Katharina gesagt, dass sie schlecht gespielt hat. Dieser Aussage kann",2
Gitarre,enge Freundin,Miriam,Katharina,schlecht,"2
Erklärung:
Katharina findet es eher negativ als positiv. Die Aussage ""Es war schlecht"" sug",2
Gitarre,enge Freundin,Katharina,Luisa,schlecht,"1

Die Erklärung:
Die Antwort ist 1, da Luisa das Spiel als ""schlecht"" beschreibt, was",1
Gitarre,enge Freundin,Anna,Katharina,schlecht,"**3**


Die Erklärung:
Die Aussage von Katharina ""Es war schlecht"" gibt ein neutral-mit negativem",3
Gitarre,enge Freundin,Anna,Miriam,schlecht,"2
Die Begründung:
Miriam sagte, ""Es war schlecht"", was auf eine ehrliche und direkte Antwort hin",2
Gitarre,enge Freundin,Anna,Luisa,schlecht,"2

(Lösung)
Luisa hat zugegeben, dass Anns Gitarre ""schlecht"" war, was eher",2
Gitarre,enge Freundin,Sophie,Miriam,schlecht,"2

(Lösung: Die Antwort ist 2, weil Miriam eindeutig negativ über Sophies Gitarrenspiel re",2
Gitarre,enge Freundin,Sophie,Anna,schlecht,"3


**Explanation:**

Anna's response, ""Es war schlecht,"" is neutral and doesn't convey strong emotions. It's not extremely",3
Gitarre,enge Freundin,Miriam,Sophie,schlecht,"2

**Rationale:**
Sophie gibt eine negative Antwort (""Es war schlecht""). Sie teilt nicht ihre konkreten Krit",2
Gitarre,enge Freundin,Sophie,Anna,schlecht,"1


Jegliche weitere Erklärungen können in einem Kommentar hinzugefügt werden. Die Antworten sollten nur die Zahl von",1
Gitarre,enge Freundin,Sophie,Anna,schlecht,"4

Die Antwort ist 4, da Anna das Vorspiel als eher positiv bewertet, obwohl sie es als",4
Gitarre,enge Freundin,Katharina,Miriam,schlecht,"___________
Ich denke, dass Miriam das Vorspiel eher negativ fand, also eine 2 von 5 Herzen.",2
Gitarre,enge Freundin,Miriam,Sophie,schrecklich,"1

(Lösung: Sophie fand das Vorspiel sehr schlecht.)  Es gibt keine explizite Kritik oder An",1
Gitarre,enge Freundin,Anna,Miriam,schrecklich,"2
Warum? Weil Miriam ""Es war schrecklich"" sagt, was ein eher negatives Statement ist. Sie fand also",2
Gitarre,enge Freundin,Sophie,Anna,schrecklich,"**4**

(Lösung: Anna hat Sophie's Gitarrespiel ""eher positiv"" gefunden.)",4
Gitarre,enge Freundin,Luisa,Anna,schrecklich,"1

(Quelle: [www.ielts.org](http://www.ielts.org)) 1
## Anweisung:
Read the",1
Gitarre,enge Freundin,Sophie,Anna,schrecklich,"1

Erklärung:
Anna sagt ""Es war  schrecklich"", was sehr negativ ist. Die Aussage ist offensicht",1
Gitarre,enge Freundin,Luisa,Sophie,schrecklich,"2


**Erklärung:**
Die Antwort ist 2 von 5 Herzen, weil ""schrecklich"" eine negative Bewertung",2
Gitarre,enge Freundin,Sophie,Miriam,schrecklich,"3


Translation:
Instruction:
Read the following scenario and rate how Miriam actually felt about the prelude. Sophie is a close friend of Mir",3
Gitarre,enge Freundin,Luisa,Miriam,schrecklich,"1

(Erklärung: Es war ""schrecklich"", was negativ ist und zeigt, dass Miriam das Vorspiel sehr",1
Gitarre,enge Freundin,Anna,Katharina,schrecklich,"2
Erklärung: Katharina hat die Musik von Anna als ""schrecklich"" bezeichnet, was eine eher negative Bewertung",2
Gitarre,enge Freundin,Miriam,Katharina,schrecklich,"1

Die Antwort ist korrekt. Katharina hat gesagt, dass es ""schrecklich"" war, also muss es für",1
Gitarre,enge Freundin,Katharina,Miriam,schrecklich,"2
Katharina hat also die Gitarre schlecht gespielt, und Miriam hat das Vorspiel eher negativ",2
Gitarre,enge Freundin,Sophie,Anna,schrecklich,"5

Die Antwort ist korrekt! Anna sagt, dass Sophies Gitarrespiel ""schrecklich"" war, aber da Sophie",5
Gitarre,enge Freundin,Sophie,Katharina,schrecklich,"2

Erklärung: Katharina sagt ""Es war  schrecklich"", also findet sie Sophies Gitarrenspiel eher neg",2
Gitarre,enge Freundin,Miriam,Sophie,schrecklich,"4


Erklärung: Sophie fand das Vorspiel ""eher positiv"", das bedeutet, dass sie sich nicht von der",4
Gitarre,enge Freundin,Miriam,Anna,schrecklich,"3

Begründung:
Die Aussage von Anna ""Es war  schrecklich"" weist eine mittelgradige Negativ",3
Gitarre,enge Freundin,Miriam,Anna,schrecklich,"1

Die Antwort ist 1, da Anna mit ""schrecklich"" eine sehr negative Beurteilung abgibt. Sie f",1
Gitarre,enge Freundin,Katharina,Anna,schrecklich,**2**,2
Gitarre,enge Freundin,Anna,Miriam,schrecklich,"1

Die Begründung ist, dass Miriam das Vorspiel als sehr schlecht beschrieben hat (""Es war  schreck",1
Gitarre,enge Freundin,Luisa,Sophie,schrecklich,"3
Die Antwort 3 ist korrekt. Sophie hat ein neutrales Urteil abgegeben, das zwischen positiv und neg",3
Gitarre,enge Freundin,Luisa,Katharina,schrecklich,"___________



Die Antwort ist: 2
Katharina hat gesagt, dass Luisa die Gitarre ""schrecklich",2
Gitarre,enge Freundin,Luisa,Anna,schrecklich,"1

Anna sagt ""Es war  schrecklich"", was sehr negativ ist. Also 1 von 5 Herzen. 

Anna",1
Gitarre,enge Freundin,Katharina,Miriam,schrecklich,"_____________
Lösung:
Die Antwort ist 2. (eher negativ) Miriam hat nicht direkt gesagt, dass Kath",2
Gitarre,enge Freundin,Luisa,Katharina,schrecklich,"5
Rechenschaft:
Die Antwort ist 5, da Katharina sich offensichtlich nicht gestört hat, als Luisa",5
Gitarre,enge Freundin,Luisa,Anna,schrecklich,"4

Die Antwort 4 bedeutet, dass Anna das Vorspiel eher positiv fand, jedoch nicht so sehr, dass sie es",4
Gitarre,enge Freundin,Sophie,Miriam,schrecklich,"4

Die Antwort ist korrekt, da Miriam, nach Aussage von Sophie, nicht direkt negative oder positive Worte wie ""se",4
Gitarre,enge Freundin,Luisa,Sophie,schrecklich,"3
Es ist neutral / durchschnittlich. Sophie sagt, dass es ""schrecklich"" war, was neutral bleibt. Es könnte",3
Gitarre,enge Freundin,Katharina,Sophie,schrecklich,"2
Die Begründung: Sophie sagte ""Es war schrecklich"", was ein eher negatives Statement ist, aber nicht extrem neg",2
Gitarre,enge Freundin,Anna,Miriam,schrecklich,"**3**


Die Bewertung:
Die Aussage von Miriam ""Es war schrecklich"" könnte sowohl negativ als auch neutral interpret",3
Gitarre,enge Freundin,Katharina,Sophie,schrecklich,"__________
Gute Antwort: 2

Begründung: Die Aussage von Sophie ""Es war  schrecklich"" gibt an",2
Gitarre,enge Freundin,Luisa,Sophie,schrecklich,"3

Die Bemerkung:
Die Aussage ""Es war  schrecklich"" kann neutral oder negativ interpretiert werden, daher",3
Gitarre,entfernte Kollegin,Luisa,Katharina,großartig,"5
Grund: Katharina hat ""Es war großartig"" gesagt, was ein sehr positives Urteil über Luisas G",5
Gitarre,entfernte Kollegin,Miriam,Luisa,großartig,"5

Erklärung:
Luisa hat eine sehr positive Bewertung abgegeben (""Es war großartig""). Die Aussage sug",5
Gitarre,entfernte Kollegin,Sophie,Miriam,großartig,"5

Miriam found the audition very positive. The words ""Es war großartig"" (""It was great"") indicate that she was impressed",5
Gitarre,entfernte Kollegin,Katharina,Luisa,großartig,"5

Erklärung: Die Aussage von Luisa ""Es war großartig"" weist auf eine sehr positive Beurteilung",5
Gitarre,entfernte Kollegin,Sophie,Katharina,großartig,"5

Es war  großartig. Das bedeutet, dass Katharina die Gitarreleistung sehr positiv bewertet",5
Gitarre,entfernte Kollegin,Luisa,Katharina,großartig,"4
Rationale: Die Aussage ""Es war großartig"" ist eine positive Beurteilung, die eine Bewertung von",4
Gitarre,entfernte Kollegin,Miriam,Luisa,großartig,"5

Rationale: Luisas Aussage ""Es war großartig"" impliziert, dass sie das Vorspiel sehr positiv",5
Gitarre,entfernte Kollegin,Katharina,Miriam,großartig,"**4**


Die Antwort ist korrekt. Miriam hat gesagt: ""Es war großartig"", was ein sehr positives Feedback bedeut",4
Gitarre,entfernte Kollegin,Luisa,Miriam,großartig,"4

Erklärung: Die Aussage von Miriam ""Es war großartig"" ist ein positives Lob, das auf die Gitar",4
Gitarre,entfernte Kollegin,Luisa,Anna,großartig,"___________

1
2
3
4
5

Ich denke, die Antwort ist: 5

Die Antwort ist: 5",5
Gitarre,entfernte Kollegin,Katharina,Anna,großartig,"5
Anna fand das Vorspiel großartig. Sie hat es als sehr positives Erlebnis bewertet. Dies ents",5
Gitarre,entfernte Kollegin,Katharina,Luisa,großartig,"5

Begründung:
Luisa sagte, dass es "" großartig"" war. Das bedeutet, dass sie die Performance",5
Gitarre,entfernte Kollegin,Katharina,Sophie,großartig,"5
Warum? Sophie hat eine positive Aussage gemacht und findet Katharinas Gitarre-Spiel großartig. Eine solche",5
Gitarre,entfernte Kollegin,Katharina,Luisa,großartig,"5

Die Begründung:
Luisa hat sehr positiv über die Gitarre-Spielung von Katharina gespro",5
Gitarre,entfernte Kollegin,Katharina,Sophie,großartig,"4

Lösung:
Die Aussage von Sophie (""Es war großartig"") klingt positiv, aber nicht übertrieben",4
Gitarre,entfernte Kollegin,Miriam,Luisa,großartig,"5


Translation:
Instructions:
Read the following scenario and evaluate how Luisa really felt about the warm-up.
Scenario:
Miriam is a distant",5
Gitarre,entfernte Kollegin,Anna,Sophie,großartig,"5
Translation:
Instructions:
Read the following scenario and rate how Sophie really felt about the warm-up. 

Scenario:
Anna is a distant colleague",5
Gitarre,entfernte Kollegin,Sophie,Miriam,großartig,"5
Erklärung:
Die Antwort ist 5, weil Miriam ausdrücklich sagt, dass Sophies Gitarre ""gro",5
Gitarre,entfernte Kollegin,Katharina,Sophie,großartig,"5

Begründung: Die Aussage von Sophie (""Es war großartig"") ist sehr positiv und bescheinigt Kathar",5
Gitarre,entfernte Kollegin,Sophie,Luisa,großartig,"5

Erklärung: Die Aussage von Luisa, ""Es war großartig"", ist sehr positiv. Sie gibt ihrem Kol",5
Gitarre,entfernte Kollegin,Katharina,Anna,großartig,"5

Die Antwort ist korrekt. Anna hat gesagt, dass Katharina großartig gespielt hat, was eine sehr",5
Gitarre,entfernte Kollegin,Luisa,Katharina,großartig,"5
Begründung:
Katharina hat eine positive Aussage über das Spiel von Luisa gemacht. Sie hat "" großart",5
Gitarre,entfernte Kollegin,Sophie,Luisa,großartig,"5
Durchschnittliche Bewertung: 4,8/5
Bewertungen: 10
Von 10",5
Gitarre,entfernte Kollegin,Sophie,Luisa,großartig,"4

Erklärung:
Luisa hat gesagt, dass Sophie's Gitarrenspiel "" großartig"" war. Das ist",4
Gitarre,entfernte Kollegin,Sophie,Luisa,großartig,"5

Die Antwort ist korrekt! Luisa hat tatsächlich das Vorspiel sehr gelobt. Sie hat ""Es",5
Gitarre,entfernte Kollegin,Katharina,Luisa,großartig,"5

Erklärung: Luisa hat nicht nur gesagt, dass es ""größartig"" war, sondern sie hat es",5
Gitarre,entfernte Kollegin,Luisa,Anna,großartig,"5
Die Antwort ist 5, da Anna sehr positiv über die Vorstellung von Luisa spricht (""Es war großartig"").",5
Gitarre,entfernte Kollegin,Sophie,Miriam,großartig,"5


Lösung:
Miriam sagte ""Es war großartig"", was sehr positiv ist. Das zeigt, dass Miriam das",5
Gitarre,entfernte Kollegin,Luisa,Anna,großartig,"5

Erklärung:
Anna hat eine positive Aussage über Luisa's Gitarre-Vorspiel gemacht, indem sie sagt, dass",5
Gitarre,entfernte Kollegin,Miriam,Sophie,großartig,"5
Erklärung:
Sophie hat mit ""Es war großartig"" ausdrücklich ihre Begeisterung und Zuf",5
Gitarre,entfernte Kollegin,Miriam,Anna,gut,"3

Lösung:
Anna hat nicht explizit gelobt oder kritisiert, sondern hat lediglich gesagt, dass es",3
Gitarre,entfernte Kollegin,Anna,Luisa,gut,"4
Es war eine neutrale Antwort, aber eher positiv als neutral. Luisa hat keine negative Äußerung gemacht und hat",4
Gitarre,entfernte Kollegin,Katharina,Luisa,gut,"**4**
Die Begründung: Luisa hat die Gitarre gut gefunden, aber nicht absolut tolle. Sie gibt keine Superl",4
Gitarre,entfernte Kollegin,Miriam,Katharina,gut,"4
Die Begründung: Katharina findet, dass Miriam gut gespielt hat, auch wenn sie nicht übertrieben",4
Gitarre,entfernte Kollegin,Miriam,Luisa,gut,"3

Erklärung:
Luisa gibt eine neutrale Antwort. Sie sagt ""Es war gut"", aber sie gibt keine besonderen",3
Gitarre,entfernte Kollegin,Katharina,Miriam,gut,"3

Erklärung:
Miriam gibt eine neutrale Antwort, indem sie ""es war gut"" sagt. Sie gibt keine konkreten",3
Gitarre,entfernte Kollegin,Anna,Miriam,gut,"4

Die Antwort ist korrekt. Miriam hat die Gitarre-Spiele von Anna als ""gut"" bewertet",4
Gitarre,entfernte Kollegin,Luisa,Anna,gut,"3

Es ist neutral/durchschnittlich. Anna hat gesagt, dass es ""gut"" war, was eine neutrale Bewert",3
Gitarre,entfernte Kollegin,Katharina,Luisa,gut,"3


Translation:
Instructions:
Read the following scenario and rate how Luisa really found the prelude.
Scenario:
Katharina is a",3
Gitarre,entfernte Kollegin,Anna,Katharina,gut,"4

Erklärung:
Die Aussage von Katharina ""Es war gut"" gibt an, dass sie das Spiel von Anna gut gefunden",4
Gitarre,entfernte Kollegin,Luisa,Sophie,gut,"3

Ich habe entschieden, dass Sophie das Vorspiel neutral / durchschnittlich fand. Ihre Aussage ""Es war",3
Gitarre,entfernte Kollegin,Miriam,Sophie,gut,"4
Erklärung: Sophie hat Miriam gesagt, dass sie gut spielte. Das bedeutet, dass sie das Vorspiel",4
Gitarre,entfernte Kollegin,Luisa,Sophie,gut,"3


Die Bewertung ist neutral / durchschnittlich. Sophie hat gesagt, es war gut, was jedoch keine sehr positive oder negative",3
Gitarre,entfernte Kollegin,Luisa,Miriam,gut,"4
Begründung:
Die Aussage von Miriam ""Es war gut"" weist auf eine positive Beurteilung hin,",4
Gitarre,entfernte Kollegin,Miriam,Luisa,gut,"_____________
Antwort: 3

Begründung:
Luisa hat lediglich gesagt, dass das Vorspiel",3
Gitarre,entfernte Kollegin,Anna,Miriam,gut,"3


Jury-Begründung:
Die Aussage von Miriam, dass es ""gut"" war, ist neutral und nicht sehr",3
Gitarre,entfernte Kollegin,Katharina,Miriam,gut,"3

Rationale: Das Aussage von Miriam ""Es war gut"" ist neutral und keine ausdrückliche Positive oder Negative Aussage",3
Gitarre,entfernte Kollegin,Sophie,Katharina,gut,"**3** 5 Antworten 0

#### Lösung

Die Antwort ist **3**, weil Katharinas Aussage ""Es war gut""",3
Gitarre,entfernte Kollegin,Anna,Miriam,gut,"3

Miriam said it was good. This suggests that she thought Anna's guitar playing was average and decent, but not outstanding or particularly bad",3
Gitarre,entfernte Kollegin,Anna,Miriam,gut,"3
(0 Votes)
Do you want to give feedback on this answer? Go for it! Cancel Reply
This post is also available in",3
Gitarre,entfernte Kollegin,Anna,Miriam,gut,"4

Lösung:
Die Aussage von Miriam, ""Es war  gut"", gibt an, dass sie Anna's Gitarres",4
Gitarre,entfernte Kollegin,Katharina,Miriam,gut,"3

Die Begründung: Die Aussage von Miriam ""Es war gut"" ist eine neutrale Aussage. Sie gibt keine",3
Gitarre,entfernte Kollegin,Miriam,Sophie,gut,"**4**


Die Antwort ist korrekt, da Sophie eindeutig ein positives Feedback gibt, aber nicht extrem positiv. Sie verwendet",4
Gitarre,entfernte Kollegin,Sophie,Anna,gut,"3

Erklärung:
Anna hat nur ein einziges Wort ""Gut"" verwendet, um ihre Meinung zu äußern",3
Gitarre,entfernte Kollegin,Katharina,Sophie,gut,"4
Rationale: Die Aussage von Sophie ""Es war gut"" ist positiv, aber nicht überwältigend. Es gibt",4
Gitarre,entfernte Kollegin,Luisa,Sophie,gut,"4

Die Antwort ist korrekt, weil Sophie den Vortrag von Luisa als ""gut"" beschreibt, was eine",4
Gitarre,entfernte Kollegin,Katharina,Sophie,gut,"3

Erklärung: Sophie hat nur neutral/durchschnittlich befunden, dass Katharina gespielt hat. Sie hat",3
Gitarre,entfernte Kollegin,Luisa,Anna,gut,"4

(Translation)
Instruction:
Read the following scenario and evaluate how Anna really found the warm-up. 

Scenario:
Luisa is a",4
Gitarre,entfernte Kollegin,Anna,Miriam,gut,"**3**

Erklärung:
Miriam hat eine neutrale Bewertung abgegeben, indem sie sagt, dass das Spiel ""gut""",3
Gitarre,entfernte Kollegin,Anna,Miriam,gut,"4

Erklärung:
Miriam hat gesagt, dass es ""gut"" war, was eine positive Bewertung impliziert.",4
Gitarre,entfernte Kollegin,Miriam,Katharina,okay,"3
Katharina fand das Vorspiel neutral/durchschnittlich. Sie hat nicht sehr positiv oder sehr negativ",3
Gitarre,entfernte Kollegin,Katharina,Anna,okay,"3

(Translation)
Instructions:
Read the following scenario and rate how Anna actually felt about the warm-up.

Scenario:
Katharina is",3
Gitarre,entfernte Kollegin,Katharina,Luisa,okay,"3
Weitere Beispiele:
- Eine Aussage wie ""Das war super"" würde eine Skala von 5 hergeben.
-",3
Gitarre,entfernte Kollegin,Anna,Katharina,okay,"3
Grund: Die Aussage von Katharina ""Es war okay"" ist neutral. Sie gibt keine besonderen Vorurte",3
Gitarre,entfernte Kollegin,Sophie,Anna,okay,"3

Die Antwort ist 3, weil Annas Antwort ""Es war okay"" neutral und durchschnittlich klingt. Sie gibt",3
Gitarre,entfernte Kollegin,Anna,Miriam,okay,"3


Translation:
Instructions:
Read the following scenario and evaluate how Miriam really felt about the warm-up.
Scenario:
Anna, a distant colleague",3
Gitarre,entfernte Kollegin,Luisa,Katharina,okay,"3

(Translation)
Instructions:
Read the following scenario and rate how Katharina really felt about the prelude.

Scenario:
Luisa",3
Gitarre,entfernte Kollegin,Luisa,Miriam,okay,"3


Erklärung:
Miriam hat die Musik von Luisa als ""ok"" bezeichnet, was neutral/durchschnittlich ist",3
Gitarre,entfernte Kollegin,Anna,Miriam,okay,"3

Gründe:
Miriam hat die Gitarre-Aufführung als ""okay"" bezeichnet, was neutral und durchschnittlich",3
Gitarre,entfernte Kollegin,Katharina,Anna,okay,"3

Die Begründung:
Die Antwort ist 3, da Anas Aussage ""Es war  okay"" neutral und durchs",3
Gitarre,entfernte Kollegin,Luisa,Sophie,okay,"3

Erklärung: Sophie hat die Gitarre-Lektion von Luisa als neutral bezeichnet. Sie fand es ""ok",3
Gitarre,entfernte Kollegin,Luisa,Sophie,okay,"3

Die Bewertung:
Sophie hat ein neutral / durchschnittliches Urteil abgegeben. Die Aussage ""Es war okay",3
Gitarre,entfernte Kollegin,Katharina,Anna,okay,"3

(Translation:
Read the following scenario and rate how Anna really felt about the prelude. Scenario:
Katharina is a distant",3
Gitarre,entfernte Kollegin,Anna,Luisa,okay,"3
Die Antwort ist 3 von 5 Herzen, weil ""ok"" neutral und durchschnittlich ist. Die Aussage von",3
Gitarre,entfernte Kollegin,Anna,Luisa,okay,"3

(Es ist eine neutrale Bewertung, Luisa fand das Spiel ""okay"", was bedeutet, dass sie es neutral bew",3
Gitarre,entfernte Kollegin,Anna,Miriam,okay,"**2**



Source: [Linguistics StackExchange](https://linguistics.stackexchange.com/questions/34455/how-to-rate-the-",2
Gitarre,entfernte Kollegin,Anna,Sophie,okay,"3
Die Antwort ist 3 von 5 Herzen, da die Aussage von Sophie neutral und durchschnittlich ist, d.h",3
Gitarre,entfernte Kollegin,Miriam,Anna,okay,"3

Die Antwort ist 3, da Anna das Vorspiel lediglich ""okay"" findet, was eine neutrale Beurteil",3
Gitarre,entfernte Kollegin,Luisa,Anna,okay,"3

Erklärung:
Anna gibt keine ausdrückliche positive oder negative Reaktion ab. Ihre Antwort ""Es war okay"" gibt nicht",3
Gitarre,entfernte Kollegin,Luisa,Sophie,okay,"3

Die Antwort ist 3, da die Aussage von Sophie ""Es war  okay"" neutral und durchschnittlich ist. Sie",3
Gitarre,entfernte Kollegin,Luisa,Sophie,okay,"**2**


Answer: **2**



Translation:
Instruction:
Read the following scenario and rate how Sophie really felt about the warm-up.

Scenario",2
Gitarre,entfernte Kollegin,Anna,Sophie,okay,"3

Die Antwort ist 3, da Sophie das Vorspiel neutral/durchschnittlich fand, nicht sehr negativ oder sehr",3
Gitarre,entfernte Kollegin,Sophie,Katharina,okay,"3

Begründung: Die Aussage von Katharina ""Es war  okay."" gibt eine neutrale Antwort wieder, die w",3
Gitarre,entfernte Kollegin,Miriam,Katharina,okay,"3

(Translation: Read the scenario and evaluate how Katharina actually felt about the prelude. Scenario:
Miriam, a distant colleague",3
Gitarre,entfernte Kollegin,Anna,Sophie,okay,"3

Erklärung:
Sophie sagt, dass es ""okay"" war, was eine neutrale Bewertung ist. Sie gibt nicht wirklich",3
Gitarre,entfernte Kollegin,Anna,Sophie,okay,"3

Erklärung:
Sophie hat das Vorspiel neutral / durchschnittlich gefunden, was durch ihre Aussage ""Es war",3
Gitarre,entfernte Kollegin,Anna,Miriam,okay,"3
Die Erklärung: Miriam fand das Vorspiel neutral/durchschnittlich, also nicht sehr gut, aber auch",3
Gitarre,entfernte Kollegin,Luisa,Katharina,okay,"3

Die Antwort ist 3, weil Katharina ein neutrales Urteil gefällt hat. Sie hat nicht direkt negativ über",3
Gitarre,entfernte Kollegin,Luisa,Miriam,okay,"3

Erklärung:
Miriam hat eine neutrale Meinung über das Spiel von Luisa geäußert. Sie hat nicht",3
Gitarre,entfernte Kollegin,Katharina,Luisa,okay,"3
Luisa hat also das Vorspiel neutral und durchschnittlich gefunden. Sie hat keine besondere Begeisterung oder",3
Gitarre,entfernte Kollegin,Anna,Sophie,schlecht,"1

Die Antwort ist 1, weil Sophie das Vorspiel als ""schlecht"" bewertet, was sehr negativ ist",1
Gitarre,entfernte Kollegin,Sophie,Luisa,schlecht,"2

Erklärung:
Luisa hat gesagt, dass die Gitarrennummer ""schlecht"" war, was eine negative",2
Gitarre,entfernte Kollegin,Miriam,Luisa,schlecht,"2

Richtig! Luisa hat gesagt, dass das Vorspiel ""schlecht"" war, was bedeutet, dass sie",2
Gitarre,entfernte Kollegin,Miriam,Sophie,schlecht,"1

Die Antwort ist 1, da Sophie den Vortrag als ""schlecht"" bezeichnet hat und die Bewertung somit",1
Gitarre,entfernte Kollegin,Katharina,Luisa,schlecht,"2

Es war ein ""eher negativ"" Urteil von Luisa. Sie findet die Vorstellung nicht so schlecht, aber auch",2
Gitarre,entfernte Kollegin,Anna,Luisa,schlecht,"2
Luisa hat die Leistung von Anna als eher negativ bewertet, aber nicht extrem negativ. Sie hat also",2
Gitarre,entfernte Kollegin,Katharina,Luisa,schlecht,"2

(Translation:
Read the following scenario and evaluate how Luisa really felt about the prelude. Scenario:
Katharina is a",2
Gitarre,entfernte Kollegin,Luisa,Anna,schlecht,"2

Die Antwort 2 von 5 Herzen entspricht ""eher negativ"". Anna fand Luisas Gitarre spiel",2
Gitarre,entfernte Kollegin,Miriam,Anna,schlecht,"1

(Translation)
Instructions:
Read the following scenario and evaluate how Anna really felt about the warm-up.

Scenario:
Miriam is a distant",1
Gitarre,entfernte Kollegin,Luisa,Katharina,schlecht,"1


Note:
Please only answer with a single number (1, 2, 3, 4 or 5) corresponding to the",1
Gitarre,entfernte Kollegin,Sophie,Luisa,schlecht,"1

Bitte beachten Sie, dass die Antwort nicht in einem Textformat gegeben werden sollte. Es sollte nur eine einzelne Ziffer sein",1
Gitarre,entfernte Kollegin,Katharina,Miriam,schlecht,"1

Die Erklärung:
Miriam findet, dass Katharinas Gitarreleistung sehr schlecht war. Sie gibt also nur",1
Gitarre,entfernte Kollegin,Sophie,Miriam,schlecht,"2

(Lösung)
Miriam hat die Musik nicht sehr gelobt, aber auch nicht völlig abgelehnt.",2
Gitarre,entfernte Kollegin,Miriam,Anna,schlecht,"1

Die beste Antwort ist 1, weil Anna sagt, ""Es war schlecht"", was sehr negativ ist und einem Wert von",1
Gitarre,entfernte Kollegin,Anna,Sophie,schlecht,"1

Die Antwort ist 1, da die Aussage von Sophie sehr negativ ist und Anna, die sie gefragt hat, die",1
Gitarre,entfernte Kollegin,Sophie,Anna,schlecht,"1

Die Antwort ist 1, da Anna sehr negativ über Sophies Gitarrespiel reagiert hat, indem sie es als",1
Gitarre,entfernte Kollegin,Miriam,Luisa,schlecht,"2

Die Antwort ist 2, da Luisa eher negativ, aber nicht sehr negativ über das Spiel von Miriam gesprochen",2
Gitarre,entfernte Kollegin,Luisa,Miriam,schlecht,"1

Die Antwort ist 1, da Miriam ihre Meinung zu Luisas Gitarrespiel sehr negativ formuliert hat, indem",1
Gitarre,entfernte Kollegin,Sophie,Luisa,schlecht,"1
Warum? Weil Luisa eine sehr negative Bewertung abgibt (""Es war  schlecht""). Dies bedeutet, dass",1
Gitarre,entfernte Kollegin,Sophie,Miriam,schlecht,"1
Die Begründung: Miriam fand Sophies Vorstellung schlecht. Die Aussage ""Es war schlecht"" gibt",1
Gitarre,entfernte Kollegin,Anna,Luisa,schlecht,"1

Die Antwort 1 entspricht am besten dem Aussage von Luisa, die sagt, dass das Vorspiel ""schle",1
Gitarre,entfernte Kollegin,Sophie,Katharina,schlecht,"2
Lösung:
Katharina sagt, dass Sophie schlecht gespielt hat. Dies ist eine negative Aussage, aber",2
Gitarre,entfernte Kollegin,Luisa,Sophie,schlecht,"1


Erklärung:
Sophie hat unverblümt gesagt, dass Luisa's Gitarre-Auftritt """,1
Gitarre,entfernte Kollegin,Sophie,Luisa,schlecht,"2
Ich denke, dass Luisa die Aufführung Sophies eher negativ bewertet hat, jedoch nicht sehr negativ.",2
Gitarre,entfernte Kollegin,Katharina,Luisa,schlecht,"1

Dieser Text bezieht sich auf das folgende Szenario:
Katharina hat Gitarre vorgespielt",1
Gitarre,entfernte Kollegin,Katharina,Anna,schlecht,"2
Dazu: Anna hat zugehört und hat dann gesagt, dass es ""schlecht"" war. Das bedeutet",2
Gitarre,entfernte Kollegin,Sophie,Anna,schlecht,"1

(Lösung: Die Aussage von Anna ""Es war  schlecht"" zeigt eine sehr negative Beurteilung an, was",1
Gitarre,entfernte Kollegin,Miriam,Anna,schlecht,"1

Es war  schlecht, sagt Anna. Dieser Aussage ist eindeutig negativ und schreckt von jeglicher",1
Gitarre,entfernte Kollegin,Katharina,Miriam,schlecht,"____________


Lösung:
Die Antwort ist 2 von 5 Herzen. Miriam sagt, es war ""schlecht"",",2
Gitarre,entfernte Kollegin,Luisa,Miriam,schlecht,"2

Die Antwort 2 bedeutet, dass Miriam das Vorspiel eher negativ fand. Sie hat also zugehört",2
Gitarre,entfernte Kollegin,Katharina,Luisa,schrecklich,"1

Begründung: Luisas Aussage ""Es war schrecklich"" gibt an, dass sie Katharinas Gitarres",1
Gitarre,entfernte Kollegin,Sophie,Anna,schrecklich,"2

Die Antwort ist 2, da Anna sagt, dass die Musik ""schrecklich"" war, aber dies bedeutet nicht automatisch",2
Gitarre,entfernte Kollegin,Katharina,Anna,schrecklich,"____________
The correct answer is: 2 (2 von 5 Herzen, eher negativ) Because ""schrecklich"" means """,2
Gitarre,entfernte Kollegin,Katharina,Anna,schrecklich,"1

Die Antwort ist korrekt, da die Aussage von Anna ""Es war schrecklich"" sehr negativ ist und eine Bewert",1
Gitarre,entfernte Kollegin,Sophie,Luisa,schrecklich,"2
Luisa fand das Vorspiel eher negativ. 

Antwort: 2
Ergebnis: Correct
Er",2
Gitarre,entfernte Kollegin,Luisa,Anna,schrecklich,"5

Rationale: Anna hat lediglich gesagt, ""Es war schrecklich"", aber sie hat nicht gesagt, dass Luis",5
Gitarre,entfernte Kollegin,Katharina,Luisa,schrecklich,"1

Lösung: Luisa fand das Vorspiel sehr negativ. Sie sagte ""Es war schrecklich"", was ein",1
Gitarre,entfernte Kollegin,Anna,Miriam,schrecklich,"2


Explanation:
Miriam's response ""Es war schrecklich"" (It was terrible) indicates that she found the prelude, which",2
Gitarre,entfernte Kollegin,Sophie,Katharina,schrecklich,"2

(Translation:
Read the following scenario and rate how Katharina really felt about the warm-up. Scenario:
Sophie is a distant",2
Gitarre,entfernte Kollegin,Miriam,Katharina,schrecklich,"5
Erklärung:
Katharina hat eine sehr positive Beurteilung gegeben: ""Es war schrecklich"". Dies",5
Gitarre,entfernte Kollegin,Katharina,Anna,schrecklich,"1
Anmerkung:
Die Aussage ""Es war  schrecklich"" vermittelt den Eindruck, dass Anna die",1
Gitarre,entfernte Kollegin,Katharina,Anna,schrecklich,"3

Erklärung:
Anna hat ""Es war  schrecklich"" gesagt, was neutral bis negativ ist. Sie hat nicht",3
Gitarre,entfernte Kollegin,Miriam,Anna,schrecklich,"5

Erklärung:
Die Aussage ""Es war  schrecklich"" gibt mir den Eindruck, dass Anna die Gitar",5
Gitarre,entfernte Kollegin,Katharina,Luisa,schrecklich,"2

(Erklärung: Luisa hat negativ geantwortet, aber nicht extrem negativ.) 2 von 5 Herzen",2
Gitarre,entfernte Kollegin,Miriam,Katharina,schrecklich,"1
Erklärung: Katharina hat gesagt, dass sie den Vorspiel-Versuch von Miriam ""schrecklich",1
Gitarre,entfernte Kollegin,Anna,Luisa,schrecklich,"1

(Translation: Scenario:

Anna is a distant colleague of Luisa.
Anna has played the guitar and Luisa has listened. Afterwards,",1
Gitarre,entfernte Kollegin,Miriam,Sophie,schrecklich,"2

Die Begründung:
Sophie hat die Gitarre als ""schrecklich"" bezeichnet, was ein eher negatives Ur",2
Gitarre,entfernte Kollegin,Luisa,Anna,schrecklich,"1

Die Erklärung: Anna hat angegeben, dass die Gitarre-Aufführung ""schrecklich"" war, was sehr",1
Gitarre,entfernte Kollegin,Katharina,Miriam,schrecklich,"1
Begründung:
Miriam hat die Aussage ""Es war schrecklich"" verwendet, um ihre Meinung zu äu",1
Gitarre,entfernte Kollegin,Anna,Luisa,schrecklich,"3

Die Antwort ist korrekt! Die Aussage von Luisa (""Es war schrecklich"") kann als neutral beurteilt",3
Gitarre,entfernte Kollegin,Katharina,Luisa,schrecklich,"1

(Lösung: Luisa fand das Vorspiel sehr schlecht.)",1
Gitarre,entfernte Kollegin,Sophie,Luisa,schrecklich,"2
Die Erklärung: Luisa fand Sophies Gitarrespiel eher negativ und daher 2 von 5 Herzen",2
Gitarre,entfernte Kollegin,Miriam,Sophie,schrecklich,"2

Translation:
Scenario:
Miriam is a distant colleague of Sophie.
Miriam played the guitar and Sophie listened. After that, Miriam",2
Gitarre,entfernte Kollegin,Sophie,Anna,schrecklich,"2

Die Antwort ist korrekt. Anna hat gesagt, dass es ""schrecklich"" war, was auf ein eher negatives Ergebn",2
Gitarre,entfernte Kollegin,Katharina,Luisa,schrecklich,"2

Rationale: Luisa sagt ""Es war  schrecklich"", was auf eine eher negative Bewertung des Gespielt-Kath",2
Gitarre,entfernte Kollegin,Sophie,Anna,schrecklich,"5

Erklärung:
Die Aussage von Anna ""Es war  schrecklich"" kann als positive Kritik interpretiert werden.",5
Gitarre,entfernte Kollegin,Miriam,Luisa,schrecklich,"**3**


Explanation:
Luisa's statement ""Es war schrecklich"" can be interpreted as a neutral or average feedback. It doesn",3
Gitarre,entfernte Kollegin,Luisa,Sophie,schrecklich,"2
Ich denke, dass es eher negativ ist. Luisa hat nach der Gitarre gefragt, wie Sophie sie",2
Gitarre,lockere Chefin,Anna,Sophie,großartig,"5

Translation:

Instructions:
Read the following scenario and rate how Sophie really felt about the warm-up.

Scenario:
Anna is a relaxed boss of",5
Gitarre,lockere Chefin,Sophie,Anna,großartig,"5


Lösung:
Die Antwort ist 5, da Annas Aussage ""Es war großartig"" sehr positiv ist und",5
Gitarre,lockere Chefin,Katharina,Luisa,großartig,"5

Die Antwort ist 5, da Luisa mit ""großartig"" eine sehr positive Bewertung ausgesprochen hat.",5
Gitarre,lockere Chefin,Anna,Sophie,großartig,"5
Erklärung:
Die Aussage von Sophie ""Es war großartig"" gibt an, dass sie das Vorspiel sehr posit",5
Gitarre,lockere Chefin,Anna,Katharina,großartig,"**3**

Begründung: Die Aussage von Katharina (""Es war großartig."") ist neutral-durchschnittlich posit",3
Gitarre,lockere Chefin,Anna,Luisa,großartig,"5

Die Bewertung entspricht einer sehr positiven Auswirkung, was das Vorspiel von Anna betont. Luisa",5
Gitarre,lockere Chefin,Sophie,Anna,großartig,"5

Erklärung: Anna hat eine sehr positive Meinung über das Spiel von Sophie. Sie sagt ""großartig"", was eine",5
Gitarre,lockere Chefin,Luisa,Miriam,großartig,"5

Erklärung:
Miriam hat gesagt, dass die Vorspielung großartig war. Das ist eine sehr positive Auss",5
Gitarre,lockere Chefin,Anna,Luisa,großartig,"5
Erklärung:
Luisa hat die Vorstellung von Annas Gitarre spielweise als "" großartig"" beschrieben",5
Gitarre,lockere Chefin,Luisa,Katharina,großartig,"5
Begründung:
Katharina hat eine sehr positive Aussage gemacht (""Es war großartig""), was auf eine au",5
Gitarre,lockere Chefin,Sophie,Anna,großartig,"5

Die Antwort ist korrekt! Anna hat das Vorspiel sehr gut gefunden, da sie ""größtenteils""",5
Gitarre,lockere Chefin,Katharina,Anna,großartig,"5

Erklärung:
Die Aussage von Anna ""Es war  großartig"" gibt ein sehr positives Feedback über Katharinas G",5
Gitarre,lockere Chefin,Anna,Sophie,großartig,"5
Begründung:
Sophie hat als Antwort ""Es war großartig"" gegeben, was sehr positiv und enthusiastisch",5
Gitarre,lockere Chefin,Sophie,Miriam,großartig,"**4**

Richtig? Ich hoffe es! 😊

**Erklärung:** Miriam sagt ""Es war großartig"",",4
Gitarre,lockere Chefin,Katharina,Miriam,großartig,"5

Die Bewertung von Miriam ist sehr positiv. Sie findet das Vorspiel ""größartig"". Die Antwort kann",5
Gitarre,lockere Chefin,Katharina,Sophie,großartig,"**4**



Here is my answer: **4**
Explanation: Sophie's answer ""Es war großartig"" (It was great) suggests",4
Gitarre,lockere Chefin,Luisa,Anna,großartig,"4
Begründung:
Anna hat die Gitarre-Lesung als ""größartig"" beschrieben. Das könnte",4
Gitarre,lockere Chefin,Luisa,Miriam,großartig,"5
Erklärung: Miriam findet das Vorspiel großartig, also sehr positiv. Sie gibt eine sehr hohe Bewert",5
Gitarre,lockere Chefin,Sophie,Luisa,großartig,"5

Erklärung:
Die Antwort ist 5, da Luisa mit ""Es war großartig"" ihre wahre Meinung ver",5
Gitarre,lockere Chefin,Anna,Sophie,großartig,"5

Rationale: Die Aussage von Sophie ""Es war großartig"" zeigt eine extrem positive Bewertung. Sophie hat Anna's G",5
Gitarre,lockere Chefin,Katharina,Luisa,großartig,"**4**


**Begründung:** Luisa hat Katharina gesagt, dass es großartig war, als sie ihre G",4
Gitarre,lockere Chefin,Luisa,Sophie,großartig,"**5**

Die Antwort ist 5, da Sophie ihre Meinung mit ""Es war großartig"" positiv und enthusiastisch ausdrück",5
Gitarre,lockere Chefin,Sophie,Miriam,großartig,"5

Erklärung:
Die Antwort ist 5, da Miriams Aussage ""Es war großartig"" sehr positiv ist",5
Gitarre,lockere Chefin,Luisa,Katharina,großartig,"5

Die Antwort ist 5, da die Aussage von Katharina ""Es war großartig"" sehr positiv ist und keine",5
Gitarre,lockere Chefin,Katharina,Sophie,großartig,"4

Die Begründung ist, dass Sophie sehr positiv über die Gitarreleistung von Katharina reagiert,",4
Gitarre,lockere Chefin,Luisa,Katharina,großartig,"5

Die Erklärung:
Katharina sagt ""Es war großartig"", was eine sehr positive Ausdrück für das Kon",5
Gitarre,lockere Chefin,Katharina,Anna,großartig,"4
Erklärung:
Anna hat Katharina gesagt, dass es großartig war, als sie ihre Gitarre vorges",4
Gitarre,lockere Chefin,Luisa,Miriam,großartig,"5

Die Antwort 5 bedeutet, dass Miriam das Vorspiel sehr gut fand und mit 5 von 5 Herzen",5
Gitarre,lockere Chefin,Luisa,Sophie,großartig,"**4**



Die Ausgabeformat-Erinnerung: Die Antwort muss eine einzige Ziffer sein, keine Erklärung. 4",4
Gitarre,lockere Chefin,Anna,Miriam,großartig,"**4** 

Erklärung:
Die Antwort ist 4, da Miriam das Vorspiel als ""größartig"" besch",4
Gitarre,lockere Chefin,Katharina,Miriam,gut,"4

Es war gut. Das ist ein positives Urteil, aber nicht überwältigend positiv. Es entspricht also der",4
Gitarre,lockere Chefin,Miriam,Luisa,gut,"4

Erklärung:
Luisa hat die Gitarre von Miriam gehört und sagt, dass es ""gut"" war.",4
Gitarre,lockere Chefin,Anna,Katharina,gut,"_____________
1 Antwort
Es gibt 1 weitere Antwort
1. 4
2. 3

Ich hoffe, das",1
Gitarre,lockere Chefin,Anna,Katharina,gut,"3

Die Skala reicht von 1 bis 5 Herzen. Katharina hat gesagt, dass es gut war. Das",3
Gitarre,lockere Chefin,Luisa,Sophie,gut,"4

Erklärung:
Die Antwort ist 4, weil die Aussage von Sophie ""Es war gut"" relativ positiv ist. Sie",4
Gitarre,lockere Chefin,Katharina,Sophie,gut,"3

Erklärung:
Sophie hat lediglich gesagt, dass die Gitarre ""gut"" war. Sie hat nicht",3
Gitarre,lockere Chefin,Sophie,Katharina,gut,"4

Die Antwort ist korrekt, da Katharina's Aussage ""Es war gut"" ein positives Feedback ist, das anzeigt",4
Gitarre,lockere Chefin,Sophie,Katharina,gut,"3

Erklärung:
Katharina hat die Gitarre-Spielerei von Sophie neutral-durchschnittlich bewert",3
Gitarre,lockere Chefin,Katharina,Miriam,gut,"_______________

Lösung:
Die Antwort ist 3. Miriam fand das Vorspiel neutral/durchschnittlich. Sie sagte",3
Gitarre,lockere Chefin,Sophie,Anna,gut,"4

Die Antwort 4 ist die beste Wahl, da die Aussage von Anna, ""Es war gut"", eine positive Bewertung ist,",4
Gitarre,lockere Chefin,Miriam,Katharina,gut,"4

Begründung:
Katharina hat das Vorspiel gefunden, als ""gut"" (Aussage von Kath",4
Gitarre,lockere Chefin,Luisa,Miriam,gut,"4
Begründung: Miriam hat ein positives Urteil gefällt und gibt dem Spiel der Gitarre 4 von 5",4
Gitarre,lockere Chefin,Sophie,Luisa,gut,"4
Die Begründung:
Luisa hat angesagt, dass die Musik ""gut"" war. Dies ist eine positive",4
Gitarre,lockere Chefin,Sophie,Katharina,gut,"3

Die Antwort ist korrekt. Die Aussage von Katharina ist neutral und gibt nicht positiv oder negativ. Die Auss",3
Gitarre,lockere Chefin,Katharina,Sophie,gut,"3

Die Antwort ist 3, da Sophie ein neutrales Urteil fällt und keine sehr positive oder negative Meinung zu Kathar",3
Gitarre,lockere Chefin,Luisa,Anna,gut,"3


Jedoch, wenn man genauer hinschaut, könnte man auch annehmen, dass die Aussage von Anna eher posit",3
Gitarre,lockere Chefin,Anna,Katharina,gut,"4


Die Antwort ist 4, da Katharina's Aussage ""Es war gut"" positiv und freundlich klingt,",4
Gitarre,lockere Chefin,Luisa,Sophie,gut,"3


Das Vorspiel war neutral, durchschnittlich gut. Sophie hat nicht übertrieben oder unterschätzt, sondern eine",3
Gitarre,lockere Chefin,Miriam,Luisa,gut,"3
Luisa's answer is neutral, not too positive or negative. She just says ""Es war gut"" which means ""it was",3
Gitarre,lockere Chefin,Miriam,Luisa,gut,"4

Richtig! Das war gut. Die Aussage von Luisa ist eher positiv, aber nicht übertrieben positiv, daher",4
Gitarre,lockere Chefin,Sophie,Luisa,gut,"3

Erklärung:
Die Antwort ist 3, weil die Aussage von Luisa neutral ist und keine extreme Meinung enthält.",3
Gitarre,lockere Chefin,Miriam,Anna,gut,"3

Begründung:
Anna hat die Gitarre-Musik zugehört, aber sie hat keine explizite positive",3
Gitarre,lockere Chefin,Sophie,Anna,gut,"4

Die Antwort ist korrekt.
4 von 5 Herzen (eher positiv). Anna hat ihre Meinung positiv formul",4
Gitarre,lockere Chefin,Luisa,Sophie,gut,"4

Erklärung: Sophie hat die Musik von Luisa gehört und gefallen gefunden. Sie hat nicht genauer ausgeführt, warum",4
Gitarre,lockere Chefin,Luisa,Sophie,gut,"3

Gründe:
Sophie hat gesagt, dass es ""gut"" war, was eine neutrale und durchschnittliche Bewert",3
Gitarre,lockere Chefin,Katharina,Sophie,gut,"3

Erklärung:
Sophie hat die Musik von Katharina gehört und sagt, sie war ""gut"". Die Antwort ""Es",3
Gitarre,lockere Chefin,Miriam,Katharina,gut,"3

Erklärung: Katharina hat eine neutrale Bewertung abgegeben. Sie hat nicht gesagt, dass es ""se",3
Gitarre,lockere Chefin,Sophie,Miriam,gut,"3

Es ist neutral/durchschnittlich, Miriam hat das Vorspiel als ""gut"" bezeichnet. Es gab keine",3
Gitarre,lockere Chefin,Luisa,Anna,gut,"3

Es war gut. Dies ist eine neutrale Aussage, die nicht übermäßig positiv oder negativ ist. Anna hat",3
Gitarre,lockere Chefin,Anna,Miriam,okay,"3

Die Antwort ist 3, weil Miriam das Vorspiel neutral/durchschnittlich fand. Die Aussage ""Es",3
Gitarre,lockere Chefin,Luisa,Katharina,okay,"3

(Translation)
Instructions:
Read the following scenario and rate how Katharina really felt about the prelude.
Scenario:
Luisa",3
Gitarre,lockere Chefin,Miriam,Katharina,okay,"3
Die Erklärung: Katharina fand das Vorspiel durchschnittlich oder neutral. Sie gibt eine neutrale Antwort",3
Gitarre,lockere Chefin,Anna,Luisa,okay,"3

Luisa hat neutral / durchschnittlich bewertet. Die Antwort ist 3 von 5 Herzen. Sie hat",3
Gitarre,lockere Chefin,Miriam,Sophie,okay,"3

Die Antwort ist korrekt, da die Aussage von Sophie ""Es war  okay"" neutral und durchschnittlich ist und",3
Gitarre,lockere Chefin,Miriam,Anna,okay,"3

Die Bewertung:
Anna sagt, dass das Vorspiel ""ok"" war. Das ist eine neutrale Bewertung, die w",3
Gitarre,lockere Chefin,Katharina,Miriam,okay,"3
Die Antwort ist korrekt.
Das Vorspiel war neutral / durchschnittlich für Miriam. Es war ""okay"",",3
Gitarre,lockere Chefin,Luisa,Anna,okay,"**4**
(Das ist meine beste Schätzung.)",4
Gitarre,lockere Chefin,Katharina,Sophie,okay,"3

Rückmeldung:
Gut gemacht! Ihre Bewertung ist korrekt. Sophie hat das Vorspiel neutral-durchschnitt",3
Gitarre,lockere Chefin,Luisa,Miriam,okay,"3
Erklärung:
Miriam hat ihre Meinung neutral ausgedrückt, indem sie ""Es war  okay"" gesagt",3
Gitarre,lockere Chefin,Miriam,Katharina,okay,"3

Die Antwort ist korrekt, da die Aussage von Katharina ""Es war okay"" neutral klingt und nicht posit",3
Gitarre,lockere Chefin,Luisa,Miriam,okay,"3

Erklärung:
Miriam hat angegeben, dass sie die Gitarre ""ok"" fand. Diese Antwort ist neutral und",3
Gitarre,lockere Chefin,Katharina,Anna,okay,"3


Eine mögliche Erklärung:
Anna sagt, dass das Vorspiel ""okay"" war. Dies bedeutet, dass es",3
Gitarre,lockere Chefin,Sophie,Miriam,okay,"3
Es war ein neutrales Feedback. Miriam fand das Vorspiel ""okay"", ohne eindeutige Kritik",3
Gitarre,lockere Chefin,Anna,Sophie,okay,"3

Die Erklärung:
Sophie hat das Vorspiel ""okay"" gefunden, was neutral/durchschnittlich bedeutet.",3
Gitarre,lockere Chefin,Luisa,Sophie,okay,"3


Erklärung:
Die Antwort ist 3, weil die Aussage von Sophie neutral bleibt und weder eine starke positive noch eine",3
Gitarre,lockere Chefin,Miriam,Katharina,okay,"3

(Lösung: Die Antwort ist 3, da die Aussage von Katharina neutral/durchschnittlich ist. Sie",3
Gitarre,lockere Chefin,Luisa,Katharina,okay,"3

Die Antwort ist korrekt. ""Es war  okay"" ist eine neutrale Aussage, die keinerlei negative oder positive",3
Gitarre,lockere Chefin,Sophie,Anna,okay,"3


Explanation:
Anna's answer ""Es war okay"" is neutral, indicating that she found Sophie's guitar playing average, not exceptionally good or",3
Gitarre,lockere Chefin,Katharina,Luisa,okay,"3

Die Bewertung:
Die Aussage von Luisa (""Es war  okay"") zeigt, dass sie das Vorspiel von Kathar",3
Gitarre,lockere Chefin,Luisa,Sophie,okay,"3


Erklärung:
Sophie hat auf die Frage nach Luisas Gitarrensolo mit ""Es war  okay"" geantwortet",3
Gitarre,lockere Chefin,Sophie,Katharina,okay,"3

Begründung: Die Aussage ""Es war okay"" weist auf eine neutrale Stimmung hin, ohne eine kl",3
Gitarre,lockere Chefin,Luisa,Anna,okay,"3

Erklärung: Anna hat es ""okay"" gefunden. Dies bedeutet, dass sie das Vorspiel nicht besonders beeindruck",3
Gitarre,lockere Chefin,Luisa,Miriam,okay,"3

Die Antwort 3 bedeutet, dass Miriam das Vorspiel neutral/durchschnittlich fand. Sie hat nicht extra",3
Gitarre,lockere Chefin,Miriam,Luisa,okay,"3

Die Antwort ist korrekt, da Luisa nicht sehr positiv über das Vorspiel reagiert, aber auch nicht sehr",3
Gitarre,lockere Chefin,Miriam,Anna,okay,"3

Erklärung:
Die Aussage von Anna, ""Es war  okay"", ist neutral und durchschnittlich. Anna findet das",3
Gitarre,lockere Chefin,Anna,Luisa,okay,"3
Anweisung:
Lesen Sie das folgende Szenario und bewerten Sie, wie Luisa das Vorspiel wirklich f",3
Gitarre,lockere Chefin,Sophie,Anna,okay,"3
Durchschnitt: 3 Herzen
Die Bewertung von Anas Aussage ist neutral/durchschnittlich. Es",3
Gitarre,lockere Chefin,Sophie,Miriam,schlecht,"1
Die Begründung: Miriam sagt, dass die Gitarre ""schlecht"" gespielt wurde, was eine",1
Gitarre,lockere Chefin,Katharina,Luisa,schlecht,"2
Erklärung:
Luisa hat die Gitarrenstunde als ""schlecht"" bezeichnet, was auf eine e",2
Gitarre,lockere Chefin,Anna,Sophie,schlecht,"1


Die Antwort ist 1, weil Sophie die Gitarreleistung von Anna als sehr schlecht bewertet hat. Die Auss",1
Gitarre,lockere Chefin,Miriam,Anna,schlecht,"1

(Lösung: Anna fand das Vorspiel sehr schlecht.) 1 von 5 Herzen. Sie hat ihre Mein",1
Gitarre,lockere Chefin,Luisa,Miriam,schlecht,"1

Erklärung:
Miriam fand das Vorspiel sehr schlecht, also gibt sie eine sehr negative Bewertung. Sie verg",1
Gitarre,lockere Chefin,Luisa,Anna,schlecht,"2


Es war gut zu wissen, dass Anna ihre Meinung offenbart hat, auch wenn es keine explizite Kritik war.",2
Gitarre,lockere Chefin,Anna,Sophie,schlecht,"2


Die Antwort ist 2, da Sophie die Gitarreleistung von Anna als eher negativ beurteilt hat. Sie",2
Gitarre,lockere Chefin,Luisa,Anna,schlecht,"3

Die Antwort ist korrekt.
Erklärung:
Die Antwort 3 bedeutet, dass Anna das Vorspiel neutral/durch",3
Gitarre,lockere Chefin,Luisa,Sophie,schlecht,"3

Erklärung:
Sophie hat lediglich ihre Meinung über die Musik von Luisa geäußert. Sie hat",3
Gitarre,lockere Chefin,Anna,Luisa,schlecht,"1

Die Antwort ist korrekt, da Luisa die Vortragsleistung als schlecht bewertet hat. Die Antwort",1
Gitarre,lockere Chefin,Miriam,Katharina,schlecht,"1
Die Antwort ist 1, weil Katharina die Aufführung von Miriam als ""schlecht"" beschrieben hat,",1
Gitarre,lockere Chefin,Luisa,Miriam,schlecht,"2
The answer is 2 because Miriam's statement ""Es war schlecht"" (It was bad) implies that she was rather negative",2
Gitarre,lockere Chefin,Anna,Sophie,schlecht,"2

Translation:
Scenario:
Anna is a laid-back boss of Sophie.
Anna played the guitar and Sophie listened. After that, Anna asked Sophie",2
Gitarre,lockere Chefin,Katharina,Luisa,schlecht,"2


Erklärung:
Luisa hat die Leistung von Katharina als schlecht bewertet. Die Bewertung ist eher",2
Gitarre,lockere Chefin,Katharina,Sophie,schlecht,"2

Erklärung:
Sophie fand das Vorspiel eher negativ. Sie gab eine negative Bewertung ab, obwohl",2
Gitarre,lockere Chefin,Sophie,Anna,schlecht,"2
I'm glad you're excited about the scenario, but unfortunately, the correct answer is 2. Anna found Sophie's performance to be",2
Gitarre,lockere Chefin,Miriam,Anna,schlecht,"3

Erklärung: Anna hat eine neutrale Antwort gegeben. Sie hat nicht sehr nett über Mirmas Gitarrespiel ges",3
Gitarre,lockere Chefin,Miriam,Katharina,schlecht,"2
Die Antwort 2 bedeutet, dass Katharina es eher negativ fand. Sie hat also nicht sehr viel Gefallen an",2
Gitarre,lockere Chefin,Luisa,Anna,schlecht,"1

(Translation:
Instructions:
Read the following scenario and rate how Anna actually found the prelude.
Scenario:
Luisa is a laid",1
Gitarre,lockere Chefin,Luisa,Miriam,schlecht,"2

Die Begründung: Miriam hat gesagt, ""Es war schlecht"", was eine eher negative Aussage ist, aber",2
Gitarre,lockere Chefin,Katharina,Sophie,schlecht,"1
Die Bewertung: Sophie fand das Vorspiel sehr schlecht. Ihre Aussage ""Es war  schlecht"" weist",1
Gitarre,lockere Chefin,Anna,Miriam,schlecht,"1
####


Translation:
Instruction:
Read the following scenario and rate how Miriam actually found the warm-up.

Scenario:
Anna is Miriam",1
Gitarre,lockere Chefin,Luisa,Katharina,schlecht,"___________

Lösung:
Die Antwort lautet: 1

Begründung: Katharina sagt ""Es war schlecht"",",1
Gitarre,lockere Chefin,Katharina,Luisa,schlecht,"2

Erklärung: Luisas Aussage ""Es war schlecht"" gibt zu verstehen, dass sie nicht zufrieden war",2
Gitarre,lockere Chefin,Katharina,Luisa,schlecht,"**3**


Solution:

The statement ""Es war schlecht"" is a neutral expression, indicating that Luisa did not enjoy the music but did",3
Gitarre,lockere Chefin,Katharina,Miriam,schlecht,"1


Die Antwort ist 1, da Miriam sagt, dass die Gitarreleistung ""schlecht"" war, was auf",1
Gitarre,lockere Chefin,Sophie,Miriam,schlecht,"1
Die Antwort ist korrekt. Miriam hat Sophie gesagt, dass sie schlecht gespielt hat. Das ist eine sehr",1
Gitarre,lockere Chefin,Miriam,Katharina,schrecklich,"1
Das Ergebnis: Es war sehr wahrscheinlich, dass Katharina das Vorspiel nicht gut fand, da sie """,1
Gitarre,lockere Chefin,Luisa,Miriam,schrecklich,"1
Die Begründung: Miriam sagt ""Es war schrecklich"", was sehr negativ ist. Es ist sehr wahrschein",1
Gitarre,lockere Chefin,Luisa,Miriam,schrecklich,"5

Erklärung: Miriam hat zugehört, als Luisa Gitarre vorgespielt hat, und hat nach",5
Gitarre,lockere Chefin,Anna,Miriam,schrecklich,"2

Die Antwort ist korrekt, da Miriam ""Es war schrecklich"" gesagt hat, was eher negativ ist.",2
Gitarre,lockere Chefin,Luisa,Miriam,schrecklich,"1

Die Antwort ist 1, da Miriam die Gitarre spielte, die sehr schlecht war. Die Aussage ""Es",1
Gitarre,lockere Chefin,Sophie,Luisa,schrecklich,"**4**
Gründe:
Luisa hat eine leicht negativ gefärbte Aussage (""Es war schrecklich""), aber es ist",4
Gitarre,lockere Chefin,Sophie,Katharina,schrecklich,"2


**Rationale:**
Katharina beschreibt Sophies Gitarre-Spiel als ""schrecklich"", was auf",2
Gitarre,lockere Chefin,Luisa,Anna,schrecklich,"1

Es war schrecklich. Das bedeutet, dass die Gitarre-Spielerei von Luisa sehr schlecht war,",1
Gitarre,lockere Chefin,Katharina,Sophie,schrecklich,"1
Lösung: Sophie fand das Vorspiel sehr schlecht (1 von 5 Herzen). Sie sagt: ""Es",1
Gitarre,lockere Chefin,Sophie,Katharina,schrecklich,"1
Die Erklärung: Katharina hat Sophie gesagt, dass das Spiel ""schrecklich"" war, was eine sehr negative",1
Gitarre,lockere Chefin,Miriam,Sophie,schrecklich,"3
Es war eine neutrale Bewertung, also 3 von 5 Herzen.
Es gibt keine weitere Erklärung, da die",3
Gitarre,lockere Chefin,Sophie,Katharina,schrecklich,"2

Die Antwort ist korrekt. Katharina fand, dass Sophies Gitarre Spiel ""schrecklich"" war,",2
Gitarre,lockere Chefin,Miriam,Sophie,schrecklich,"2

Die Antwort ist 2, da Sophie die Gitarre-Musik sehr negativ bewertet hat. Sie hat nicht sehr",2
Gitarre,lockere Chefin,Sophie,Katharina,schrecklich,"3 von 5 Herzen
Die Begründung ist, dass die Aussage von Katharina ""Es war schrecklich""",3
Gitarre,lockere Chefin,Anna,Miriam,schrecklich,"2

Die Bewertung:
Miriam hat nicht ausdrücklich gesagt, dass Anna eine schlechte Gitaristin ist. Sie",2
Gitarre,lockere Chefin,Anna,Katharina,schrecklich,"1

Die Antwort ist korrekt, da Katharina sagt, dass die Gitarreleistung ""schrecklich"" war.",1
Gitarre,lockere Chefin,Sophie,Miriam,schrecklich,"1
Die Erklärung:
Miriam hat die Musik von Sophie als ""schrecklich"" bezeichnet, was auf eine sehr negative Bewert",1
Gitarre,lockere Chefin,Anna,Sophie,schrecklich,"2
Die Erklärung:
Sophie fand das Vorspiel eher negativ, aber nicht sehr negativ. Die Aussage """,2
Gitarre,lockere Chefin,Sophie,Luisa,schrecklich,"___________

 Lösung:
Die Antwort ist 3. Es war ein neutrales Feedback. Luisa fand, dass die Gitarre",3
Gitarre,lockere Chefin,Sophie,Luisa,schrecklich,"_______________

Lösung:
Die Antwort ist: 1. Luisa hat tatsächlich das Vorspiel gefunden, indem Sophie auf",1
Gitarre,lockere Chefin,Miriam,Luisa,schrecklich,"1


(Lösung):
Es ist offensichtlich, dass Luisa das Vorspiel nicht genossen hat. Ihre Aussage",1
Gitarre,lockere Chefin,Miriam,Sophie,schrecklich,"5

Erklärung: Die Aussage ""Es war  schrecklich"" kann nicht unbedingt als negative Bewertung interpretiert werden",5
Gitarre,lockere Chefin,Luisa,Katharina,schrecklich,"2

Rationale: Katharina sagt ""Es war  schrecklich"", was ein eher negatives Urteil ist. Die Aussage ist",2
Gitarre,lockere Chefin,Miriam,Anna,schrecklich,"4

Rationale:
Anna hat ""schrecklich"" gesagt, was auf eine negative Beurteilung von Miriams Gitarres",4
Gitarre,lockere Chefin,Katharina,Miriam,schrecklich,"1

(Translation:
Read the following scenario and evaluate how Miriam actually found the warm-up.

Scenario:
Katharina is a relaxed",1
Gitarre,lockere Chefin,Sophie,Miriam,schrecklich,"2

Die Antwort ist 2, weil Miriam's Aussage ""Es war schrecklich"" eher negativ ist, aber nicht extrem",2
Gitarre,lockere Chefin,Miriam,Luisa,schrecklich,"2

Erklärung:
Die Aussage von Luisa ""Es war  schrecklich"" klingt negativ, aber sie ist",2
Gitarre,lockere Chefin,Luisa,Miriam,schrecklich,"2

Lösung:
Miriam fand das Vorspiel ""eher negativ"", also 2 von 5 Herzen.",2
Gitarre,gefürchtete Chefin,Katharina,Miriam,großartig,"5

Das Szenario beschreibt, dass Katharina die Gitarre vorgespielt hat und Miriam zugeh",5
Gitarre,gefürchtete Chefin,Luisa,Katharina,großartig,"5
Grund: Katharina hat ein positives Urteil abgegeben, indem sie die Musik als großartig beschrieben hat.",5
Gitarre,gefürchtete Chefin,Katharina,Anna,großartig,"4
Gründe:
Anna hat gesagt, dass es großartig war. Das klingt sehr positiv und ehrlich.",4
Gitarre,gefürchtete Chefin,Luisa,Miriam,großartig,"5

Die Antwort 5 ist korrekt. Miriam hat die Gitarreklasse tatsächlich gut gefunden, daher ist",5
Gitarre,gefürchtete Chefin,Anna,Sophie,großartig,"5

Die Antwort ist 5, weil Sophie sehr positiv über das Spiel von Anna gesprochen hat. Sie hat nicht gesagt,",5
Gitarre,gefürchtete Chefin,Luisa,Anna,großartig,"4

Anna fand das Vorspiel eher positiv, aber nicht ausgesprochen großartig. Sie hat also ""eher",4
Gitarre,gefürchtete Chefin,Anna,Miriam,großartig,"5

Die Antwort ist 5, weil Miriam sagt, dass es ""großartig"" war. Dies ist eine sehr positive Auss",5
Gitarre,gefürchtete Chefin,Sophie,Anna,großartig,"4

Die Erklärung:
Anna hat eine neutrale Antwort abgegeben, um Sophie nicht zu kränken. Sie hat nicht direkt",4
Gitarre,gefürchtete Chefin,Sophie,Luisa,großartig,"5

Begründung:
Luisa hat Sophie sehr positiv beurteilt, indem sie sie als großartig beschre",5
Gitarre,gefürchtete Chefin,Anna,Sophie,großartig,"5


Die richtige Antwort ist: 5

Sophie hat sehr positiv reagiert und ihre Meinung zum Vorspiel sehr",5
Gitarre,gefürchtete Chefin,Anna,Sophie,großartig,"5

Die Bewertung von Sophie: Sophie ist sehr positiv bezüglich des Vorspiels. Sie denkt, dass Anna groß",5
Gitarre,gefürchtete Chefin,Katharina,Miriam,großartig,"4
Erklärung: Die Aussage von Miriam, dass sie es ""großartig"" fand, ist positiv,",4
Gitarre,gefürchtete Chefin,Katharina,Luisa,großartig,"5

Rationale:
Die Aussage von Luisa ""Es war großartig"" weist auf ein sehr positives Feedback hin. Kathar",5
Gitarre,gefürchtete Chefin,Miriam,Katharina,großartig,"5

Richtig! Katharina hat Miriam's Gitarrespiel sehr gut gefunden und beschreibt es als großartig.",5
Gitarre,gefürchtete Chefin,Sophie,Luisa,großartig,"5

Rationale:
Die Aussage ""Es war großartig"" zeigt ein positives Urteil über das Spiel von Sophie. Luisa hat",5
Gitarre,gefürchtete Chefin,Sophie,Anna,großartig,"5

Erklärung: Anna hat Sophie anerkennend geantwortet (""Es war großartig""). Das bedeutet, dass sie",5
Gitarre,gefürchtete Chefin,Katharina,Luisa,großartig,"5

Die Antwort ist korrekt, da Luisa das Vorspiel als "" großartig"" bezeichnet, was auf ein sehr",5
Gitarre,gefürchtete Chefin,Sophie,Anna,großartig,"4
Warum? Weil Anna's Antwort ""Es war großartig"" sehr positiv klingt, aber nicht so überw",4
Gitarre,gefürchtete Chefin,Sophie,Anna,großartig,"5
Korrektur: Die Antwort ist fehlerhaft. Die Aussage von Anna ""Es war großartig"" ist ein",5
Gitarre,gefürchtete Chefin,Miriam,Sophie,großartig,"4
Die Antwort ist 4, weil Sophie die Darbietung von Miriam als großartig bezeichnet hat, was eine positive",4
Gitarre,gefürchtete Chefin,Miriam,Anna,großartig,"5
Die Antwort ist 5 von 5 Herzen, weil Anna die Gitarre sehr gut fand und sich nicht negativ aus",5
Gitarre,gefürchtete Chefin,Katharina,Miriam,großartig,"5
Die Antwort ist 5, da die Aussage von Miriam sehr positiv ist und ihre Meinung zu Katharinas Musikspiel",5
Gitarre,gefürchtete Chefin,Katharina,Sophie,großartig,"_____________


Lösung:
Die Antwort ist 4. Sophie fand es ""größartig"", was eher positiv ist",4
Gitarre,gefürchtete Chefin,Luisa,Sophie,großartig,"4

Die Antwort ist 4, da Sophie die Vorstellung mit ""größtenteils positiv"" bewertet hat.",4
Gitarre,gefürchtete Chefin,Sophie,Katharina,großartig,"5

Das Szenario zeigt, dass Katharina die Gitarrenbegleitung von Sophie als großartig befunden hat. Das",5
Gitarre,gefürchtete Chefin,Luisa,Sophie,großartig,"5

Erklärung:
Sophie hat die Musik von Luisa gehört und sagt, dass es großartig war. Dies bedeutet,",5
Gitarre,gefürchtete Chefin,Katharina,Miriam,großartig,"5

Die Antwort ist 5, da Miriam das Vorspiel sehr positiv bewertet hat. Sie hat es als ""gr",5
Gitarre,gefürchtete Chefin,Luisa,Miriam,großartig,"5

Die Antwort ist 5, da Miriam offensichtlich sehr beeindruckt war von Luisas Gitarre-Spiel",5
Gitarre,gefürchtete Chefin,Katharina,Miriam,großartig,"5

Erklärung:
Miriam hat die Gitarrenbegabung ihrer Chefin Katharina sehr gelobt. Der Aus",5
Gitarre,gefürchtete Chefin,Sophie,Katharina,großartig,"**4**
Warum?
Die Antwort ist 4, weil Katharina die Darbietung sehr gut gefunden hat. Sie hat ""Es",4
Gitarre,gefürchtete Chefin,Miriam,Anna,gut,"**4**. 5 Antworten.
11:52 Uhr, 30. April 2019 ( Bearbeiten )

Die Antwort ist **4**",4
Gitarre,gefürchtete Chefin,Miriam,Anna,gut,"3

Anna's statement is neutral, expressing a general approval (""Es war gut""). It does not convey strong emotions or enthusiasm, hence a score",3
Gitarre,gefürchtete Chefin,Sophie,Miriam,gut,"3

Die Antwort 3 ist die beste Wahl, da die Aussage von Miriam nicht extrem positiv oder negativ ist, sondern eher",3
Gitarre,gefürchtete Chefin,Miriam,Luisa,gut,"3

Die Antwort ist 3, da Luisa eine neutrale Reaktion hat. Sie hat keine außergewöhnlich positive",3
Gitarre,gefürchtete Chefin,Luisa,Sophie,gut,"___________
Lösung:
Die Antwort lautet: 3. Die Aussage ""Es war gut"" gibt keine spezifischen Hin",3
Gitarre,gefürchtete Chefin,Anna,Miriam,gut,"4

Die Antwort 4 bedeutet, dass Miriam das Vorspiel eher positiv fand. Die Aussage ""Es war",4
Gitarre,gefürchtete Chefin,Miriam,Sophie,gut,"4

Lösung:
Sophie gibt eine eher positive Bewertung, aber nicht völlig begeistert. Die Aussage """,4
Gitarre,gefürchtete Chefin,Anna,Sophie,gut,"___________

Die Antwort: 4

Erklärung:
Sophie hat die Gitarre-Geschmackskennung als ""g",4
Gitarre,gefürchtete Chefin,Miriam,Sophie,gut,"3

Die Antwort 3 entspricht der Skala, die wir verwendet haben. 3 von 5 Herzen bedeutet eine neutral",3
Gitarre,gefürchtete Chefin,Sophie,Katharina,gut,"3

Begründung:
Katharina hat mit ""Es war gut"" eine neutrale und diplomatische Antwort gegeben. Sie",3
Gitarre,gefürchtete Chefin,Anna,Miriam,gut,"3

Die Antwort ist korrekt.
Die Aussage ""Es war gut"" ist eine neutrale Bewertung, die weder sehr posit",3
Gitarre,gefürchtete Chefin,Sophie,Anna,gut,"3
Begründung:
Anna hat die Vortragung von Sophie mit ""es war gut"" bewertet, was keine extrem",3
Gitarre,gefürchtete Chefin,Katharina,Sophie,gut,"3

Erklärung:
Die Antwort ist 3, da Sophie nicht wirklich eine positive oder negative Meinung zum Vorspiel von Kathar",3
Gitarre,gefürchtete Chefin,Miriam,Sophie,gut,"3

Erklärung:
Sophie hat ein neutrales Urteil abgegeben. Die Aussage ""Es war gut"" ist neutral",3
Gitarre,gefürchtete Chefin,Katharina,Miriam,gut,"3

Die Antwort ist 3, da die Aussage von Miriam neutral und durchschnittlich ist. Miriam hat nicht expliz",3
Gitarre,gefürchtete Chefin,Anna,Miriam,gut,"3

Miriam found the prelude neutral/durchschnittlich, as the answer ""Es war gut"" (It was good) suggests",3
Gitarre,gefürchtete Chefin,Miriam,Anna,gut,"4
Die Begründung: Anna hat sich bemüht, freundlich zu sein, indem sie nicht negativ bewertet hat",4
Gitarre,gefürchtete Chefin,Sophie,Miriam,gut,"_______________

5
Erklärung:
Die Antwort ist 5, da Miriam die Gitarre-Spielung Sophies als ""g",5
Gitarre,gefürchtete Chefin,Miriam,Anna,gut,"4
Anna hat das Vorspiel ""eher positiv"" gefunden, da sie die Aussage ""Es war gut"" verwendet hat.",4
Gitarre,gefürchtete Chefin,Miriam,Sophie,gut,"3

Die Antwort 3 bedeutet, dass Sophie die Leistung von Miriam neutral/durchschnittlich fand. Die Aussage",3
Gitarre,gefürchtete Chefin,Sophie,Anna,gut,"3

Die Antwort ist 3, da Anna das Vorspiel neutral/durchschnittlich fand. Sie sagt nur ""Es war",3
Gitarre,gefürchtete Chefin,Katharina,Sophie,gut,"4

Es war  gut, die Aussage von Sophie ist neutral/durchschnittlich positiv, also 4 von 5 Her",4
Gitarre,gefürchtete Chefin,Miriam,Katharina,gut,"3

Erklärung: Die Antwort ist 3, da Katharina den Vorgang neutral und durchschnittlich findet. Sie",3
Gitarre,gefürchtete Chefin,Miriam,Anna,gut,"3


Source:
This scenario is an example of a evaluation task, where Anna is asked to rate her experience of listening to Miriam play the",3
Gitarre,gefürchtete Chefin,Anna,Miriam,gut,"4

Die Antwort ist 4, weil Miriam die Vortragsweise von Anna als ""gut"" bezeichnet hat. Das",4
Gitarre,gefürchtete Chefin,Katharina,Sophie,gut,"3

Erklärung: Sophie hat nicht sehr viel über Katharinas Gitarre-Spiel gesagt. Sie hat lediglich """,3
Gitarre,gefürchtete Chefin,Katharina,Miriam,gut,"3

Richtig? Falsch? Warum?

Die Antwort ist: Richtig.

Erklärung:
Miriam hat nicht expliz",3
Gitarre,gefürchtete Chefin,Katharina,Anna,gut,"3

Erklärung:
Anna hat die Gitarrenprobe mit ""Es war gut"" beurteilt. Dieses Urteil ist",3
Gitarre,gefürchtete Chefin,Miriam,Sophie,gut,"3

### Lösung:

Die Antwort ist 3, da die Aussage von Sophie neutral und durchschnittlich ist. Sie sagt nicht",3
Gitarre,gefürchtete Chefin,Katharina,Sophie,gut,"4

Erklärung: Sophie fand das Vorspiel eher positiv, aber nicht sehr positiv. Sie gab ein relativ positives F",4
Gitarre,gefürchtete Chefin,Anna,Miriam,okay,"3
I'm not sure what the scale means, but I'll answer based on my intuition. Here's my answer: 3. I",3
Gitarre,gefürchtete Chefin,Katharina,Luisa,okay,"2

Die Antwort ist 2, da Luisa das Spiel von Katharina als eher negativ, aber nicht sehr negativ, eins",2
Gitarre,gefürchtete Chefin,Luisa,Sophie,okay,"3

Die Antwort ist korrekt, da das Antwort von Sophie neutral ist und weder negativ noch positiv. Sie hat nicht expl",3
Gitarre,gefürchtete Chefin,Miriam,Anna,okay,"3

Die Antwort ist korrekt. Die Aussage von Anna (""Es war  okay."") bedeutet, dass sie das Vorspiel",3
Gitarre,gefürchtete Chefin,Katharina,Miriam,okay,"3
Begründung:
Das Vorspiel war neutral/durchschnittlich. Katharina hat Gitarre gespielt",3
Gitarre,gefürchtete Chefin,Miriam,Katharina,okay,"3

Die Erklärung: Katharina hat ihre Meinung über die Gitarreleistung von Miriam neutral und durchschnitt",3
Gitarre,gefürchtete Chefin,Sophie,Katharina,okay,"3

Die Antwort ist 3, da ""okay"" ein neutrales Assessment darstellt, weder stark positives noch negatives Feedback gibt",3
Gitarre,gefürchtete Chefin,Katharina,Sophie,okay,"**3**


Translation:
Instructions:
Read the following scenario and evaluate how Sophie really felt about the warm-up.

Scenario:
Katharina,",3
Gitarre,gefürchtete Chefin,Katharina,Anna,okay,"2


Erklaerung:
Anna hat gesagt, dass es ""okay"" war, was eher neutral klingt. Es gibt keine",2
Gitarre,gefürchtete Chefin,Miriam,Katharina,okay,"3

Begründung:
Katharina hat sich nicht negativ oder überaus positiv geäußert. Sie hat",3
Gitarre,gefürchtete Chefin,Katharina,Miriam,okay,"3

Erklärung:
Miriam hat auf die Frage nach ihrer Meinung über das Vorspiel mit einem neutralen ""Okay"" ge",3
Gitarre,gefürchtete Chefin,Luisa,Anna,okay,"3
Warum:
Anna hat keine positive oder negative Aussage gemacht. Sie hat lediglich gesagt, dass es ""okay"" war",3
Gitarre,gefürchtete Chefin,Anna,Sophie,okay,"3

Die Erklärung:
Sophie hat nicht sehr positiv oder sehr negativ über die Gitarrenspiele von Anna geur",3
Gitarre,gefürchtete Chefin,Anna,Miriam,okay,"**3**  (durchschnittlich / neutral) 
Erklärung: Miriam hat sich nicht sehr positiv oder sehr negativ",3
Gitarre,gefürchtete Chefin,Miriam,Sophie,okay,"3
Warum? Sophie antwortet neutral-durchschnittlich, was bedeutet, dass sie das Vorspiel nicht unbed",3
Gitarre,gefürchtete Chefin,Sophie,Luisa,okay,"3
Kontrolle: Luisa hat das Vorspiel neutral bewertet, also keine starke Vorliebe oder Ablehnung",3
Gitarre,gefürchtete Chefin,Luisa,Katharina,okay,"3
Begründung: Die Aussage ""Es war okay"" ist neutral und beschreibt die Aufführung als durchschnitt",3
Gitarre,gefürchtete Chefin,Luisa,Sophie,okay,"3

Erklärung:
Sophie hat sich nicht sehr aufgerüstet und sagt ""Es war  okay."", was auf eine neutrale",3
Gitarre,gefürchtete Chefin,Sophie,Miriam,okay,"3

Erklärung:
Miriam fand das Vorspiel neutral / durchschnittlich. Ihr Antwortwort ""Es war okay""",3
Gitarre,gefürchtete Chefin,Katharina,Anna,okay,"3

Erklärung:
Die Aussage von Anna ""Es war okay"" bedeutet, dass sie das Vorspiel neutral gefunden hat,",3
Gitarre,gefürchtete Chefin,Sophie,Miriam,okay,"3

Die Begründung: Miriam gibt keine klare Antwort auf die Frage von Sophie. Sie sagt lediglich ""Es war",3
Gitarre,gefürchtete Chefin,Katharina,Luisa,okay,"_____________
1 Antworten
Luisa 3 Antworten
2 Antworten
Luisa 4 Antworten
3 Antworten
Luisa",3
Gitarre,gefürchtete Chefin,Sophie,Katharina,okay,"3

Begründung:
Katharina hat keine sehr positive oder sehr negative Aussage gemacht. Sie hat lediglich ""okay",3
Gitarre,gefürchtete Chefin,Sophie,Anna,okay,"3

Die Antwort ist korrekt. Anna hat das Vorspiel neutral gefunden und sagt ""Es war  okay"", was eine neutrale",3
Gitarre,gefürchtete Chefin,Sophie,Anna,okay,"3


Das ist korrekt! Anna hat das Vorspiel neutral / durchschnittlich gefunden. 

(Eine mögliche Er",3
Gitarre,gefürchtete Chefin,Katharina,Sophie,okay,"3

Erklärung: Sophie hat auf die Frage ""Wie fandst du das Spiel?"" nur eine kurze Antwort gegeben: """,3
Gitarre,gefürchtete Chefin,Miriam,Sophie,okay,"3

Erklärung:
Sophie fand das Vorspiel neutral-durchschnittlich. Sie sagt ""Es war okay"", was",3
Gitarre,gefürchtete Chefin,Miriam,Anna,okay,"3

Translation:
Read the following scenario and evaluate how Anna really felt about the warm-up. Scenario:
Miriam, the feared boss of Anna",3
Gitarre,gefürchtete Chefin,Anna,Luisa,okay,"3

Erklärung: Luisa hat nicht sehr enthusiastisch geantwortet (""Es war okay""). Es war keine offene Ablehnung",3
Gitarre,gefürchtete Chefin,Katharina,Anna,okay,"3

Begründung:
Anna gibt eine neutrale Antwort, die nicht sehr positiv ist, aber auch nicht sehr negativ. Sie",3
Gitarre,gefürchtete Chefin,Sophie,Katharina,schlecht,"2
Die Begründung ist, dass Katharina ein eher negatives Urteil fällt, obwohl sie nicht explizit",2
Gitarre,gefürchtete Chefin,Sophie,Luisa,schlecht,"**2** 

(Deutsch) Bewertung der Einstellung:
Luisa hat ein ehrliches Feedback gegeben. Sie hat nicht",2
Gitarre,gefürchtete Chefin,Luisa,Katharina,schlecht,"**4** 
(Für weitere Erklärungen oder Diskussion bitte in den Kommentaren!) 

* Ich habe mich entschieden, 4",4
Gitarre,gefürchtete Chefin,Anna,Sophie,schlecht,"**3** 

Rationale:
Sophie hat die Gitarre von Anna gehört und hat gesagt, dass sie schlecht gespielt hat",3
Gitarre,gefürchtete Chefin,Luisa,Katharina,schlecht,"2

### Lösung:

Katharina sagte ""Es war schlecht"", was eine ehrliche aber nicht sehr positive Aussage ist",2
Gitarre,gefürchtete Chefin,Katharina,Luisa,schlecht,"1
Erklärung:
Die Aussage von Luisa ""Es war schlecht"" ist sehr negativ. Es gibt keine positiven As",1
Gitarre,gefürchtete Chefin,Miriam,Anna,schlecht,"2
Erklärung: Anna fand die Gitarreleistung von Miriam ""eher negativ"". Ihre Aussage ""Es",2
Gitarre,gefürchtete Chefin,Anna,Sophie,schlecht,"2
Die Antwort ist 2 von 5 Herzen. Sophie fand das Spiel eher negativ. Die Aussage ""Es war schle",2
Gitarre,gefürchtete Chefin,Luisa,Miriam,schlecht,"1

Die Antwort ist 1, weil Miriam das Vorspiel sehr schlecht fand und deshalb nur 1 Herz vergibt",1
Gitarre,gefürchtete Chefin,Anna,Miriam,schlecht,"1

---

Ich denke, dass Miriam das Vorspiel sehr schlecht fand, daher vermute ich, dass sie 1",1
Gitarre,gefürchtete Chefin,Katharina,Luisa,schlecht,"2
Anweisung:
Lesen Sie das folgende Szenario und bewerten Sie, wie Luisa das Vorspiel wirklich f",2
Gitarre,gefürchtete Chefin,Katharina,Anna,schlecht,"2

Die Antwort ist korrekt, da die Aussage von Anna ""Es war  schlecht"" eine ehrliche, aber nicht",2
Gitarre,gefürchtete Chefin,Katharina,Sophie,schlecht,"_______

Lösung:
Die Antwort ist 1. Es war  schlecht. Das bedeutet, dass Sophie das Vorspiel sehr neg",1
Gitarre,gefürchtete Chefin,Miriam,Luisa,schlecht,"1
Die Begründung:
Die Antwort ist eindeutig, da Luisa die Aufführung als ""schlecht""",1
Gitarre,gefürchtete Chefin,Katharina,Anna,schlecht,"2

Die Antwort ist 2, weil Anna anscheinend sehr negatives Feedback zu Katharinas Gitarrespiel gibt. Sie sagt,",2
Gitarre,gefürchtete Chefin,Anna,Miriam,schlecht,"1

Die Antwort ist 1, da Miriam das Vorspiel sehr schlecht fand. Die Aussage ""Es war  schle",1
Gitarre,gefürchtete Chefin,Anna,Miriam,schlecht,"2
Translation:
Instructions:
Read the following scenario and rate how Miriam really felt about the rehearsal.
Scenario:
Anna, a feared boss,",2
Gitarre,gefürchtete Chefin,Sophie,Luisa,schlecht,"2

Die Antwort ist 2, weil Luisa es ""schlecht"" findet, aber nicht kategorisch negativ, sondern eher neg",2
Gitarre,gefürchtete Chefin,Sophie,Anna,schlecht,"5

Erklärung:
Anna sagt, dass Sophies Gitarre ""schlecht"" war. Das bedeutet, dass sie die",5
Gitarre,gefürchtete Chefin,Miriam,Sophie,schlecht,"2

Erklärung:
Sophie hat gesagt, dass sie die Gitarrelei von Miriam ""schlecht"" gefunden hat",2
Gitarre,gefürchtete Chefin,Anna,Miriam,schlecht,"2

Es war ein eher negatives Urteil von Miriam. Sie fand die Gitarrelei von Anna nicht gut. 2 von",2
Gitarre,gefürchtete Chefin,Sophie,Katharina,schlecht,"___________ 
Lösung:
Die Antwort ist: 2. Die Aussage ""Es war schlecht"" zeigt, dass Katharina",2
Gitarre,gefürchtete Chefin,Luisa,Katharina,schlecht,"1 von 5 Herzen (sehr negativ / am wenigsten) 
Warum? 
Katharina hat offensicht",1
Gitarre,gefürchtete Chefin,Miriam,Luisa,schlecht,"1

(Lösung)
Luisa hat die Gitarre-Musik, die Miriam gespielt hat, als ""sch",1
Gitarre,gefürchtete Chefin,Anna,Sophie,schlecht,"2

(Translation)

Instructions:
Read the following scenario and evaluate how Sophie really felt about the warm-up. 

Scenario:
Anna, a feared",2
Gitarre,gefürchtete Chefin,Katharina,Anna,schlecht,"2
Begründung:
Anna hat die Gitarrenprobe von Katharina als ""schlecht"" beschrieben. Dies de",2
Gitarre,gefürchtete Chefin,Miriam,Anna,schlecht,"2

Erklärung: Anna hat nur eine negative Aussage getätigt. Sie hat nicht ausdrücklich gesagt, dass das",2
Gitarre,gefürchtete Chefin,Luisa,Anna,schlecht,"2
Die Erklärung: Anna hat zugehört, ohne dass sie ihre Meinung über die Gitarrenleitung ausdrück",2
Gitarre,gefürchtete Chefin,Miriam,Anna,schrecklich,"2

Erklärung:
Anna hat das Vorspiel sehr schlecht gefunden, was in dem Szenario als ""schrecklich""",2
Gitarre,gefürchtete Chefin,Katharina,Anna,schrecklich,"3

Erklärung:
Anna fand das Vorspiel neutral, also durchschnittlich. Sie hat nicht sehr negative oder sehr positive",3
Gitarre,gefürchtete Chefin,Anna,Luisa,schrecklich,"1

(Leseprobe) 1 Antworten: 1 | 2 | 3 | 4 | 5
Bitte wählen",1
Gitarre,gefürchtete Chefin,Luisa,Katharina,schrecklich,"1
Katharina fand das Vorspiel sehr negativ. Sie hat ""schrecklich"" gesagt, was auf eine",1
Gitarre,gefürchtete Chefin,Luisa,Sophie,schrecklich,"2
I'm guessing that Sophie was rather disappointed with Luisa's guitar playing. Since Luisa is her boss, Sophie might be worried about",2
Gitarre,gefürchtete Chefin,Sophie,Anna,schrecklich,"2


(Translation)
Instructions:
Read the following scenario and rate how Anna actually felt about the prelude.
Scenario:
Sophie, a feared",2
Gitarre,gefürchtete Chefin,Sophie,Miriam,schrecklich,"1


Das ist die beste Antwort. Miriam hat gesagt, dass es ""schrecklich"" war, was eine sehr negative Bewertung",1
Gitarre,gefürchtete Chefin,Anna,Sophie,schrecklich,"5


Die Bewertung von Sophie ist sehr positiv, da sie ""schrecklich"" sagt, was impliziert, dass Anna eine",5
Gitarre,gefürchtete Chefin,Sophie,Luisa,schrecklich,"1
Die beste Antwort war 5. Die Antwort 1 ist die schlechteste. Die beste Antwort war die Meinung, dass Luis",1
Gitarre,gefürchtete Chefin,Sophie,Anna,schrecklich,"2


Justification:
Anna's answer ""Es war  schrecklich"" (It was terrible) suggests that she did not enjoy the performance",2
Gitarre,gefürchtete Chefin,Sophie,Katharina,schrecklich,"2 von 5 Herzen
Erklaerung: Katharina hat gesagt, dass die Gitarre-Spielerei """,2
Gitarre,gefürchtete Chefin,Anna,Luisa,schrecklich,"**4**  (weiter unten, bitte)
Erklärung:
Luisa hat die Gitarre von Anna als ""schreck",4
Gitarre,gefürchtete Chefin,Katharina,Luisa,schrecklich,"2

(Lösung: Luisa fand das Vorspiel ""eher negativ"", daher 2 von 5 Herzen.)",2
Gitarre,gefürchtete Chefin,Miriam,Sophie,schrecklich,"3
We explain:
Sophie's statement ""It was terrible"" is a neutral/negative statement. She is not extremely negative, but she",3
Gitarre,gefürchtete Chefin,Sophie,Katharina,schrecklich,"1
#### 1
Die Antwort: 1
#### 1
Die Antwort: 1
#### 1
Die Antwort:",1
Gitarre,gefürchtete Chefin,Anna,Sophie,schrecklich,"**3**


Die Antwort ist 3, weil Sophie die Gitarreleistung von Anna als neutral/durchschnittlich einstuf",3
Gitarre,gefürchtete Chefin,Luisa,Anna,schrecklich,"3


Erklärung:
Anna gibt eine neutrale Bewertung. Sie sagt, dass es ""schrecklich"" war, aber man kann",3
Gitarre,gefürchtete Chefin,Luisa,Miriam,schrecklich,"1

Die Begründung: Miriam beschreibt das Spiel als ""schrecklich"", was eine sehr negative Beurteilung",1
Gitarre,gefürchtete Chefin,Anna,Luisa,schrecklich,"1

(Das ist sehr negativ.) 

Kommentare:
Die Antwort ist eindeutig. Luisa sagt, dass das V",1
Gitarre,gefürchtete Chefin,Sophie,Miriam,schrecklich,"1
(1 von 5 Herzen, sehr negativ / am wenigsten)",1
Gitarre,gefürchtete Chefin,Katharina,Luisa,schrecklich,"2

(Lösung: Es ist eindeutig ein negatives Urteil, aber nicht völlig negativ. Es ist ein",2
Gitarre,gefürchtete Chefin,Luisa,Miriam,schrecklich,"2

(Für weitere Fragen, bitte beachten Sie, dass die Skala von 1 bis 5 Herzen ist.)  mehr...",2
Gitarre,gefürchtete Chefin,Luisa,Anna,schrecklich,"2
Die Antwort: 2
Die Antwort: 2
Die Antwort: 2
Die Antwort: 2
Die Antwort:",2
Gitarre,gefürchtete Chefin,Sophie,Anna,schrecklich,"**4** (eher positiv) 

Begründung:
Anna beschreibt die Gitarre-Aufführung von Sophie als """,4
Gitarre,gefürchtete Chefin,Sophie,Miriam,schrecklich,"2

Bitte beachten Sie, dass dies ein Übungsszenario ist und nicht als tatsächliche Beurteilung von Mir",2
Gitarre,gefürchtete Chefin,Luisa,Miriam,schrecklich,"1


Erklärung:
Miriam hat ""schrecklich"" gesagt, was eine sehr negative Aussage ist. Dies weist darauf",1
Gitarre,gefürchtete Chefin,Sophie,Katharina,schrecklich,"**3**

Begründung:
Katharina findet die Gitarre-Spielerei von Sophie ""schrecklich"", was neutral",3
Gitarre,gefürchtete Chefin,Luisa,Miriam,schrecklich,"1

Erklärung:
Miriam findet, dass die Vorstellung der Gitarre von Luisa ""schrecklich"" war. Dies",1
Gitarre,gefürchtete Chefin,Sophie,Miriam,schrecklich,"___________
Lösung:
Die Antwort ist 2. Miriam findet Sophies Gitarre-Spiel eher negativ.
Gründe:",2
Gitarre,gefürchtete Chefin,Katharina,Miriam,schrecklich,"1
Bitte begründen Sie Ihre Antwort in einer kleinen Erklärung.
Meine Antwort ist 1, da Miriam das Vorspiel",1
Kuchen,enge Freundin,Anna,Katharina,großartig,"5
Why do you think Katharina said ""Es war großartig""? Maybe she said it because Anna was a good friend and Anna",5
Kuchen,enge Freundin,Sophie,Miriam,großartig,"5

Miriam used the phrase ""Es war großartig"" which means ""It was great"" in English, indicating that Sophie's baked",5
Kuchen,enge Freundin,Katharina,Sophie,großartig,"5
Die Begründung: ""Es war großartig"" ist eine sehr positive Aussage, die einen Kuchen in der Hö",5
Kuchen,enge Freundin,Miriam,Luisa,großartig,**4**,4
Kuchen,enge Freundin,Anna,Miriam,großartig,"**3**



Lösung:
Miriam fand den Kuchen "" großartig"" , was neutral-durchschnittlich ist.",3
Kuchen,enge Freundin,Miriam,Sophie,großartig,"5

Die Antwort ist 5, da die Aussage von Sophie ""Es war großartig"" sehr positiv ist und andeutet",5
Kuchen,enge Freundin,Sophie,Miriam,großartig,"5
Erklärung:
Die Aussage von Miriam ""Es war großartig"" deutet darauf hin, dass sie den Kuchen",5
Kuchen,enge Freundin,Miriam,Sophie,großartig,"5

Die Antwort ist 5, da Sophie den Kuchen ""großartig"" findet, was eine sehr positive Bewertung ist.",5
Kuchen,enge Freundin,Luisa,Anna,großartig,"5

Begründung:
Die Aussage von Anna (""Es war großartig"") zeigt eine sehr positive Reaktion auf den Kuchen",5
Kuchen,enge Freundin,Katharina,Sophie,großartig,"5

Rationale:
Die Aussage ""Es war großartig"" ist ein stark positives Kompliment, das Katharina's Back",5
Kuchen,enge Freundin,Luisa,Miriam,großartig,"5

Die Erklärung:
Miriam hat den Kuchen sehr gut gefunden, sie hat ihn als ""größtenteils""",5
Kuchen,enge Freundin,Miriam,Luisa,großartig,"5
Warum?
Es war großartig bedeutet, dass Luisa den Kuchen sehr gut fand. Sie hat nicht nur ges",5
Kuchen,enge Freundin,Sophie,Luisa,großartig,"4

Begründung: Der Aussage von Luisa nach wird klar, dass sie den Kuchen sehr gut fand. Der Aus",4
Kuchen,enge Freundin,Luisa,Miriam,großartig,"4

Lösung: Miriam findet den Kuchen sehr gut, aber nicht perfekt. Sie verwendet die Worte ""großart",4
Kuchen,enge Freundin,Anna,Miriam,großartig,"4

Die Erklärung:
Die Aussage von Miriam ""Es war großartig"" gibt eine positive Beurteilung des K",4
Kuchen,enge Freundin,Sophie,Katharina,großartig,"4

Die Antwort ist korrekt, da Katharina den Kuchen "" großartig"" findet, was eine positive Aussage ist",4
Kuchen,enge Freundin,Sophie,Katharina,großartig,"**4**


Erklärung:
Die Aussage von Katharina (""Es war großartig."") klingt sehr positiv. Kath",4
Kuchen,enge Freundin,Katharina,Anna,großartig,"5

Die Antwort ist 5, da Anna den Kuchen sehr gut findet und den Ausdruck "" großartig"" verwendet, um",5
Kuchen,enge Freundin,Katharina,Miriam,großartig,"5

Die Begründung:
""Es war großartig"" ist eine sehr positive Aussage. Miriam verwendet das Wort ""gro",5
Kuchen,enge Freundin,Sophie,Katharina,gut,"4

Erklärung:
Katharina hat den Kuchen probiert und sagt, dass es ""gut"" war. Dies gibt",4
Kuchen,enge Freundin,Miriam,Luisa,gut,"3

Lies hierzu die Begründung: Die Aussage ""Es war gut"" ist neutral und durchschnittlich. Die",3
Kuchen,enge Freundin,Anna,Miriam,gut,"3

Erklärung:
Die Aussage von Miriam ""Es war gut"" ist neutral und durchschnittlich. Sie gibt keine expl",3
Kuchen,enge Freundin,Miriam,Katharina,gut,"3

Erklärung:
Die Aussage von Katharina ""Es war gut"" ist neutral/durchschnittlich und gibt keine aus",3
Kuchen,enge Freundin,Anna,Katharina,gut,"3

Erklärung:
Katharina fand den Kuchen ""gut"". Das ist eine neutrale Bewertung, weder",3
Kuchen,enge Freundin,Sophie,Luisa,gut,"**3**



Die Bewertung ist neutral / durchschnittlich (3 von 5 Herzen). Luisas Antwort ""Es war gut""",3
Kuchen,enge Freundin,Sophie,Luisa,gut,"3

Luisa hat den Kuchen probiert und sagt, dass er ""gut"" war. Das gibt nicht unbedingt ein",3
Kuchen,enge Freundin,Katharina,Luisa,gut,"3

Die Auskunft: Es ist neutral/durchschnittlich. Luisa findet den Kuchen okay, aber gibt nicht besonders viele",3
Kuchen,enge Freundin,Luisa,Sophie,gut,"3

Erklärung:
Sophie hat den Kuchen gebacken und sagt, dass es ""gut"" war. Dies kann neutral",3
Kuchen,enge Freundin,Anna,Miriam,gut,"3

Erklärung: Miriam gibt nur ein kurzes und generisches Urteil ab. Sie sagt ""Es war gut"", aber nicht",3
Kuchen,enge Freundin,Katharina,Miriam,gut,"4
Why is this answer 4? The answer is 4 because ""Es war gut"" implies that Katharina did a decent job",4
Kuchen,enge Freundin,Luisa,Katharina,gut,"3

Luisa: ""Wie fandst du den Kuchen?"" Katharina: ""Es war gut."" Es gibt keine über",3
Kuchen,enge Freundin,Luisa,Miriam,gut,"4

Erklaerung: Miriam fand den Kuchen ""gut"", was eine positive Beurteilung ist. Sie hat",4
Kuchen,enge Freundin,Luisa,Miriam,gut,"3

Erklaerung:
Die Aussage von Miriam (""Es war gut"") ist neutral und nicht sehr positiv oder negativ.",3
Kuchen,enge Freundin,Sophie,Luisa,gut,"4

Es ist wichtig zu beachten, dass die Aussage ""Es war gut"" nicht sehr ausführlich ist und wahrscheinlich eine",4
Kuchen,enge Freundin,Anna,Sophie,gut,"4

Die Antwort ist 4, da Sophies Aussage ""Es war gut"" neutral bis positiv ist. Sie gibt kein ausdr",4
Kuchen,enge Freundin,Sophie,Anna,gut,"4

(Eine mögliche Erklärung: Die Aussage ""Es war gut"" weist auf eine mittlere bis positive Meinung",4
Kuchen,enge Freundin,Anna,Sophie,gut,"3

Erklärung:
Sophie hat den Kuchen probiert und sagt, es war gut. Dies ist eine neutrale Aussage,",3
Kuchen,enge Freundin,Miriam,Anna,gut,"3

Die Antwort ist 3, da Annas Aussage ""Es war gut"" neutral und durchschnittlich klingt und nicht",3
Kuchen,enge Freundin,Katharina,Sophie,okay,"3
Erklärung:
Sophie hat den Kuchen probiert und antwortet, dass es ""okay"" war. ""Okay""",3
Kuchen,enge Freundin,Sophie,Luisa,okay,"3


Die Antwort 3 bedeutet, dass Luisa den Kuchen neutral gefunden hat. Sie hat ihn nicht geliebt oder gehas",3
Kuchen,enge Freundin,Anna,Katharina,okay,"3

Es war okay bedeutet, dass Katharina den Kuchen neutral fand. Es gibt keine offensichtliche Kritik",3
Kuchen,enge Freundin,Anna,Luisa,okay,"3


Die Antwort ist 3, weil Luisa den Kuchen als neutral beschrieben hat, indem sie ""okay"" sagte, was keine",3
Kuchen,enge Freundin,Miriam,Katharina,okay,"**3**


Source: German language learners

Solution: The answer is **3**. Katharina's response, ""Es war okay,""",3
Kuchen,enge Freundin,Katharina,Sophie,okay,"3

Rationale:
Sophie antwortet, dass der Kuchen ""okay"" war. ""Okay"" bedeutet, dass der K",3
Kuchen,enge Freundin,Miriam,Katharina,okay,"3
Die Antwort ist 3, weil ""Es war  okay"" eine neutral ausgesprochene Meinung ist. Katharina",3
Kuchen,enge Freundin,Katharina,Anna,okay,"3
Rationale: Anweisung ist, die Aussage von Anna zu bewerten. ""Okay"" kann neutral oder positiv interpretiert",3
Kuchen,enge Freundin,Anna,Sophie,okay,"3

Die Antwort ist 3, da Sophies Aussage ""Es war okay"" neutral und durchschnittlich klingt und nicht",3
Kuchen,enge Freundin,Miriam,Luisa,okay,"3
Die Erklärung: Luisa fand den Kuchen neutral/durchschnittlich. Ihre Aussage ""Es war okay""",3
Kuchen,enge Freundin,Sophie,Luisa,okay,"3

Erklärung: Luisa fand den Kuchen ""okay"", was bedeutet, dass sie ihn nicht sehr gut oder sehr schle",3
Kuchen,enge Freundin,Katharina,Sophie,okay,"3

Erklärung:
Die Antwort ist 3, weil Sophies Aussage ""Es war  okay"" neutral klingt. Sie",3
Kuchen,enge Freundin,Sophie,Miriam,okay,"3

(Translation)
Instructions:
Read the following scenario and rate how Miriam actually felt about the cake.
Scenario:
Sophie is a close",3
Kuchen,enge Freundin,Anna,Miriam,okay,"3
(Translation:
Instruction:
Read the following scenario and evaluate how Miriam really felt about the cake.

Scenario:
Anna is a close friend",3
Kuchen,enge Freundin,Miriam,Luisa,okay,"3

Luisa fand den Kuchen ""okay"". Das bedeutet, dass sie ihn nicht besonders gut oder schlecht fand,",3
Kuchen,enge Freundin,Sophie,Luisa,okay,"3

Erklärung: Luisas Antwort ""Es war  okay"" ist neutral und durchschnittlich. Sie gibt nicht eindeut",3
Kuchen,enge Freundin,Katharina,Anna,okay,"**4** (4 von 5 Herzen)  Wir bewerten Anna als sehr positiv, da sie den Kuchen ""okay"" gefunden",4
Kuchen,enge Freundin,Katharina,Sophie,okay,"3

Begründung:
Sophie hat den Kuchen gebacken und sagt, dass es ""okay"" war. Dieser Auss",3
Kuchen,enge Freundin,Anna,Luisa,okay,"3
Begründung: Die Aussage ""Es war okay"" ist neutral und besagt nicht, dass der Kuchen sehr gut oder",3
Kuchen,enge Freundin,Sophie,Luisa,okay,"2

Rationale: Luisa fand den Kuchen nicht schlecht, aber auch nicht großartig. Sie gibt eine neutrale Antwort",2
Kuchen,enge Freundin,Anna,Miriam,schlecht,"1
Miriam hat den Kuchen als ""schlecht"" bezeichnet, was sehr negativ ist und einem Wert von 1 von",1
Kuchen,enge Freundin,Anna,Miriam,schlecht,"**3**


Erklärung:
Miriam findet den Kuchen neutral/durchschnittlich (3 von 5 Herzen). Die Auss",3
Kuchen,enge Freundin,Sophie,Luisa,schlecht,"2

Anmerkung: Die Bewertung kann subjektiv sein und von Person zu Person variieren. Diese Übung dient ledig",2
Kuchen,enge Freundin,Luisa,Sophie,schlecht,"1

Es ist sehr wahrscheinlich, dass der Kuchen schlecht ist, wenn Sophie ihn als ""schlecht"" beschreibt",1
Kuchen,enge Freundin,Miriam,Katharina,schlecht,"1

(Hinweis: Die Aussage von Katharina ""Es war  schlecht"" ist sehr negativ. Die Bewertung",1
Kuchen,enge Freundin,Katharina,Luisa,schlecht,"1

Die Begründung:
Luisa sagte, dass der Kuchen ""schlecht"" war, was eine sehr negative Bewert",1
Kuchen,enge Freundin,Miriam,Katharina,schlecht,"1

Bemerkung:
Die Antwort 1 bedeutet, dass Katharina den Kuchen sehr negativ fand und dass er",1
Kuchen,enge Freundin,Katharina,Sophie,schlecht,"1
I'm assuming you're asking me to rate how Sophie liked the cake based on the statement ""Es war schlecht."" This means """,1
Kuchen,enge Freundin,Miriam,Luisa,schlecht,"1

(Lösung: Die Antwort ist 1, da Luisa sagt, dass der Kuchen ""schlecht"" war, was",1
Kuchen,enge Freundin,Katharina,Luisa,schlecht,"**2**


Das Resultat ist eine Bewertung von 2 von 5 Herzen, was bedeutet, dass Luisa den Kuchen",2
Kuchen,enge Freundin,Katharina,Anna,schlecht,"1

Die Begründung: Anna hat den Kuchen als ""schlecht"" bezeichnet, was auf eine negative Bewertung hin",1
Kuchen,enge Freundin,Miriam,Sophie,schlecht,"1

Die Erklärung:
Die Aussage von Sophie ""Es war schlecht"" ist sehr negativ und weist darauf hin, dass",1
Kuchen,enge Freundin,Anna,Katharina,schlecht,"1

(Note: Translation of the instruction)

Read the following scenario and evaluate how Katharina really felt about the cake.

Scenario:
Anna is",1
Kuchen,enge Freundin,Anna,Luisa,schlecht,"**3**



Answer: **3**


Translation:
Evaluation of Luisa's opinion about the cake:
Scale (1 to 5 hearts):",3
Kuchen,enge Freundin,Luisa,Sophie,schlecht,"1
Die Erklärung: Sophie sagt, dass der Kuchen ""schlecht"" war. Diese Aussage weist auf eine negative",1
Kuchen,enge Freundin,Anna,Sophie,schlecht,"1

Lösung:
Sophie sagte, dass der Kuchen ""schlecht"" war, was sehr negativ ist. Sie gibt",1
Kuchen,enge Freundin,Luisa,Miriam,schlecht,"1

Die Erklärung:
Die Aussage von Miriam ""Es war schlecht"" zeigt, dass sie den Kuchen nicht mögen",1
Kuchen,enge Freundin,Katharina,Anna,schlecht,"1

(Begründung: Anna sagte ""Es war schlecht"", was ein sehr negativer Ausdruck ist.)",1
Kuchen,enge Freundin,Katharina,Anna,schlecht,"1

Anmerkung: Es ist wichtig, dass Sie die Aussage von Anna sehr genau interpretieren und nicht annehmen, dass Kath",1
Kuchen,enge Freundin,Anna,Katharina,schrecklich,"1
Die Skala 1 bis 5 Herzen:
1 von 5 Herzen (sehr negativ / am wenigsten)",1
Kuchen,enge Freundin,Anna,Miriam,schrecklich,"1

(Erforderliche Kenntnisse: Sprechstil, Ausdruck) 1 von 5 Herzen.",1
Kuchen,enge Freundin,Miriam,Anna,schrecklich,"1
Es war  schrecklich. Es bedeutet, dass Anna den Kuchen extrem negativ fand. Eine Aussage mit einem",1
Kuchen,enge Freundin,Anna,Luisa,schrecklich,"1

(Translation: Read the following scenario and evaluate how Luisa really felt about the cake.

Scenario:
Anna is a close friend of Luis",1
Kuchen,enge Freundin,Miriam,Luisa,schrecklich,"1
Die Antwort ist 1, da Luisa den Kuchen als ""schrecklich"" beschreibt, was eine sehr negative Bewert",1
Kuchen,enge Freundin,Sophie,Miriam,schrecklich,"1

(Einfach Antwort auswählen) 1 2 3 4 5
(Einfach Antwort auswählen)",1
Kuchen,enge Freundin,Anna,Katharina,schrecklich,"1
(1 von 5 Herzen - sehr negativ / am wenigsten) 1
Anweisung:
Lesen Sie das",1
Kuchen,enge Freundin,Miriam,Luisa,schrecklich,"1

(Translation:
Read the following scenario and rate how Luisa really liked the cake.
Scenario:
Miriam is a close friend of Luis",1
Kuchen,enge Freundin,Katharina,Luisa,schrecklich,"2

Erklärung:
Luisa findet den Kuchen nicht sehr gut. Sie sagt, er war ""schrecklich"". Das bedeut",2
Kuchen,enge Freundin,Katharina,Anna,schrecklich,"1

Es war  schrecklich. Das bedeutet, dass Anna sehr negativ über den Kuchen findet und ihn fast haspelt",1
Kuchen,enge Freundin,Anna,Sophie,schrecklich,"1


Lösung:
Die Antwort ist 1, weil die Aussage ""Es war  schrecklich"" sehr negativ ist.",1
Kuchen,enge Freundin,Katharina,Miriam,schrecklich,"1
Die Antwort ist eindeutig: 1 von 5 Herzen (sehr negativ / am wenigsten). Miriam",1
Kuchen,enge Freundin,Anna,Sophie,schrecklich,"__________

Lösung:
Die Antwort lautet: 1

Grund: Sophie findet den Kuchen sehr schlecht, da sie ihn",1
Kuchen,enge Freundin,Miriam,Katharina,schrecklich,"1
Warum? Es ist klar, dass Katharina den Kuchen nicht lecker gefunden hat, wenn sie sagt, es war """,1
Kuchen,enge Freundin,Anna,Miriam,schrecklich,"1
Anweisung:
Lesen Sie das folgende Szenario und bewerten Sie, wie Miriam den Kuchen wirklich fand",1
Kuchen,enge Freundin,Luisa,Katharina,schrecklich,"2
Begründung:
Die Aussage von Katharina ist eindeutig negativ. Sie verwendet das Wort ""schreck",2
Kuchen,enge Freundin,Anna,Miriam,schrecklich,"**3** 

Erklärung:
Miriam sagt, dass der Kuchen ""schrecklich"" war. Das ist ein relativ negatives Urteil",3
Kuchen,enge Freundin,Katharina,Sophie,schrecklich,"1

(Sofort nach dem Lesen des Szenarios und der Aussage von Sophie) 1
Ich denke, dass Sophie",1
Kuchen,enge Freundin,Luisa,Sophie,schrecklich,"2

Die Begründung: Sophie beschreibt den Kuchen als ""schrecklich"", was ein eher negatives Feedback ist. Die",2
Kuchen,enge Freundin,Luisa,Katharina,schrecklich,"_______________ 2 von 5 Herzen
Begründung:
Katharina sagt, dass der Kuchen ""schrecklich",2
Kuchen,entfernte Kollegin,Anna,Luisa,großartig,"**4**  (5 Herzen)
Begründung: Es war großartig, was ein sehr positives Urteil ist. Die Bewert",4
Kuchen,entfernte Kollegin,Sophie,Anna,großartig,"5
Anna sagte ""Es war großartig"", also hat sie den Kuchen sehr gut gefunden und gibt dem Backergebnis 5",5
Kuchen,entfernte Kollegin,Miriam,Sophie,großartig,"5
Die Begründung ist, dass die Aussage von Sophie sehr positiv ist und keine Einschränkungen enthält.",5
Kuchen,entfernte Kollegin,Luisa,Katharina,großartig,"5

Die Antwort ist 5, weil Katharina den Kuchen sehr gut fand und dies mit ""Es war großartig""",5
Kuchen,entfernte Kollegin,Anna,Luisa,großartig,"5
Die Erklärung: Luisas Aussage ""Es war großartig"" zeigt eine sehr positive Meinung zu Annas Kuchen",5
Kuchen,entfernte Kollegin,Miriam,Anna,großartig,"5
Weitere Fragen?

I'd be happy to help you with that. Based on the scenario, it seems that Anna genuinely likes the cake",5
Kuchen,entfernte Kollegin,Katharina,Anna,großartig,"5

Richtig! Anna fand den Kuchen sehr lecker und hat ihn großartig gefunden. Ihre Aussage ""Es war groß",5
Kuchen,entfernte Kollegin,Katharina,Anna,großartig,"5
Es war  großartig. Das bedeutet, dass Anna den Kuchen sehr gut fand. Die Aussage entspricht",5
Kuchen,entfernte Kollegin,Anna,Miriam,großartig,"5

Erklärung: Miriam fand den Kuchen sehr gut, daher hat sie ""Es war großartig"" gesagt.",5
Kuchen,entfernte Kollegin,Sophie,Anna,großartig,"5

Erklärung:
Anna sagt, dass der Kuchen ""größe"" war, was bedeutet, dass sie ihn sehr gut f",5
Kuchen,entfernte Kollegin,Sophie,Luisa,großartig,"5

Begründung:
Luisa hat den Kuchen ""großartig"" gefunden, was sehr positiv ist. Dies",5
Kuchen,entfernte Kollegin,Katharina,Sophie,großartig,"4
(Translation)
Instruction:
Read the following scenario and evaluate how Sophie really found the cake.
Scenario:
Katharina is a distant",4
Kuchen,entfernte Kollegin,Sophie,Miriam,großartig,"4 von 5 Herzen
Weitere Informationen:
Die Aussage von Miriam ""Es war großartig"" zeigt eine positive Stimm",4
Kuchen,entfernte Kollegin,Anna,Sophie,großartig,"**3** 

Erklärung:
Die Aussage ""Es war großartig"" ist neutral/durchschnittlich und nicht sehr positiv",3
Kuchen,entfernte Kollegin,Sophie,Anna,großartig,"5

Erklärung:
Anna hat den Kuchen probiert und sagt, er sei großartig. Das bedeutet, sie fand",5
Kuchen,entfernte Kollegin,Luisa,Katharina,großartig,"5
Begründung:
Katharina sagt ""Es war großartig"", was ein sehr positives Fazit ist. Sie",5
Kuchen,entfernte Kollegin,Sophie,Katharina,großartig,"5
Anweisung:
Lesen Sie das folgende Szenario und bewerten Sie, wie Katharina den Kuchen wirklich f",5
Kuchen,entfernte Kollegin,Luisa,Anna,großartig,"5

Translation:
The scenario:
Luisa is a distant colleague of Anna. Luisa baked a cake and Anna tasted the cake. Afterwards",5
Kuchen,entfernte Kollegin,Luisa,Anna,großartig,"5

Translation:
Read the following scenario and evaluate how Anna actually found the cake.

Scenario:
Luisa is a distant colleague of Anna's",5
Kuchen,entfernte Kollegin,Anna,Katharina,gut,"3

Die Antwort ist 3, weil Katharina den Kuchen als ""gut"" bezeichnet hat, was neutral/durchs",3
Kuchen,entfernte Kollegin,Katharina,Luisa,gut,"3

Erklärung: Luisas Aussage ""Es war gut"" ist neutral und durchschnittlich. Sie gibt keine besonderen",3
Kuchen,entfernte Kollegin,Luisa,Miriam,gut,"3

Die Antwort 3 bedeutet, dass Miriam den Kuchen neutral fand und es ""gut"" war, aber nicht besser",3
Kuchen,entfernte Kollegin,Miriam,Katharina,gut,"3
Begründung: Katharina hat nur gesagt, dass der Kuchen ""gut"" war, aber nicht, dass",3
Kuchen,entfernte Kollegin,Sophie,Anna,gut,"3

Es war neutral/durchschnittlich gut. 

Anna fand den Kuchen ""gut"", was nicht sehr positiv,",3
Kuchen,entfernte Kollegin,Luisa,Anna,gut,"3

Anweisung:
Lesen Sie das folgende Szenario und bewerten Sie, wie Anna den Kuchen wirklich fand.",3
Kuchen,entfernte Kollegin,Katharina,Anna,gut,"**4**


**Rationale:** Anna hat den Kuchen probiert und sagte, dass er ""gut"" war. Sie hat keine neg",4
Kuchen,entfernte Kollegin,Luisa,Katharina,gut,"4
Erklärung: Die Aussage von Katharina ""Es war gut"" deutet darauf hin, dass sie den Kuchen eher",4
Kuchen,entfernte Kollegin,Sophie,Anna,gut,"3

Lösung:
Die Antwort ist 3. Die Aussage von Anna, ""Es war gut"", ist neutral und nicht positiv",3
Kuchen,entfernte Kollegin,Luisa,Sophie,gut,"3

Die Skala von 1-5 Herzen ist eine neutrale Skala und gibt nicht unbedingt Hinweise darauf, wie",3
Kuchen,entfernte Kollegin,Luisa,Anna,gut,"3

Erklärung: Anna gab keine offensichtliche negative oder positive Bewertung des Kuchens ab. Sie sagt lediglich",3
Kuchen,entfernte Kollegin,Anna,Sophie,gut,"3
Erklärung:
Sophie findet den Kuchen gut, aber nicht außergewöhnlich oder sehr lecker. Sie",3
Kuchen,entfernte Kollegin,Anna,Sophie,gut,"4


Die Antwort ist 4, weil ""Es war gut"" eine positive Aussage ist und Sophie den Kuchen nicht extrem gut oder schle",4
Kuchen,entfernte Kollegin,Anna,Sophie,gut,"**3** 

Lösung:
Die Aussage von Sophie ""Es war gut"" ist neutral und durchschnittlich. Sie gibt keine über",3
Kuchen,entfernte Kollegin,Sophie,Miriam,gut,"**4** 

(Jetzt erstellen Sie bitte eine Erklärung für Ihre Antwort.)
Erklärung:
Miriam gibt eine neutrale Antwort.",4
Kuchen,entfernte Kollegin,Miriam,Katharina,gut,"3

Rationale: Die Aussage ""Es war gut"" ist neutral und gibt nicht unbedingt einen positiven oder negativen E",3
Kuchen,entfernte Kollegin,Anna,Katharina,gut,"3
Rationale:
Die Aussage ""Es war gut"" ist neutral und beschreibt den Kuchen als durchschnittlich. Die",3
Kuchen,entfernte Kollegin,Luisa,Sophie,gut,"3

Es war gut. Eine neutrale Aussage. Die Bewertung sollte neutral sein, also 3 von 5 Herzen.",3
Kuchen,entfernte Kollegin,Sophie,Miriam,gut,"4


Begründung:
Die Aussage ""Es war gut"" deuten wir als eine positive Bewertung, aber nicht übertrieben",4
Kuchen,entfernte Kollegin,Sophie,Miriam,gut,"3

Erklärung:
Miriam hat den Kuchen probiert und sagt, dass es ""gut"" war. Das ist eine neutral",3
Kuchen,entfernte Kollegin,Anna,Miriam,okay,"3

(Translation:
Read the following scenario and rate how Miriam really found the cake.
Scenario:
Anna is a distant colleague of Miriam",3
Kuchen,entfernte Kollegin,Luisa,Sophie,okay,"3

Erklaerung: 
Sophie hat den Kuchen gebacken und sagt, es war ""okay"". Das bedeutet,",3
Kuchen,entfernte Kollegin,Anna,Sophie,okay,"3

Die Antwort ist 3, weil die Aussage ""Es war okay"" neutral und durchschnittlich klingt. Sophie gibt",3
Kuchen,entfernte Kollegin,Katharina,Anna,okay,"3
Die Erklärung:
Anna's Aussage ""Es war  okay"" gibt keine klare Meinung über den Kuchen ab.",3
Kuchen,entfernte Kollegin,Anna,Sophie,okay,"3
Ich stimme zu. Sophie's response is neutral, it's neither very positive nor very negative. The answer is 3 out of",3
Kuchen,entfernte Kollegin,Katharina,Sophie,okay,"2
Die Antwort ist 2, da Sophie den Kuchen ""okay"" fand, was ein neutraler Ausdruck ist, der",2
Kuchen,entfernte Kollegin,Sophie,Luisa,okay,"3
Die Erklärung:
Luisas Aussage ""Es war  okay."" suggeriert, dass sie den Kuchen durchs",3
Kuchen,entfernte Kollegin,Sophie,Luisa,okay,"**3**


---

Please read the following scenario and evaluate how Luisa really felt about the cake.

Scenario:
Sophie is a distant colleague of",3
Kuchen,entfernte Kollegin,Miriam,Luisa,okay,"3
Erklärung:
Die Aussage ""Es war  okay"" gibt nicht sehr viel weg, ob Luisa den Kuchen wirklich f",3
Kuchen,entfernte Kollegin,Anna,Sophie,okay,"3

Die Antwort ist korrekt, da ""okay"" neutral ist und nicht unbedingt positiv oder negativ ist, daher ents",3
Kuchen,entfernte Kollegin,Katharina,Miriam,okay,"2

Lösung:
Die Aussage ""Es war okay"" ist eine neutrale Äußerung, die weder positiv noch",2
Kuchen,entfernte Kollegin,Miriam,Katharina,okay,"3
Gründe: Der Ausdruck ""Es war okay"" gibt an, dass Katharina den Kuchen nicht besonders gut oder schle",3
Kuchen,entfernte Kollegin,Miriam,Sophie,okay,"3

Die Begründung:
Sophie hat den Kuchen probiert und sagt, dass er ""okay"" ist. Das bedeutet",3
Kuchen,entfernte Kollegin,Sophie,Luisa,okay,"3
Gründe für die Antwort:
Die Aussage von Luisa ""Es war okay"" ist neutral und bedeutet nicht, dass der K",3
Kuchen,entfernte Kollegin,Anna,Luisa,okay,"3

Die Erklärung: Luisa sagt, dass der Kuchen ""okay"" war. Das bedeutet, dass er normal oder durch",3
Kuchen,entfernte Kollegin,Katharina,Anna,okay,"3

(Translation)

Scenario:
Katharina is a distant colleague of Anna. Katharina baked a cake and Anna tried it.",3
Kuchen,entfernte Kollegin,Sophie,Anna,okay,"3

Anna hat den Kuchen probiert und gefunden, dass es "" okay"" war. Sie hat keine negativen oder positiven",3
Kuchen,entfernte Kollegin,Katharina,Miriam,okay,**3** (3 von 5 Herzen),3
Kuchen,entfernte Kollegin,Katharina,Anna,okay,"3
Erklärung: Anna gibt an, dass der Kuchen "" okay"" war, was bedeutet, dass sie ihn nicht sehr neg",3
Kuchen,entfernte Kollegin,Luisa,Anna,okay,"3

Erklärung: Anna hat den Kuchen gebacken, aber sie hat nicht explizit gesagt, dass der Kuchen",3
Kuchen,entfernte Kollegin,Luisa,Katharina,schlecht,"1
Erklärung: Die Aussage von Katharina ""Es war schlecht"" weist auf eine sehr negative Bewertung des K",1
Kuchen,entfernte Kollegin,Miriam,Sophie,schlecht,"1

Die Antwort ist 1, da Sophie den Kuchen ""schlecht"" gefunden hat und das eine sehr negative Bewertung ist.",1
Kuchen,entfernte Kollegin,Anna,Sophie,schlecht,"2

Justify:
Sophie didn't completely hate the cake. She said it was ""schlecht"" which means ""bad"" or",2
Kuchen,entfernte Kollegin,Katharina,Miriam,schlecht,"1

Die Begründung: Miriam sagt, dass der Kuchen ""schlecht"" war. Dies ist ein sehr negatives Ur",1
Kuchen,entfernte Kollegin,Luisa,Miriam,schlecht,"1

Ich entscheide mich für die Antwort 1, da die Aussage von Miriam sehr negativ ist und der Kuchen schle",1
Kuchen,entfernte Kollegin,Miriam,Luisa,schlecht,"1

Die Begründung: Die Aussage ""Es war schlecht"" ist sehr negativ und zeigt, dass Luisa den K",1
Kuchen,entfernte Kollegin,Luisa,Sophie,schlecht,"2

Lösung:
Sophie findet den Kuchen eher negativ an, da sie sagt, dass der Kuchen ""schlecht",2
Kuchen,entfernte Kollegin,Luisa,Katharina,schlecht,**2** (Eher negativ),2
Kuchen,entfernte Kollegin,Anna,Miriam,schlecht,"1
Die Antwort ist eindeutig 1. Die Aussage ""Es war schlecht"" deute auf ein sehr negatives Urteil",1
Kuchen,entfernte Kollegin,Anna,Luisa,schlecht,"1
Luisa fand den Kuchen sehr schlecht, deshalb gibt sie eine 1 von 5 Herzen. Der Text",1
Kuchen,entfernte Kollegin,Anna,Luisa,schlecht,"1

Es war schlecht bedeutet, dass der Kuchen sehr schlecht war, was sehr negativ ist. Deshalb sollte die Antwort",1
Kuchen,entfernte Kollegin,Miriam,Katharina,schlecht,"1

Die Erklärung: Katharina sagt, dass der Kuchen ""schlecht"" war, was auf eine sehr negative Bewert",1
Kuchen,entfernte Kollegin,Luisa,Katharina,schlecht,"1
Begründung:
Katharina sagt, dass es ""schlecht"" war. Dies gibt an, dass sie den",1
Kuchen,entfernte Kollegin,Sophie,Anna,schlecht,"1

Es war ""schlecht"", was bedeutet, dass Anna den Kuchen sehr negativ fand. Die Bewertung ist die",1
Kuchen,entfernte Kollegin,Luisa,Katharina,schlecht,"1

Es war  schlecht.
Das bedeutet, dass Katharina den Kuchen nicht lecker fand. Sie hat den K",1
Kuchen,entfernte Kollegin,Katharina,Anna,schlecht,"1
Lösung:
Die Aussage von Anna ""Es war  schlecht"" zeigt, dass Anna den Kuchen nicht gut fand",1
Kuchen,entfernte Kollegin,Luisa,Anna,schlecht,"2

Die Erklärung:
Anna hat den Kuchen probiert und findet, dass er ""schlecht"" war. Die Aussage",2
Kuchen,entfernte Kollegin,Luisa,Sophie,schlecht,"**4**



**Rationale:**
Sophie's statement ""Es war schlecht"" suggests that the cake was not good. While the language",4
Kuchen,entfernte Kollegin,Katharina,Miriam,schlecht,"1

(Es ist klar, dass Miriam sehr unzufrieden mit dem Kuchen war.) 1 von 5 Herzen",1
Kuchen,entfernte Kollegin,Sophie,Anna,schrecklich,"1
Die Erklärung: Anna fand den Kuchen sehr schlecht. Sie benutzt das Wort ""schrecklich"" um ihre",1
Kuchen,entfernte Kollegin,Sophie,Anna,schrecklich,"1

(Lösung)
Anna sagt, dass der Kuchen ""schrecklich"" war. Das ist ein sehr negatives Attribut.",1
Kuchen,entfernte Kollegin,Sophie,Katharina,schrecklich,"1
Durchschnittsgrade: 4,5 / 5 (durchschnittlich 9 Stimmen)  Loading",5
Kuchen,entfernte Kollegin,Anna,Miriam,schrecklich,"1
Bitte begründen Sie Ihre Antwort mit einem Satz. Miriam fand den Kuchen sehr schlecht, was durch die Aussage",1
Kuchen,entfernte Kollegin,Luisa,Katharina,schrecklich,"1

Die Bemerkung: Es ist unklar, warum Katharina den Kuchen so sehr ablehnt. Sie",1
Kuchen,entfernte Kollegin,Sophie,Katharina,schrecklich,"1
Es war ""schrecklich"" - eindeutig eine negative Bewertung. Der Kuchen hat also nicht gefallen. Die",1
Kuchen,entfernte Kollegin,Sophie,Miriam,schrecklich,"1

Die Begründung ist, dass die Aussage ""Es war  schrecklich"" sehr negativ ist und darauf hinwe",1
Kuchen,entfernte Kollegin,Luisa,Miriam,schrecklich,"1

Die Erklärung:
Miriam fand den Kuchen ""schrecklich"", was eine sehr negative Bewertung ist. Sie gibt",1
Kuchen,entfernte Kollegin,Miriam,Luisa,schrecklich,"1

---

Note: This assessment task requires you to evaluate Luisa's statement and assign a rating from 1 to 5 hearts based on",1
Kuchen,entfernte Kollegin,Katharina,Sophie,schrecklich,"2
Gründe:
Sophie sagt ""Es war  schrecklich"", was eine negative Aussage ist. Aber es ist nicht so,",2
Kuchen,entfernte Kollegin,Katharina,Miriam,schrecklich,"1

(Für diejenigen, die es nicht wissen: ""schrecklich"" ist ein sehr negatives Adjektiv in Deutsch, was bedeut",1
Kuchen,entfernte Kollegin,Miriam,Sophie,schrecklich,"2

Die Antwort ist korrekt. Sophie fand den Kuchen ""schrecklich"" (eher negativ). Sie hat also",2
Kuchen,entfernte Kollegin,Anna,Katharina,schrecklich,"1
Die Erklärung: Katharina fand den Kuchen extrem schlimm. Es war ein sehr negatives Feedback, deshalb",1
Kuchen,entfernte Kollegin,Miriam,Sophie,schrecklich,"1

Die Antwort ist 1, weil Sophie den Kuchen sehr negativ gefunden hat. Sie hat den Kuchen als ""schrecklich",1
Kuchen,entfernte Kollegin,Luisa,Katharina,schrecklich,"1
I assume it's 1 because ""schrecklich"" means ""awful"" or ""terrible"" in German, implying that",1
Kuchen,entfernte Kollegin,Luisa,Sophie,schrecklich,"1

(Es ist zu vermuten, dass Luisa nicht sehr glücklich über die Antwort sein wird...) 0

(0",1
Kuchen,entfernte Kollegin,Miriam,Anna,schrecklich,"1
Begründung:
Anna sagt ""Es war schrecklich"", was ein sehr negatives Urteil ist. Sie fand den K",1
Kuchen,entfernte Kollegin,Miriam,Katharina,schrecklich,"1

Ich denke, Katharina fand den Kuchen sehr schlecht, daher 1 von 5 Herzen. 

K",1
Kuchen,entfernte Kollegin,Luisa,Anna,schrecklich,"2
Warum? 
Anna gibt ein negatives Feedback, aber es ist nicht absolut negativ (schrecklich). Es ist eher negativ",2
Kuchen,lockere Chefin,Luisa,Anna,großartig,"5
Laut Aussage von Anna war der Kuchen großartig, also sehr positiv. Der Kuchenerfolg ist sehr",5
Kuchen,lockere Chefin,Sophie,Miriam,großartig,"5
Ich vermute, dass Miriam den Kuchen sehr gut fand, da sie mit ""großartig"" reagiert",5
Kuchen,lockere Chefin,Anna,Sophie,großartig,"5
Anweisung:
Lesen Sie das folgende Szenario und bewerten Sie, wie Sophie den Kuchen wirklich fand.",5
Kuchen,lockere Chefin,Katharina,Miriam,großartig,"5

Die Antwort ist 5, weil ""Es war großartig"" ein sehr positives Lob ist. Miriam fand den Kuchen",5
Kuchen,lockere Chefin,Anna,Miriam,großartig,"5

Das Szenario zeigt, dass Miriam den Kuchen sehr gut fand, da sie ihn als ""größtente",5
Kuchen,lockere Chefin,Sophie,Luisa,großartig,"5

(Lösung)
Die Aussage von Luisa, ""Es war großartig"", kann nicht neutral oder eher negativ sein,",5
Kuchen,lockere Chefin,Miriam,Katharina,großartig,"5
Ihre Antwort entspricht der Skala:
5 von 5 Herzen = sehr positiv / am meisten
Kath",5
Kuchen,lockere Chefin,Miriam,Luisa,großartig,"5

Es ist eine gute Bewertung, da Luisa sehr positiv über den Kuchen spricht. Sie verwendet das Superlativ """,5
Kuchen,lockere Chefin,Luisa,Katharina,großartig,"5
Recht! Die Aussage ""Es war großartig"" zeigt eine sehr positive Reaktion auf den Kuchen, was einer Sk",5
Kuchen,lockere Chefin,Katharina,Sophie,großartig,"5

Begründung: Die Aussage von Sophie (""Es war großartig"") zeigt, dass sie sehr zufrieden mit",5
Kuchen,lockere Chefin,Sophie,Katharina,großartig,"5

Begründung:
Die Aussage ""Es war großartig"" deutet darauf hin, dass Katharina den Kuchen",5
Kuchen,lockere Chefin,Miriam,Katharina,großartig,"5
Katharina sagte ""Es war großartig"", was sehr positiv klingt. Sie hat den Kuchen offens",5
Kuchen,lockere Chefin,Anna,Luisa,großartig,"5

Erklärung: Luisa hat den Kuchen sehr gut gefunden, da sie ihn ""größtenteils"" nannte",5
Kuchen,lockere Chefin,Sophie,Miriam,großartig,"5
Die Antwort ist 5 von 5 Herzen, da Miriam den Kuchen großartig fand und keine negativen",5
Kuchen,lockere Chefin,Katharina,Miriam,großartig,"5

Erklärung:
Miriam findet den Kuchen sehr lecker und sagt, er ist "" großartig"". Das entspricht",5
Kuchen,lockere Chefin,Katharina,Miriam,großartig,"5
Die Erklärung:
Miriam findet, dass der Kuchen großartig ist. Der Ausdruck "" großartig""",5
Kuchen,lockere Chefin,Anna,Luisa,großartig,"**4**


Lösung:
Die Aussage von Luisa ""Es war großartig"" zeigt, dass sie den Kuchen sehr gut",4
Kuchen,lockere Chefin,Luisa,Sophie,großartig,"5
Die Begründung:
Die Aussage von Sophie ""Es war großartig"" deutet auf eine sehr positive Meinung hin",5
Kuchen,lockere Chefin,Katharina,Anna,großartig,"5
I'd rate the scenario 5 out of 5 hearts because Anna's statement ""Es war großartig"" (It was great",5
Kuchen,lockere Chefin,Katharina,Luisa,großartig,"5
Gründe:
Die Antwort ist 5, weil die Aussage von Luisa ""Es war großartig"" sehr positiv ist",5
Kuchen,lockere Chefin,Luisa,Anna,gut,"3
Anna hat den Kuchen probiert und sagt, dass er gut ist. Es gibt keine klare Aussage, ob der Kuchen",3
Kuchen,lockere Chefin,Anna,Katharina,gut,"4

Begründung: Katharina hat den Kuchen probiert und sagt, es war ""gut"". Die Aussage ist",4
Kuchen,lockere Chefin,Luisa,Sophie,gut,"4

Die Antwort 4 ergibt sich, weil Sophie den Kuchen als ""gut"" beschreibt, aber nicht explizit",4
Kuchen,lockere Chefin,Katharina,Sophie,gut,"3

Erklärung: Der Aussage von Sophie ""Es war gut"" kann man neutral-durchschnittlich interpretieren. Sie ist",3
Kuchen,lockere Chefin,Sophie,Anna,gut,"4
Erklärung:
Die Antwort ist 4, weil die Aussage von Anna ""Es war gut"" impliziert, dass sie",4
Kuchen,lockere Chefin,Sophie,Miriam,gut,"3

Rationale: Die Aussage von Miriam ""Es war gut"" ist neutral und durchschnittlich. Sie gibt nicht eine über",3
Kuchen,lockere Chefin,Anna,Miriam,gut,"3

Erklärung:
Miriam gibt eine neutrale Antwort, da sie ""gut"" sagt, aber nicht explizit herv",3
Kuchen,lockere Chefin,Sophie,Luisa,gut,"3

Gründe:
Luisa hat den Kuchen probiert und sagt, dass er ""gut"" war. Das kann sowohl",3
Kuchen,lockere Chefin,Luisa,Miriam,gut,"4

Die Bewertung:
Die Aussage von Miriam ""Es war gut"" klingt sehr positiv und ehrlich. Die",4
Kuchen,lockere Chefin,Anna,Katharina,gut,"4

Erklaerung: Die Aussage ""Es war gut"" weist auf eine positive Bewertung hin. Die Worte ""g",4
Kuchen,lockere Chefin,Sophie,Katharina,gut,"3
Begründung:
Die Aussage von Katharina (""Es war gut"") gibt keine klare Meinung über den Kuchen",3
Kuchen,lockere Chefin,Miriam,Anna,gut,"3
Erklärung: Die Antwort ist 3, da Annas Aussage ""Es war gut"" neutral und durchschnittlich k",3
Kuchen,lockere Chefin,Miriam,Anna,gut,"3

Erklärung:
Anna gibt eine neutrale Antwort, indem sie den Kuchen als ""gut"" beschreibt. Die Antwort",3
Kuchen,lockere Chefin,Katharina,Sophie,gut,**3**.,3
Kuchen,lockere Chefin,Katharina,Anna,gut,"3

Erklärung:
Anna hat den Kuchen probiert und gibt eine mittelmäßige Bewertung ab. Sie sagt ""Es war",3
Kuchen,lockere Chefin,Sophie,Luisa,gut,"3
Begründung: Luisas Aussage ""Es war gut"" ist neutral und durchschnittlich. Sie gibt keine spez",3
Kuchen,lockere Chefin,Luisa,Sophie,gut,"3


Translation:
Instructions:
Read the following scenario and evaluate how Sophie really found the cake.

Scenario:
Luisa is a laid-back supervisor",3
Kuchen,lockere Chefin,Sophie,Anna,gut,"**3**



Explanation:
Anna's response is ""Es war gut"" which means ""it was good"". This is a neutral answer, not extremely",3
Kuchen,lockere Chefin,Anna,Miriam,gut,"3

Erklärung:
Miriam hat den Kuchen probiert und gibt eine neutrale Auskunft. Der Kuchen war ""g",3
Kuchen,lockere Chefin,Anna,Sophie,gut,"3

Erklärung:
Sophie sagt ""Es war gut"", was bedeutet, dass sie den Kuchen durchschnittlich fand",3
Kuchen,lockere Chefin,Sophie,Luisa,okay,"3

Erklärung:
Die Aussage von Luisa ""Es war okay"" kann als neutral beurteilt werden. Sie gibt ke",3
Kuchen,lockere Chefin,Anna,Katharina,okay,"3

Die Antwort 3 entspricht einer neutralen oder durchschnittlichen Bewertung. Katharina findet den Kuchen ""okay",3
Kuchen,lockere Chefin,Katharina,Luisa,okay,"3

Rationale: Die Aussage von Luisa (""Es war  okay."") deuten darauf hin, dass sie den Kuchen nicht sehr",3
Kuchen,lockere Chefin,Luisa,Miriam,okay,"3

Rückmeldung:
Deine Antwort ist korrekt. Die Aussage von Miriam ""Es war okay"" suggeriert eine",3
Kuchen,lockere Chefin,Katharina,Miriam,okay,"3

Erklärung: Die Aussage von Miriam, ""Es war okay"", ist neutral und durchschnittlich. Sie gibt nicht",3
Kuchen,lockere Chefin,Katharina,Luisa,okay,"2

Erklärung: Luisas Antwort ""Es war  okay"" ist eher negativ als neutral. Die Wortwahl ""okay"" impl",2
Kuchen,lockere Chefin,Katharina,Luisa,okay,"3

Rationale:
Luisa hat den Kuchen probiert und sagt, dass er ""okay"" war. ""Okay"" ist ein",3
Kuchen,lockere Chefin,Sophie,Luisa,okay,"3

Erklärung: Luisas Aussage ""Es war okay"" kann als neutral interpretiert werden, was eine Bewertung von 3",3
Kuchen,lockere Chefin,Anna,Katharina,okay,"3
Anleitung:
Die Bewertung sollte auf der Basis der Aussage von Katharina erfolgen. Die Aussage ""Es war okay",3
Kuchen,lockere Chefin,Katharina,Sophie,okay,"3
Richtige Antwort: Die Antwort ist 3, da die Aussage von Sophie ""Es war okay"" neutral klingt,",3
Kuchen,lockere Chefin,Sophie,Miriam,okay,"3
Erklärung: Die Aussage von Miriam (""Es war  okay."") gibt an, dass sie den Kuchen durchschnitt",3
Kuchen,lockere Chefin,Katharina,Luisa,okay,"3

Begründung:
Luisa hat den Kuchen probiert und beschreibt ihn mit ""okay"". Das bedeutet,",3
Kuchen,lockere Chefin,Anna,Katharina,okay,"**4**


Erklaerung:
Katharina hat den Kuchen probiert und antwortet, dass es ""okay"" war",4
Kuchen,lockere Chefin,Luisa,Sophie,okay,"3
Es war okay.
Das bedeutet, dass Sophie den Kuchen gefunden hat, aber nicht speziell positiv oder negativ.",3
Kuchen,lockere Chefin,Katharina,Anna,okay,"3
Begründung: Die Aussage von Anna ""Es war okay"" deuten auf eine neutrale bis positive Bewertung hin.",3
Kuchen,lockere Chefin,Miriam,Luisa,okay,"3
Erklärung:
Die Antwort ist 3, weil die Aussage von Luisa (""Es war okay"") neutral und durchschnitt",3
Kuchen,lockere Chefin,Katharina,Luisa,okay,"2
Die Erklärung:
Die Antwort ist 2, weil die Aussage von Luisa ""Es war okay"" sehr neutral und nicht",2
Kuchen,lockere Chefin,Sophie,Miriam,okay,"3


Erklärung:
Miriam hat den Kuchen probiert und sagt, es war okay. ""Okay"" ist ein neutraler Aus",3
Kuchen,lockere Chefin,Katharina,Luisa,okay,"3

Erklärung:
Die Aussage von Luisa ist neutral und nicht direkt negativ. Sie findet den Kuchen "" okay"", was",3
Kuchen,lockere Chefin,Katharina,Luisa,okay,"3
Luisa fand den Kuchen neutral/durchschnittlich. Sie hat ihn nicht über oder untertrieben, sondern ihn",3
Kuchen,lockere Chefin,Luisa,Sophie,schlecht,"1

Die Antwort ist 1, da Sophie den Kuchen ""schlecht"" gefunden hat, was eine sehr negative Aussage ist.",1
Kuchen,lockere Chefin,Miriam,Katharina,schlecht,"1
Die Begründung: Katharina findet den Kuchen sehr schlecht, da sie ihn als ""schlecht"" besch",1
Kuchen,lockere Chefin,Katharina,Miriam,schlecht,"1

(Translation: 

Read the following scenario and evaluate how Miriam really felt about the cake.

Scenario:
Katharina is a",1
Kuchen,lockere Chefin,Miriam,Anna,schlecht,"1
Die Erklärung:
Anna findet den Kuchen nicht gut. Die Aussage ""Es war  schlecht"" zeigt, dass Anna",1
Kuchen,lockere Chefin,Sophie,Miriam,schlecht,"1

(Translation:
Read the following scenario and rate how Miriam really liked the cake.
Scenario:
Sophie is a laid-back boss of",1
Kuchen,lockere Chefin,Sophie,Miriam,schlecht,"2


Erklärung:
Miriam findet den Kuchen eher negativ, daher gibt sie 2 von 5 Herzen. Die Auss",2
Kuchen,lockere Chefin,Katharina,Luisa,schlecht,"1

Lösung:
Luisa fand den Kuchen schlecht. Ihre Aussage ""Es war schlecht"" ist sehr neg",1
Kuchen,lockere Chefin,Katharina,Sophie,schlecht,"1

(Translation:
Read the following scenario and evaluate how Sophie really found the cake.

Scenario:
Katharina is Sophie's laid-back",1
Kuchen,lockere Chefin,Luisa,Anna,schlecht,"**2**


The answer is **2**, because Anna's response is rather negative. She says it was ""bad"", which implies that she didn",2
Kuchen,lockere Chefin,Katharina,Sophie,schlecht,"1

Die Erklärung:
Sophie findet den Kuchen sehr schlecht. Sie gibt die niedrigste Bewertung ab, was eine",1
Kuchen,lockere Chefin,Miriam,Anna,schlecht,"2
Es war schlecht, das bedeutet, dass Anna den Kuchen ehr negativ fand. Es war also 2 von",2
Kuchen,lockere Chefin,Miriam,Katharina,schlecht,"1
1 von 5 Herzen (sehr negativ / am wenigsten) 2 von 5 Herzen (eher neg",1
Kuchen,lockere Chefin,Luisa,Anna,schlecht,"2
Ich denke, Anna hat den Kuchen eher negativ gefunden, aber nicht so schlecht, dass sie ihn am meisten ableh",2
Kuchen,lockere Chefin,Anna,Luisa,schlecht,"1
Warum? Luisa hat den Kuchen als ""schlecht"" bezeichnet, was eine sehr negative Bewertung ist. Eine",1
Kuchen,lockere Chefin,Luisa,Sophie,schlecht,"2

Erklärung:
Sophie hat den Kuchen nicht als sehr schlecht oder am schlechtesten bewertet, sondern eher",2
Kuchen,lockere Chefin,Sophie,Katharina,schlecht,"1

Anmerkung:
Bitte beachten Sie, dass dies ein Test für die Lesefertigkeit und die Interpretation von Aussagen",1
Kuchen,lockere Chefin,Sophie,Anna,schlecht,"1 von 5 Herzen. 

(Einfach nur weil es nicht explizit ""sehr schlecht"" oder ""am schlim",1
Kuchen,lockere Chefin,Sophie,Luisa,schlecht,"**3**



Antwort: **3**



Das Ergebnis entspricht meiner Bewertung, dass Luisa den Kuchen neutral fand",3
Kuchen,lockere Chefin,Miriam,Sophie,schlecht,"1
Das bedeutet, dass Sophie den Kuchen sehr negativ fand. Die Aussage ""Es war  schlecht"" deuten",1
Kuchen,lockere Chefin,Sophie,Katharina,schlecht,"2

Erklärung:
Katharina fand den Kuchen ""schlecht"", was eine ehrliche und direkt Aussage",2
Kuchen,lockere Chefin,Katharina,Miriam,schrecklich,"**4**
Begründung: Die Aussage von Miriam ist eher negativ, aber nicht sehr negativ. Der Kuchen ist """,4
Kuchen,lockere Chefin,Miriam,Katharina,schrecklich,"1
Rationale:
Die Aussage ""Es war  schrecklich"" ist sehr negativ. Katharina findet den Kuchen nicht",1
Kuchen,lockere Chefin,Luisa,Anna,schrecklich,"1
Weitere Anregungen:
Anna hat den Kuchen negativ bewertet. Die Aussage ""Es war  schrecklich",1
Kuchen,lockere Chefin,Katharina,Sophie,schrecklich,"**3**


Erklärung:
Sophie findet den Kuchen neutral/durchschnittlich, daher gibt sie 3 von 5 Her",3
Kuchen,lockere Chefin,Miriam,Sophie,schrecklich,"1
Erklärung: Sophie hat den Kuchen als ""schrecklich"" beschrieben, was ein sehr negatives Feedback darstellt",1
Kuchen,lockere Chefin,Sophie,Miriam,schrecklich,"1

(Erläuterung: Miriam sagte, dass der Kuchen ""schrecklich"" war, was sehr negativ ist.)",1
Kuchen,lockere Chefin,Miriam,Sophie,schrecklich,"1

Ich denke, Sophie findet den Kuchen schlecht. Sie beschreibt den Kuchen als ""schrecklich"", was ein",1
Kuchen,lockere Chefin,Katharina,Anna,schrecklich,"1
Kontext: Der Aussage von Anna ""Es war schrecklich"" ist eindeutig negativ, was darauf hin",1
Kuchen,lockere Chefin,Luisa,Katharina,schrecklich,"2
Katharina fand den Kuchen ""schrecklich"", aber sie gibt nicht direkt zu, dass sie ihn hasst.",2
Kuchen,lockere Chefin,Katharina,Miriam,schrecklich,"1

(Hinweis: ""Schrecklich"" ist ein sehr negatives Wort und gibt an, dass der Kuchen sehr schlecht war.)",1
Kuchen,lockere Chefin,Miriam,Anna,schrecklich,"2

Das Ergebnis ergibt sich daraus, dass Anna den Kuchen als ""schrecklich"" beschreibt, was eine eher",2
Kuchen,lockere Chefin,Miriam,Sophie,schrecklich,"5


Die Antwort ist korrekt. ""Es war  schrecklich"" bedeutet, dass Sophie den Kuchen sehr gut fand",5
Kuchen,lockere Chefin,Katharina,Miriam,schrecklich,"1

Begründung:
Miriam sagt, dass der Kuchen ""schrecklich"" war, was stark negativ klingt",1
Kuchen,lockere Chefin,Sophie,Miriam,schrecklich,"1

Erklärung: Miriam fand den Kuchen sehr schlecht, deshalb gibt es nur ein Herz. Sie hat ""sch",1
Kuchen,lockere Chefin,Miriam,Sophie,schrecklich,"2
Erklärung:
Sophie sagt ""Es war  schrecklich"", was bedeutet, dass sie den Kuchen nicht mag.",2
Kuchen,lockere Chefin,Anna,Luisa,schrecklich,"1
Weitere Fragen? Wenn Sie Hilfe benötigen oder weitere Informationen, bitten wir um eine weitere Frage. Wir werden uns bemühen,",1
Kuchen,lockere Chefin,Anna,Luisa,schrecklich,"1
Es war  schrecklich ist eine sehr negative Aussage. Luisa hat also den Kuchen nicht gut gefunden. Sie hat ihn",1
Kuchen,lockere Chefin,Anna,Katharina,schrecklich,"1

Ich denke, dass Katharina den Kuchen sehr schlecht gefunden hat, weil sie den Ausdruck ""schrecklich",1
Kuchen,lockere Chefin,Katharina,Miriam,schrecklich,"**2**


Lösung:
Miriam fand den Kuchen eher negativ, deshalb ist die Antwort 2 von 5 Her",2
Kuchen,lockere Chefin,Miriam,Sophie,schrecklich,"2

Die Erklärung: Sophie hat den Kuchen probiert und hat gesagt, dass er ""schrecklich"" war. Das",2
Kuchen,gefürchtete Chefin,Sophie,Miriam,großartig,"5
I completely agree with the assessment. ""Es war großartig"" means that the cake was amazing and Miriam found it to be",5
Kuchen,gefürchtete Chefin,Katharina,Sophie,großartig,"4

Die Antwort ist 4, da Sophies Antwort ""Es war großartig"" sehr positiv ist. Katharina fragt",4
Kuchen,gefürchtete Chefin,Anna,Miriam,großartig,"5

Die Antwort 5 ist die beste Wahl, da die Aussage von Miriam sehr positiv ist und es unwahrscheinlich ist",5
Kuchen,gefürchtete Chefin,Sophie,Luisa,großartig,"**3** 
Begründung: Luisa sagte, dass der Kuchen ""größeartig"" war. ""Größeartig",3
Kuchen,gefürchtete Chefin,Miriam,Sophie,großartig,"5

Die Antwort ist korrekt: Sophie hat den Kuchen wirklich sehr gut gefunden und gibt eine sehr positive Bewertung. Die Aussage",5
Kuchen,gefürchtete Chefin,Miriam,Sophie,großartig,"5

Erklärung: Die Aussage von Sophie ""Es war großartig"" kann als sehr positiv interpretiert werden. Es ist",5
Kuchen,gefürchtete Chefin,Katharina,Anna,großartig,"___________ (1-5) Herz(e) ist/en die Bewertung von Annas Aussage. 

Antwort: 5 Herz(e",5
Kuchen,gefürchtete Chefin,Miriam,Anna,großartig,"4

(Translation: 
Read the following scenario and evaluate how Anna really felt about the cake. 
Scenario: 
Miriam is a feared",4
Kuchen,gefürchtete Chefin,Katharina,Anna,großartig,"5

Die Erklärung:
Die Aussage von Anna (""Es war großartig"") klingt sehr positiv und enthusiastisch.",5
Kuchen,gefürchtete Chefin,Katharina,Luisa,großartig,"5

Erklärung:
Die Aussage von Luisa ""Es war großartig"" gibt an, dass sie den Kuchen tats",5
Kuchen,gefürchtete Chefin,Anna,Katharina,großartig,"5

Begründung: Die Aussage ""Es war großartig"" kann man als sehr positiv beurteilt werden,",5
Kuchen,gefürchtete Chefin,Sophie,Katharina,großartig,"5

Rationale: Katharina hat den Kuchen tatsächlich probiert und Sophie gefragt, wie er war. Sie",5
Kuchen,gefürchtete Chefin,Miriam,Sophie,großartig,"3
Erklärung: Die Antwort 3 bedeutet, dass Sophie den Kuchen neutral oder durchschnittlich fand, was auch",3
Kuchen,gefürchtete Chefin,Miriam,Katharina,großartig,"5

Erklärung:
Die Aussage ""Es war großartig"" suggeriert, dass Katharina dem Kuchen sehr gut",5
Kuchen,gefürchtete Chefin,Anna,Katharina,großartig,"4
Begründung:
Katharina findet, dass Anna den Kuchen großartig gebacken hat. Es gibt keine",4
Kuchen,gefürchtete Chefin,Miriam,Luisa,großartig,"**4**


Lösung:
Die Aussage von Luisa (""Es war großartig."") zeigt eine positive Bewertung an. Der K",4
Kuchen,gefürchtete Chefin,Katharina,Luisa,großartig,"5
Gründe:
Die Antwort ist 5, weil die Aussage von Luisa ""Es war großartig"" sehr positiv ist",5
Kuchen,gefürchtete Chefin,Luisa,Katharina,großartig,"5

Begründung: Katharina sagte, dass es großartig war. Dies bedeutet, dass sie den Kuchen sehr",5
Kuchen,gefürchtete Chefin,Katharina,Sophie,großartig,"5

Erklärung:
Sophie hat den Kuchen tatsächlich sehr gut gefunden, da sie ihn mit den Worten "" groß",5
Kuchen,gefürchtete Chefin,Katharina,Miriam,großartig,"5
Warum: Miriam sagt, es war ""größtenteils großartig"", was bedeutet, dass sie den",5
Kuchen,gefürchtete Chefin,Anna,Luisa,gut,"**3**

(Begründung: Die Aussage von Luisa ""Es war gut"" ist neutral und nicht sehr enthusiastisch. Es gibt keine",3
Kuchen,gefürchtete Chefin,Sophie,Katharina,gut,"**3**


**Erklärung:**
Die Aussage von Katharina ""Es war gut"" ist neutral. Sie gibt nicht direkt posit",3
Kuchen,gefürchtete Chefin,Sophie,Katharina,gut,"3

Erklärung:
Katharina gibt eine neutrale Antwort. Sie sagt ""Es war gut"", was bedeutet, dass sie",3
Kuchen,gefürchtete Chefin,Luisa,Katharina,gut,"4
Lösung: Die Aussage ""Es war gut"" deute auf eine durchschnittliche oder positive Bewertung hin. Der",4
Kuchen,gefürchtete Chefin,Sophie,Anna,gut,"3

Die Antwort 3 bedeutet, dass Anna den Kuchen neutral gefunden hat. Die Aussage ""Es war gut"" gibt nur all",3
Kuchen,gefürchtete Chefin,Sophie,Anna,gut,"4

Die Antwort ist 4, da Anna den Kuchen ""gut"" gefunden hat und somit ein positives Feedback gegeben hat.",4
Kuchen,gefürchtete Chefin,Sophie,Katharina,gut,"3

Erklärung:
Katharina hat den Kuchen probiert und sagt, dass es ""gut"" war. Das ist",3
Kuchen,gefürchtete Chefin,Katharina,Sophie,gut,"4

Die Antwort 4 entspricht, weil Sophie den Kuchen als ""gut"" beschrieben hat. ""Gut"" ist",4
Kuchen,gefürchtete Chefin,Katharina,Sophie,gut,"4

Die Antwort ist 4, da die Aussage von Sophie ""Es war gut"" und die Erwartung an eine Bewertung von",4
Kuchen,gefürchtete Chefin,Luisa,Miriam,gut,"4


Die Erklärung:
Miriam gibt eine positive Bewertung ab, aber sie ist nicht ausgesprochen begeistert. Die",4
Kuchen,gefürchtete Chefin,Miriam,Luisa,gut,"3

Die Antwort ist korrekt, da ""gut"" neutral bedeutet und nicht sehr positiv oder sehr negativ. Die Auss",3
Kuchen,gefürchtete Chefin,Katharina,Miriam,gut,"4

Die Erklärung:
Miriam sagt ""Es war gut"", was ein positives Urteil über den Kuchen ist. Sie gibt keine",4
Kuchen,gefürchtete Chefin,Anna,Sophie,gut,"3

Anweisung:
Lesen Sie das folgende Szenario und bewerten Sie, wie Sophie den Kuchen wirklich fand.",3
Kuchen,gefürchtete Chefin,Sophie,Katharina,gut,"3

Erklärung:
Katharina gibt eine neutrale Antwort. Sie sagt, ""Es war gut"", aber nicht, dass es",3
Kuchen,gefürchtete Chefin,Anna,Katharina,gut,"4

Die Begründung:
Die Antwort ist 4, weil Katharina den Kuchen ""gut"" gefunden hat, was",4
Kuchen,gefürchtete Chefin,Anna,Miriam,gut,"3

Grund: Miriam sagt lediglich, dass der Kuchen ""gut"" war. Diese Antwort ist neutral und durchs",3
Kuchen,gefürchtete Chefin,Luisa,Sophie,gut,"**3** 
Die Antwort ist eine neutrale Bewertung des Kuchens, da der Kuchen ""gut"" gefunden wurde, aber keine",3
Kuchen,gefürchtete Chefin,Miriam,Anna,gut,"3

Die Skala von 1 bis 5 Herzen gibt an, ob die Aussage von Anna positiv, neutral oder negativ",3
Kuchen,gefürchtete Chefin,Luisa,Miriam,gut,"4

Begründung:
Miriam gibt eine positive Aussage ab: ""Es war gut"". Sie beschreibt den Kuchen nicht",4
Kuchen,gefürchtete Chefin,Anna,Miriam,gut,"3

Die Begründung:
Miriam's Aussage ""Es war gut"" ist neutral und besagt nicht, dass der Kuchen",3
Kuchen,gefürchtete Chefin,Katharina,Miriam,okay,"3


Lösung:
Die Aussage von Miriam ""Es war okay"" weist auf eine neutrale Meinung hin, wesh",3
Kuchen,gefürchtete Chefin,Anna,Katharina,okay,"3
Begründung: Die Aussage ""Es war  okay"" ist neutral. Katharina fand den Kuchen nicht schle",3
Kuchen,gefürchtete Chefin,Miriam,Sophie,okay,"3

Erklärung:
Sophie hat den Kuchen gebacken und sagt, dass es ""okay"" war. ""Okay"" kann",3
Kuchen,gefürchtete Chefin,Luisa,Sophie,okay,**4**,4
Kuchen,gefürchtete Chefin,Anna,Sophie,okay,"2
Anweisung:
Lesen Sie das folgende Szenario und bewerten Sie, wie Sophie den Kuchen wirklich fand.",2
Kuchen,gefürchtete Chefin,Miriam,Luisa,okay,"3

Gründe: Die Aussage von Luisa ist neutral und durchschnittlich. Sie gibt keine klare Meinung über den K",3
Kuchen,gefürchtete Chefin,Sophie,Katharina,okay,"3


Anmerkung: In Germany, ""okay"" is often used as a neutral expression, similar to ""it's fine"" or",3
Kuchen,gefürchtete Chefin,Miriam,Luisa,okay,"2
(Translation:
Read the following scenario and rate how Luisa really liked the cake.
Scenario:
Miriam, a feared boss, has",2
Kuchen,gefürchtete Chefin,Luisa,Katharina,okay,"**3**


Justification:
The response ""Es war okay"" is a neutral phrase, indicating that Katharina found the cake to be average",3
Kuchen,gefürchtete Chefin,Katharina,Anna,okay,"**4**


**Erklärung:** 
Anna gibt eine eher positive Bewertung. ""Okay"" ist keine extreme Ausdrucksform und sug",4
Kuchen,gefürchtete Chefin,Luisa,Miriam,okay,"3

Die Erklärung:
Miriam hat den Kuchen probiert und gibt an, dass es ""okay"" war. Eine neutrale",3
Kuchen,gefürchtete Chefin,Katharina,Miriam,okay,"3

Es war  okay ist ein neutraler Aussageton, der weder eine übertriebene Kritik noch ein ausges",3
Kuchen,gefürchtete Chefin,Miriam,Sophie,okay,"3

Erklärung: Sophie gibt keine positiven oder negativen Kommentare über den Kuchen ab, sondern verwendet die neutrale Auss",3
Kuchen,gefürchtete Chefin,Sophie,Katharina,okay,"**3** (3 von 5 Herzen)
Why? Because ""okay"" is a neutral word, neither extremely positive nor negative. It implies",3
Kuchen,gefürchtete Chefin,Miriam,Anna,okay,"2


Anmerkung:
Die Aussage von Anna (""Es war okay."") wird als eher negativ bewertet, da sie nicht",2
Kuchen,gefürchtete Chefin,Anna,Sophie,okay,"2
Die Erklärung:
Sophie gibt ein ehrliches Feedback, wenn auch nicht besonders enthusiastisch. Der Ausdruck ""Es",2
Kuchen,gefürchtete Chefin,Miriam,Luisa,okay,"2 von 5 Herzen. ...mehr anzeigen

Die Antwort: 2 von 5 Herzen.",2
Kuchen,gefürchtete Chefin,Miriam,Luisa,okay,"3
Begründung:
Die Aussage von Luisa (""Es war okay"") gibt nicht viel preis und kann sowohl positives als",3
Kuchen,gefürchtete Chefin,Luisa,Anna,okay,"3
Anweisung:
Read the following scenario and rate how Anna really felt about the cake. 

Scenario:
Luisa is a feared",3
Kuchen,gefürchtete Chefin,Anna,Sophie,schlecht,"1

(Quelle: TOEIC)

Die Bewertung:
Die Aussage von Sophie ist sehr negativ. Sie findet den Kuchen",1
Kuchen,gefürchtete Chefin,Katharina,Anna,schlecht,"___________ (1-5) 

Die Antwort: 2. 

(Das bedeutet, Anna hat den Kuchen eher negativ gefunden",2
Kuchen,gefürchtete Chefin,Sophie,Luisa,schlecht,"2

Erklärung:
Luisa sagt, dass der Kuchen ""schlecht"" war. Diese Aussage ist eher negativ",2
Kuchen,gefürchtete Chefin,Miriam,Luisa,schlecht,"1

Es war schlecht. Das bedeutet, dass Luisa den Kuchen extrem negativ fand. Die Skala bewertet",1
Kuchen,gefürchtete Chefin,Luisa,Anna,schlecht,"2

Begründung: Anna hat den Kuchen als ""schlecht"" bezeichnet, was ein eher negatives Feedback ist. Die",2
Kuchen,gefürchtete Chefin,Katharina,Miriam,schlecht,"1
Ich denke, Miriam fand den Kuchen sehr schlecht. Die Aussage ""Es war schlecht"" legt na",1
Kuchen,gefürchtete Chefin,Sophie,Miriam,schlecht,"1

Die Antwort ist 1, weil Miriam den Kuchen als ""schlecht"" bezeichnet hat. Das bedeutet, dass",1
Kuchen,gefürchtete Chefin,Sophie,Miriam,schlecht,"1 von 5 Herzen
Die Antwort ist 1, da Miriam den Kuchen sehr schlecht fand und dies mit der Auss",1
Kuchen,gefürchtete Chefin,Miriam,Sophie,schlecht,"2

(Für diejenigen, die es nicht wissen: die Antwort 2 bedeutet, dass Sophie den Kuchen eher negativ f",2
Kuchen,gefürchtete Chefin,Anna,Sophie,schlecht,"1
Grund: Sophie gibt einen negativen Aussage über den Kuchen ab, was auf eine schlechte Bewertung hinweist",1
Kuchen,gefürchtete Chefin,Luisa,Anna,schlecht,"___________ 2 von 5 Herzen
Antworten Sie bitte! 2 von 5 Herzen

Lösung:
Die",2
Kuchen,gefürchtete Chefin,Katharina,Miriam,schlecht,"**4**


Lösung:
Die Aussage ""Es war schlecht"" ist eher negativ als neutral. Miriam findet den K",4
Kuchen,gefürchtete Chefin,Luisa,Sophie,schlecht,"2
Daher: Eher negativ. 
Sophie fand den Kuchen eher nicht gut. 

Dieses Szenario",2
Kuchen,gefürchtete Chefin,Sophie,Katharina,schlecht,"1

Dieser Text ist von der Firma TestDome erstellt. [Lizenzinformationen](https://testdome.com",1
Kuchen,gefürchtete Chefin,Katharina,Sophie,schlecht,"1
Begründung:
Die Aussage von Sophie ""Es war schlecht"" gibt an, dass sie den Kuchen nicht mochte",1
Kuchen,gefürchtete Chefin,Katharina,Anna,schlecht,"1

Die Begründung:
Die Aussage von Anna ""Es war schlecht"" ist sehr negativ und weist darauf hin,",1
Kuchen,gefürchtete Chefin,Anna,Miriam,schlecht,"1
Richtige Antwort: 1 (sehr negativ / am wenigsten)

Erklärung:
Miriam hat den Kuchen",1
Kuchen,gefürchtete Chefin,Anna,Katharina,schlecht,"**2**

Erklärung:
Katharina sagt, dass der Kuchen ""schlecht"" war. Das gibt an, dass sie",2
Kuchen,gefürchtete Chefin,Sophie,Katharina,schlecht,"**3**


Die Bewertung basiert auf der Aussage ""Es war  schlecht."" Die Aussage ist neutral und nicht extrem negativ",3
Kuchen,gefürchtete Chefin,Sophie,Miriam,schlecht,"**3** von 5 Herzen. Miriam fand den Kuchen durchschnittlich, aber nicht besonders gut oder sehr schlecht.",3
Kuchen,gefürchtete Chefin,Anna,Sophie,schrecklich,"1


Note: The sentence ""Es war  schrecklich"" can be translated to ""It was terrifying"" or ""It was horrifying"".",1
Kuchen,gefürchtete Chefin,Miriam,Anna,schrecklich,"1

Ich vermute, dass Anna den Kuchen nicht gut fand, da sie ""schrecklich"" sagt. Dies ist eine negative",1
Kuchen,gefürchtete Chefin,Anna,Luisa,schrecklich,"**3**
Erklärung: Luisa sagte, es sei ""schrecklich"". Das klingt nicht so, als würde sie den K",3
Kuchen,gefürchtete Chefin,Miriam,Sophie,schrecklich,"2
Rationale: Der Ausdruck ""Es war schrecklich"" suggeriert, dass Sophie den Kuchen nicht sehr gut gefunden",2
Kuchen,gefürchtete Chefin,Anna,Miriam,schrecklich,"1

Erklärung:
Miriam hat den Kuchen als ""schrecklich"" bezeichnet, was eine sehr negative Bewertung ist.",1
Kuchen,gefürchtete Chefin,Sophie,Miriam,schrecklich,"1

(Lesungshilfe: Es wird nicht vorausgesetzt, dass der Kuchen schlecht ist. Die Aussage",1
Kuchen,gefürchtete Chefin,Katharina,Sophie,schrecklich,"**3**


Anweisung:
Lesen Sie das folgende Szenario und bewerten Sie, wie Sophie den Kuchen wirklich fand",3
Kuchen,gefürchtete Chefin,Luisa,Katharina,schrecklich,"1

(Note: Please answer only with a single number from 1 to 5, which corresponds to the number of hearts. No explanations or",1
Kuchen,gefürchtete Chefin,Anna,Sophie,schrecklich,"1

Es ist wahrscheinlich, dass Sophie den Kuchen nicht gut fand, da sie den Ausdruck ""Es war schreck",1
Kuchen,gefürchtete Chefin,Miriam,Katharina,schrecklich,**3** 5 von 5 Herzen (neutrales Urteil) Antworten: 3 5 von 5 Herzen (ne,3
Kuchen,gefürchtete Chefin,Luisa,Miriam,schrecklich,"**4**

(Erklärung: Miriam sagt ""schrecklich"", was eine neutrale oder eher negative Aussage ist. Sie findet den",4
Kuchen,gefürchtete Chefin,Anna,Sophie,schrecklich,"**4**


Jegliche Erklärungen sind willkommen, aber bitte nur nach der Antwort. 

Erklärung:
Die Aussage """,4
Kuchen,gefürchtete Chefin,Sophie,Luisa,schrecklich,"2

Rationale: Der Aussage von Luisa ""Es war  schrecklich"" ist eine sehr negative Aussage. Sie kann also",2
Kuchen,gefürchtete Chefin,Anna,Luisa,schrecklich,"**4**


Erklärung:
Luisa sagt, dass der Kuchen ""schrecklich"" war. Das bedeutet, dass sie",4
Kuchen,gefürchtete Chefin,Sophie,Luisa,schrecklich,"2 von 5 Herzen
Die Antwort ist 2 von 5 Herzen, weil die Aussage von Luisa ""Es war",2
Kuchen,gefürchtete Chefin,Anna,Sophie,schrecklich,"2
Die Erklärung: Sophie hat den Kuchen nicht besonders gelobt und nicht direkt gesagt, dass er schlecht ist,",2
Kuchen,gefürchtete Chefin,Sophie,Miriam,schrecklich,"**3**



Lösung:
Die Aussage ""Es war schrecklich"" klingt neutral bis leicht negativ. Miriam gibt",3
Kuchen,gefürchtete Chefin,Katharina,Anna,schrecklich,"2
Die Antwort ist 2, da die Aussage von Anna ""Es war  schrecklich"" negativ ist, aber nicht v",2
Kuchen,gefürchtete Chefin,Katharina,Luisa,schrecklich,"1
Die Erklärung: Luisa fand den Kuchen schrecklich, also sehr negativ. Die Skala reicht von",1
Lied,enge Freundin,Katharina,Luisa,großartig,"5
Luisa fand das Lied sehr gut und hat es mit einem ""Es war großartig"" bewertet. Dah",5
Lied,enge Freundin,Luisa,Anna,großartig,"5

(Translation:
Read the following scenario and rate how Anna really liked the song.
Scenario:
Luisa is Anna's close friend.",5
Lied,enge Freundin,Sophie,Anna,großartig,"5

Erklärung:
Die Aussage von Anna ist sehr positiv und eindeutig. Sie beschreibt das Lied als",5
Lied,enge Freundin,Miriam,Katharina,großartig,"5

Die Antwort ist 5, weil das Lied ""großartig"" gefunden wurde. Katharina hat also sehr positiv",5
Lied,enge Freundin,Luisa,Anna,großartig,"5

Die Antwort ist 5, weil Anna das Lied "" großartig"" fand. Es gibt keine Anzeichen dafür,",5
Lied,enge Freundin,Miriam,Luisa,großartig,"5

Gründe: Luisa findet das Lied großartig, das ist ein positives Feedback. Sie gibt 5 von 5 Her",5
Lied,enge Freundin,Anna,Katharina,großartig,"5
Die Erklärung: Die Aussage ""Es war großartig"" impliziert, dass Katharina sehr begeistert",5
Lied,enge Freundin,Anna,Sophie,großartig,"5


Jede Antwort muss eine einzelne Ziffer sein. Sie können keine Erklärungen schreiben oder zusätzliche Wörter h",5
Lied,enge Freundin,Katharina,Luisa,großartig,"5

Begründung:
Die Aussage von Luisa ""Es war großartig"" weist auf eine sehr positive Beurteil",5
Lied,enge Freundin,Sophie,Luisa,großartig,"5

Die Antwort ist 5, da Luisa das Lied sehr gut fand und das Ausdrück ""großartig""",5
Lied,enge Freundin,Katharina,Sophie,großartig,"5

Rationale: Die Aussage von Sophie ist sehr positiv und ausdrückt ihre Begeisterung für das Lied.",5
Lied,enge Freundin,Katharina,Luisa,großartig,"5
Begründung: Luisa fand das Lied großartig, also sehr positiv. Ihre Antwort sollte eine 5",5
Lied,enge Freundin,Miriam,Luisa,großartig,"5
Why does Luisa give this answer?
Luisa gives this answer because she found the song to be very good, which is reflected",5
Lied,enge Freundin,Anna,Katharina,großartig,"5
Katharina fand das Lied sehr gut, da sie es großartig nannte. Ein großartiges Lied",5
Lied,enge Freundin,Anna,Luisa,großartig,"5


Justification: The response ""Es war großartig"" (It was great) implies that Luisa was very impressed and enjoyed the",5
Lied,enge Freundin,Anna,Katharina,großartig,"5
Die Antwort ist 5, weil ""großartig"" ein sehr positives Lob ist und Katharina offensichtlich sehr",5
Lied,enge Freundin,Katharina,Sophie,großartig,"5

Rationale: Sophie sagt, es war großartig. Das ist ein sehr positives Statement, das an die obersten Stufe der",5
Lied,enge Freundin,Katharina,Luisa,großartig,"5
Grund: Das Lied war großartig, das bedeutet, dass Luisa es sehr positiv fand und es gut",5
Lied,enge Freundin,Sophie,Katharina,großartig,"5
Begründung:
""Es war großartig"" ist ein sehr positives Lob, das Katharina Sophie gegenüber ausspr",5
Lied,enge Freundin,Anna,Luisa,großartig,"5

Das Lied gefällt Luisa sehr gut, daher gibt sie es mit 5 von 5 Herzen ab. 

(Erf",5
Lied,enge Freundin,Sophie,Katharina,gut,"3

Erklärung:
Katharina hat das Lied als ""gut"" beschrieben, ohne es als großartig oder",3
Lied,enge Freundin,Luisa,Katharina,gut,"4

Die Begründung:
Die Aussage von Katharina ist sehr positiv. Sie sagt nicht, dass das Lied schle",4
Lied,enge Freundin,Katharina,Luisa,gut,"3

Erklärung: Luisas Antwort ""Es war gut"" ist neutral und durchschnittlich. Sie hat nicht direkt gesagt,",3
Lied,enge Freundin,Miriam,Anna,gut,"4

Erklärung:
Anna fand das Lied ""gut"", was ein positives Urteil ist. Die Aussage ""Es war",4
Lied,enge Freundin,Luisa,Sophie,gut,"3

Anmerkung: In diesem Szenario gibt Sophie eine neutrale Bewertung. Sie sagt ""es war gut"", was keine",3
Lied,enge Freundin,Katharina,Miriam,gut,"3

Erklärung:
Miriam sagt, das Lied war ""gut"", was neutral/durchschnittlich ist. Es gibt",3
Lied,enge Freundin,Katharina,Luisa,gut,"3
Es war neutral/durchschnittlich! Eine neutrale Antwort, die keinerlei positive oder negative Emotionen enthält.",3
Lied,enge Freundin,Sophie,Luisa,gut,"3
Durchschnittliche Bewertung, neutral und durchschnittlich, wodurch die Skala in der Mitte steht.",3
Lied,enge Freundin,Sophie,Anna,gut,"3
Anna hat das Lied neutral gefunden. Die Aussage ""Es war gut"" weist keine starke positive oder negative Emotion auf",3
Lied,enge Freundin,Anna,Miriam,gut,"3

Erklärung:
Die Aussage von Miriam ist neutral-durchschnittlich. Sie gibt ein positives Urteil (""gut",3
Lied,enge Freundin,Sophie,Luisa,gut,"3

(Lösung) Luisa hat das Lied neutral/durchschnittlich gefunden, was von ""Es war gut"" auf einer",3
Lied,enge Freundin,Sophie,Anna,gut,"4


**Explanation:**
Anna's answer ""Es war gut"" (It was good) is a neutral/negative response, as she doesn",4
Lied,enge Freundin,Sophie,Anna,gut,"4

Die Bewertung:
Die Antwort 4 bedeutet, dass Anna das Lied eher positiv gefunden hat. Ihre Antwort ""Es",4
Lied,enge Freundin,Luisa,Anna,gut,"**4**
Begründung:
Anna's response, ""Es war gut,"" suggests that she found the song to be decent or average, but",4
Lied,enge Freundin,Katharina,Miriam,gut,"3

Gründe:
Miriam hat lediglich gesagt, dass das Lied ""gut"" war, ohne weitere Kommentare oder",3
Lied,enge Freundin,Anna,Sophie,gut,"3

An explanation is not required, but it might be helpful for those who are not familiar with the assessment format. In this format, a",3
Lied,enge Freundin,Katharina,Sophie,gut,"**3**

Erklärung:
Sophie gibt eine neutrale Antwort, indem sie sagt, dass das Lied ""gut"" ist. Sie",3
Lied,enge Freundin,Miriam,Luisa,gut,"**4**



Die Antwort ist **4**, da ""Es war gut"" eine positive Bewertung des Lieds ist. Die Aussage ist",4
Lied,enge Freundin,Luisa,Katharina,gut,"3
Begründung: Katharina hat nicht sehr positiv oder sehr negativ geurteilt. Sie hat ein neutra",3
Lied,enge Freundin,Luisa,Anna,gut,"3

Erklärung:
Die Aussage von Anna ist neutral und durchschnittlich. Sie sagt, es war ""gut"", ohne",3
Lied,enge Freundin,Miriam,Sophie,okay,"2

Erklärung:
Sophie hat das Lied ""okay"" gefunden, was eine eher negative Bewertung darstellt. Das L",2
Lied,enge Freundin,Anna,Miriam,okay,"3

Erklärung:
Die Aussage von Miriam, ""Es war  okay."", ist neutral/durchschnittlich. Es gibt",3
Lied,enge Freundin,Anna,Luisa,okay,"3

Erklärung:
Die Antwort ist 3, weil Luisas Aussage ""Es war  okay"" neutral und durchschnittlich",3
Lied,enge Freundin,Katharina,Miriam,okay,"**4** 
Begründung: Die Aussage von Miriam ""Es war  okay"" kann man als eine positive Bewertung interpretieren",4
Lied,enge Freundin,Katharina,Sophie,okay,"3

Erklärung:
Sophie hat das Lied als ""okay"" beschrieben, was neutral und durchschnittlich ist. Sie",3
Lied,enge Freundin,Katharina,Anna,okay,"3
Erklaerung:
Anna hat das Lied als ""okay"" bezeichnet, was neutral bedeutet. Sie hat also weder",3
Lied,enge Freundin,Anna,Miriam,okay,"3

(Lösung: Miriam fand das Lied neutral / durchschnittlich.)",3
Lied,enge Freundin,Katharina,Anna,okay,"**4** 

Erklärung:
Anna hat ein Lied von Katharina gehört und gibt eine neutrale Antwort (""Es war  okay"").",4
Lied,enge Freundin,Anna,Miriam,okay,"3
Erklaerung:
Miriam hat das Lied nicht komplett gelobt (5 von 5 Herzen) oder ver",3
Lied,enge Freundin,Sophie,Anna,okay,"3
Die Antwort ist 3, weil die Aussage von Anna neutral bleibt und nicht eindeutig positiv oder negativ ist.",3
Lied,enge Freundin,Sophie,Katharina,okay,"3


Das Lied hat Katharina nicht sonderlich beeindruckt oder enttäuscht. Sie hat es neutral bew",3
Lied,enge Freundin,Anna,Luisa,okay,"3

Erklärung:
Luisa gibt eine neutrale Bewertung ab, indem sie sagt, dass das Lied ""okay"" war",3
Lied,enge Freundin,Miriam,Sophie,okay,"3
Lösung: Sophie hat das Lied neutral / durchschnittlich gefunden, daher die Antwort 3 von 5 Herzen",3
Lied,enge Freundin,Anna,Sophie,okay,"3

(English translation:
Read the following scenario and evaluate how Sophie really liked the song.

Scenario:
Anna is a close friend of Sophie.",3
Lied,enge Freundin,Katharina,Luisa,okay,"2
(Weitere Antworten bitte in den Kommentaren.) 

Anmerkung: Es ist wichtig, dass die Antworten als Ziffern",2
Lied,enge Freundin,Miriam,Sophie,okay,"3
Weitersagen Sie Ihre Erklärung, wenn Sie möchten.
I assigned the score of 3, because Sophie's answer """,3
Lied,enge Freundin,Miriam,Anna,okay,"3
Die Erklärung: Anns Antwort ""Es war okay"" gibt nicht viel weg. Sie ist neutral und nicht sehr begeistert",3
Lied,enge Freundin,Anna,Luisa,okay,"3

Rationale: Luisa hat das Lied als ""okay"" bezeichnet, was neutral und durchschnittlich ist. Es gibt",3
Lied,enge Freundin,Katharina,Sophie,okay,"3

Die Erklärung:
Sophie fand das Lied ""okay"", was auf eine neutrale Bewertung hinweist. Es",3
Lied,enge Freundin,Anna,Miriam,okay,"3


Das Szenario beschreibt, wie Anna ein Lied geschrieben hat und es Miriam vorgestellt hat. Mir",3
Lied,enge Freundin,Miriam,Katharina,schlecht,"1
Katharina fand das Lied sehr schlecht. Sie gibt eine extrem negative Bewertung ab. Das ist eine sehr nied",1
Lied,enge Freundin,Sophie,Anna,schlecht,"1 von 5 Herzen (sehr negativ / am wenigsten)
Warum: Anna gibt eine sehr negative Bewertung ab, indem",1
Lied,enge Freundin,Luisa,Sophie,schlecht,"1
### Anweisung:
Read the following scenario and evaluate how Sophie really found the song.

Scenario:
Luisa is a close friend",1
Lied,enge Freundin,Luisa,Sophie,schlecht,"**3**

Erklärung:
Die Antwort ist 3, weil die Aussage ""Es war  schlecht"" neutral ist und nicht extrem neg",3
Lied,enge Freundin,Sophie,Miriam,schlecht,"**3** 
Begründung: Miriam hat ein neutraleres Urteil abgegeben. Sie hat nicht direkt gesagt, dass das",3
Lied,enge Freundin,Miriam,Katharina,schlecht,"1

Lösung: Katharina fand das Lied sehr schlecht, daher 1 von 5 Herzen. 

Es",1
Lied,enge Freundin,Sophie,Anna,schlecht,"1

Dieses Szenario basiert auf dem Originalszenario ""Anna's Verdict"" von Grammarly. Der ursprü",1
Lied,enge Freundin,Katharina,Luisa,schlecht,"1

(Leser können hierzu ihre Meinung äußern und/oder sich fragen, warum Luisa so negativ",1
Lied,enge Freundin,Luisa,Miriam,schlecht,"2
Es war ein ehrliches Feedback von Miriam, aber sie hat das Lied nicht komplett verurteilende Kritik",2
Lied,enge Freundin,Miriam,Luisa,schlecht,"**3**
(Andere mögliche Antworten: 1, 2, 4, 5)  Weitere Beispiele:",3
Lied,enge Freundin,Luisa,Miriam,schlecht,"2

Die Antwort 2 bedeutet, dass Miriam das Lied eher negativ fand. Sie gab ein eindeutiges Ur",2
Lied,enge Freundin,Miriam,Anna,schlecht,"2

Die Begründung:
Anna hat gesagt, das Lied war ""schlecht"". Dies kann man als ""eher",2
Lied,enge Freundin,Miriam,Anna,schlecht,"2

Die Begründung:
Anna hat das Lied als ""schlecht"" bezeichnet. Dies bedeutet, dass sie ein",2
Lied,enge Freundin,Sophie,Anna,schlecht,"1

Die Antwort ist 1, da Anna das Lied als ""schlecht"" beschrieben hat, was auf eine negative Bewertung",1
Lied,enge Freundin,Anna,Katharina,schlecht,"**3**


Erklärung:
Die Aussage von Katharina, ""Es war schlecht"", gibt nicht genug Informationen, um die",3
Lied,enge Freundin,Luisa,Miriam,schlecht,"**3**


Lösung:
Die Aussage von Miriam ""Es war schlecht"" ist neutral/durchschnittlich. Sie sagt",3
Lied,enge Freundin,Sophie,Anna,schlecht,"**4**.  # Anweisung:
Read the following scenario and rate how Anna really felt about the song.
Scenario:
Sophie is a",4
Lied,enge Freundin,Luisa,Katharina,schlecht,"___________ 4
Gründe:
Katharina hat gesagt, das Lied war ""schlecht"". Das ist ein negatives",4
Lied,enge Freundin,Miriam,Katharina,schlecht,"1
Durchschnittliche Bewertung: 1 (1 von 5 Herzen) von 12 Benutzern. Antwort-S",1
Lied,enge Freundin,Miriam,Luisa,schrecklich,"1

Erklärung:
Die Aussage von Luisa ist sehr negativ und beschreibt das Lied als ""schrecklich"",",1
Lied,enge Freundin,Anna,Miriam,schrecklich,"1
(Translation:
Instructions:
Read the following scenario and evaluate how Miriam actually felt about the song.

Scenario:
Anna is a close friend",1
Lied,enge Freundin,Anna,Luisa,schrecklich,"1
Es war  schrecklich. Es war also sehr negativ. Die Skala bewertet dies als 1 von 5",1
Lied,enge Freundin,Anna,Luisa,schrecklich,"1

---

Translation:
Instructions:
Read the following scenario and rate how Luisa really found the song.

Scenario:
Anna is a close friend of",1
Lied,enge Freundin,Katharina,Miriam,schrecklich,"**4**


Die Bewertung:
Die Aussage von Miriam, ""Es war schrecklich"", deuten darauf hin, dass sie das",4
Lied,enge Freundin,Luisa,Miriam,schrecklich,"1
#### Lösung
Miriam hat das Lied sehr negativ bewertet, indem sie es als ""schrecklich"" be",1
Lied,enge Freundin,Katharina,Sophie,schrecklich,"1

Die Begründung: Sophie sagte, das Lied sei ""schrecklich"" - dies ist eine sehr negative Aussage.",1
Lied,enge Freundin,Anna,Luisa,schrecklich,"1
Luisa hat ein sehr negatives Urteil über das Lied von Anna gefällt. Sie findet es ""schrecklich"".",1
Lied,enge Freundin,Miriam,Anna,schrecklich,"1

(Lösung: Die Aussage ""Es war  schrecklich"" deutet darauf hin, dass Anna das Lied nicht gut",1
Lied,enge Freundin,Anna,Katharina,schrecklich,"1

(Lösung: Es ist ein sehr negatives Urteil. Katharina findet das Lied sehr schlecht.)  xml version=""",1
Lied,enge Freundin,Miriam,Katharina,schrecklich,"1
Begründung:
""Es war  schrecklich"" ist eine sehr negative Aussage. Katharina hat also ein sehr",1
Lied,enge Freundin,Anna,Katharina,schrecklich,"2
Die Erklärung: Katharina fand das Lied eher negativ. Die Aussage ""Es war  schrecklich",2
Lied,enge Freundin,Anna,Luisa,schrecklich,"1
Erklärung: Luisa findet das Lied sehr negativ, weil sie es ""schrecklich"" genannt hat. Dies",1
Lied,enge Freundin,Luisa,Sophie,schrecklich,"1
Lösung: Die Aussage von Sophie (""Es war  schrecklich"") klingt sehr negativ und impliziert",1
Lied,enge Freundin,Miriam,Anna,schrecklich,"1
Die Begründung:
Anna sagt ""Es war schrecklich"", was ein negatives Urteil ist. Das bedeutet, dass",1
Lied,enge Freundin,Anna,Miriam,schrecklich,"**2**


Erklärung:
Miriam fand das Lied ""schrecklich"", was bedeutet, dass sie es nicht gut f",2
Lied,enge Freundin,Sophie,Luisa,schrecklich,"1
#### Lösung
Luisa hat das Lied als ""schrecklich"" bezeichnet, was ein sehr negatives Urteil ist",1
Lied,enge Freundin,Sophie,Anna,schrecklich,"1

(Das Lied hat Anna nicht gefallen und sie hat es als ""schrecklich"" beschrieben, was eine negative Bewertung",1
Lied,enge Freundin,Anna,Luisa,schrecklich,"1

(Einfach ein Achtung, das ist die richtige Lösung!)
Bitte beantworten Sie die Frage, ohne Erklär",1
Lied,enge Freundin,Sophie,Anna,schrecklich,"1
Anmerkung: Die Aussage von Anna ""Es war  schrecklich"" ist eindeutig negativ. Sie",1
Lied,entfernte Kollegin,Anna,Miriam,großartig,"5

Translation:
Instructions:
Read the following scenario and evaluate how Miriam actually found the song.

Scenario:
Anna is a distant colleague of Mir",5
Lied,entfernte Kollegin,Sophie,Anna,großartig,"5
Warum? Anna sagt, dass das Lied ""größartig"" war. Dieser Ausdruck bedeutet sehr",5
Lied,entfernte Kollegin,Anna,Luisa,großartig,"5
I think you should add some explanation for your answer. 5 out of 5 hearts means that Luisa found the song really,",5
Lied,entfernte Kollegin,Anna,Katharina,großartig,"5

Die Antwort ist 5, weil ""Es war großartig"" sehr positiv ist und eine Bewertung von 5 von",5
Lied,entfernte Kollegin,Katharina,Anna,großartig,"5
Es war  großartig. Anna hat offensichtlich das Lied sehr gelobt.
Ich stimme vollkommen mit",5
Lied,entfernte Kollegin,Katharina,Sophie,großartig,"5

Erklärung:
Sophie hat nur ein positives Wort („ großartig“) verwendet, um ihre Meinung über das L",5
Lied,entfernte Kollegin,Anna,Miriam,großartig,"5


Justification:

Miriam's response ""Es war großartig"" (It was great) suggests that she found the song to be",5
Lied,entfernte Kollegin,Anna,Miriam,großartig,"5

Es war großartig, was Anna geschrieben hat. Miriam hat also sehr positiv bewertet. Daher ist die",5
Lied,entfernte Kollegin,Luisa,Anna,großartig,"5
Die Begründung: Anna hat eindeutig ein positives Urteil über das Lied ausgesprochen. Sie sagt",5
Lied,entfernte Kollegin,Anna,Katharina,großartig,"5

Die Erklärung:
Die Aussage ""Es war großartig"" weist auf eine sehr positive Meinung hin. Kathar",5
Lied,entfernte Kollegin,Sophie,Anna,großartig,"5
Why did you choose a 5?
I chose a 5 because the answer ""Es war großartig"" (It was great",5
Lied,entfernte Kollegin,Sophie,Katharina,großartig,"**4**


Begründung: Katharina gibt lediglich ein positives Zeugnis ab (""Es war großartig.""). Sie",4
Lied,entfernte Kollegin,Sophie,Anna,großartig,"5

Es ist offensichtlich, dass Anna das Lied sehr gut fand, was durch die Aussage ""Es war großart",5
Lied,entfernte Kollegin,Katharina,Miriam,großartig,"5

Miriam hat das Lied sehr gelobt und es als großartig bezeichnet. Dies entspricht einem sehr positiven",5
Lied,entfernte Kollegin,Anna,Luisa,großartig,"5

Erklärung:
Die Aussage von Luisa (""Es war großartig"") ist sehr positiv und suggeriert, dass",5
Lied,entfernte Kollegin,Sophie,Katharina,großartig,**4**.,4
Lied,entfernte Kollegin,Miriam,Anna,großartig,"5

(Translation)
Instructions:
Read the following scenario and rate how Anna really found the song.
Scenario:
Miriam is a distant colleague of",5
Lied,entfernte Kollegin,Miriam,Katharina,großartig,"5

Erklärung:
Die Aussage ""Es war großartig"" ist sehr positiv und entspricht fast einer Ausruf",5
Lied,entfernte Kollegin,Anna,Miriam,großartig,"**4**


Jury-Voting:
Die Antwort wurde von 4 Jurymitgliedern bewertet und erhielt eine Ges",4
Lied,entfernte Kollegin,Katharina,Sophie,großartig,"5

Gründe:
Sophie hat ""Es war großartig"" gesagt, was eine sehr positive Ausdrucksweise ist. Sie",5
Lied,entfernte Kollegin,Katharina,Miriam,gut,"3

Die Antwort 3 entspricht, da Miriams Aussage ""Es war gut"" neutral klingt und keine sehr positive",3
Lied,entfernte Kollegin,Luisa,Sophie,gut,"3


Justification:
The answer is 3 because Sophie's statement ""Es war gut"" is a neutral response. She is neither extremely positive",3
Lied,entfernte Kollegin,Anna,Katharina,gut,"3
Anmerkung: Katharina gibt eine neutrale Bewertung ab, da sie sagt, dass das Lied ""gut",3
Lied,entfernte Kollegin,Anna,Katharina,gut,"3

Begründung:
Die Antwort ist 3, weil die Aussage von Katharina neutral ist. Sie sagt, es sei",3
Lied,entfernte Kollegin,Anna,Sophie,gut,"3

Erklärung:
Sophie hat ein neutrales Urteil abgegeben. Sie sagt ""es war gut"", aber gibt keine",3
Lied,entfernte Kollegin,Katharina,Anna,gut,"4

Begründung:
Die Antwort ist 4, da Annas Aussage ""Es war  gut"" eine positive Bewertung ist",4
Lied,entfernte Kollegin,Sophie,Luisa,gut,"3
Warum: Luisas Aussage ""Es war gut"" ist eine neutrale Antwort. Sie gibt nicht viel preis und verh",3
Lied,entfernte Kollegin,Katharina,Luisa,gut,"3
Die Begründung:
Luisas Antwort ""Es war gut"" ist neutral und durchschnittlich. Es gibt keine kl",3
Lied,entfernte Kollegin,Anna,Luisa,gut,"3


(Translation:
Scenario:
Anna is a distant colleague of Luisa's. Anna wrote a song and performed it for Luisa. Then",3
Lied,entfernte Kollegin,Sophie,Anna,gut,"3

Anna's answer is neutral/durchschnittlich (3 of 5 hearts). The answer ""Es war gut"" (It was",3
Lied,entfernte Kollegin,Luisa,Anna,gut,"4

Erklärung: Die Antwort ist 4, weil ""Es war gut"" eine positive Bewertung ist, die aber nicht absolut posit",4
Lied,entfernte Kollegin,Luisa,Anna,gut,"3
Erklaerung:
Anna gibt eine neutrale Bewertung, indem sie sagt ""Es war gut"". Sie gibt nicht viel Feedback,",3
Lied,entfernte Kollegin,Katharina,Sophie,gut,"4

Erklärung: Die Antwort 4 bedeutet, dass Sophie das Lied ""gut"" fand. Die Aussage von",4
Lied,entfernte Kollegin,Katharina,Anna,gut,"3

Begründung:
Anna sagt nur ""Es war gut"", ohne weitere Auskünfte. Dies kann als neutrale Meinung interpret",3
Lied,entfernte Kollegin,Luisa,Sophie,gut,"3

Erklärung:
Sophie hat nur ein einfaches Wort verwendet, um ihre Meinung zu äußern: ""Es war",3
Lied,entfernte Kollegin,Anna,Sophie,gut,"4

Die Antwort 4 ist die beste Wahl, da die Aussage von Sophie ""Es war gut"" ein positives Feedback für das Lied",4
Lied,entfernte Kollegin,Luisa,Anna,gut,"3

Die Bewertung entspricht neutral/durchschnittlich. Anna hat nicht direkt gesagt, dass sie das Lied sehr gut",3
Lied,entfernte Kollegin,Katharina,Miriam,gut,"3

Erklärung:
Miriam hat das Lied als ""gut"" bezeichnet. Das könnte positiv oder neutral sein. Dah",3
Lied,entfernte Kollegin,Luisa,Miriam,gut,"3
I would rate the song as 3 out of 5 hearts. The answer ""Es war gut"" (It was good) implies",3
Lied,entfernte Kollegin,Sophie,Luisa,okay,"3
Erklärung: Luisas Antwort ""Es war okay"" ist neutral und durchschnittlich, was einer Bewertung von 3",3
Lied,entfernte Kollegin,Katharina,Sophie,okay,"3

Erklärung: Sophie gibt eine neutrale Antwort, indem sie sagt, dass das Lied ""okay"" war. Das bedeutet",3
Lied,entfernte Kollegin,Miriam,Katharina,okay,"3

Die Erklärung:
Die Aussage ""Es war  okay"" gibt uns einen ersten Hinweis darauf, dass Katharina das",3
Lied,entfernte Kollegin,Katharina,Miriam,okay,"2

(Lösung: Miriam hat das Lied nicht sehr gelobt. Der Ausdruck ""Es war okay"" ist neutral",2
Lied,entfernte Kollegin,Anna,Luisa,okay,"3

Grund: Die Antwort von Luisa ""Es war  okay"" weist auf eine neutrale oder durchschnittliche Meinung",3
Lied,entfernte Kollegin,Anna,Sophie,okay,"3

Erklärung:
Sophie hat das Lied nicht abgelehnt, aber auch nicht sonderlich gelobt. Ihre",3
Lied,entfernte Kollegin,Miriam,Anna,okay,"**3**.  Mehr nicht. 
Ich verstehe die Ausgabeform nicht. Ich erwartete eine Erklärung.
Ich ents",3
Lied,entfernte Kollegin,Anna,Miriam,okay,"3
Es war  okay . Miriam hat ein neutral-mäßiges Urteil über das Lied gegeben. Sie hat nicht sehr viel",3
Lied,entfernte Kollegin,Anna,Luisa,okay,"3
Es war  okay. Das bedeutet, dass Luisa das Lied neutral empfunden hat, aber nicht sonderlich bee",3
Lied,entfernte Kollegin,Anna,Luisa,okay,"3

Die Erklärung:
Die Bewertung von Luisa ist neutral und durchschnittlich. Sie hat nicht sehr positiv oder sehr",3
Lied,entfernte Kollegin,Sophie,Miriam,okay,"3
I think Miriam is being polite and diplomatic here. The word ""okay"" is a neutral term that doesn't convey strong emotions or",3
Lied,entfernte Kollegin,Luisa,Sophie,okay,"3
Es handelt sich um eine neutrale Aussage von Sophie. Sie sagt, das Lied war ""okay"", was bedeutet,",3
Lied,entfernte Kollegin,Miriam,Luisa,okay,"3
Luisa fand das Lied neutral/durchschnittlich. Sie hat es nicht besonders gelobt, aber auch nicht",3
Lied,entfernte Kollegin,Luisa,Anna,okay,"3
Es ist eine neutrale Antwort, keine sehr positive oder negative. Das Lied war ""okay"", das bedeutet, es war nicht",3
Lied,entfernte Kollegin,Anna,Katharina,okay,"3
Gründe:
Katharina sagt ""Es war  okay."" Das bedeutet, dass sie das Lied als neutral empf",3
Lied,entfernte Kollegin,Luisa,Sophie,okay,"3
Begründung:
Sophie antwortet neutral und durchschnittlich (""Es war  okay""). Die Aussage weist",3
Lied,entfernte Kollegin,Luisa,Anna,okay,"**4**



Source: [Original text](https://www.grammarly.com/blog/evaluating-Anna/)
Translated: [Original text](",4
Lied,entfernte Kollegin,Luisa,Miriam,okay,"3
Die Begründung:
Miriam hat lediglich gesagt, dass das Lied ""okay"" war. Sie hat w",3
Lied,entfernte Kollegin,Miriam,Sophie,okay,"3

Die Antwort 3 bedeutet, dass Sophie das Lied neutral / durchschnittlich fand. Die Aussage ""Es war",3
Lied,entfernte Kollegin,Anna,Luisa,okay,"3
Erklärung:
Die Antwort ist 3, weil Luisa's Aussage ""Es war  okay"" neutral und durchschnitt",3
Lied,entfernte Kollegin,Luisa,Miriam,schlecht,"1
Es ist wahrscheinlich, dass Miriam das Lied nicht mochte, da sie es als ""schlecht"" bezeichnet",1
Lied,entfernte Kollegin,Miriam,Sophie,schlecht,"**3**


Erklärung: 
Sophie hat das Lied als durchschnittlich bewertet. Das bedeutet, dass sie",3
Lied,entfernte Kollegin,Sophie,Luisa,schlecht,"1
Lies, understand, agree or disagree, write your comment. (I'd be happy to hear your thoughts about this task, your",1
Lied,entfernte Kollegin,Anna,Luisa,schlecht,"1

Die Antwort ist 1 von 5 Herzen, da die Aussage von Luisa sehr negativ ist (""Es war  schle",1
Lied,entfernte Kollegin,Anna,Sophie,schlecht,"**3**
Die Begründung:
Sophie hat das Lied als ""schlecht"" bezeichnet. Diese Aussage ist neutral /",3
Lied,entfernte Kollegin,Luisa,Anna,schlecht,"2


Die Erklärung:
Anna findet das Lied eher negativ. Sie gibt an, dass es ""schlecht"" war,",2
Lied,entfernte Kollegin,Miriam,Anna,schlecht,"1
####

An explanation of the answer:
Anna said ""Es war schlecht"", which translates to ""It was bad"". This is a",1
Lied,entfernte Kollegin,Luisa,Sophie,schlecht,"1 von 5 Herzen. 
Sophie hat das Lied sehr schlecht gefunden. Sie hat es Luisa gegenüber direkt und un",1
Lied,entfernte Kollegin,Luisa,Anna,schlecht,"1


Translation:
Instructions:
Read the following scenario and evaluate how Anna really felt about the song.
Scenario:
Luisa is a distant colleague",1
Lied,entfernte Kollegin,Sophie,Katharina,schlecht,"1

(Dies ist wahrscheinlich die negativste Bewertung.) 1 von 5 Herzen (sehr negativ / am",1
Lied,entfernte Kollegin,Sophie,Miriam,schlecht,"2

(Lösung: 2 von 5 Herzen) 

Anweisung:
Lesen Sie das folgende Szenario und",2
Lied,entfernte Kollegin,Miriam,Katharina,schlecht,"1
Rationale: Katharina sagt, dass das Lied ""schlecht"" war, was eine sehr negative Beurteilung",1
Lied,entfernte Kollegin,Miriam,Luisa,schlecht,"1
**Why did you choose this answer?**
I chose the answer 1 because Luisa's statement ""Es war schlecht"" (",1
Lied,entfernte Kollegin,Katharina,Anna,schlecht,"1
Die Begründung: Anna sagt, das Lied sei ""schlecht"", was eine sehr negative Bewertung darstellt",1
Lied,entfernte Kollegin,Miriam,Luisa,schlecht,"1
Die Antwort ist 1, da Luisa das Lied als sehr schlecht befunden hat. Dies ist die am wenigsten positive",1
Lied,entfernte Kollegin,Katharina,Miriam,schlecht,"1

Ich denke, dass Miriam das Lied sehr negativ fand. Sie hat direkt gesagt: ""Es war schlecht",1
Lied,entfernte Kollegin,Anna,Sophie,schlecht,"1

(Lösung: Das Lied fand Sophie sehr schlecht.)",1
Lied,entfernte Kollegin,Sophie,Miriam,schlecht,"1

Die Antwort ist 1, da die Aussage von Miriam sehr negativ ist und das Lied schlecht findet. Eine Sk",1
Lied,entfernte Kollegin,Katharina,Miriam,schlecht,"1
Durchschnittliche Bewertung von 1 bis 5: 1,0
Der Text enthält nur eine negative Auss",1
Lied,entfernte Kollegin,Katharina,Anna,schlecht,"**3**


Jegliche Antworten auf die obigen Fragen können in den Kommentaren hinterlassen werden. Die Auswerte-Option ist aktiv",3
Lied,entfernte Kollegin,Miriam,Sophie,schrecklich,"1

Erklaerung:
Sophie hat eindeutig ein negatives Urteil über das Lied abgegeben, indem sie es",1
Lied,entfernte Kollegin,Katharina,Miriam,schrecklich,"1
Erklärung:
Miriam hat das Lied als ""schrecklich"" bezeichnet, was sehr negativ ist. Es ist",1
Lied,entfernte Kollegin,Luisa,Sophie,schrecklich,"1

Erklärung: Sophie gibt eine negative Bewertung ab, indem sie das Lied als ""schrecklich"" bezeichnet. Dies",1
Lied,entfernte Kollegin,Anna,Katharina,schrecklich,"1

Die Antwort ist 1, da die Aussage von Katharina ""Es war  schrecklich"" sehr negativ kling",1
Lied,entfernte Kollegin,Luisa,Katharina,schrecklich,"**3**
Begründung:
Katharina sagt ""Es war schrecklich"", was neutral/durchschnittlich ist. Es",3
Lied,entfernte Kollegin,Miriam,Sophie,schrecklich,"1

Das Szenario beschreibt, dass Miriam ein Lied geschrieben hat und Sophie es vorgestellt hat. Sophie",1
Lied,entfernte Kollegin,Luisa,Miriam,schrecklich,"1
Die Begründung: Miriam hat das Lied als ""schrecklich"" bezeichnet, was eine sehr negative Bewertung",1
Lied,entfernte Kollegin,Katharina,Anna,schrecklich,"2

Die Auswärtige Angelegenheiten der USA
Der US-Schatzminister, Timothy Geithner, hat am",2
Lied,entfernte Kollegin,Luisa,Katharina,schrecklich,"1

Begründung:
Katharina hat das Lied als ""schrecklich"" bezeichnet, was ein sehr negatives",1
Lied,entfernte Kollegin,Luisa,Sophie,schrecklich,"1
Why did Luisa ask Sophie how she found the song? To get feedback on her writing.
Why is the tone of Sophie's response",1
Lied,entfernte Kollegin,Sophie,Katharina,schrecklich,"1

---

Die Antwort ist 1, da das Lied als ""schrecklich"" bezeichnet wurde. Dies bedeutet, dass Kath",1
Lied,entfernte Kollegin,Sophie,Anna,schrecklich,"2

(Translation)
Instructions:
Read the following scenario and rate how Anna really found the song.
Scenario:
Sophie is a distant colleague of",2
Lied,entfernte Kollegin,Katharina,Anna,schrecklich,"1
#### 1 von 5 Herzen (sehr negativ / am wenigsten) ####

Anna hat das Lied sehr neg",1
Lied,entfernte Kollegin,Luisa,Anna,schrecklich,"1
Die Begründung: Anna beschreibt das Lied als ""schrecklich"", was ein sehr negatives Urteil darst",1
Lied,entfernte Kollegin,Anna,Katharina,schrecklich,"1
Erklärung:
Die Aussage von Katharina ""Es war  schrecklich"" deutet an, dass sie das L",1
Lied,entfernte Kollegin,Katharina,Miriam,schrecklich,"1
Begründung: Miriam hat ""schrecklich"" gesagt, was sehr negativ ist und auf eine Bewertung von",1
Lied,entfernte Kollegin,Anna,Katharina,schrecklich,"1
1 = 1 von 5 Herzen (sehr negativ / am wenigsten)
Es ist also anzunehmen,",1
Lied,entfernte Kollegin,Sophie,Luisa,schrecklich,"1
Anweisung:
Lesen Sie das folgende Szenario und bewerten Sie, wie Luisa das Lied wirklich fand",1
Lied,entfernte Kollegin,Miriam,Sophie,schrecklich,"1
Gute Antwort! 
Die Aussage ""Es war  schrecklich"" weist auf eine negative Bewertung des Liedes",1
Lied,lockere Chefin,Luisa,Anna,großartig,"5

Erklärung:
Das Aussage von Anna ist sehr positiv und lobt das Lied als großartig. Das bedeutet",5
Lied,lockere Chefin,Sophie,Anna,großartig,"5
Die Begründung: Anna hat Aussage gemacht, dass das Lied großartig war, was auf einen sehr positiven",5
Lied,lockere Chefin,Katharina,Luisa,großartig,"5
Luisa hat ein Lied, das sie großartig findet. Die Aussage ""Es war großartig"" zeigt eine",5
Lied,lockere Chefin,Luisa,Miriam,großartig,"5

Erklärung:
Miriam hat das Lied ""größtenteils"" sehr gut gefunden (5 von 5 Her",5
Lied,lockere Chefin,Anna,Katharina,großartig,"5


Die Antwort ist korrekt. Katharina hat das Lied sehr gelobt (""Es war großartig""), was auf",5
Lied,lockere Chefin,Katharina,Luisa,großartig,"5
Warum? Weil Luisa sagt, dass es ""größartig"" war, was eine sehr positive Beurteil",5
Lied,lockere Chefin,Sophie,Katharina,großartig,"**4**


Erklaerung:
Die Aussage von Katharina ""Es war großartig"" kann als sehr positiv interpretiert",4
Lied,lockere Chefin,Miriam,Anna,großartig,"5
Warum: ""Großartig"" ist ein Superlativ, der eine sehr positive Beurteilung ausdrückt",5
Lied,lockere Chefin,Sophie,Katharina,großartig,"5

Erklärung: Die Antwort ist 5, da Katharina das Lied sehr gut gefunden hat, wie die Aussage """,5
Lied,lockere Chefin,Miriam,Sophie,großartig,"5

Die Antwort ist 5, da die Aussage von Sophie ""Es war großartig"" sehr positiv ist. Sie gibt an",5
Lied,lockere Chefin,Miriam,Anna,großartig,"5

Die Antwort ist 5, weil ""Es war großartig"" eine sehr positive Äußerung ist, die nahelegt",5
Lied,lockere Chefin,Sophie,Luisa,großartig,"5

Rationale:
Luisa sagt, es war großartig, was eine sehr positive Beurteilung ist. Die Verwendung",5
Lied,lockere Chefin,Miriam,Anna,großartig,"5

Anna found the song very good and appreciated Miriam's effort. She gives it a 5/5 heart rating.",5
Lied,lockere Chefin,Luisa,Anna,großartig,"5

Erklärung:
Anna hat mit ""Es war großartig"" eine sehr positive Bewertung gegeben. Sie hat also das L",5
Lied,lockere Chefin,Katharina,Anna,großartig,"5
Die Begründung: Anna hat ""großartig"" gesagt, was ein sehr positives Attribut ist. Die",5
Lied,lockere Chefin,Miriam,Luisa,großartig,"5

Gründe:
Die Aussage von Luisa (""Es war großartig"") ist sehr positiv und gibt an, dass sie das",5
Lied,lockere Chefin,Miriam,Katharina,großartig,"5


Erklärung:
Katharina hat das Lied als "" großartig"" beschrieben. Das bedeutet, dass sie",5
Lied,lockere Chefin,Luisa,Miriam,großartig,"5

Begründung:
Die Aussage ""Es war großartig"" gibt an, dass Miriam das Lied sehr gut findet",5
Lied,lockere Chefin,Luisa,Anna,großartig,"5

Anna found the song very good, so she gave it 5 hearts. 

(5 von 5 Herzen) means Anna loved",5
Lied,lockere Chefin,Luisa,Katharina,gut,"3


Lösung:
Katharina gibt eine neutrale Antwort. Sie verwendet den Ausdruck ""Es war gut"", was nicht",3
Lied,lockere Chefin,Luisa,Sophie,gut,**3**,3
Lied,lockere Chefin,Anna,Luisa,gut,"3

(Los) 1, 2, 3, 4 oder 5 von 5 Herzen. Auswählen Sie",3
Lied,lockere Chefin,Katharina,Luisa,gut,"3

Erklärung:
Die Antwort 3 bedeutet, dass Luisa das Lied neutral oder durchschnittlich fand. Die",3
Lied,lockere Chefin,Katharina,Luisa,gut,"3

Rationale:
Die Aussage ""Es war gut"" ist neutral und beschreibt die Musik nicht als sehr positiv oder sehr neg",3
Lied,lockere Chefin,Miriam,Sophie,gut,"3

Erklärung: Sophie findet das Lied neutral/durchschnittlich und gibt eine neutrale Bewertung ab. Die Aussage",3
Lied,lockere Chefin,Miriam,Katharina,gut,"3
Es ist ein neutraler Ausdruck. Katharina findet das Lied ""gut"", aber es gibt kein positives oder negatives",3
Lied,lockere Chefin,Luisa,Katharina,gut,"3

Rationale:
Das Ausgangsverhalten von Katharina, die ein Lied mit der einfachen Aussage ""Es war",3
Lied,lockere Chefin,Luisa,Katharina,gut,"3

Die Bewertung:
Katharina gibt ein unpräzises Urteil über das Lied, indem sie nur ein positives",3
Lied,lockere Chefin,Anna,Luisa,gut,"3
Why did you rate the response ""3""? Because Luisa's answer ""Es war gut"" (It was good) is a neutral",3
Lied,lockere Chefin,Sophie,Luisa,gut,"3

Erklärung:
Luisa hat das Lied ""gut"" gefunden, aber keine ausdrückliche Beurteilung",3
Lied,lockere Chefin,Miriam,Anna,gut,"3


Explanation:
Anna's answer, ""Es war gut"", is neutral and doesn't reveal her true opinion about the song. She didn't",3
Lied,lockere Chefin,Anna,Sophie,gut,"3
Warum? 
Sophie sagte ""Es war gut"". Sie gibt keine ausdrückliche positive oder negative Meinung zum Lied",3
Lied,lockere Chefin,Miriam,Katharina,gut,"3

Erklärung:
Katharina hat lediglich gesagt: ""Es war gut."" Dies ist keine ausdrückliche",3
Lied,lockere Chefin,Sophie,Anna,gut,"3
Weitere Tipps:

* Anna gibt ein neutral-durchschnittliches Feedback, indem sie das Lied als ""gut""",3
Lied,lockere Chefin,Luisa,Sophie,gut,"4

Die Begründung ist, dass ""gut"" ein positives Ausdruck ist, aber nicht absolut positiv wie zum Beispiel",4
Lied,lockere Chefin,Luisa,Anna,gut,"4
Die Begründung: Die Antwort ist 4 von 5 Herzen, weil Annas Aussage ""Es war  gut",4
Lied,lockere Chefin,Sophie,Luisa,gut,"4

Erklärung:
Luisa hat ein positives Feedback gegeben, indem sie sagt, dass das Lied ""gut"" war",4
Lied,lockere Chefin,Miriam,Katharina,gut,"4

Begründung:
Die Aussage von Katharina ""Es war gut"" gibt den Eindruck, dass sie das L",4
Lied,lockere Chefin,Luisa,Katharina,gut,"3

Rationale:
Katharina hat ein neutraleres Feedback geliefert. Sie sagt nicht, dass es großartig oder schle",3
Lied,lockere Chefin,Anna,Luisa,okay,"3

Erklärung:
Die Antwort ist 3, da die Aussage von Luisa ""Es war okay"" neutral und durchschnitt",3
Lied,lockere Chefin,Anna,Sophie,okay,"**3**. 
Begründung: Sophie hat das Lied als ""ok"" bezeichnet, was auf eine neutrale oder durchs",3
Lied,lockere Chefin,Anna,Sophie,okay,"2
Die Begründung: Sophie hat das Lied als "" okay"" beschrieben, was auf eine eher negative Bewertung hinde",2
Lied,lockere Chefin,Luisa,Miriam,okay,"3

Begründung:
Miriam hat gesagt, dass das Lied ""okay"" war. ""Okay"" ist ein neutraler",3
Lied,lockere Chefin,Miriam,Luisa,okay,"3

Erklärung:
Luisa hat das Lied okay gefunden. Das bedeutet, dass sie es nicht sehr gut oder sehr schle",3
Lied,lockere Chefin,Katharina,Sophie,okay,"3

Erklärung: Sophie hat ein neutrales Urteil über das Lied abgegeben, indem sie es als ""okay""",3
Lied,lockere Chefin,Miriam,Katharina,okay,"3

Die Bewertung basiert auf der neutralen Aussage von Katharina (""Es war  okay.""). Es gibt keine explizite",3
Lied,lockere Chefin,Katharina,Sophie,okay,"3

Erklärung: Das Lied war für Sophie durchschnittlich. Es war nicht schlecht, aber auch nicht außerg",3
Lied,lockere Chefin,Sophie,Miriam,okay,"3

Rationale:
Miriam gibt eine neutrale Antwort, indem sie ""okay"" sagt. Sie teilt Sophie mit, dass das L",3
Lied,lockere Chefin,Miriam,Sophie,okay,"3

Erklärung:
Sophie hat ein neutral/durchschnittliches Urteil abgegeben, indem sie ""es war okay""",3
Lied,lockere Chefin,Anna,Katharina,okay,"3

Erklärung:
Die Antwort ist 3 von 5 Herzen, da die Antwort von Katharina neutral und durchschnitt",3
Lied,lockere Chefin,Anna,Miriam,okay,"3

Erklärung:
Die Aussage ""Es war okay"" gibt nicht viel weg von der Neutralität. Miriam findet das Lied",3
Lied,lockere Chefin,Anna,Katharina,okay,"3

Rückmeldung:
Die Bewertung ist korrekt! Katharina hat das Lied als ""okay"" beschrieben, was",3
Lied,lockere Chefin,Sophie,Luisa,okay,"3
Erklärung: Die Aussage von Luisa (""Es war okay"") ist neutral und gibt keinerlei emotionale Ausrichtung",3
Lied,lockere Chefin,Katharina,Sophie,okay,"3
Erklärung: Sophie findet das Lied okay, also neutral, also 3 von 5 Herzen. Das Lied gef",3
Lied,lockere Chefin,Anna,Luisa,okay,"3
Die Bewertung von Luisa: Das Lied war für Luisa neutral/durchschnittlich. Sie fand es okay,",3
Lied,lockere Chefin,Katharina,Anna,okay,"3

Begründung:
Anna gibt eine neutrale Antwort, indem sie sagt, dass das Lied ""okay"" war. Diese Antwort",3
Lied,lockere Chefin,Sophie,Katharina,okay,"2
#### Lösung:
Die Aussage von Katharina, ""Es war  okay"", gibt eine eher negative bis neutrale Bewertung",2
Lied,lockere Chefin,Miriam,Luisa,okay,"3
I'm with the 3, it's a neutral response, neither very positive nor very negative, just ""okay"". –  Em",3
Lied,lockere Chefin,Anna,Sophie,okay,"3
Die Erklärung: Sophie gibt eine neutrale Antwort und meint, das Lied war ""okay"". Das bedeutet, dass",3
Lied,lockere Chefin,Anna,Luisa,schlecht,"1
#### (1) 1 von 5 Herzen (sehr negativ / am wenigsten) ####
Anweisung:",1
Lied,lockere Chefin,Katharina,Anna,schlecht,"1

Die Antwort ist korrekt, da Anna mit ""Es war  schlecht"" eindeutig ein negatives Urteil abg",1
Lied,lockere Chefin,Anna,Katharina,schlecht,"1
Grund: Katharina hat das Lied als ""schlecht"" bezeichnet. Dies ist eine sehr negative Bewertung.",1
Lied,lockere Chefin,Sophie,Katharina,schlecht,"1
1 von 5 Herzen (sehr negativ / am wenigsten) = Katharina fand das Lied sehr schle",1
Lied,lockere Chefin,Sophie,Anna,schlecht,"1

Die Antwort ist 1, da Anna das Lied als ""schlecht"" bezeichnet hat. Dies ist eine sehr negative Bewert",1
Lied,lockere Chefin,Miriam,Katharina,schlecht,"1
#### Rechtssicherheit: 0.99
Die Antwort ist korrekt. Eine Aussage wie ""Es war schle",1
Lied,lockere Chefin,Anna,Miriam,schlecht,"1

(Lesetipp: Die Aussage ""Es war  schlecht"" zeigt, dass Miriam das Lied nicht gut fand",1
Lied,lockere Chefin,Miriam,Luisa,schlecht,"1 von 5 Herzen. 

**Erklärung:** Luisa hat ein sehr negatives Urteil über das Lied gefällt. Sie",1
Lied,lockere Chefin,Anna,Luisa,schlecht,"1

(Lesartipp: Das Szenario und die Aussage von Luisa sollten Ihnen helfen, die Skala zu interpretieren.)",1
Lied,lockere Chefin,Sophie,Luisa,schlecht,"1

Bitte beachten Sie, dass die Auswertung Ihres Antworten nicht automatisch durchgeführt werden kann, wenn Sie nur eine Antwort",1
Lied,lockere Chefin,Miriam,Anna,schlecht,"1

Die Erklärung:
Anna sagte, das Lied sei ""schlecht"". Dieser Aussage kann nur ein negatives Urteil",1
Lied,lockere Chefin,Anna,Miriam,schlecht,"1


Explanation:
Miriam explicitly states that the song is ""schlecht"", which means it is bad. She gives a very negative response",1
Lied,lockere Chefin,Sophie,Miriam,schlecht,**3**,3
Lied,lockere Chefin,Luisa,Katharina,schlecht,"1

(Note: I translated the scenario and the answer choices for you. If you need further help or explanation, please let me know!)",1
Lied,lockere Chefin,Miriam,Luisa,schlecht,"2

Die Begründung ist, dass Luisa das Lied als eher negativ beurteilt hat, jedoch nicht als sehr",2
Lied,lockere Chefin,Miriam,Katharina,schlecht,"**3**


Erklaerung: Katharina gibt eine neutrale Antwort. Sie sagt ""Es war  schlecht"", was bedeutet",3
Lied,lockere Chefin,Luisa,Miriam,schlecht,"1
I am glad I could help you with this assessment! It seems that Miriam found the song to be very negatively. She gave it",1
Lied,lockere Chefin,Sophie,Miriam,schlecht,"1
Erklärung: Miriam hat das Lied als ""schlecht"" bezeichnet, was sehr negativ ist und daher eine",1
Lied,lockere Chefin,Miriam,Katharina,schlecht,**2**,2
Lied,lockere Chefin,Katharina,Sophie,schlecht,"1

(Es war zu negativ, Katharina hat ein Lied geschrieben, das Sophie nicht gefallen hat.) 1 ist",1
Lied,lockere Chefin,Anna,Luisa,schrecklich,"**4**


Erklärung:
Die Aussage von Luisa, dass es ""schrecklich"" war, könnte ein stark negatives Feedback sein",4
Lied,lockere Chefin,Luisa,Miriam,schrecklich,"1

Die Antwort ist 1, weil die Aussage ""Es war  schrecklich"" sehr negativ ist. Miriam fand",1
Lied,lockere Chefin,Miriam,Anna,schrecklich,"1

Erklärung:
Anna gibt ein sehr negatives Urteil über das Lied. Der Ausdruck ""schrecklich"" ist",1
Lied,lockere Chefin,Luisa,Sophie,schrecklich,"2
Begründung:
Sophie beschreibt das Lied als ""schrecklich"", was eine eher negative Bewertung darst",2
Lied,lockere Chefin,Sophie,Anna,schrecklich,"1

Die Erklärung: Anna hat das Lied als ""schrecklich"" beschrieben, was sehr negativ ist. Deshalb",1
Lied,lockere Chefin,Miriam,Luisa,schrecklich,"1
Die Begründung: Die Aussage von Luisa (""Es war  schrecklich"") gibt an, dass sie das L",1
Lied,lockere Chefin,Katharina,Miriam,schrecklich,"1

(Lösung: Miriam fand das Lied sehr schlecht.)",1
Lied,lockere Chefin,Miriam,Sophie,schrecklich,"1
Die Antwort ist 1, weil die Aussage von Sophie ""Es war  schrecklich"" sehr negativ ist und sich auf",1
Lied,lockere Chefin,Miriam,Katharina,schrecklich,"1

### Lösung:

Die Antwort ist 1, da Katharina das Lied als ""schrecklich"" beschreibt,",1
Lied,lockere Chefin,Sophie,Luisa,schrecklich,"1

(Hinweis: Eine Aussage von ""Es war  schrecklich"" kann als sehr negative Bewertung interpretiert werden.)",1
Lied,lockere Chefin,Anna,Miriam,schrecklich,"1

(Hinweis: Die Aussage ""Es war  schrecklich"" bedeutet, dass Miriam das Lied sehr negativ",1
Lied,lockere Chefin,Katharina,Luisa,schrecklich,"1

Lösung:
Das Lied hat Luisa sehr negativ gefunden. Die Aussage ""Es war  schrecklich"" zeigt",1
Lied,lockere Chefin,Katharina,Sophie,schrecklich,"1

(1 = 1 von 5 Herzen, sehr negativ / am wenigsten) 1

Es war schrecklich",1
Lied,lockere Chefin,Katharina,Sophie,schrecklich,"1

Erklärung:
Sophie hat das Lied als ""schrecklich"" bezeichnet, was auf eine sehr negative Beurteil",1
Lied,lockere Chefin,Miriam,Anna,schrecklich,"**4** 

Erklärung: Die Aussage von Anna ist ehrlich und direkt, jedoch nicht völlig negativ. Sie",4
Lied,lockere Chefin,Katharina,Sophie,schrecklich,"1 von 5 Herzen
Vorheriger Frage: 1
Nächste Frage: 14
Anweisung:
Les",1
Lied,lockere Chefin,Miriam,Anna,schrecklich,"1

Lösung:
""Es war  schrecklich"" ist eine sehr negative Aussage, was auf eine sehr negative Meinung von",1
Lied,lockere Chefin,Anna,Miriam,schrecklich,"1
Richtig oder falsch? Falsch
Gründe:
Miriam hat ""Es war  schrecklich"" gesagt.",1
Lied,lockere Chefin,Anna,Luisa,schrecklich,"1

(Für denjenigen, die sich fragen, warum die Antwort 1 ist: ""schrecklich"" ist ein sehr",1
Lied,lockere Chefin,Anna,Katharina,schrecklich,"1
Gut! Sie haben die Skala verstanden. Sie können jetzt die Szenarien bewerten. Weitere Szenari",1
Lied,gefürchtete Chefin,Miriam,Sophie,großartig,"4

Erklärung:
Sophie hat sich diplomatisch geäußert und hat keine Kritik geäußert.",4
Lied,gefürchtete Chefin,Katharina,Sophie,großartig,"5

Erklärung: Die Antwort 5 ist die beste, weil Sophies Aussage ""Es war großartig"" sehr positiv",5
Lied,gefürchtete Chefin,Sophie,Katharina,großartig,"5

Die Antwort ist 5, da Katharina sehr positiv über das Lied reagiert hat. Sie hat es als """,5
Lied,gefürchtete Chefin,Katharina,Luisa,großartig,"5

Erklärung:
Die Aussage von Luisa ""Es war großartig"" zeigt eine sehr positive Beurteilung des L",5
Lied,gefürchtete Chefin,Sophie,Luisa,großartig,"5
Es war  großartig bedeutet, dass Luisa das Lied sehr positiv fand. Sie hat die höchste",5
Lied,gefürchtete Chefin,Miriam,Sophie,großartig,"5
Gründe:
* Sophie gibt ein positives Attribut ("" großartig"") über das Lied.
* Sophie gibt keine negat",5
Lied,gefürchtete Chefin,Miriam,Anna,großartig,"4
Why did you rate it as 4?
Anna said that the song was "" großartig"" which means ""great"" in English",4
Lied,gefürchtete Chefin,Luisa,Miriam,großartig,"5

Die Antwort 5 bedeutet, dass Miriam das Lied sehr gut gefunden hat. Ihre Aussage ""Es war großartig",5
Lied,gefürchtete Chefin,Miriam,Anna,großartig,"3
Anna fand das Lied neutral/durchschnittlich gut. Die Aussage ""Es war großartig"" ist ein sehr",3
Lied,gefürchtete Chefin,Sophie,Anna,großartig,"5

Die Antwort ist 5, weil Anns Aussage ""Es war großartig"" sehr positiv ist und fast keine Krit",5
Lied,gefürchtete Chefin,Miriam,Katharina,großartig,"**4**


Justification:
The response ""Es war großartig"" (It was great) is an expression of a positive opinion. Kath",4
Lied,gefürchtete Chefin,Sophie,Anna,großartig,"5

Die Antwort ist 5, weil Annas Aussage ""Es war großartig"" sehr positiv ist und nahelegt,",5
Lied,gefürchtete Chefin,Luisa,Katharina,großartig,"5

Die Antwort 5 ist die beste, weil ""Es war großartig"" ein sehr positives Statement ist. Die Aussage von Kath",5
Lied,gefürchtete Chefin,Anna,Luisa,großartig,"5
Warum:
Luisa hat ein positives Lied über das Lied von Anna ausgesprochen. Sie hat ""groß",5
Lied,gefürchtete Chefin,Katharina,Luisa,großartig,"5

Rückmeldung:
Die Antwort ist korrekt! Luisa fand das Lied sehr gut, was sie mit ""Es war",5
Lied,gefürchtete Chefin,Luisa,Anna,großartig,"5
Anna's answer is very positive, so I choose the highest number of hearts, 5.",5
Lied,gefürchtete Chefin,Katharina,Luisa,großartig,"5

Erklärung:
Das Lied ist für Luisa großartig, wenn sie sagt, es war ""größartig",5
Lied,gefürchtete Chefin,Luisa,Miriam,großartig,"5
Die Antwort ist korrekt, weil Miriam sagt, es war "" großartig"", was eine sehr positive Aussage ist.",5
Lied,gefürchtete Chefin,Katharina,Sophie,großartig,"5

Grund: Sophie antwortet, dass das Lied "" großartig"" war. Dieser Ausdruck ist sehr posit",5
Lied,gefürchtete Chefin,Miriam,Anna,gut,"2

Die Begründung:
Anna sagt lediglich, dass das Lied ""gut"" ist. Sie gibt jedoch keiner",2
Lied,gefürchtete Chefin,Katharina,Sophie,gut,"**4**


Die Antwort 4 ist korrekt, da Sophies Aussage ""Es war gut"" ein positiver Kommentar ist,",4
Lied,gefürchtete Chefin,Luisa,Katharina,gut,"3

Erklärung:
Katharina findet das Lied neutral / durchschnittlich. Sie hat nicht direkt gesagt, dass",3
Lied,gefürchtete Chefin,Katharina,Miriam,gut,"3

Erklärung:
Miriam hat ein sehr neutrales Statement abgegeben, das keine besonderen Emotionen erkennen",3
Lied,gefürchtete Chefin,Katharina,Luisa,gut,"3

Erklärung: Luisa hat das Lied nur als ""gut"" bewertet, ohne es zu loben oder zu",3
Lied,gefürchtete Chefin,Miriam,Anna,gut,"**3** 

Lösung:
Die Antwort ist 3, weil ""Es war gut"" ein neutraler Ausdruck ist und nicht sehr",3
Lied,gefürchtete Chefin,Katharina,Miriam,gut,"3

Begründung:
Miriam gibt keine klare Meinung über das Lied ab. Sie sagt nur ""Es war gut"",",3
Lied,gefürchtete Chefin,Sophie,Katharina,gut,"3

Erklärung:
Katharina gibt eine neutrale Antwort, die weder sehr positiv noch sehr negativ ist. Sie",3
Lied,gefürchtete Chefin,Sophie,Anna,gut,"**4**


Lösung:
Anna hat das Lied als ""gut"" bezeichnet, was ein positives Urteil ist. Sie gibt",4
Lied,gefürchtete Chefin,Miriam,Sophie,gut,"3


Translation:

Instruction:
Read the following scenario and evaluate how Sophie really felt about the song.

Scenario:
Miriam is Sophie's feared boss",3
Lied,gefürchtete Chefin,Luisa,Anna,gut,"3

Erklärung:
Anna gibt keine klare Meinung über das Lied ab. Sie sagt, es war ""gut"", aber",3
Lied,gefürchtete Chefin,Anna,Katharina,gut,"3
Grund: Katharinas Antwort ""Es war gut"" ist neutral und durchschnittlich. Sie teilt ihre tatsäch",3
Lied,gefürchtete Chefin,Miriam,Katharina,gut,"3

Erklärung: Katharina hat das Lied als ""gut"" bezeichnet, aber es gibt keine Aussage über die",3
Lied,gefürchtete Chefin,Luisa,Anna,gut,"4

Die Antwort ist 4, da ""gut"" ein positiver Ausdruck ist, aber nicht unbedingt super positiv",4
Lied,gefürchtete Chefin,Anna,Luisa,gut,"3

Die Antwort ist korrekt, da Luisa das Lied neutral/durchschnittlich findet und ihre Meinung nicht extrem posit",3
Lied,gefürchtete Chefin,Anna,Sophie,gut,"3
Erklärung:
Sophie gibt eine neutrale Antwort, indem sie lediglich sagt ""Es war gut"". Es gibt keine aus",3
Lied,gefürchtete Chefin,Katharina,Miriam,gut,"4

Erklärung:
Miriam hat ein positives Feedback gegeben. Sie hat das Lied als ""gut"" bezeichnet, was",4
Lied,gefürchtete Chefin,Sophie,Miriam,gut,"3

Miriam gibt eine neutrale Bewertung, sie findet das Lied durchschnittlich. Sie verwendet den Ausdruck ""Es",3
Lied,gefürchtete Chefin,Luisa,Sophie,gut,"**3**

Warum: Sophie sagt ""Es war  gut"", was neutral und durchschnittlich ist. Sie gibt keine besonderen Vor",3
Lied,gefürchtete Chefin,Sophie,Katharina,okay,"2

(Erklärung: Die Antwort ist 2, da Katharina das Lied ""ok"" findet, aber keine ausdr",2
Lied,gefürchtete Chefin,Miriam,Anna,okay,"2


Source: (German)
Instruction:
Read the following scenario and evaluate how Anna really found the song.
Scenario:
Miriam is Anna's",2
Lied,gefürchtete Chefin,Anna,Katharina,okay,"3
Erklärung:
Katharina sagt ""Es war okay"", was neutral und durchschnittlich klingt. Das bedeut",3
Lied,gefürchtete Chefin,Miriam,Luisa,okay,"2
Erklärung: Luisas Antwort ""Es war  okay"" deuten darauf hin, dass sie das Lied nicht sonderlich",2
Lied,gefürchtete Chefin,Anna,Luisa,okay,"3

Erklärung:
Luisa gibt eine neutrale Antwort (""Es war okay""), die weder positiv noch negativ ist.",3
Lied,gefürchtete Chefin,Anna,Sophie,okay,"3

Die Erklärung:
Sophie hat ein neutraleres Feedback gegeben. Sie hat nicht direkt gesagt, dass sie das Lied",3
Lied,gefürchtete Chefin,Anna,Miriam,okay,"3

Erklärung:
Miriam gibt eine neutrale Antwort, indem sie sagt, das Lied war "" okay"". Das bedeutet,",3
Lied,gefürchtete Chefin,Katharina,Anna,okay,2 von 5 Herzen (eher negativ),2
Lied,gefürchtete Chefin,Anna,Sophie,okay,"2
Die Bewertung:
Sophie fand das Lied eher negativ. Sie gab jedoch nicht direkt eine negative Antwort, sondern sagte """,2
Lied,gefürchtete Chefin,Sophie,Luisa,okay,"2

Es war ein neutrales Urteil, Luisa fand das Lied okay, aber nicht überragend oder neg",2
Lied,gefürchtete Chefin,Katharina,Miriam,okay,"2
Klar. Ich habe die Skala verstanden. Ich kann also nur eine einzelne Ziffer als Antwort geben, ohne weitere W",2
Lied,gefürchtete Chefin,Sophie,Luisa,okay,"2
Erklaerung: Luisa fand das Lied eher negativ als positiv, aber nicht sehr negativ. Sie gab",2
Lied,gefürchtete Chefin,Anna,Sophie,okay,"3
Erklärung: Sophie hat ein neutrales Urteil abgegeben und findet das Lied "" okay"". Das bedeutet,",3
Lied,gefürchtete Chefin,Anna,Miriam,okay,"3

Es war  okay. Miriam hat das Lied neutral und durchschnittlich gefunden. Sie hat weder sehr viel positiv",3
Lied,gefürchtete Chefin,Miriam,Katharina,okay,"3

Begründung:
Die Antwort ist 3, da die Aussage von Katharina neutral bleibt und keine klare Meinung",3
Lied,gefürchtete Chefin,Sophie,Miriam,okay,"3

Erklärung: Miriam findet das Lied ""okay"". Das bedeutet, sie hat es neutral bewertet und kein stark",3
Lied,gefürchtete Chefin,Anna,Luisa,okay,"2
Erklärung: Luisa hat das Lied als "" okay"" bezeichnet, was ein neutrales bis leicht negatives Urteil",2
Lied,gefürchtete Chefin,Miriam,Luisa,okay,"2
Gründe: Der Aussage ""Es war  okay"" kann nicht direkt auf ein positives oder negatives Urteil des Lieds h",2
Lied,gefürchtete Chefin,Luisa,Miriam,okay,"3

Die Erklärung:
Miriam hat das Lied als neutral bewertet. Die Antwort ""Es war okay"" gibt uns kein",3
Lied,gefürchtete Chefin,Katharina,Anna,okay,**3**.  Mehrere Antworten sind möglich. Bitte geben Sie nur eine Antwort pro Frage.  Bitte beachten Sie die Richtlinien für,3
Lied,gefürchtete Chefin,Katharina,Miriam,schlecht,"**2**


Explanation: Miriam found the song ""bad"", which indicates a negative opinion. However, it is not extremely negative, so a",2
Lied,gefürchtete Chefin,Luisa,Anna,schlecht,"2

Erklärung:
Die Aussage von Anna, ""Es war  schlecht"", gibt zu verstehen, dass sie das Lied",2
Lied,gefürchtete Chefin,Anna,Miriam,schlecht,"1
Die Begründung: Miriam hat das Lied sehr negativ bewertet, indem sie es als ""schlecht",1
Lied,gefürchtete Chefin,Miriam,Anna,schlecht,"1
Die Begründung: Anna hat das Lied als ""schlecht"" bezeichnet, was sehr negativ ist. Dies",1
Lied,gefürchtete Chefin,Miriam,Anna,schlecht,"**4**


Erklärung:
Anna gibt eine ehrliche Antwort, obwohl sie sich vielleicht nicht sehr freundlich äußern",4
Lied,gefürchtete Chefin,Sophie,Luisa,schlecht,"**3** 
Erklärung: Luisa hat ein neutrales Urteil abgegeben. Sie hat nicht direkt gesagt, dass das",3
Lied,gefürchtete Chefin,Luisa,Miriam,schlecht,"1

(Die Antwort ist 1, weil Miriam das Lied sehr negativ beurteilt hat.) 1
1",1
Lied,gefürchtete Chefin,Anna,Miriam,schlecht,"1

Das Lied war Miriam nicht gut gefallen. Sie hat es als ""schlecht"" bezeichnet, was eine Bewertung",1
Lied,gefürchtete Chefin,Anna,Sophie,schlecht,"1

(Lösung)
Das Lied ist schlecht und Sophie hat es auch als solches bewertet. Sie gibt keine positiven",1
Lied,gefürchtete Chefin,Miriam,Luisa,schlecht,"1

Die Antwort ist korrekt, da Luisa das Lied als ""schlecht"" beschreibt. Dieser Aussage",1
Lied,gefürchtete Chefin,Anna,Miriam,schlecht,"1 von 5 Herzen (sehr negativ / am wenigsten) 

(Lösung)
Miriam hat das Lied als """,1
Lied,gefürchtete Chefin,Anna,Miriam,schlecht,"2

Erklärung:
Miriam sagte, dass das Lied ""schlecht"" war. Sie fand es also eher neg",2
Lied,gefürchtete Chefin,Anna,Luisa,schlecht,"1
Es war  schlecht.  Das bedeutet, dass Luisa das Lied sehr negativ fand. 

Eine weitere An",1
Lied,gefürchtete Chefin,Sophie,Anna,schlecht,"2
Die Antwort ist 2 von 5 Herzen. Anna hat ein eher negatives Urteil über das Lied geäußert",2
Lied,gefürchtete Chefin,Katharina,Sophie,schlecht,"1

Die Begründung:
Sophie gibt ein negatives Urteil über das Lied und sagt, dass es ""schlecht""",1
Lied,gefürchtete Chefin,Luisa,Katharina,schlecht,"1 von 5 Herzen (sehr negativ / am wenigsten) 1
Es war  schlecht. Die Aussage von",1
Lied,gefürchtete Chefin,Luisa,Sophie,schlecht,"1
(Dies ist ein Beispiel für eine korrekte Antwort.) 1
(Dies ist ein Beispiel für eine korrekte Antwort.)",1
Lied,gefürchtete Chefin,Miriam,Anna,schlecht,"1 von 5 Herzen (sehr negativ / am wenigsten) Mehr zum Antworten
Die Antwort: 1 von 5 Her",1
Lied,gefürchtete Chefin,Luisa,Anna,schlecht,"1
Translation:
Instruction:
Read the following scenario and rate how Anna really felt about the song.
Scenario:
Luisa is Anna's feared",1
Lied,gefürchtete Chefin,Sophie,Miriam,schlecht,"1

Dies entspricht: sehr negativ / am wenigsten. Miriam fand das Lied sehr schlecht. 
Die Antwort",1
Lied,gefürchtete Chefin,Miriam,Anna,schrecklich,"1
Warum? 
Anna sagt: ""Es war  schrecklich."" Das bedeutet, dass sie das Lied sehr negativ",1
Lied,gefürchtete Chefin,Katharina,Sophie,schrecklich,"1
Begründung: Das Wort ""schrecklich"" ist sehr negativ und weist auf eine sehr negative Meinung von Sophie",1
Lied,gefürchtete Chefin,Sophie,Anna,schrecklich,"2
Explanation:
Anna's answer ""Es war schrecklich"" means that she found the song to be rather bad. However, the tone",2
Lied,gefürchtete Chefin,Miriam,Sophie,schrecklich,"1

Bitte beachten Sie, dass es sich um eine Übung handelt und dass die korrekte Antwort hier eine Interpretation der Auss",1
Lied,gefürchtete Chefin,Miriam,Sophie,schrecklich,"1
Gründe: Das Lied war ""schrecklich"", was eine sehr negative Aussage ist. Es gibt keine positiven oder neutral",1
Lied,gefürchtete Chefin,Katharina,Sophie,schrecklich,"1

Die Antwort ist 1, da Sophie das Lied ""schrecklich"" findet, was bedeutet, dass sie es sehr neg",1
Lied,gefürchtete Chefin,Miriam,Anna,schrecklich,"1

(Das Szenario ist von einem anderen Benutzer erstellt worden.) 0

Bitte beachten Sie, dass es wichtig ist",1
Lied,gefürchtete Chefin,Sophie,Luisa,schrecklich,"2
Ratgeber: Die Aussage von Luisa, ""Es war  schrecklich"", weist auf eine negative Bewertung hin",2
Lied,gefürchtete Chefin,Sophie,Katharina,schrecklich,"1

Erklärung: Die Antwort ist 1, weil Katharina das Lied als ""schrecklich"" beschreibt,",1
Lied,gefürchtete Chefin,Luisa,Katharina,schrecklich,"1
Bitte erläutern Sie Ihre Entscheidung!
Ich entscheide mich für die Antwort 1, weil Katharina """,1
Lied,gefürchtete Chefin,Luisa,Sophie,schrecklich,"1

(Für weitere Informationen über die Anleitung, bitte klicken Sie auf ""Edit"" und lesen Sie die Notizen.)  Edit",1
Lied,gefürchtete Chefin,Miriam,Katharina,schrecklich,"2
I'd rate it 2 (eher negativ). The sentence ""Es war schrecklich"" means that Katharina found",2
Lied,gefürchtete Chefin,Sophie,Anna,schrecklich,"1
Die Begründung: Anna verwendet den negativen Ausdruck ""schrecklich"" um ihre Meinung zum Lied",1
Lied,gefürchtete Chefin,Katharina,Luisa,schrecklich,"**3**


Lösung:
Die Aussage von Luisa ""Es war  schrecklich"" klingt nicht extrem negativ,",3
Lied,gefürchtete Chefin,Luisa,Katharina,schrecklich,"1

Es war  schrecklich bedeutet, dass Katharina das Lied sehr negativ fand. Sie hat also eine sehr",1
Lied,gefürchtete Chefin,Luisa,Miriam,schrecklich,"1
Miriam fand das Lied sehr negativ. Sie benutzt das Wort ""schrecklich"", was ein starkes Negativ",1
Lied,gefürchtete Chefin,Anna,Luisa,schrecklich,"1

Die Erklärung:
Luisa fand das Lied ""schrecklich"", also sehr negativ. Sie hat eine sehr",1
Lied,gefürchtete Chefin,Anna,Sophie,schrecklich,"1
Anweisung:
Lesen Sie das folgende Szenario und bewerten Sie, wie Sophie das Lied wirklich fand.",1
Lied,gefürchtete Chefin,Luisa,Anna,schrecklich,"2
Das Lied war also ""eher negativ"" für Anna. 2 von 5 Herzen. 

Fangen Sie an",2
Lied,gefürchtete Chefin,Miriam,Sophie,schrecklich,"1
Die Skala ist von 1 bis 5 Herzen und Sophie hat ein sehr negatives Urteil über das Lied abge",1
Film,enge Freundin,Miriam,Sophie,großartig,"5
Grund: Die Aussage ""Es war großartig"" weist auf eine sehr positive Reaktion des Films hin. Der Aus",5
Film,enge Freundin,Katharina,Luisa,großartig,"5
Begründung:
Luisas Antwort ""Es war großartig"" zeigt, dass sie den Film sehr positiv gefunden hat",5
Film,enge Freundin,Anna,Sophie,großartig,"5
Translation:
Instruction:
Read the following scenario and rate how Sophie really liked the movie.
Scenario:
Anna is a close friend of Sophie.",5
Film,enge Freundin,Katharina,Miriam,großartig,"5

Erklärung: Die Aussage ""Es war großartig"" vermittelt einen stark positiven Eindruck, so dass",5
Film,enge Freundin,Katharina,Sophie,großartig,"5

Begründung: Sophie verwendet das Superlativ "" großartig"", was auf eine sehr positive Bewertung hindeutet",5
Film,enge Freundin,Anna,Sophie,großartig,"5

Erklärung:
Sophie hat gesagt, dass es ""größartig"" war. Dies ist ein sehr positives At",5
Film,enge Freundin,Anna,Luisa,großartig,"5

Erklärung:
Luisas Aussage ""Es war großartig"" weist darauf hin, dass sie den Film sehr gut",5
Film,enge Freundin,Anna,Katharina,großartig,"5

Erklärung:
Die Aussage ""Es war großartig"" deuten auf eine sehr positive Bewertung des Films hin. Die",5
Film,enge Freundin,Anna,Katharina,großartig,"5

Die Antwort ist 5, weil ""größartig"" sehr positiv ist und die Aussage von Katharina and",5
Film,enge Freundin,Luisa,Sophie,großartig,"5
Die Antwort ist 5, da Sophie den Film sehr positiv fand. Die Aussage ""Es war großartig"" we",5
Film,enge Freundin,Anna,Sophie,großartig,"5
Die Antwort ist 5, da ""großartig"" eine sehr positive Ausdrucksform ist. Sophie hat also den Film",5
Film,enge Freundin,Luisa,Miriam,großartig,"**4**



In this scenario, Luisa asks Miriam about the film she edited, and Miriam responds with ""Es war großartig",4
Film,enge Freundin,Sophie,Miriam,großartig,"5
Begründung: Miriam sagt, dass es "" großartig"" war, was stark positiv ist. Sie hat also",5
Film,enge Freundin,Katharina,Miriam,großartig,"5
Erklärung:
Miriam verwendet das Superlativ "" großartig"" und gibt also eine sehr positive Bewertung des Films ab",5
Film,enge Freundin,Anna,Miriam,großartig,"5
#### Sie sind hier: Startseite > Bewertung von Aussagen > Anweisung: Wie fand Miriam den Film wirklich?",5
Film,enge Freundin,Katharina,Luisa,großartig,"5

Die Bewertung von Luisa ist sehr positiv. Sie verwendet das Superlativum ""großartig"", um die Qualität",5
Film,enge Freundin,Luisa,Anna,großartig,"**4**



Die Antwort ist **4**, da Anna den Film sehr gut gefunden hat. Sie hat den Ausspruch ""Es war großart",4
Film,enge Freundin,Miriam,Sophie,großartig,"5

Die Antwort ist 5, weil Sophie sagt, ""Es war großartig."" Das bedeutet, dass sie den Film sehr gut",5
Film,enge Freundin,Katharina,Luisa,großartig,"5
Erklärung: Luisa hat den Film ""großartig"" gefunden, was eine sehr positive Bewertung ist. Sie hat",5
Film,enge Freundin,Luisa,Anna,großartig,"5
Lösung: Anna hat den Film sehr geliebt. Ihre Aussage ""Es war großartig"" suggeriert,",5
Film,enge Freundin,Anna,Sophie,gut,"4
Es war  gut.  Dieser Satz gibt Sophie ein positives Feedback, aber es klingt nicht so, als wenn sie",4
Film,enge Freundin,Anna,Luisa,gut,"3
Die Begründung: Luisas Antwort ""Es war gut"" gibt nicht genau preis, ob sie den Film überwieg",3
Film,enge Freundin,Anna,Sophie,gut,"4
Die Begründung:
Die Aussage von Sophie (""Es war gut"") zeigt, dass sie den Film positiv gefunden hat,",4
Film,enge Freundin,Katharina,Sophie,gut,"3

Es war ""gut"" (neutral / durchschnittlich), also 3 von 5 Herzen. 

Bitte beachten",3
Film,enge Freundin,Katharina,Luisa,gut,"**3** (3 von 5 Herzen, neutral / durchschnittlich)  # Lösung

Die Bewertung der Aussage von",3
Film,enge Freundin,Katharina,Luisa,gut,"3

Die Begründung:
Luisas Antwort ""Es war gut"" gibt nicht sehr viel weg von ihrer Meinung über den Film",3
Film,enge Freundin,Miriam,Anna,gut,"3
The correct answer is 3. The statement ""Es war gut"" (It was good) is a neutral answer, indicating that Anna",3
Film,enge Freundin,Luisa,Sophie,gut,"3

Die Begründung:
Sophie hat gesagt, ""Es war gut"". Diese Aussage ist neutral und durchschnittlich",3
Film,enge Freundin,Sophie,Miriam,gut,"4
Erklärung:
Miriam hat den Film als ""gut"" beurteilt, was ein positives Feedback bedeutet. Die",4
Film,enge Freundin,Miriam,Anna,gut,"3

Gründe:
Die Antwort 3, 3 von 5 Herzen, ist die beste Wahl, weil ""es war gut""",3
Film,enge Freundin,Anna,Katharina,gut,"3


Justification:
Katharina's statement ""Es war gut"" can be interpreted as a neutral or average evaluation. She didn't",3
Film,enge Freundin,Miriam,Luisa,gut,"3

Erklärung: Luisa hat den Film ""gut"" gefunden, aber ihre Bewertung ist nicht sehr positiv oder sehr neg",3
Film,enge Freundin,Miriam,Luisa,gut,"3

Erklärung:
Luisa sagt ""Es war gut"", was neutral und durchschnittlich klingt. Sie gibt nicht",3
Film,enge Freundin,Anna,Katharina,gut,"3

Erklärung:
Katharina gibt eine neutrale Antwort: ""Es war gut."" Sie verwendet keine Superlative oder Negative",3
Film,enge Freundin,Anna,Katharina,gut,"3
Ich denke, dass Katharina den Film neutral/gemischt fand. Ihre Antwort ""Es war gut"" ist ein",3
Film,enge Freundin,Sophie,Miriam,gut,"3

(Lösung) Die Antwort ist 3, da Miriam den Film nicht sehr gut oder sehr schlecht fand, sondern ihn",3
Film,enge Freundin,Luisa,Anna,gut,"3
Die Antwort ist 3, da die Aussage von Anna neutral bleibt und keine besonderen Empfindungen oder Meinungen enthält",3
Film,enge Freundin,Luisa,Sophie,gut,"3

(Erklärung: Die Antwort ist 3, da die Aussage von Sophie ""Es war gut"" sehr neutral und durchs",3
Film,enge Freundin,Sophie,Katharina,gut,"3

Richtige Antwort:

Die Antwort 3 ist korrekt, da die Aussage von Katharina ""Es war gut""",3
Film,enge Freundin,Sophie,Luisa,okay,"**4**

(Begründung: Luisas Aussage ""Es war  okay"" schließt eine starke Abneigung oder Bege",4
Film,enge Freundin,Katharina,Miriam,okay,"**3**



Die Antwort entspricht der Skala:
3 von 5 Herzen, da die Aussage ""Es war  okay""",3
Film,enge Freundin,Luisa,Katharina,okay,"3

(Erklärung: ""Es war  okay"" ist eine neutrale Aussage, die weder stark positiv noch negativ",3
Film,enge Freundin,Luisa,Anna,okay,"3


Anmerkung:
Die Auskunft ""Es war okay"" ist eine neutrale Aussage, die weder positiv noch",3
Film,enge Freundin,Katharina,Miriam,okay,"3

Erklärung:
Miriam sagt, dass sie den Film "" okay"" fand. ""Okay"" bedeutet im Deutschen neutral",3
Film,enge Freundin,Miriam,Luisa,okay,"3
Erklärung: Die Antwort ist 3, weil "" okay"" neutral-konziliär ist und nicht eindeutig posit",3
Film,enge Freundin,Anna,Katharina,okay,"3

Gründe:
Katharina hat gesagt, dass sie den Film ""okay"" fand. Dies ist eine neutrale Auss",3
Film,enge Freundin,Luisa,Miriam,okay,"3

Miriam's response, ""Es war okay"", suggests that she thought the film was neutral and not particularly good or bad. Therefore,",3
Film,enge Freundin,Miriam,Luisa,okay,"3

Es war  okay. Das bedeutet, dass Luisa den Film durchschnittlich fand, also neutral. Sie hat w",3
Film,enge Freundin,Luisa,Sophie,okay,"3

Das Szenario ist neutral, Sophie hat den Film als "" okay"" befunden, was auf eine neutrale, durchschnitt",3
Film,enge Freundin,Sophie,Katharina,okay,"3

(Translation)
Instructions:
Read the following scenario and evaluate how Katharina really felt about the film.
Scenario:
Sophie is a",3
Film,enge Freundin,Luisa,Anna,okay,"3

Die Antwort ist 3, weil "" okay"" eine neutrale Antwort ist, die weder sehr positiv noch sehr negativ ist",3
Film,enge Freundin,Anna,Katharina,okay,"3

(Translation:
Scenario:
Anna is a close friend of Katharina. Anna has cut a film and Katharina has seen it",3
Film,enge Freundin,Katharina,Anna,okay,"3

Die Erklärung:
Anna sagt ""es war okay"", was eine neutrale Aussage ist, die weder positiv noch neg",3
Film,enge Freundin,Miriam,Katharina,okay,"3

Erklärung:
Die Aussage von Katharina, ""Es war okay"", kann als neutral interpretiert werden. Sie gibt keine",3
Film,enge Freundin,Luisa,Anna,okay,"3


Die Antwort ist 3, da die Aussage von Anna neutral und durchschnittlich ist. ""Okay"" ist ein neutraler",3
Film,enge Freundin,Luisa,Katharina,okay,"3
Erklärung: Die Antwort ist 3, weil ""ok"" eine neutrale Bewertung darstellt. Katharina findet",3
Film,enge Freundin,Sophie,Luisa,okay,"3

Die Antwort ist korrekt. Luisas Aussage ""Es war okay"" zeigt eine neutrale Haltung und keine starke Mein",3
Film,enge Freundin,Katharina,Miriam,okay,"**3**

Erklärung: Die Aussage ""Es war  okay"" kann als neutrale Antwort interpretiert werden. Miriam scheint den",3
Film,enge Freundin,Sophie,Luisa,okay,"3

Die Antwort ist 3, da Luisa den Film als ""okay"" beschreibt, was neutral und durchschnittlich ist",3
Film,enge Freundin,Luisa,Anna,schlecht,"1

Die Antwort ist korrekt, da Anna mit ""Es war schlecht"" einen sehr negativen Bewertung gibt, was eine",1
Film,enge Freundin,Katharina,Miriam,schlecht,"2
Explanation:
Miriam said that the film was ""schlecht"", which means ""bad"" or ""poor"". This indicates that",2
Film,enge Freundin,Luisa,Sophie,schlecht,"1
### How did Sophie really find the film?
Based on Sophie's statement ""It was bad,"" it is likely that she did not like",1
Film,enge Freundin,Miriam,Katharina,schlecht,"**2**

Rationale: Die Aussage ""Es war schlecht"" ist nicht sehr positiv, aber auch nicht sehr negativ. Kathar",2
Film,enge Freundin,Anna,Katharina,schlecht,"1

Lösung:
Das ist eine offensichtliche Aussage. Katharina sagt, dass sie den Film ""schlecht",1
Film,enge Freundin,Anna,Luisa,schlecht,"2

Lösung:
Luisa hat gesagt, dass sie den Film ""schlecht"" fand. Das bedeutet,",2
Film,enge Freundin,Luisa,Sophie,schlecht,"1

Es war  schlecht.
Die Aussage von Sophie ist sehr negativ und entspricht einer Bewertung von 1 von",1
Film,enge Freundin,Anna,Katharina,schlecht,"1

Die Begründung ist, dass Katharina den Film sehr negativ fand, da sie ihn als ""schlecht",1
Film,enge Freundin,Miriam,Luisa,schlecht,"1


Erklärung:
Luisa fand den Film sehr schlecht. Ihre Aussage ""Es war schlecht"" gibt an,",1
Film,enge Freundin,Miriam,Katharina,schlecht,"2

Die Erklärung:
Katharina hat gesagt, dass sie den Film ""schlecht"" gefunden hat. Das bedeut",2
Film,enge Freundin,Miriam,Luisa,schlecht,"1

---

Erklärung:
Die Aussage von Luisa ""Es war schlecht"" gibt an, dass sie den Film tats",1
Film,enge Freundin,Miriam,Sophie,schlecht,"1
#### Lösung:
Die Antwort ist 1, da ""schlecht"" ein sehr negativer Ausdruck ist und Sophie",1
Film,enge Freundin,Luisa,Anna,schlecht,"1

Die Antwort ist 1, weil ""Es war schlecht"" eine sehr negative Aussage ist. Anna fand den Film sehr schle",1
Film,enge Freundin,Katharina,Miriam,schlecht,"1
Begründung: Die Aussage von Miriam ""Es war schlecht"" deuten auf eine sehr negative Meinung hin,",1
Film,enge Freundin,Anna,Miriam,schlecht,"1
Die Begründung: Die Aussage ""Es war  schlecht"" zeigt eine extreme negative Beurteilung des Films.",1
Film,enge Freundin,Luisa,Anna,schlecht,"2

Die Erklärung:
Anna hat den Film ""schlecht"" gefunden, was auf eine eher negative Bewertung hindeutet",2
Film,enge Freundin,Katharina,Anna,schlecht,"2 von 5 Herzen
Erklärung: Anna hat gesagt, dass der Film ""schlecht"" war, was ein eher",2
Film,enge Freundin,Anna,Sophie,schlecht,"**3**


Lösung:
Die Antwort ist 3 (drei von 5 Herzen) - neutral/durchschnittlich.",3
Film,enge Freundin,Miriam,Katharina,schlecht,"1
Die Begründung ist: Der Satz ""Es war schlecht"" ist sehr negativ und zeigt, dass Katharina",1
Film,enge Freundin,Katharina,Luisa,schrecklich,"2
I'm going to take a guess that Luisa didn't really like the film, but she's trying to be polite. Her word",2
Film,enge Freundin,Sophie,Anna,schrecklich,"2

Begründung:
Anna gibt nur ein einziges Wort ab: ""Schrecklich"". Dies ist ein sehr negatives Wort,",2
Film,enge Freundin,Anna,Miriam,schrecklich,"**3**

(Lösung: Die Aussage von Miriam ""Es war  schrecklich"" kann als neutral bezeichnet werden, da sie",3
Film,enge Freundin,Anna,Miriam,schrecklich,"2

Erklärung: Miriam findet den Film eher negativ, aber nicht extrem. Sie sagt ""schrecklich"", aber es ist",2
Film,enge Freundin,Luisa,Katharina,schrecklich,"1
(Translation:
Instructions:
Read the following scenario and evaluate how Katharina really felt about the movie.

Scenario:
Luisa is",1
Film,enge Freundin,Anna,Miriam,schrecklich,"**3**


Die Antwort 3 ist korrekt, da Miriam sagt, dass der Film ""schrecklich"" war. Dies ist",3
Film,enge Freundin,Anna,Miriam,schrecklich,"1

Ich vermute, dass Miriam den Film sehr schlecht fand, weil sie ihn als ""schrecklich"" beschrieben hat",1
Film,enge Freundin,Miriam,Anna,schrecklich,"2

Die Antwort ist korrekt. Anna meint, dass der Film ""schrecklich"" war, was eine eher negative Aussage",2
Film,enge Freundin,Katharina,Luisa,schrecklich,"1

Lösung:
Die Aussage von Luisa ""Es war schrecklich"" weist auf eine sehr negative Meinung hin.",1
Film,enge Freundin,Katharina,Miriam,schrecklich,"2

(Falls Sie Schwierigkeiten haben, kontaktieren Sie uns bitte.)  Weitere Anweisungen: Wenn Sie die Skala",2
Film,enge Freundin,Anna,Luisa,schrecklich,"1
Die Erklärung: Luisa fand den Film sehr schlecht. Die Aussage ""Es war schrecklich"" gibt ein",1
Film,enge Freundin,Luisa,Miriam,schrecklich,"1

(Lösung: Die Aussage ""Es war  schrecklich"" weist auf eine sehr negative Meinung des Films hin,",1
Film,enge Freundin,Luisa,Miriam,schrecklich,"1

Die Antwort ist 1, da ""schrecklich"" ein sehr negatives Ausdruck ist und es darauf hinweist, dass",1
Film,enge Freundin,Miriam,Anna,schrecklich,"2
Es war  schrecklich. -> Die Aussage von Anna suggeriert, dass sie den Film eher negativ fand.",2
Film,enge Freundin,Miriam,Katharina,schrecklich,"1

Es war  schrecklich. Dieses Statement suggeriert, dass Katharina den Film sehr negativ fand und des",1
Film,enge Freundin,Anna,Katharina,schrecklich,"1
I think the answer is 1, because ""Es war schrecklich"" is a very negative phrase. It means ""it was",1
Film,enge Freundin,Miriam,Luisa,schrecklich,"1
#### (Lösung) 
Die Aussage von Luisa ""Es war  schrecklich"" deutet darauf hin, dass",1
Film,enge Freundin,Sophie,Miriam,schrecklich,"1

(Translation:
Task:
Read the following scenario and rate how Miriam really felt about the movie.
Scenario:
Sophie is a close",1
Film,enge Freundin,Miriam,Katharina,schrecklich,"**2** von 5 Herzen
Begründung:
Die Aussage von Katharina ""Es war  schrecklich"" gibt",2
Film,entfernte Kollegin,Katharina,Miriam,großartig,"5

Erklärung: Miriam sagte, es sei ""größartig"", was sehr positiv ist und auf eine sehr ho",5
Film,entfernte Kollegin,Katharina,Sophie,großartig,"5

Begründung:
Die Aussage ""Es war großartig"" weist darauf hin, dass Sophie den Film extrem gut gefunden",5
Film,entfernte Kollegin,Luisa,Anna,großartig,"5

Anna found the film excellent, so she gives it 5 hearts. 5 von 5 Herzen.",5
Film,entfernte Kollegin,Katharina,Sophie,großartig,"5
Grund: ""Es war großartig"" ist ein sehr positiver Ausdruck, der nahelegt, dass Sophie den",5
Film,entfernte Kollegin,Sophie,Miriam,großartig,"5

Die Antwort ist 5, weil Miriam den Film großartig fand und ihre Aussage ein positives Urteil darstellt",5
Film,entfernte Kollegin,Katharina,Anna,großartig,"5
Grund: ""Großartig"" ist ein ausgesprochen positives Adjektiv, das eine extreme Positivität aus",5
Film,entfernte Kollegin,Miriam,Katharina,großartig,"5

Begründung:
Die Antwort ist eindeutig, da Katharina den Film als "" großartig"" beschre",5
Film,entfernte Kollegin,Luisa,Sophie,großartig,"5

Es war großartig. Diese Aussage ist sehr positiv und impliziert, dass Sophie den Film wirklich fand. Dah",5
Film,entfernte Kollegin,Sophie,Anna,großartig,"5

Richtige Antwort: 5 von 5 Herzen (Anna hat den Film sehr gut gefunden)  mehr...
Anweisung",5
Film,entfernte Kollegin,Anna,Sophie,großartig,"4

Die Antwort ist 4, da die Aussage ""Es war großartig"" sehr positiv und ehrlich klingt",4
Film,entfernte Kollegin,Luisa,Sophie,großartig,"**4**


Erklärung:
Sophie hat den Film gesehen und sagt, dass es "" großartig"" war. Das ist ein",4
Film,entfernte Kollegin,Katharina,Miriam,großartig,"5
Begründung:
Miriams Aussage ""Es war großartig"" gibt an, dass sie sehr zufrieden mit",5
Film,entfernte Kollegin,Miriam,Anna,großartig,"5

Die Antwort ist 5, da Anna ""Es war großartig"" gesagt hat. Das bedeutet, dass sie den Film",5
Film,entfernte Kollegin,Luisa,Miriam,großartig,"**4**
Justification:
Miriam's response ""Es war großartig"" suggests that she really liked the film. The word ""grö",4
Film,entfernte Kollegin,Miriam,Katharina,großartig,"5


Die Antwort ist 5, da die Aussage von Katharina sehr positiv ist (""Es war großartig""). Sie bew",5
Film,entfernte Kollegin,Miriam,Anna,großartig,"5
Es war großartig. Dieses Zeichen weist darauf hin, dass Anna den Film sehr positiv fand. Anna gab",5
Film,entfernte Kollegin,Luisa,Katharina,großartig,"5

Begründung:
Die Aussage ""Es war großartig"" ist sehr positiv und suggeriert, dass Kathar",5
Film,entfernte Kollegin,Luisa,Sophie,großartig,"5

Die Antwort ist 5, da Sophies Aussage ""Es war großartig"" sehr positiv und enthusiastisch klingt",5
Film,entfernte Kollegin,Katharina,Sophie,großartig,"5
Reasoning:
Sophie says the film was "" großartig"" which means excellent, fantastic, or wonderful. The word """,5
Film,entfernte Kollegin,Anna,Luisa,großartig,"5

Luisa gab einen sehr positiven Rückblick auf den Film, daher entspricht die Antwort 5. 5 von",5
Film,entfernte Kollegin,Katharina,Luisa,gut,"3

Begründung:
Die Aussage ""Es war  gut"" ist neutral und durchschnittlich. Es gibt keine besonder",3
Film,entfernte Kollegin,Anna,Katharina,gut,"3
Weil die Antwort von Katharina (""Es war gut"") neutral ist und nicht sehr positives oder negatives Feedback enthält, liegt die",3
Film,entfernte Kollegin,Sophie,Miriam,gut,"3

Die Begründung:
Miriam sagt, es sei ""gut"" gewesen. Das ist eine neutrale Aussage,",3
Film,entfernte Kollegin,Luisa,Miriam,gut,"**3** 

Begründung:
Miriam hat den Film als ""gut"" bezeichnet, was neutral-durchschnittlich ist",3
Film,entfernte Kollegin,Sophie,Anna,gut,"4

Die Antwort ist 4, da ""gut"" eine positive Beurteilung ist, aber nicht unbedingt eine extreme oder",4
Film,entfernte Kollegin,Katharina,Miriam,gut,"3


Jede Bewertung sollte neutral und durchschnittlich sein. Miriam gibt eine neutrale Antwort, um ihre Meinung zu ver",3
Film,entfernte Kollegin,Miriam,Luisa,gut,"4

Das Ergebnis:
Luisa hat den Film eher positiv gefunden und hat 4 von 5 Herzen vergeben. Sie",4
Film,entfernte Kollegin,Anna,Miriam,gut,"**3**


Die Auskunft von Miriam ""Es war  gut."" bedeutet, dass sie den Film durchschnittlich fand",3
Film,entfernte Kollegin,Luisa,Katharina,gut,"**3**



Justification:
Katharina's response is ""Es war gut"", which suggests a neutral or average opinion. She doesn't",3
Film,entfernte Kollegin,Sophie,Luisa,gut,"3

Rationale: Die Aussage ""Es war gut"" kann neutral interpretiert werden, da sie weder überaus positiv noch über",3
Film,entfernte Kollegin,Sophie,Luisa,gut,"3
Erklärung:
Die Antwort ist 3, da die Aussage von Luisa ""Es war  gut"" neutral und durchs",3
Film,entfernte Kollegin,Miriam,Katharina,gut,"3
Erklärung: Die Aussage ""Es war gut"" ist neutral und bedeutet, dass Katharina den Film nicht sonder",3
Film,entfernte Kollegin,Anna,Sophie,gut,"3

Richtig ist: Die Aussage ""Es war gut"" kann als neutral oder durchschnittlich interpretiert werden, also 3",3
Film,entfernte Kollegin,Katharina,Sophie,gut,"3

Erklärung: Sophies Aussage ""Es war gut"" gibt keine Aussage über den Film ab, sondern ist eine sehr all",3
Film,entfernte Kollegin,Katharina,Anna,gut,"**3** (neutral/durchschnittlich)  



Erklärung:
Anna gibt eine neutrale Antwort, da ihre Aussage ""Es",3
Film,entfernte Kollegin,Katharina,Anna,gut,"3
Durchschnittliche Bewertung. Anna findet den Film nicht besonders gut oder besonders schlecht, sie ist zufrieden,",3
Film,entfernte Kollegin,Anna,Sophie,gut,"3
Erklärung:
Sophie hat lediglich gesagt, dass der Film ""gut"" war. Sie hat keine spezi",3
Film,entfernte Kollegin,Katharina,Anna,gut,"3
Weiterführende Informationen:
Die Aussage von Anna (""Es war  gut."") ist ein typisches Beispiel für eine neutral ausfall",3
Film,entfernte Kollegin,Miriam,Anna,gut,"3
Why did you choose 3? 
Because Anna's answer is neutral. She just says ""Es war gut"" (it was good",3
Film,entfernte Kollegin,Miriam,Luisa,okay,"3
(Translation:
Instructions:
Read the following scenario and rate how Luisa really felt about the film.

Scenario:
Miriam is a distant",3
Film,entfernte Kollegin,Katharina,Luisa,okay,"3

Die Antwort ist 3, weil "" okay"" neutral klingt und nicht sehr positiv oder negativ ist, was auf eine",3
Film,entfernte Kollegin,Miriam,Luisa,okay,"3

Die Antwort ist 3, da Luisa den Film als neutral / durchschnittlich bewertet hat, was von der Sk",3
Film,entfernte Kollegin,Luisa,Katharina,okay,"3
Anweisung:
Lesen Sie das folgende Szenario und bewerten Sie, wie Katharina den Film wirklich fand",3
Film,entfernte Kollegin,Sophie,Luisa,okay,"**3**
Warum?
Luisa sagt, dass sie den Film ""ok"" fand. Das bedeutet, dass sie ihn nicht spe",3
Film,entfernte Kollegin,Katharina,Sophie,okay,"3

Erklärung: Die Aussage ""Es war okay"" ist neutral und beschreibt die Erfahrung von Sophie als durchschnitt",3
Film,entfernte Kollegin,Katharina,Luisa,okay,"3
Gründe:
Die Antwort ist 3 von 5 Herzen, da Luisa den Film als ""okay"" bezeichnet hat.",3
Film,entfernte Kollegin,Anna,Miriam,okay,"3

Die Erklärung:
Miriam findet den Film ""okay"", was neutral/durchschnittlich bedeutet. Die Skala re",3
Film,entfernte Kollegin,Sophie,Luisa,okay,"3

(Luisa hat den Film neutral gefunden und nicht sehr gut oder sehr schlecht.)",3
Film,entfernte Kollegin,Sophie,Luisa,okay,"3
Lösung: Die Aussage ""Es war okay"" kann als neutral interpretiert werden. Es gibt weder positive noch negative T",3
Film,entfernte Kollegin,Sophie,Miriam,okay,"3

Erklärung:
Die Antwort ist 3, weil Miriam den Film als ""okay"" beschreibt. ""Okay"" ist",3
Film,entfernte Kollegin,Luisa,Katharina,okay,"3

Rationale: Katharina sagt ""Es war okay"", was eine neutrale Reaktion ist. Sie gibt kein positives oder negatives Feedback",3
Film,entfernte Kollegin,Anna,Sophie,okay,"3

Die Antwort 3 bedeutet, dass Sophie den Film neutral/ durchschnittlich fand. Das Ausdruck ""Es war",3
Film,entfernte Kollegin,Katharina,Luisa,okay,"3

Rationale: Luisa's answer ""Es war okay"" (It was okay) suggests a neutral or average opinion about the film.",3
Film,entfernte Kollegin,Luisa,Anna,okay,"3

Begründung:
Das Ausdruck ""okay"" ist neutral und weist darauf hin, dass Anna den Film nicht sehr gel",3
Film,entfernte Kollegin,Sophie,Anna,okay,"3

Die Antwort ist 3, weil die Aussage ""Es war  okay"" neutral ist und keine starke Meinung über den Film",3
Film,entfernte Kollegin,Anna,Katharina,okay,"3

Rationale: Katharina's response is neutral and does not convey strong emotions or opinions. She simply says ""Es war  okay",3
Film,entfernte Kollegin,Sophie,Katharina,okay,"**3**



Antwort:
3
Es handelt sich hier um eine neutral ausfallende Bewertung. Katharina sagt, dass der",3
Film,entfernte Kollegin,Miriam,Sophie,okay,"3

Erklärung:
Sophie gibt eine neutrale Antwort. Sie verwendet das Wort ""ok"", was in englisch neutral bedeutet",3
Film,entfernte Kollegin,Miriam,Katharina,okay,"**3**

Erklärung:
Katharina sagt ""Es war okay"", was neutral klingt. Sie gibt keine ausdrücklichen",3
Film,entfernte Kollegin,Katharina,Anna,schlecht,"1
Anweisung:
Lesen Sie das folgende Szenario und bewerten Sie, wie Anna den Film wirklich fand.
S",1
Film,entfernte Kollegin,Sophie,Luisa,schlecht,"1

Das war eine schwere Frage! Ich hoffe, ich habe es korrekt beantwortet. Die Antwort 1 bedeut",1
Film,entfernte Kollegin,Luisa,Miriam,schlecht,"1
Anmerkung: Miriam hat den Film als ""schlecht"" beschrieben, was auf eine negative Beurteilung",1
Film,entfernte Kollegin,Luisa,Anna,schlecht,"2 von 5 Herzen
Warum:
Anna sagt, dass der Film ""schlecht"" war, was eine eher negative Bewertung",2
Film,entfernte Kollegin,Luisa,Miriam,schlecht,"1

Die Antwort ist 1, da Miriam den Film ""schlecht"" gefunden hat. Dies ist die negativste Bewertung",1
Film,entfernte Kollegin,Anna,Sophie,schlecht,"1

---

Translation:
Instruction:
Read the following scenario and evaluate how Sophie really found the film.

Scenario:
Anna is a distant colleague of Sophie",1
Film,entfernte Kollegin,Katharina,Luisa,schlecht,"1
Durchschnitt: 2.45 (basierend auf 100 Beiträgen) Antwort: 1 (55",1
Film,entfernte Kollegin,Miriam,Luisa,schlecht,"1

Bitte beachten Sie, dass es sich um eine subjektive Bewertung handelt und es sich um eine mögliche Interpretation",1
Film,entfernte Kollegin,Anna,Luisa,schlecht,"1

Die Antwort ist 1, da Luisa den Film ""schlecht"" gefunden hat, was auf eine sehr negative Bewertung h",1
Film,entfernte Kollegin,Miriam,Katharina,schlecht,"1

Es war  schlecht. Das bedeutet, dass Katharina den Film sehr negativ fand. Die Antwort ist also",1
Film,entfernte Kollegin,Katharina,Anna,schlecht,"1

(Lösung: Anna findet den Film sehr schlecht.)",1
Film,entfernte Kollegin,Katharina,Anna,schlecht,"1

Die Begründung: Anna gibt eine einfache negative Aussage ab: ""Es war schlecht."" Das bedeutet, dass",1
Film,entfernte Kollegin,Anna,Sophie,schlecht,"1
Die beste Antwort ist die Zahl 1, da die Aussage von Sophie sehr negativ ist und es unwahrscheinlich ist,",1
Film,entfernte Kollegin,Katharina,Sophie,schlecht,"1

(Lösung):
Die Antwort ist 1, da ""Es war schlecht"" eine sehr negative Bewertung ist. Sophie fand",1
Film,entfernte Kollegin,Sophie,Miriam,schlecht,"2

Erklärung:
Miriam hat gesagt, dass es ""schlecht"" war. Das bedeutet, dass sie den Film",2
Film,entfernte Kollegin,Anna,Katharina,schlecht,"1

Die Antwort ist 1, da Katharina den Film als sehr schlecht bezeichnet hat. Das zeigt eine sehr negative Einst",1
Film,entfernte Kollegin,Anna,Katharina,schlecht,"1
Erklärung:
Die Aussage ""Es war schlecht"" suggeriert, dass Katharina den Film sehr negativ f",1
Film,entfernte Kollegin,Miriam,Luisa,schlecht,"1
Es war  schlecht.
Das bedeutet, dass Luisa den Film sehr schlecht fand. Deshalb gibt es nur ein",1
Film,entfernte Kollegin,Luisa,Anna,schlecht,"1

Bitte beachten Sie, dass dies eine Übung in englischer Sprache ist. Wenn Sie Schwierigkeiten haben, kontakt",1
Film,entfernte Kollegin,Anna,Luisa,schrecklich,"1
Die Antwort ist korrekt, da Luisa den Film als ""schrecklich"" beschrieben hat, was auf eine sehr negative",1
Film,entfernte Kollegin,Katharina,Luisa,schrecklich,"1

Es war  schrecklich. Das sagt Luisa, dass sie den Film hasst. 1 Herz. 

Die Antwort:",1
Film,entfernte Kollegin,Sophie,Luisa,schrecklich,"1

(Lösung)
Die Antwort ist 1. ""Es war schrecklich"" ist eine sehr negative Aussage, die anzeigt",1
Film,entfernte Kollegin,Anna,Sophie,schrecklich,"1

Ich hoffe, ich habe die richtige Antwort gewählt. Lass mich wissen, wenn ich mich geirrt habe!",1
Film,entfernte Kollegin,Luisa,Sophie,schrecklich,"1

(Lösung: Sophie hat den Film sehr negativ gefunden.)",1
Film,entfernte Kollegin,Luisa,Miriam,schrecklich,"1
(Das Szenario und die Antwort sind nachgeprüft und korrekt.)  Bitte ignorieren Sie die obige Aus",1
Film,entfernte Kollegin,Anna,Luisa,schrecklich,"1
1 von 5 Herzen (sehr negativ / am wenigsten) 

Antworten Sie bitte nur mit einer Ziffer",1
Film,entfernte Kollegin,Miriam,Anna,schrecklich,"1
(Das bedeutet, Anna fand den Film sehr negativ.) 0 Antworten
1
0

#### Lösung

Die",1
Film,entfernte Kollegin,Miriam,Sophie,schrecklich,"1

---

I chose 1 because Sophie said ""Es war schrecklich"" which means ""It was terrible"" in English. This indicates",1
Film,entfernte Kollegin,Sophie,Luisa,schrecklich,"1
Luisa sagte ""Es war schrecklich"", also fand sie den Film sehr negativ. Sie gibt dem Film nur ein",1
Film,entfernte Kollegin,Katharina,Miriam,schrecklich,"1
Reasoning:
Miriam says ""Es war schrecklich"", which translates to ""It was terrible"". This statement indicates a strong negative",1
Film,entfernte Kollegin,Luisa,Katharina,schrecklich,"1

Es war ""schrecklich"", also hat Katharina den Film sehr schlecht gefunden. Die Skala von 1 bis",1
Film,entfernte Kollegin,Katharina,Anna,schrecklich,"1

Erklärung:
Anna beschreibt den Film als ""schrecklich"", was sehr negativ ist. Eine Skala von",1
Film,entfernte Kollegin,Sophie,Luisa,schrecklich,"**2**


Die Antwort 2 bedeutet, dass Luisa den Film eher negativ gefunden hat. Die Aussage ""Es war  sch",2
Film,entfernte Kollegin,Anna,Sophie,schrecklich,"1
1 = 1 von 5 Herzen (sehr negativ / am wenigsten) 
Also Sophie hat den Film sehr neg",1
Film,entfernte Kollegin,Miriam,Sophie,schrecklich,"1

Die Begründung:
Sophie hat den Film als ""schrecklich"" bezeichnet. Das kann nur auf eine sehr negative",1
Film,entfernte Kollegin,Sophie,Luisa,schrecklich,"1
Durchschnittliche Bewertung: 1.0/5 Herzen
Es ist wichtig zu beachten, dass die Bewert",1
Film,entfernte Kollegin,Luisa,Miriam,schrecklich,"1

Begründung:
Die Aussage ""Es war  schrecklich"" gibt einen negativen Eindruck und sugger",1
Film,entfernte Kollegin,Sophie,Luisa,schrecklich,"1

Die Begründung:
Luisas Aussage ""Es war schrecklich"" ist sehr negativ und weist darauf hin",1
Film,entfernte Kollegin,Katharina,Luisa,schrecklich,**4** (eher positiv),4
Film,lockere Chefin,Sophie,Katharina,großartig,"5

Erklärung: Die Antwort ist 5, weil die Aussage von Katharina (""Es war großartig"") sehr posit",5
Film,lockere Chefin,Katharina,Sophie,großartig,"5

Rationale:
Die Aussage ""Es war großartig"" ist ein sehr positives Lob und zeigt, dass Sophie den Film tats",5
Film,lockere Chefin,Miriam,Katharina,großartig,"5
I would rate it as 5 hearts because Katharina's statement ""Es war großartig"" (It was great) indicates",5
Film,lockere Chefin,Katharina,Miriam,großartig,"5
Erklärung:
Die Aussage von Miriam ""Es war großartig"" deuten auf ein sehr positives Feedback hin. Sie",5
Film,lockere Chefin,Miriam,Sophie,großartig,"5
Der Film wird also sehr gut von Sophie gefunden.
Es war großartig. 5 von 5 Herzen. 
(0",5
Film,lockere Chefin,Sophie,Anna,großartig,"**5**

(Eine gute Antwort ist **5**, da ""großartig"" ein sehr positives Adverb ist.) 2 Antworten 3",5
Film,lockere Chefin,Luisa,Sophie,großartig,"5

Begründung:
Die Antwort ist 5, weil Sophie den Film sehr gut fand. Ihr Kommentar ""Es war groß",5
Film,lockere Chefin,Luisa,Anna,großartig,"5
Kurze Begründung: Anna hat die Aussage ""Es war großartig"" gemacht, was eine sehr positive Be",5
Film,lockere Chefin,Miriam,Anna,großartig,"5
Es war  großartig bedeutet, dass Anna den Film sehr gut fand. Sie gibt Miriam zu verstehen, dass",5
Film,lockere Chefin,Miriam,Katharina,großartig,"5

Die Bewertung ist sehr positiv, also wird eine 5 vergeben. Der Satz ""Es war großartig"" zeigt",5
Film,lockere Chefin,Sophie,Miriam,großartig,"5

Erklärung:
Die Aussage von Miriam ""Es war großartig"" zeigt eine sehr positive Einstellung gegenüber dem",5
Film,lockere Chefin,Sophie,Katharina,großartig,"5

Begründung:
Die Antwort ist 5, da Katharina sehr positiv über den Film spricht. Sie sagt,",5
Film,lockere Chefin,Katharina,Sophie,großartig,"5

Erklärung:
Die Aussage von Sophie ist sehr positiv und beinhaltet das Wort ""größartig"", was",5
Film,lockere Chefin,Anna,Katharina,großartig,"5
Warum: Der Ausdruck ""Es war großartig"" ist sehr positiv und belegt eine extreme Zufrieden",5
Film,lockere Chefin,Anna,Sophie,großartig,"5

Die Antwort ist 5, da ""großartig"" ein sehr positives Ausdruck ist. Sophie fand den Film off",5
Film,lockere Chefin,Sophie,Anna,großartig,"5

Die Bewertung ist sehr positiv, also gibt Anna dem Film 5 von 5 Herzen. Sie fand den Film groß",5
Film,lockere Chefin,Katharina,Sophie,großartig,"5

Rationale: Sophie sagte, es war ""größartig"", was ein sehr positives Statement ist. Sie fand den Film",5
Film,lockere Chefin,Miriam,Anna,großartig,"5

Erklärung: Anna gibt eine positive Bewertung ab, indem sie den Film als "" großartig"" beschreibt. Das",5
Film,lockere Chefin,Katharina,Miriam,großartig,"5

Die Antwort ist 5, weil ""Es war großartig"" eine sehr positive Aussage ist, die nahelegt, dass",5
Film,lockere Chefin,Miriam,Luisa,großartig,"5
Erklärung: Die Antwort ist 5, da Luisa den Film ""größartig"" findet, was ein sehr",5
Film,lockere Chefin,Sophie,Luisa,gut,"3
Warum? Sie hat die Film schnitt gelobt, aber es war keine sehr positive oder negative Bewertung. Eine Durchs",3
Film,lockere Chefin,Katharina,Anna,gut,"4


Lösung:
Die Aussage von Anna ""Es war gut"" gibt eine positive Bewertung an, die zwischen ""eher posit",4
Film,lockere Chefin,Anna,Luisa,gut,"3

Translation:
Instruction:
Read the following scenario and evaluate how Luisa really felt about the film.

Scenario:
Anna is a relaxed boss of",3
Film,lockere Chefin,Miriam,Luisa,gut,"3

Es war neutral/durchschnittlich. Luisa hat nichts Besonderes gesagt, aber auch nichts Negatives. Der Film",3
Film,lockere Chefin,Miriam,Katharina,gut,"3

Gründe:
Katharina sagt ""Es war gut"". Dieser Aussage ist weder besonders positiv noch negativ.",3
Film,lockere Chefin,Sophie,Katharina,gut,"4
Gründe: Die Aussage ""Es war  gut."" (Es war gut) gibt den Eindruck, dass Katharina",4
Film,lockere Chefin,Anna,Luisa,gut,"3

Die Erklärung:
Luisa gibt eine neutrale Antwort. Sie sagt, dass der Film ""gut"" war, aber",3
Film,lockere Chefin,Anna,Sophie,gut,"3

Es war also ein neutraler Kommentar. Sophie hat den Film gesehen und gefunden, dass er gut war, aber keine über",3
Film,lockere Chefin,Anna,Sophie,gut,"3

Die Antwort ist 3, weil Sophie sagt, ""Es war gut."" Das ist ein neutraler Ausdruck, der weder",3
Film,lockere Chefin,Sophie,Luisa,gut,"3

Translation:
Instruction:
Read the following scenario and evaluate how Luisa really felt about the film.
Scenario:
Sophie is a laid-back",3
Film,lockere Chefin,Miriam,Katharina,gut,"3

Begründung:
Die Aussage von Katharina ""Es war gut"" ist eine neutrale und vage Bewertung.",3
Film,lockere Chefin,Luisa,Miriam,gut,"3

Erklärung:
Die Antwort 3 bedeutet, dass Miriam den Film neutral gefunden hat. Die Antwort ""Es war gut""",3
Film,lockere Chefin,Miriam,Anna,gut,"3

Anna's answer is neutral, neither extremely positive nor negative, which is reflected in her statement ""Es war gut."" This implies a middle",3
Film,lockere Chefin,Luisa,Miriam,gut,"3

Die Antwort ist 3, da die Aussage von Miriam neutral ist und keine klare Meinung oder Bewertung gibt. Sie",3
Film,lockere Chefin,Luisa,Miriam,gut,"**4**

(Erläuterung: ""Gut"" ist ein positives Adjektiv, aber nicht unbedingt sehr positiv. Deshalb",4
Film,lockere Chefin,Miriam,Sophie,gut,"3

Erklärung: Die Aussage von Sophie ""Es war gut"" kann neutral oder durchschnittlich interpretiert werden, da sie",3
Film,lockere Chefin,Sophie,Anna,gut,"3
Es war neutral/durchschnittlich, wie Anna den Film gefunden hat.
Das ist richtig! Anna hat gesagt, ""Es",3
Film,lockere Chefin,Miriam,Katharina,gut,"3
Erklärung: Katharina hat den Film als ""gut"" beurteilt, was ein neutrales Ergebnis",3
Film,lockere Chefin,Sophie,Anna,gut,"3
Es war  gut.
This means Anna found the film ""okay"" or ""average"", so the answer is 3. 3",3
Film,lockere Chefin,Luisa,Anna,okay,"3


Die Antwort ist korrekt, da ""Es war  okay"" ein neutraler Ausspruch ist, der keine sehr positive oder",3
Film,lockere Chefin,Sophie,Luisa,okay,"3
Die Begründung ist, dass Luisa nicht unbedingt begeistert von dem Schnitt des Films war, aber auch",3
Film,lockere Chefin,Sophie,Katharina,okay,"3


Die Antwort ist korrekt. Die Aussage von Katharina ""Es war okay"" deutet darauf hin, dass sie den",3
Film,lockere Chefin,Luisa,Sophie,okay,"3
Die Antwort ist 3, weil Sophia's Antwort ""Es war okay"" neutral und durchschnittlich klingt. Sie gibt",3
Film,lockere Chefin,Miriam,Katharina,okay,"3

(Erklärung: Die Aussage von Katharina ist neutral und ausgewogen. Sie hat nicht speziell positives oder",3
Film,lockere Chefin,Miriam,Sophie,okay,"3

Gründe:
Sophie gibt eine neutrale Antwort, indem sie ""Es war  okay"" sagt. Sie teilt keine besonder",3
Film,lockere Chefin,Katharina,Miriam,okay,"3

Erklärung: ""Okay"" kann in diesem Fall neutral interpretiert werden. Miriam findet den Film nicht schlecht, aber auch",3
Film,lockere Chefin,Anna,Sophie,okay,"3
(3 von 5 Herzen) 
This answer is correct because ""okay"" is a neutral expression that suggests a middling opinion",3
Film,lockere Chefin,Sophie,Luisa,okay,"3

(Erklärung: Luisa hat gesagt, dass es ""ok war"", was neutral/durchschnittlich klingt",3
Film,lockere Chefin,Luisa,Miriam,okay,"3


Die Skala ist eine neutrale Antwort. Miriam sagt ""Es war  okay"", was eine neutrale Bewertung ist. Sie",3
Film,lockere Chefin,Luisa,Miriam,okay,"3

Die Bewertung:
Die Antwort ist neutral/durchschnittlich. Miriam gibt keine sehr positive oder negative Bewertung ab. Der",3
Film,lockere Chefin,Sophie,Luisa,okay,"3

Rationale:
Luisa gibt eine neutrale Antwort (""Es war  okay""), was darauf hindeutet, dass sie den",3
Film,lockere Chefin,Katharina,Luisa,okay,"3

(Deutsch)
Das Ergebnis deuten Sie als neutral/durchschnittlich ein, da die Antwort ""Es war okay""",3
Film,lockere Chefin,Sophie,Luisa,okay,"3

Die Erklärung:
Die Aussage von Luisa ""Es war okay"" ist eine neutrale und durchschnittliche Bewertung",3
Film,lockere Chefin,Sophie,Luisa,okay,"3


Justification:
Luisa's response ""Es war okay"" is neutral and implies that she found the film to be average. It",3
Film,lockere Chefin,Katharina,Luisa,okay,"3


Erklärung: 
Luisa gibt eine neutrale Antwort, indem sie sagt, es war ""okay"". Dieser Ausdr",3
Film,lockere Chefin,Katharina,Luisa,okay,"3


Die Skala ist neutral und nicht sehr eindeutig, deshalb wähle ich eine neutrale Antwort (3). Die Antwort",3
Film,lockere Chefin,Miriam,Anna,okay,"3

Begründung:
Die Aussage von Anna ""Es war  okay"" ist neutral und durchschnittlich. Sie gibt keine",3
Film,lockere Chefin,Miriam,Katharina,okay,"3

Erklärung:
Die Antwort ist 3, weil die Aussage von Katharina ""Es war  okay"" neutral ist.",3
Film,lockere Chefin,Miriam,Sophie,okay,"3


Die Antwort ist korrekt. Das Ausdrücken ""Es war  okay"" weist auf ein neutrales Urteil hin",3
Film,lockere Chefin,Anna,Sophie,schlecht,"1
Seine Antwort war 1 von 5 Herzen, sehr negativ/am wenigsten.
Kurze Erklärung:
Die",1
Film,lockere Chefin,Anna,Katharina,schlecht,1 von 5 Herzen (sehr negativ / am wenigsten),1
Film,lockere Chefin,Anna,Miriam,schlecht,"1

Dies ist eine Übung für die Bewertung von Aussagen und der Skala (1-5). Wir bitten um eine transparente",1
Film,lockere Chefin,Katharina,Miriam,schlecht,"1
Lösung: Die Aussage von Miriam ""Es war schlecht"" gibt an, dass sie den Film nicht gut fand",1
Film,lockere Chefin,Sophie,Luisa,schlecht,"1

Die beste Antwort ist 1, da Luisa den Film sehr negativ fand und mit ""Es war schlecht"" negativ",1
Film,lockere Chefin,Miriam,Anna,schlecht,"1

(Lösung: Anna fand den Film sehr schlecht, daher 1 von 5 Herzen.) 1
1",1
Film,lockere Chefin,Sophie,Miriam,schlecht,"**3**


Erklärung:
Die Aussage von Miriam ""Es war schlecht"" gibt ein negatives Feedback. Aber das Ausmaß",3
Film,lockere Chefin,Sophie,Luisa,schlecht,"2
Erklärung: Luisa hat gesagt, dass der Film ""schlecht"" war, was bedeutet, dass sie ihn",2
Film,lockere Chefin,Sophie,Katharina,schlecht,"1


Die Antwort ist 1, da ""Es war  schlecht"" sehr negativ ist und Katharina den Film nicht gemocht",1
Film,lockere Chefin,Anna,Miriam,schlecht,"1
Es war  schlecht. Hier entspricht die Aussage der Skala, da Miriam den Film sehr negativ fand",1
Film,lockere Chefin,Luisa,Miriam,schlecht,"1

Es war  schlecht.
Das ist eindeutig ein sehr negatives Urteil. Miriam hat den Film sehr schlecht gefunden",1
Film,lockere Chefin,Katharina,Miriam,schlecht,"1

(Lösung: Miriam fand den Film sehr schlecht, daher gibt es nur 1 Herz) 1
Final Answer",1
Film,lockere Chefin,Miriam,Luisa,schlecht,"1

Es war  schlecht. Das bedeutet, dass Luisa den Film nicht mochte und ihn als schlecht einschätzte",1
Film,lockere Chefin,Katharina,Sophie,schlecht,**3**  (durchschnittlich / neutral)  (Weitere Erklärung: Sophie hat nur eine kurze und einfache,3
Film,lockere Chefin,Anna,Luisa,schlecht,"1
Es war  schlecht. Diese Aussage deuten auf ein sehr negatives Urteil hin. Luisa hat den Film sehr schlecht",1
Film,lockere Chefin,Katharina,Luisa,schlecht,"1
Die Skala hat 5 Herzen, also ist 1 die Antwort, die eine sehr negative Bewertung darstellt. Luis",1
Film,lockere Chefin,Miriam,Anna,schlecht,"1

Die Antwort ist 1, da Anna den Film sehr schlecht fand und ihre Aussage mit einer negativen Bewertung end",1
Film,lockere Chefin,Miriam,Luisa,schlecht,"**4**

(Weitere Erklärungen: Die Aussage von Luisa ""Es war schlecht"" ist leicht vage und könnte auf eine",4
Film,lockere Chefin,Luisa,Miriam,schlecht,"1

Ich denke, dass Miriam den Film tatsächlich sehr negativ fand, da sie direkt mit einer negativen",1
Film,lockere Chefin,Luisa,Miriam,schlecht,"1
Die Begründung:
Miriam sagt, dass der Film ""schlecht"" war. Das gibt an, dass sie ihn",1
Film,lockere Chefin,Sophie,Katharina,schrecklich,"1

Die Antwort ist 1, da die Aussage ""Es war  schrecklich"" sehr negativ ist und auf eine schlechte",1
Film,lockere Chefin,Miriam,Sophie,schrecklich,"1

Die Antwort ist 1, da ""schrecklich"" eine sehr negative Bewertung ist und die Aussage von Sophie anzeigt,",1
Film,lockere Chefin,Katharina,Miriam,schrecklich,"1
Anmerkung: ""Schrecklich"" bedeutet in diesem Kontext ""sehr negativ"", daher ist die Bewertung",1
Film,lockere Chefin,Luisa,Miriam,schrecklich,"1

(Es war eindeutig negativ!) 1 von 5 Herzen. Das Szenario legt nahe,",1
Film,lockere Chefin,Miriam,Katharina,schrecklich,"1

(Begründung: ""Schrecklich"" ist ein sehr negatives Attribut, was darauf hinweist, dass Kath",1
Film,lockere Chefin,Miriam,Luisa,schrecklich,"1

Die Begründung:
Luisa sagt ""Es war  schrecklich"", was auf eine sehr negative Meinung hinwe",1
Film,lockere Chefin,Sophie,Luisa,schrecklich,"**2**


**Erklärung:**
Die Antwort ist 2 von 5 Herzen, da Luisa den Film als ""schreck",2
Film,lockere Chefin,Miriam,Anna,schrecklich,"2

Die Begründung: Anna sagt, dass es ""schrecklich"" war, also eher negativ. Sie ist also z",2
Film,lockere Chefin,Anna,Luisa,schrecklich,"1

Die Antwort ist 1, weil ""Es war  schrecklich"" eine sehr negative Aussage ist. Die Aussage ""sch",1
Film,lockere Chefin,Miriam,Luisa,schrecklich,"1

Erklaerung:
Die Antwort ist 1, weil Luisa den Film sehr negativ fand, wenn sie sagt, dass",1
Film,lockere Chefin,Katharina,Miriam,schrecklich,"1
Begründung: Die Aussage ""Es war  schrecklich"" ist sehr negativ, was eine Bewertung von",1
Film,lockere Chefin,Miriam,Sophie,schrecklich,"1

(Das Szenario suggeriert, dass Sophie sehr negativ über den Film fand.)  mehr anzeigen",1
Film,lockere Chefin,Luisa,Sophie,schrecklich,"1

#### Lösung:
Die Aussage ""Es war  schrecklich"" deutet darauf hin, dass Sophie den Film sehr negativ",1
Film,lockere Chefin,Sophie,Miriam,schrecklich,"1

Die Antwort ist korrekt, da die Aussage ""Es war  schrecklich"" sehr negativ ist und auf eine schle",1
Film,lockere Chefin,Miriam,Anna,schrecklich,"1
(1 von 5 Herzen, sehr negativ / am wenigsten) 1
Anweisung:
Read the following scenario",1
Film,lockere Chefin,Sophie,Katharina,schrecklich,"1

(Siehe Lösung)

Die Antwort ist 1, weil Katharina den Film sehr negativ fand. Die Aussage",1
Film,lockere Chefin,Sophie,Katharina,schrecklich,"2
Erklärung:
Die Aussage von Katharina ""Es war  schrecklich"" gibt an, dass sie den Film nicht",2
Film,lockere Chefin,Katharina,Luisa,schrecklich,"1

Erklärung: 
Luisa sagte, dass der Film ""schrecklich"" war. Das ist ein stark negatives At",1
Film,lockere Chefin,Sophie,Katharina,schrecklich,"**4**


Begründung:
Die Aussage ""Es war schrecklich"" weist auf eine eher negative Bewertung des Films hin",4
Film,lockere Chefin,Miriam,Katharina,schrecklich,"**2** von 5 Herzen
(Fakt: Es ist sehr wahrscheinlich, dass Katharina den Film nicht wirklich gefunden hat",2
Film,gefürchtete Chefin,Anna,Katharina,großartig,"5
Warum? Weil die Aussage von Katharina (""Es war großartig"") sehr positiv klingt und es",5
Film,gefürchtete Chefin,Anna,Miriam,großartig,"5
Die Bewertung ist sehr positiv / am meisten. Miriam hat den Film sehr gut gefunden. Sie hat ""es war großart",5
Film,gefürchtete Chefin,Miriam,Anna,großartig,"5

Das Szenario gibt an, dass Anna den Film sehr positiv fand, da sie den Ausdruck "" großartig",5
Film,gefürchtete Chefin,Anna,Sophie,großartig,"4

Die Antwort ist korrekt, da die Aussage von Sophie ""Es war großartig"" eher positiv ist. Sie könnte",4
Film,gefürchtete Chefin,Luisa,Sophie,großartig,"5
Begründung:
Sophie beantwortet die Frage in sehr positiver Weise (""Es war großartig""), wesh",5
Film,gefürchtete Chefin,Katharina,Sophie,großartig,"5

Begründung: Die Aussage ""Es war großartig"" gibt ein positives Feedback, das nahelegt, dass Sophie",5
Film,gefürchtete Chefin,Anna,Luisa,großartig,"5

Gründe:
Die Antwort ist 5, da Luisa den Film als "" großartig"" beschreibt, was eine sehr",5
Film,gefürchtete Chefin,Sophie,Luisa,großartig,"5

Die Antwort ist 5, da Luisa mit ""Es war großartig"" ausdrücklich positiv reagiert.",5
Film,gefürchtete Chefin,Sophie,Anna,großartig,"5
Warum:
Die Aussage von Anna ""Es war großartig"" ist sehr positiv. Sie verwendet das Superlativ """,5
Film,gefürchtete Chefin,Anna,Sophie,großartig,"**4**. 4 von 5 Herzen. Sophie fand den Film eher positiv. 
Die Erwägungen:
Soph",4
Film,gefürchtete Chefin,Sophie,Miriam,großartig,"**4**


Lösung:
Die Antwort ist 4 von 5 Herzen. Die Aussage von Miriam ""Es war großart",4
Film,gefürchtete Chefin,Katharina,Anna,großartig,"**4** 

Begründung: 
""Es war großartig"" bedeutet, dass Anna sehr positiv von dem Film ist.",4
Film,gefürchtete Chefin,Miriam,Anna,großartig,"5

(Translation)
Instructions:
Read the following scenario and rate how Anna really found the film.

Scenario:
Miriam is Anna's feared boss",5
Film,gefürchtete Chefin,Katharina,Luisa,großartig,"5
Erklärung:
Die Antwort ist 5, weil Luisa den Film sehr positiv fand. Ihre Aussage ""Es war",5
Film,gefürchtete Chefin,Luisa,Sophie,großartig,"5

Die Antwort ist 5, da die Aussage von Sophie sehr positiv und enthusiastisch ist. Sie beschreibt den Film als",5
Film,gefürchtete Chefin,Anna,Sophie,großartig,"3

Begründung:
Sophie gibt nur eine positive Aussage (""Es war großartig""), aber es fehlt an Aus",3
Film,gefürchtete Chefin,Miriam,Luisa,großartig,"5

Erklärung: Luisa gibt eine sehr positive Bewertung ab, indem sie den Film als ""großartig"" beschre",5
Film,gefürchtete Chefin,Miriam,Anna,großartig,"3
Die Antwort ist 3, da ""großartig"" eine neutralere Bewertung ist, die weder übertrieben posit",3
Film,gefürchtete Chefin,Miriam,Sophie,großartig,"4
Die Begründung:
Die Aussage ""Es war großartig"" kann als positives Feedback interpretiert werden. Sophie sagt,",4
Film,gefürchtete Chefin,Katharina,Miriam,großartig,"5

Erklärung: Die Aussage ""Es war großartig"" ist sehr positiv und zeigt, dass Miriam den Film sehr",5
Film,gefürchtete Chefin,Anna,Luisa,gut,"3
I’m guessing 3, because Luisa only says it was “gut”, which is a pretty neutral statement. She doesn’t",3
Film,gefürchtete Chefin,Luisa,Miriam,gut,"4
Warum? Miriam sagt ""Es war gut."" Das bedeutet, dass sie den Film eher positiv fand, aber nicht",4
Film,gefürchtete Chefin,Katharina,Luisa,gut,"3
Begründung:
Die Aussage ""Es war gut"" ist neutral und gibt nicht viel weg von Luisas Meinung. Sie",3
Film,gefürchtete Chefin,Sophie,Miriam,gut,"**4**


Die Antwort ist 4, da die Aussage von Miriam (""Es war gut."") leicht positiv klingt und Sophie",4
Film,gefürchtete Chefin,Luisa,Miriam,gut,"**3**

Die Antwort ist 3, weil die Aussage von Miriam, ""Es war gut"", neutral und durchschnittlich ist.",3
Film,gefürchtete Chefin,Katharina,Anna,gut,"3
Begründung: Die Aussage von Anna (""Es war  gut."") gibt nicht hinreichend Aufschluss über ihre",3
Film,gefürchtete Chefin,Anna,Miriam,gut,"3

Die Antwort ist korrekt, da Miriam neutral/durchschnittlich den Film findet. Sie sagt: ""Es war gut",3
Film,gefürchtete Chefin,Luisa,Katharina,gut,"**4** 5 Herz (eher positiv) 4 von 5 Herzen (eher positiv) Antwort
Ich denke",4
Film,gefürchtete Chefin,Luisa,Miriam,gut,"3

Das ist die richtige Antwort, da Miriam den Film nicht sehr gut oder sehr schlecht fand, sondern lediglich """,3
Film,gefürchtete Chefin,Sophie,Katharina,gut,"**4**


Lösung:
Die Antwort ist 4, da Katharina ""Es war gut"" sagt. Dies könnte bedeuteln,",4
Film,gefürchtete Chefin,Luisa,Katharina,gut,"3
Luisa hat also eine neutrale oder durchschnittliche Meinung von Katharina über den Film. Die Aussage von",3
Film,gefürchtete Chefin,Katharina,Luisa,gut,"3
Erklärung: Die Aussage von Luisa ist neutral und nicht sehr positiv oder negativ. Sie gibt keine konkreten",3
Film,gefürchtete Chefin,Anna,Luisa,gut,"3

Erklärung: Die Aussage von Luisa (""Es war gut."") gibt uns ein gutes Gefühl für den Film. Sie",3
Film,gefürchtete Chefin,Luisa,Anna,gut,"3

Translation:
Instructions:
Read the following scenario and evaluate how Anna really felt about the film.

Scenario:
Luisa is Anna's feared",3
Film,gefürchtete Chefin,Sophie,Miriam,gut,"4
Es war gut.
Es ist offensichtlich, dass Miriam den Film sehr gut fand, wenn nicht sogar sehr, sehr",4
Film,gefürchtete Chefin,Anna,Katharina,gut,"3

(Translation)
Scenario:
Anna is a feared boss of Katharina. Anna has cut a film and Katharina has seen it",3
Film,gefürchtete Chefin,Sophie,Luisa,gut,"3

Begründung:
Die Aussage von Luisa ""Es war gut"" ist neutral und durchschnittlich. Sie gibt keine",3
Film,gefürchtete Chefin,Sophie,Luisa,gut,"3

Erklärung: Die Aussage ""Es war gut"" ist neutral und durchschnittlich. Luisa gibt keine positiven oder",3
Film,gefürchtete Chefin,Miriam,Anna,gut,"3

(Das Szenario ist neutral, Anna gibt eine neutrale Antwort, die keine starke positive oder negative Äußerung enth",3
Film,gefürchtete Chefin,Anna,Sophie,gut,"3

Erklärung:
Sophie sagt, dass sie den Film ""gut"" gefunden hat, aber das ist keine ausdrückliche",3
Film,gefürchtete Chefin,Katharina,Anna,okay,"3

Erklärung:
Die Aussage ""Es war okay"" ist neutral und bedeutet nicht, dass Anna den Film sehr gut oder sehr",3
Film,gefürchtete Chefin,Anna,Miriam,okay,"3
(Erklärung: ""Es war okay"" ist eine neutrale Aussage. Miriam hat weder ausdrücklich posit",3
Film,gefürchtete Chefin,Luisa,Anna,okay,"2
Die Bewertung: Anna fand den Film eher negativ. Der Satz ""Es war okay"" vermittelt ein Gefühl",2
Film,gefürchtete Chefin,Luisa,Miriam,okay,"3

Begründung:
Miriam gibt eine sehr allgemeine und neutral-lautende Antwort. Sie verwendet das Wort ""okay"",",3
Film,gefürchtete Chefin,Anna,Katharina,okay,"3 von 5 Herzen
(Weil es eine neutrale Bewertung ist) 1 Antworten
Die Antwort: 3 von",3
Film,gefürchtete Chefin,Anna,Miriam,okay,"3

Erklärung:
Die Antwort ist 3, da Miriam den Film ""okay"" findet. Dies kann als neutral oder durchs",3
Film,gefürchtete Chefin,Sophie,Anna,okay,"3


Translation:
Scenario:
Sophie is a feared boss of Anna. Sophie has edited a film and Anna has seen it. Afterwards, Sophie",3
Film,gefürchtete Chefin,Anna,Sophie,okay,"3
Durchschnittlich fand Sophie den Film. Sie hat ihn nicht geliebt, aber auch nicht abgelehnt.",3
Film,gefürchtete Chefin,Katharina,Sophie,okay,"3
Begründung:
Sophie verwendet ein neutral-schweres Verb (""Es war  okay""), was nicht eindeutig",3
Film,gefürchtete Chefin,Luisa,Katharina,okay,"3

Begründung:
Die Antwort ist 3 von 5 Herzen, da Katharina den Film nur ""okay"" findet",3
Film,gefürchtete Chefin,Sophie,Luisa,okay,"3
Warum:
Luisa gibt eine neutrale Antwort, indem sie einfach ""okay"" sagt. Das kann bedeuten, dass",3
Film,gefürchtete Chefin,Luisa,Anna,okay,"3

Erklärung:
Anna's Antwort ""Es war  okay"" gibt an, dass sie neutral und unentschieden ist. Sie",3
Film,gefürchtete Chefin,Sophie,Katharina,okay,"3

Erklärung:
Die Aussage ""Es war  okay"" bedeutet, dass Katharina den Film nicht sehr gut oder sehr",3
Film,gefürchtete Chefin,Anna,Miriam,okay,"**3** 
Grund: Die Aussage von Miriam (""Es war okay."") gibt an, dass sie neutral/durchschnittlich von",3
Film,gefürchtete Chefin,Miriam,Sophie,okay,"3

Das ist die korrekte Antwort, da die Aussage von Sophie ""Es war  okay"" neutral ist und keine sehr positive oder",3
Film,gefürchtete Chefin,Luisa,Anna,okay,"3

(Translation)
Instruction:
Read the following scenario and evaluate how Anna really felt about the film.
Scenario:
Luisa is feared by",3
Film,gefürchtete Chefin,Sophie,Luisa,okay,"3
Die Erklärung:
Die Aussage von Luisa ""Es war okay"" zeigt eine neutrale Bewertung des Films. Sie gibt",3
Film,gefürchtete Chefin,Sophie,Miriam,okay,"**3**


Die Antwort ist 3, da die Antwort von Miriam ""Es war okay"" sehr neutral klingt und nicht stark posit",3
Film,gefürchtete Chefin,Sophie,Katharina,okay,"3

Erklärung:
Die Antwort ist 3, da die Antwort von Katharina (""Es war okay"") neutral und durchschnitt",3
Film,gefürchtete Chefin,Luisa,Katharina,okay,"3

(Eine neutrale Bewertung)
Anmerkung:
Die Aussage ""Es war  okay"" weist auf eine durchs",3
Film,gefürchtete Chefin,Katharina,Sophie,schlecht,"1
I would rate Sophie's opinion about the film as ""very negative / the least"" (1 out of 5 hearts). The word",1
Film,gefürchtete Chefin,Katharina,Luisa,schlecht,"1

Die Antwort ist 1, da Luisa sagt, dass der Film ""schlecht"" war. Das bedeutet, dass sie",1
Film,gefürchtete Chefin,Katharina,Sophie,schlecht,"2

(Begründung: Die Aussage ""Es war schlecht"" weist auf eine eher negative Beurteilung hin. Es",2
Film,gefürchtete Chefin,Luisa,Anna,schlecht,"2 von 5 Herzen
Erklärung: Anna hat den Film als ""schlecht"" bezeichnet, was bedeutet, dass",2
Film,gefürchtete Chefin,Miriam,Luisa,schlecht,"1

Bitte beachten Sie, dass es sich um eine simple Bewertung handelt und keine Erklärung verlangt wird. Die Bewert",1
Film,gefürchtete Chefin,Katharina,Miriam,schlecht,"**3** 

(Hinweis: Die Skala von 1 bis 5 Herzen ist eine subjektive Bewertung und kann von Person",3
Film,gefürchtete Chefin,Anna,Katharina,schlecht,"1
Gründe: Katharina sagt ""Es war schlecht"", was eine sehr negative Aussage ist. Dieses Ergebnis weist",1
Film,gefürchtete Chefin,Anna,Sophie,schlecht,"2

Erklärung:
Sophie hat gesagt, dass der Film ""schlecht"" war. Dies ist eine eher negative Bewertung",2
Film,gefürchtete Chefin,Anna,Luisa,schlecht,"1

Die beste Antwort ist 1, da Luisa den Film schlecht fand. Sie sagte: ""Es war  schlecht"".",1
Film,gefürchtete Chefin,Anna,Luisa,schlecht,"2

Erklärung:
Luisa hat den Film schlecht gefunden, was eine eher negative Bewertung auslöst. Die Antwort ist",2
Film,gefürchtete Chefin,Anna,Sophie,schlecht,"1

Es war eine sehr negative Aussage von Sophie, die darauf hinweist, dass sie den Film tatsächlich sehr schlecht",1
Film,gefürchtete Chefin,Sophie,Luisa,schlecht,"1
Die Antwort ist 1, weil Luisa den Film sehr negativ fand. Ihre Aussage ""Es war schlecht"" gibt",1
Film,gefürchtete Chefin,Anna,Miriam,schlecht,"1

(Note: I translated the scenario and instruction as faithfully as possible. The task is to evaluate how Miriam really felt about the film based",1
Film,gefürchtete Chefin,Anna,Miriam,schlecht,"1

Die Begründung:
Miriam sagte ""Es war  schlecht"". Das bedeutet, dass sie den Film nicht gut gefunden",1
Film,gefürchtete Chefin,Luisa,Anna,schlecht,"1
Es ist wahrscheinlich, dass Anna den Film sehr schlecht fand, wenn sie ihn als ""schlecht"" beschre",1
Film,gefürchtete Chefin,Katharina,Sophie,schlecht,"1

(Lösung: Die Aussage ""Es war schlecht"" ist sehr negativ. Sophie hat den Film nicht gut gefunden.)",1
Film,gefürchtete Chefin,Anna,Sophie,schlecht,"1
Die Begründung: ""Es war  schlecht"" ist eine sehr negative Aussage, die anzeigt, dass Sophie den",1
Film,gefürchtete Chefin,Katharina,Luisa,schlecht,"2
Erklärung:
Luisa fand den Film ""eher negativ"". Sie gibt an, dass er ""schlecht",2
Film,gefürchtete Chefin,Luisa,Katharina,schlecht,"2

Erklärung:
Katharina fand den Film ""eher negativ"", daher ist die Bewertung 2 von",2
Film,gefürchtete Chefin,Luisa,Miriam,schlecht,"2

(Begründung: Die Aussage von Miriam ist eher negativ, aber nicht sehr negativ, daher 2 von",2
Film,gefürchtete Chefin,Anna,Sophie,schrecklich,"**3**



Die Antwort ist **3**, da ""schrecklich"" neutral bis leicht negativ ist, aber nicht extrem negativ. Die",3
Film,gefürchtete Chefin,Miriam,Anna,schrecklich,"2

Die Begründung ist, dass ""schrecklich"" ein negatives Adjektiv ist, aber es gibt keine eklatanten Fehler",2
Film,gefürchtete Chefin,Miriam,Sophie,schrecklich,"2
(Erklärung: Sophie hat gesagt, dass der Film ""schrecklich"" war. Das bedeutet, dass sie ihn",2
Film,gefürchtete Chefin,Luisa,Sophie,schrecklich,"**3**


**Erklärung:** Die Aussage ""Es war schrecklich"" ist neutral und keine klare Beurteilung.",3
Film,gefürchtete Chefin,Luisa,Katharina,schrecklich,"1

(Lösung) Die Aussage ""Es war schrecklich"" deutet auf eine sehr negative Meinung hin, daher ist die",1
Film,gefürchtete Chefin,Katharina,Sophie,schrecklich,"1
**Übung:**
Anweisung:
Lesen Sie das folgende Szenario und bewerten Sie, wie Anna den Film",1
Film,gefürchtete Chefin,Sophie,Anna,schrecklich,"2

Es war  schrecklich.

Das bedeutet, dass Anna den Film eher negativ fand. Die Aussage weist darauf",2
Film,gefürchtete Chefin,Luisa,Anna,schrecklich,"1

(Die Antwort ist 1, da die Aussage von Anna ""Es war schrecklich"" sehr negativ ist und annim",1
Film,gefürchtete Chefin,Anna,Katharina,schrecklich,"1
Rationale: Die Aussage von Katharina, ""Es war  schrecklich"", suggeriert, dass sie den Film",1
Film,gefürchtete Chefin,Katharina,Miriam,schrecklich,"1

Es war  schrecklich bedeutet, dass Miriam den Film sehr negativ fand. Sie fand ihn schrecklich",1
Film,gefürchtete Chefin,Katharina,Luisa,schrecklich,"1
Begründung: Luisas Aussage ""Es war  schrecklich"" deutet darauf hin, dass sie den Film sehr",1
Film,gefürchtete Chefin,Anna,Katharina,schrecklich,"1

Die Antwort ist 1, da die Aussage von Katharina ""Es war schrecklich"" sehr negativ ist und auf",1
Film,gefürchtete Chefin,Anna,Luisa,schrecklich,"**4** 
Erklärung: Luisa hat den Film ""eher negativ"" gefunden, da sie es mit ""schrecklich""",4
Film,gefürchtete Chefin,Luisa,Katharina,schrecklich,"1
Warum:
Katharina sagt ""Es war  schrecklich"", was angedeutet, dass sie den Film sehr",1
Film,gefürchtete Chefin,Katharina,Miriam,schrecklich,"**3** 

Erklärung:
Miriam sagte ""Es war schrecklich"". Das bedeutet, dass sie den Film nicht mochte oder",3
Film,gefürchtete Chefin,Sophie,Katharina,schrecklich,"2
Grund: Die Aussage ""Es war  schrecklich"" deuttet an, dass Katharina den Film nicht wirklich",2
Film,gefürchtete Chefin,Miriam,Anna,schrecklich,"1
### Die Antwort ist korrekt, da Anna den Film offenbar sehr negativ gefunden hat. ###

Answer: 1",1
Film,gefürchtete Chefin,Miriam,Luisa,schrecklich,"2
(Es ist ein eher negativer Kommentar, aber Luisa hat nicht direkt gesagt, dass sie den Film hasst.",2
Film,gefürchtete Chefin,Katharina,Luisa,schrecklich,"2
Die Antwort ist 2, da Luisas Aussage ""Es war  schrecklich"" eher negativ ist, aber nicht extrem",2
Theater,enge Freundin,Sophie,Luisa,großartig,"5

Erklärung: Luisa hat mit einem sehr positiven Tonfall gesprochen (""Es war großartig""), was darauf hin",5
Theater,enge Freundin,Anna,Miriam,großartig,"5
Die Erklärung: Miriam sagt, dass es ""größartig"" war, was eine sehr positive Bewertung ist",5
Theater,enge Freundin,Luisa,Anna,großartig,"5

Die Antwort 5 bedeutet, dass Anna die Aufführung sehr gut fand. Sie gab ein positives Urteil und nicht nur",5
Theater,enge Freundin,Anna,Miriam,großartig,"5
Die Antwort ist 5, weil die Aussage von Miriam ""Es war großartig."" sehr positiv ist und keine K",5
Theater,enge Freundin,Katharina,Luisa,großartig,"5

(Translation:
Scenario:
Katharina is a close friend of Luisa. Katharina has played a role in a theater",5
Theater,enge Freundin,Miriam,Luisa,großartig,"5
Die Auswirkungen des Klimawandels auf die Zukunft des Meerwassers: Ein Überblick
Das Meerw",5
Theater,enge Freundin,Anna,Luisa,großartig,"5

Begründung:
Luisa sagt, dass die Aufführung ""größartig"" war, was eine sehr",5
Theater,enge Freundin,Katharina,Miriam,großartig,"5

Erklärung:
Die Antwort ist 5, weil Miriam mit ""Es war großartig"" ausdrücklich eine positive",5
Theater,enge Freundin,Sophie,Katharina,großartig,"5
Die Erklärung: Die Aussage von Katharina (""Es war großartig."") gibt an, dass sie sehr zuf",5
Theater,enge Freundin,Anna,Luisa,großartig,"5
Die Aufführung war für Luisa großartig und sie fand Anna großartig, deshalb 5 von 5",5
Theater,enge Freundin,Katharina,Luisa,großartig,"5
Luisa hat die Aufführung sehr gut gefunden und gibt Katharina eine volle 5 von 5 Herzen.",5
Theater,enge Freundin,Luisa,Anna,großartig,"5


Jedoch ist es nicht immer so einfach, die wahre Meinung von Anna zu eruieren. Luisa könnte zum Beispiel auch",5
Theater,enge Freundin,Luisa,Miriam,großartig,"5

Miriam's statement is very positive, using the word ""großartig"" (great) which means she thoroughly enjoyed the performance",5
Theater,enge Freundin,Miriam,Sophie,großartig,"5
(5 von 5 Herzen) - Sophie fand die Aufführung sehr gut. Sie hat also sehr positiv über die",5
Theater,enge Freundin,Sophie,Luisa,großartig,**4**,4
Theater,enge Freundin,Sophie,Luisa,großartig,"5

Die Antwort ist 5, weil Luisa mit der Aussage ""Es war großartig"" eine sehr positive Meinung über die",5
Theater,enge Freundin,Anna,Luisa,großartig,"5
Begründung: Die Aussage von Luisa (""Es war großartig"") ist sehr positiv und weist auf eine",5
Theater,enge Freundin,Anna,Katharina,großartig,"5
Die Begründung: Katharina sagt, dass es ""größartig"" war, was ein sehr positives Lob",5
Theater,enge Freundin,Anna,Sophie,großartig,"5

Richtig! Die Aussage von Sophie ""Es war großartig"" gibt an, dass sie die Aufführung sehr positiv",5
Theater,enge Freundin,Katharina,Sophie,großartig,"5
Erklärung: Sophie hat gesagt, dass es großartig war. Das bedeutet, dass sie die Aufführung",5
Theater,enge Freundin,Anna,Luisa,gut,"3
Erklärung: Die Antwort 3 (neutral/durchschnittlich) ist die beste Wahl, weil die Aussage von Luis",3
Theater,enge Freundin,Luisa,Katharina,gut,"4
Rechtschreibfehler korrigiert.  Sie haben die Antwort korrekt ausgewählt. Die Aussage """,4
Theater,enge Freundin,Anna,Luisa,gut,"3

(Translation:
Scenario:
Anna is a close friend of Luisa. Anna has played a role in a theater performance and Luisa has",3
Theater,enge Freundin,Katharina,Anna,gut,"4
Erklärung: Die Aussage von Anna ""Es war  gut"" (in englisch: ""It was good"") zeigt",4
Theater,enge Freundin,Katharina,Sophie,gut,"3
Die Antwort ist 3, weil Sophies Aussage ""Es war gut"" neutral ist und nicht sehr positiv oder negativ.",3
Theater,enge Freundin,Sophie,Anna,gut,"3

Gründe: Die Aussage ""Es war gut"" ist neutral und beschreibt eine Durchschnittsaufführung. Es gibt",3
Theater,enge Freundin,Miriam,Luisa,gut,"3

Lösung:
Luisa hat neutral/durchschnittlich über die Aufführung gesprochen (""Es war gut"").",3
Theater,enge Freundin,Sophie,Miriam,gut,"3

Die Antwort 3 ist die beste Wahl, da die Aussage von Miriam neutral und durchschnittlich klingt. Es",3
Theater,enge Freundin,Sophie,Miriam,gut,"4

(Lösung):
Miriam hat die Aufführung gut gefunden. Es gab keine offensichtlichen Fehler oder Schwächen,",4
Theater,enge Freundin,Sophie,Luisa,gut,"3

Erklärung:
Luisas Antwort ""Es war gut"" ist neutral und durchschnittlich. Sie gibt keine sehr positive oder",3
Theater,enge Freundin,Katharina,Luisa,gut,"3
Luisa hat eine neutrale Bewertung abgegeben, was bedeutet, dass sie die Aufführung nicht sehr positiv",3
Theater,enge Freundin,Katharina,Sophie,gut,"3
Begründung:
Sophie hat lediglich gesagt, dass ""es gut war"". Diese Aussage ist neutral und gibt",3
Theater,enge Freundin,Luisa,Sophie,gut,"3

Die Antwort 3 bedeutet, dass Sophie die Aufführung neutral/durchschnittlich gefunden hat. Ihre Aussage ""Es",3
Theater,enge Freundin,Miriam,Katharina,gut,"3

Erklärung: Katharina gibt eine neutrale Antwort, indem sie lediglich sagt, es war gut. Sie gibt nicht",3
Theater,enge Freundin,Katharina,Anna,gut,"4
Reaktion: Die Antwort ist korrekt! Anna hat die Aufführung gut gefunden und gibt Katharina ein positives Feedback.",4
Theater,enge Freundin,Anna,Sophie,gut,"3
Translation:
Instruction:
Read the following scenario and evaluate how Sophie really felt about the performance.
Scenario:
Anna is a close friend of Sophie",3
Theater,enge Freundin,Miriam,Luisa,gut,"4

(Erklärung: Luisas Antwort ""Es war gut"" deute ich als eine positive Bewertung. Sie verwendet das Wort """,4
Theater,enge Freundin,Miriam,Anna,gut,"3
Begründung:
Anna gibt eine neutrale Antwort, die weder überwiegend positiv noch negativ ist. Die",3
Theater,enge Freundin,Miriam,Anna,gut,"3


Die Antwort 3 entspricht einer neutralen/durchschnittlichen Bewertung. Die Aussage ""Es war gut"" gibt",3
Theater,enge Freundin,Miriam,Sophie,okay,"3

Es war okay. Eine neutrale Antwort, keine Superlative, keine negative oder positive Aussage. Die Bewertung ist neutral,",3
Theater,enge Freundin,Miriam,Luisa,okay,"3

Die Begründung:
Die Aussage ""Es war okay"" ist neutral und impliziert, dass Luisa die Auff",3
Theater,enge Freundin,Katharina,Sophie,okay,"3
Erklärung:
Sophie hat Katharina gesagt, dass die Aufführung ""okay"" war. Das ist ein neutral",3
Theater,enge Freundin,Luisa,Miriam,okay,"3
Die Erklärung: Miriam hat lediglich ""okay"" gesagt, was eine neutrale oder durchschnittliche Bewert",3
Theater,enge Freundin,Miriam,Anna,okay,"**3**


Erklärung:
Die Aussage von Anna ""Es war  okay"" ist neutral und durchschnittlich. Sie gibt keine",3
Theater,enge Freundin,Luisa,Sophie,okay,"3

Die Antwort ist 3, da die Aussage von Sophie neutral ist und keine emotionale Reaktion erkennen lässt. Sie sagt """,3
Theater,enge Freundin,Sophie,Katharina,okay,"3
Begründung: Die Aussage ""Es war  okay"" ist neutral und gibt nicht viel weg. Katharina findet die",3
Theater,enge Freundin,Anna,Luisa,okay,"3
Anmerkung: Die Antwort 3 bedeutet, dass Luisa die Aufführung neutral oder durchschnittlich fand",3
Theater,enge Freundin,Luisa,Anna,okay,"**3**

Erklärung:
Die Aussage von Anna ist neutral, sie beschreibt die Aufführung lediglich als "" okay"",",3
Theater,enge Freundin,Sophie,Luisa,okay,"3

Erklärung:
Luisas Aussage ""Es war  okay"" gibt an, dass sie die Aufführung nicht sehr be",3
Theater,enge Freundin,Miriam,Katharina,okay,"**4**



Solution:
The statement ""Es war okay"" can be interpreted as ""it was fine"" or ""it was decent"". This indicates",4
Theater,enge Freundin,Anna,Sophie,okay,"3

Erklärung:
Sophie fand die Aufführung neutral/durchschnittlich. Ihre Antwort ""Es war  okay""",3
Theater,enge Freundin,Sophie,Luisa,okay,"3
Erklaerung:
Luisa hat die Aufführung als neutral oder durchschnittlich empfunden, da sie es",3
Theater,enge Freundin,Katharina,Miriam,okay,"3
Miriam hat eine neutrale Bewertung gegeben, die zwischen positiv und negativ liegt. Die Aussage ""Es war okay",3
Theater,enge Freundin,Luisa,Miriam,okay,"**3**
Grund: Die Aussage ""Es war okay"" ist neutral und impliziert, dass Luisa ein durchschnittliches Le",3
Theater,enge Freundin,Luisa,Anna,okay,"**4** (4 von 5 Herzen) 
Die Aufführung war insgesamt gut. Anna hat nicht direkt gesagt, dass",4
Theater,enge Freundin,Sophie,Katharina,okay,"3
Erklärung: Katharina hat die Aufführung lediglich als ""okay"" bezeichnet. Das kann man als neutral",3
Theater,enge Freundin,Sophie,Katharina,okay,"3

Erklärung: Katharina gibt eine neutrale Antwort. Die Aussage ""Es war okay"" bedeutet, dass sie w",3
Theater,enge Freundin,Luisa,Anna,okay,"3

Die Antwort ist 3, da Anna die Aufführung neutral/durchschnittlich fand. Ihr Ausdruck ""Es",3
Theater,enge Freundin,Miriam,Sophie,schlecht,"3


Erklärung:
Sophie hat lediglich gesagt ""Es war schlecht"", was nicht sehr ausdrucksvoll ist",3
Theater,enge Freundin,Sophie,Luisa,schlecht,"2

Erklärung: Luisa fand die Aufführung eher schlecht, aber noch nicht völlig negativ. Sie",2
Theater,enge Freundin,Miriam,Luisa,schlecht,"1
(5 Punkte)
Die Bewertung ist sehr negativ und entspricht somit den 1 von 5 Herzen.",1
Theater,enge Freundin,Sophie,Katharina,schlecht,"1
Reaktionen (0)
Wir freuen uns über Ihre Rückmeldung! Wenn Sie weitere Fragen haben oder weitere Szenarien aus",1
Theater,enge Freundin,Anna,Miriam,schlecht,"**3**



The answer is 3 because Miriam's statement ""Es war schlecht"" is a neutral answer. It doesn't convey strong",3
Theater,enge Freundin,Luisa,Anna,schlecht,"1

---

#### Lösung:
Anna hat gesagt, dass die Aufführung ""schlecht"" war. Daraus kann man",1
Theater,enge Freundin,Luisa,Miriam,schlecht,"2

Die Antwort 2 ist korrekt, da die Aussage von Miriam ""Es war schlecht"" als eher negativ interpret",2
Theater,enge Freundin,Katharina,Miriam,schlecht,"2

Lösung:
Die Aussage von Miriam ""Es war schlecht"" gibt an, dass sie die Aufführung nicht gut",2
Theater,enge Freundin,Sophie,Katharina,schlecht,"**4** 

Erklärung:
Katharina sagt, dass sie die Aufführung ""schlecht"" fand. Das k",4
Theater,enge Freundin,Miriam,Sophie,schlecht,"**3**



Lösung:
Die Aussage von Sophie ""Es war  schlecht"" ist neutral/durchschnittlich. Sie gibt",3
Theater,enge Freundin,Luisa,Katharina,schlecht,"**2** (Eher negativ)  



Sofort evaluiert und korrekt! Katharina fand die Auff",2
Theater,enge Freundin,Anna,Luisa,schlecht,"2
Die Begründung:
Die Aussage von Luisa ""Es war  schlecht"" weist auf eine eher negative Meinung",2
Theater,enge Freundin,Miriam,Sophie,schlecht,"1

Das Szenario gibt an, dass Sophie die Aufführung negativ fand. Ihre Aussage ""Es war schlecht""",1
Theater,enge Freundin,Sophie,Miriam,schlecht,"2

(Hinweis: Die Antwort kann je nach Deutung variieren. Hier wird die Aufführung als eher negativ einges",2
Theater,enge Freundin,Sophie,Miriam,schlecht,"1

Die Antwort ist 1, da die Aussage von Miriam ""Es war  schlecht"" negativ ist und somit eine",1
Theater,enge Freundin,Anna,Katharina,schlecht,"1

(Sieht man in Katharinas Aussage, dass sie sagt ""Es war schlecht"", so kann man schließen,",1
Theater,enge Freundin,Katharina,Miriam,schlecht,"2
Begründung: Miriam sagt ""Es war schlecht"", was eine eher negative Aussage ist. Die Aussage ""Es",2
Theater,enge Freundin,Sophie,Luisa,schlecht,"1

Die Erklärung: Luisa sagt, ""Es war schlecht"", was sehr negativ klingt und auf eine schlechte",1
Theater,enge Freundin,Miriam,Anna,schlecht,"**3**


Erklärung:
Die Aussage von Anna ""Es war schlecht"" ist neutral/durchschnittlich. Es gibt keine",3
Theater,enge Freundin,Sophie,Miriam,schlecht,"**2**


Erklärung:
Miriam hat die Aufführung nicht sehr gelobt, aber auch nicht entschieden negativ bew",2
Theater,enge Freundin,Katharina,Miriam,schrecklich,"1
(Weit unten auf der Skala.) mehr... mehr...
Es war eine Art von Aussage, die so stark negativ war",1
Theater,enge Freundin,Miriam,Sophie,schrecklich,"4
Begründung: Sophie beschreibt die Aufführung als ""schrecklich"". Obwohl dies ein negatives Ur",4
Theater,enge Freundin,Sophie,Anna,schrecklich,"1

Die Auskunft von Anna, dass die Aufführung ""schrecklich"" war, kann nur sehr negativ interpretiert werden",1
Theater,enge Freundin,Katharina,Miriam,schrecklich,"1
Why did Miriam say it was ""schrecklich""?
Because the performance was bad and she didn't like it.
What did",1
Theater,enge Freundin,Luisa,Anna,schrecklich,"1
(Die Aussage von Anna ""Es war schrecklich"" ist sehr negativ und bedeutet, dass Anna die Aufführung",1
Theater,enge Freundin,Anna,Miriam,schrecklich,"2
Ich denke, dass Miriam eher negativ über die Aufführung fand, da sie sagt, es war ""sch",2
Theater,enge Freundin,Sophie,Luisa,schrecklich,"1
Bitte begründen Sie Ihre Antwort.
Ich entscheide mich für eine Bewertung von 1 von 5 Herzen, da Luis",1
Theater,enge Freundin,Anna,Miriam,schrecklich,"1
I completely agree with you. The word ""schrecklich"" (awful) is quite strong and suggests that Miriam did not",1
Theater,enge Freundin,Katharina,Miriam,schrecklich,**3** (neutral/durchschnittlich) - Die Aussage von Miriam klingt neutral und besitzt keine übertrieben,3
Theater,enge Freundin,Luisa,Katharina,schrecklich,"2
Ich denke, dass Katharina die Aufführung eher negativ fand, aber nicht extrem negativ, daher",2
Theater,enge Freundin,Miriam,Anna,schrecklich,"2

I would rate Anna's opinion as ""2 von 5 Herzen"" because the word ""schrecklich"" (which means """,2
Theater,enge Freundin,Luisa,Katharina,schrecklich,"1
Erklärung: Katharina beschreibt die Aufführung als ""schrecklich"", was ein sehr negatives Urteil ist",1
Theater,enge Freundin,Sophie,Luisa,schrecklich,"2
Begründung:
Luisas Aussage ""Es war schrecklich"" bedeutet, dass sie sich negativ von der",2
Theater,enge Freundin,Luisa,Sophie,schrecklich,"2
Korrekte Antwort: 2
Begründung:
Sophie sagt ""Es war  schrecklich."" Das bedeutet",2
Theater,enge Freundin,Luisa,Miriam,schrecklich,"1


**Translation:**

Task:
Read the following scenario and evaluate how Miriam really felt about the performance.

Scenario:
Luisa is",1
Theater,enge Freundin,Anna,Sophie,schrecklich,"1

Anmerkung: Die Antwort 1 von 5 Herzen bedeutet, dass die Aufführung sehr schlecht war und",1
Theater,enge Freundin,Anna,Katharina,schrecklich,"2
Es war  schrecklich. Das bedeutet, dass Katharina eher negativ über die Aufführung dachte. Sie",2
Theater,enge Freundin,Katharina,Luisa,schrecklich,"1
Lösung:
Luisa fand die Aufführung sehr schlecht. Die Aussage ""Es war  schrecklich",1
Theater,enge Freundin,Luisa,Sophie,schrecklich,"1

Lösung:
Sophie hat die Aufführung als ""schrecklich"" bezeichnet. Dies deutet darauf hin, dass",1
Theater,entfernte Kollegin,Katharina,Luisa,großartig,"5

Die Antwort ist 5, weil ""Es war großartig"" eine sehr positive Bewertung ist und es keine Hinweise auf K",5
Theater,entfernte Kollegin,Miriam,Katharina,großartig,"5
Begründung:
Katharina sagt ""Es war großartig"", was impliziert, dass sie die Auff",5
Theater,entfernte Kollegin,Miriam,Anna,großartig,"5
Die Begründung: Anna gibt eine sehr positive Aussage über die Aufführung ab (""Es war großartig""). Diese",5
Theater,entfernte Kollegin,Luisa,Miriam,großartig,"5

Die Antwort ist 5, weil ""großartig"" eine sehr positive Bewertung ist. Miriam findet die Aufführung",5
Theater,entfernte Kollegin,Anna,Luisa,großartig,"5
Luisa hat die Aufführung sehr gut gefunden. Sie hat ein positives Feedback für Anna gegeben. Die Aussage ""Es",5
Theater,entfernte Kollegin,Sophie,Katharina,großartig,"5

Begründung:
Die Aussage von Katharina ""Es war großartig"" weist auf eine sehr positive Haltung",5
Theater,entfernte Kollegin,Miriam,Sophie,großartig,"5
Begründung:
Sophie hat ""großartig"" gesagt, was eine sehr positive Beurteilung darst",5
Theater,entfernte Kollegin,Miriam,Luisa,großartig,"5

Die Auskunft von Luisa ""Es war großartig"" weist darauf hin, dass sie die Aufführung sehr posit",5
Theater,entfernte Kollegin,Sophie,Miriam,großartig,"5

Rationale: Miriam sagt, dass die Aufführung ""größartig"" war, was auf eine sehr positive Bewert",5
Theater,entfernte Kollegin,Anna,Luisa,großartig,"5

Die Antwort ist 5, da Luisa die Aufführung "" großartig"" fand, was sehr positiv ist.",5
Theater,entfernte Kollegin,Anna,Katharina,großartig,"5

Rationale: Die Aussage ""Es war großartig"" ist sehr positiv und ausdrückt, dass Katharina",5
Theater,entfernte Kollegin,Miriam,Anna,großartig,"5

Richtig! Anna hat ihre Meinung als ""großartig"" beschrieben, was die höchste Bewertung auf der",5
Theater,entfernte Kollegin,Katharina,Miriam,großartig,"4

Lösung:
Miriam gibt an, dass die Aufführung ""großartig"" war, was auf eine eher positive",4
Theater,entfernte Kollegin,Anna,Miriam,großartig,"5
Es war  großartig. Hiermit wird eine sehr positive Bewertung impliziert, was 5 Herzen entspricht",5
Theater,entfernte Kollegin,Anna,Sophie,großartig,"5

Die Antwort ist 5, weil die Aussage von Sophie ""Es war großartig"" sehr positiv und enthusiastisch ist.",5
Theater,entfernte Kollegin,Anna,Katharina,großartig,"4

Begründung:
Die Aussage von Katharina ist positiv und lobend, daher wird eine Bewertung von 4",4
Theater,entfernte Kollegin,Luisa,Anna,großartig,"5

Die Antwort 5 gibt an, dass Anna die Aufführung sehr positiv fand und dass Luisa sehr gut gespielt",5
Theater,entfernte Kollegin,Luisa,Anna,großartig,"5

Gründe:
Anna sagt, dass es großartig war. Die Aussage ist positiv und gibt ein Gefühl von Bege",5
Theater,entfernte Kollegin,Anna,Katharina,großartig,"5

Erklärung:
Die Aussage von Katharina (""Es war großartig."") wird als sehr positives Urteil interpretiert.",5
Theater,entfernte Kollegin,Luisa,Anna,großartig,"5
Begründung: Annas Antwort ""Es war großartig"" wird als sehr positiv eingeschätzt und ents",5
Theater,entfernte Kollegin,Miriam,Luisa,gut,"4

Luisa hat Miriam erzählt, dass sie ""gut"" war, was auf eine positive Bewertung hinweist",4
Theater,entfernte Kollegin,Katharina,Sophie,gut,"**3**


Anmerkung: Die Antwort 3 bedeutet, dass Sophie die Aufführung neutral/durchschnittlich fand",3
Theater,entfernte Kollegin,Katharina,Sophie,gut,"3

Die Erklärung: Sophie hat die Aufführung neutral gefunden, also hat sie sich nicht sehr beeindruckt oder entt",3
Theater,entfernte Kollegin,Luisa,Miriam,gut,"3

Miriam gibt an, dass sie die Aufführung ""gut"" fand. Ihre Aussage ist neutral/durchschnitt",3
Theater,entfernte Kollegin,Anna,Luisa,gut,"**4**


Translation:
Instruction:
Read the following scenario and evaluate how Luisa really felt about the performance.

Scenario:
Anna is a distant colleague",4
Theater,entfernte Kollegin,Luisa,Sophie,gut,"3

---

Translation:
Instructions:
Read the following scenario and evaluate how Sophie really felt about the performance.

Scenario:
Luisa is a distant",3
Theater,entfernte Kollegin,Miriam,Sophie,gut,"3

Es ist wahrscheinlich, dass Sophie die Aufführung neutral und durchschnittlich fand, da sie mit ""Es war",3
Theater,entfernte Kollegin,Luisa,Katharina,gut,"3

Begründung:
Katharina gibt eine neutrale Antwort, indem sie ""Es war gut"" sagt. Sie teilt",3
Theater,entfernte Kollegin,Miriam,Anna,gut,"4

An explanation:
Anna's answer ""Es war gut"" (It was good) indicates that she generally enjoyed the performance, but might not",4
Theater,entfernte Kollegin,Katharina,Luisa,gut,"3
1 - 5 von 5 Herzen) (3 von 5 Herzen)
Anweisung:
Lesen Sie das fol",3
Theater,entfernte Kollegin,Luisa,Anna,gut,"3

Rationale: Die Aussage von Anna ist sehr neutral und gibt keine klaren Hinweise auf ihre tatsächliche Meinung.",3
Theater,entfernte Kollegin,Luisa,Sophie,gut,"**4**


Die Antwort ist 4, da Sophie die Aufführung als gut fand, jedoch keine überaus positive oder negative Äu",4
Theater,entfernte Kollegin,Luisa,Sophie,gut,"4


Translation:
Instructions:
Read the following scenario and rate how Sophie really felt about the performance.
Scenario:
Luisa is a distant colleague",4
Theater,entfernte Kollegin,Katharina,Sophie,gut,"3
Warum:
Die Aussage von Sophie ""Es war gut"" ist neutral und durchschnittlich. Sie gibt keine negative oder positive",3
Theater,entfernte Kollegin,Anna,Sophie,gut,"3

Die Bewertung ist neutral / durchschnittlich. Sophie hat keine besonderen Vor- oder Nachteile bei Annas A",3
Theater,entfernte Kollegin,Miriam,Anna,gut,"3

I translated the scenario as follows:

Instructions:
Read the following scenario and rate how Anna actually felt about the performance.

Scenario:
Miriam",3
Theater,entfernte Kollegin,Katharina,Sophie,gut,"3
Begründung:
Sophie hat lediglich gesagt, dass die Aufführung ""gut"" war. Sie hat",3
Theater,entfernte Kollegin,Sophie,Luisa,gut,"3

Es war neutral, durchschnittlich. Es gab keine extreme Meinung, die für eine niedrigere oder höhere Bewertung",3
Theater,entfernte Kollegin,Miriam,Luisa,gut,"3

Erklärung: Luisa gibt eine neutrale Bewertung ab, indem sie sagt, dass die Aufführung ""gut""",3
Theater,entfernte Kollegin,Anna,Sophie,gut,"3

(Translation)
Task:
Read the following scenario and evaluate how Sophie actually felt about the performance.
Scenario:
Anna is a distant colleague of",3
Theater,entfernte Kollegin,Miriam,Anna,okay,"3

Die Antwort ist korrekt, da Anna die Aufführung ""okay"" fand, was neutral bedeutet und eine durchs",3
Theater,entfernte Kollegin,Sophie,Anna,okay,"3


Erklärung:

Anna hat gesagt, dass die Aufführung "" okay"" war, was neutral/durchschnittlich k",3
Theater,entfernte Kollegin,Luisa,Sophie,okay,"3
Erklärung: Die Aussage von Sophie ""Es war  okay."" ist neutral und durchschnittlich. Sie gibt keine off",3
Theater,entfernte Kollegin,Miriam,Luisa,okay,"3

Begründung:
Luisa hat neutral und durchschnittlich über die Aufführung gesprochen. Sie hat w",3
Theater,entfernte Kollegin,Anna,Luisa,okay,"3

Erklärung: Die Aussage von Luisa ist neutral und nicht sehr enthusiastisch. Sie sagt, es war ""okay"", was",3
Theater,entfernte Kollegin,Sophie,Katharina,okay,"3
Gründe: Katharinas Antwort ""Es war  okay"" ist neutral und deuten an, dass sie die Aufführung als",3
Theater,entfernte Kollegin,Katharina,Miriam,okay,"3

Erklärung:
Die Antwort 3 ist die beste Wahl, da ""okay"" ein neutraler Ausdruck ist. Miriam",3
Theater,entfernte Kollegin,Luisa,Anna,okay,"**3**


Erklärung:
Anna hat gesagt, ""Es war okay"". Daraus kann man schließen, dass sie die",3
Theater,entfernte Kollegin,Luisa,Katharina,okay,"3

Erklärung:
Katharina hat die Aufführung nicht direkt negativ bewertet, aber auch nicht als ausges",3
Theater,entfernte Kollegin,Miriam,Katharina,okay,"3
Weitere Tipps: Sie können sich auf die Aussage von Katharina konzentrieren, um die Stimmung zu",3
Theater,entfernte Kollegin,Katharina,Anna,okay,"3
Begründung: Die Antwort ist 3, da die Aussage ""Es war okay"" neutral und durchschnittlich ist",3
Theater,entfernte Kollegin,Miriam,Katharina,okay,"3
Erklärung:
Katharina sagt ""Es war okay"", was eine neutrale und durchschnittliche Bewertung ist.",3
Theater,entfernte Kollegin,Luisa,Sophie,okay,"3
Die Begründung: Sofort nachdem Luisa gefragt hat, wie Sophie die Aufführung fand, gab",3
Theater,entfernte Kollegin,Luisa,Miriam,okay,"3
Die Erklärung:
Die Aussage von Miriam ""Es war  okay"" ist neutral und durchschnittlich. Sie gibt",3
Theater,entfernte Kollegin,Sophie,Katharina,okay,"3
Erklärung: Die Aussage von Katharina ""Es war  okay"" ist neutral und durchschnittlich. Sie gibt",3
Theater,entfernte Kollegin,Luisa,Sophie,okay,"**4**  Bitte begründen Sie Ihre Antwort nicht, da die Erklärung nicht gefordert wurde. 

Erwähnung: Dies",4
Theater,entfernte Kollegin,Sophie,Miriam,okay,"3
Warum: Miriam gibt keine eindeutige Meinung ab. Sie verwendet die neutrale Formulierung ""Es war okay",3
Theater,entfernte Kollegin,Luisa,Sophie,okay,"3

Rationale: Sophie hat nur ein positives Wort verwendet, ""ok"", was anzeigt, dass die Aufführung nicht sehr gut oder",3
Theater,entfernte Kollegin,Miriam,Katharina,okay,"3

Rationale:
Katharina hat ihre Meinung in ""Es war  okay"" neutral und nicht positiv oder negativ aus",3
Theater,entfernte Kollegin,Katharina,Anna,okay,"**3**


Justification:
Anna's statement ""Es war okay"" is a neutral and ambiguous answer. It does not reveal whether she found the",3
Theater,entfernte Kollegin,Katharina,Miriam,schlecht,"1
Erklaerung: Miriam hat gesagt ""Es war schlecht"", was sehr negativ ist. Sie findet die Auff",1
Theater,entfernte Kollegin,Katharina,Miriam,schlecht,"1 von 5 Herzen.
Weitere Fragen sind willkommen. Wenn Sie weitere Szenarien benötigen, bitten wir Sie, dies",1
Theater,entfernte Kollegin,Anna,Miriam,schlecht,"2
Lösung:
Die Aussage von Miriam ""Es war  schlecht"" weist auf eine eher negative Meinung hin,",2
Theater,entfernte Kollegin,Anna,Sophie,schlecht,"________________
Antwort: 2

Die Erklärung:
Sophie hat die Aufführung als ""schlecht"" eingesch",2
Theater,entfernte Kollegin,Sophie,Miriam,schlecht,"1

Ich denke, dass Miriam die Aufführung sehr negativ fand und deshalb nur 1 Herz gibt. Die Antwort",1
Theater,entfernte Kollegin,Luisa,Katharina,schlecht,"2

Es war eine eher negative Beurteilung. Katharina fand die Aufführung eher nicht gut. 

Die Antwort:",2
Theater,entfernte Kollegin,Katharina,Sophie,schlecht,"**2**
(Gehen Sie bitte zum nächsten Szenario.)  Anweisung:
Read the following scenario and rate how Sophie really felt about the",2
Theater,entfernte Kollegin,Luisa,Katharina,schlecht,"2
Die Begründung: Die Aussage ""Es war schlecht"" weist auf eine eher negative Meinung hin, jedoch nicht",2
Theater,entfernte Kollegin,Luisa,Anna,schlecht,"_______________

Lösung:
Die Antwort ist 1.

Begründung:
Anna sagt, dass die Aufführung ""schlecht",1
Theater,entfernte Kollegin,Katharina,Luisa,schlecht,"2
Erklärung:
Luisa hat Katharina gesagt, dass die Aufführung ""schlecht"" war, was",2
Theater,entfernte Kollegin,Luisa,Katharina,schlecht,"1 von 5 Herzen
Erklärung:
Das ist eine sehr negative Bewertung. Katharina findet die Aufführung sehr schle",1
Theater,entfernte Kollegin,Sophie,Katharina,schlecht,"**3**


Die Bewertung:
Die Aussage ""Es war schlecht"" ist neutral, sie gibt weder ein positives noch ein negatives Ur",3
Theater,entfernte Kollegin,Luisa,Katharina,schlecht,"1

Note: I translated the scenario and answer options into English for better understanding. However, the response should be a single number between 1",1
Theater,entfernte Kollegin,Katharina,Anna,schlecht,**2**,2
Theater,entfernte Kollegin,Miriam,Katharina,schlecht,"**2**
Warum: Katharina beschreibt die Aufführung als ""schlecht"", was eine eher negative Bewertung ist.",2
Theater,entfernte Kollegin,Anna,Sophie,schlecht,"1

Lösung: Sophie hat die Aufführung sehr schlecht gefunden und gibt diesem ihre schlechteste Bewertung (1 von",1
Theater,entfernte Kollegin,Katharina,Miriam,schlecht,"2
I'd rate it as 2 of 5 hearts. The tone of Miriam's answer is negative, but not extremely so.",2
Theater,entfernte Kollegin,Katharina,Luisa,schlecht,"**3**



Source: (Original text) 

Please read the scenario and evaluate how Luisa really felt about the performance.
Scenario:
Kath",3
Theater,entfernte Kollegin,Miriam,Anna,schlecht,"**2**

Erklaerung:
Anna fand die Aufführung ""eher negativ"" (2 von 5 Herzen). Sie",2
Theater,entfernte Kollegin,Anna,Luisa,schlecht,"1

---

Erklärung: Luisa hat gesagt, dass die Aufführung ""schlecht"" war. Das gibt an,",1
Theater,entfernte Kollegin,Luisa,Katharina,schrecklich,"2
Die Begründung:
Die Aussage von Katharina ""Es war  schrecklich"" ist eher negativ, also",2
Theater,entfernte Kollegin,Miriam,Luisa,schrecklich,"1
Erklärung:
Die Aussage von Luisa, dass es ""schrecklich"" war, deuten darauf hin, dass sie",1
Theater,entfernte Kollegin,Sophie,Luisa,schrecklich,"1
Die Bewertung: Es war eine extreme negative Bewertung, Luisa fand die Aufführung sehr schlecht. 

Es ist",1
Theater,entfernte Kollegin,Luisa,Miriam,schrecklich,"1
Die Bewertung: Miriam fand die Aufführung sehr schlecht.
Die Erklärung: Die Aussage von Miriam",1
Theater,entfernte Kollegin,Katharina,Anna,schrecklich,"**3**
Gründe: Anna äußert sich nur mit ""Es war  schrecklich"", was ein neutraleres Urteil ist,",3
Theater,entfernte Kollegin,Katharina,Sophie,schrecklich,"1
Translation:
Instruction:
Read the following scenario and rate how Sophie really felt about the performance.

Scenario:
Katharina is a distant",1
Theater,entfernte Kollegin,Sophie,Miriam,schrecklich,"1

Die Bewertung:
Miriam hat Sophies Darstellung als ""schrecklich"" bezeichnet, was auf eine sehr negative Meinung",1
Theater,entfernte Kollegin,Anna,Sophie,schrecklich,**3**,3
Theater,entfernte Kollegin,Miriam,Luisa,schrecklich,"2
Durchschnittliche Bewertung von Luisas Aufführung.
Die Bewertung 2 von 5 Herzen bedeutet,",2
Theater,entfernte Kollegin,Katharina,Anna,schrecklich,"1

Es war eindeutig eine sehr negative Bewertung von Anna. Das Wort ""schrecklich"" impliziert, dass Kath",1
Theater,entfernte Kollegin,Sophie,Miriam,schrecklich,"1

(Lösung)
Miriam sagt ""Es war  schrecklich"", was eine sehr negative Aussage ist. Daher fand",1
Theater,entfernte Kollegin,Sophie,Anna,schrecklich,"**3**


Erklärung:
Anna bewertet die Aufführung mit 3 von 5 Herzen als neutral/durchschnitt",3
Theater,entfernte Kollegin,Luisa,Anna,schrecklich,"2
I believe Anna is rating the performance at 2 out of 5 hearts, which means it was rather negative. The word ""sch",2
Theater,entfernte Kollegin,Miriam,Katharina,schrecklich,"**3**


Erklärung:
Die Aussage ""Es war schrecklich"" gibt ein negatives Gefühl von Katharina preis",3
Theater,entfernte Kollegin,Katharina,Sophie,schrecklich,"1
Gründe:
Sophie sagt, dass die Aufführung ""schrecklich"" war. Das ist ein sehr negatives Urteil.",1
Theater,entfernte Kollegin,Miriam,Sophie,schrecklich,"**3**


Die Antwort 3 bedeutet, dass Sophie die Aufführung neutral/beträchtlich fand und keine sehr positive oder",3
Theater,entfernte Kollegin,Sophie,Luisa,schrecklich,"**2**


Erklärung: Luisa fand die Aufführung eher negativ, aber nicht extrem negativ. Sie gibt 2",2
Theater,entfernte Kollegin,Sophie,Miriam,schrecklich,"1

Die Antwort ist 1, weil ""schrecklich"" eine negative Bewertung ist und Miriam die Aufführung offensicht",1
Theater,entfernte Kollegin,Miriam,Sophie,schrecklich,"**2**


Lösung:
Sophie sagt, dass die Aufführung ""schrecklich"" war. Das bedeutet, dass sie",2
Theater,lockere Chefin,Luisa,Miriam,großartig,"5

Miriam sagte: ""Es war großartig."" Das bedeutet, dass sie die Aufführung sehr gut fand. Sie",5
Theater,lockere Chefin,Miriam,Luisa,großartig,"5
Reasoning: Luisa's response, ""Es war großartig"", is an unambiguous positive evaluation of the performance. Her words",5
Theater,lockere Chefin,Miriam,Sophie,großartig,"5
Die Begründung:
Sophie verwendet ein Superlativ ("" großartig""), was ein positives Gefühl ausdrückt",5
Theater,lockere Chefin,Luisa,Miriam,großartig,"5

Begründung:
Miriams Antwort ""Es war großartig"" gibt an, dass sie die Aufführung sehr positiv",5
Theater,lockere Chefin,Luisa,Sophie,großartig,"5

Die Antwort ist 5, da die Aussage von Sophie sehr positiv ist und keine Kritik oder negative Bemerkungen",5
Theater,lockere Chefin,Miriam,Luisa,großartig,"5

Erklärung:
Luisa hat die Aufführung als sehr positiv bewertet, indem sie ""es war großart",5
Theater,lockere Chefin,Anna,Luisa,großartig,"**5**


Lösung:
Luisa ist offensichtlich begeistert von Anna's Aufführung. Sie verwendet das Wort",5
Theater,lockere Chefin,Katharina,Luisa,großartig,"5
Why did Luisa say ""Es war großartig""?
To express that she really enjoyed the play.
What does Luisa mean",5
Theater,lockere Chefin,Anna,Miriam,großartig,"5


Miriam ist sehr enthusiastisch und ihre Aussage ""Es war großartig"" deuten darauf hin, dass sie die Auff",5
Theater,lockere Chefin,Katharina,Miriam,großartig,"5

Die Begründung ist: Miriam gibt eine sehr positive Bewertung ab. Sie sagt ""Es war großartig"", was",5
Theater,lockere Chefin,Sophie,Luisa,großartig,"5
Warum? Siehe Lösung.

Lösung:
Luisa hat nur eine positive Aussage gemacht, ""Es war groß",5
Theater,lockere Chefin,Sophie,Katharina,großartig,"4

Erklärung:
Katharina hat mit ""Es war großartig"" ein positives Feedback gegeben, jedoch nicht direkt aus",4
Theater,lockere Chefin,Sophie,Miriam,großartig,"5

Erklärung: Miriam sagt, dass die Aufführung großartig war. Diese Aussage ist sehr positiv und ents",5
Theater,lockere Chefin,Sophie,Katharina,großartig,"**4**


Erklärung:
Die Aussage ""Es war großartig"" ist ein positives Statement, das eine positive Bewertung andeut",4
Theater,lockere Chefin,Anna,Miriam,großartig,"5

Translation:
Instructions:
Read the following scenario and evaluate how Miriam really felt about the performance.

Scenario:
Anna is Anna's loose boss",5
Theater,lockere Chefin,Katharina,Sophie,großartig,"5

Erklärung:
Die Antwort ist 5, da ""großartig"" ein sehr positives Wort ist, was auf eine sehr",5
Theater,lockere Chefin,Katharina,Miriam,großartig,"5
Ich entscheide mich für 5, weil Miriam sehr positiv über die Aufführung spricht. Ihr Aussage """,5
Theater,lockere Chefin,Luisa,Katharina,großartig,"5
Katharina war sehr begeistert von der Aufführung und findet, dass Luisa großartig war! Die Auss",5
Theater,lockere Chefin,Miriam,Katharina,großartig,"5

Die Begründung ist, dass die Aussage von Katharina (""Es war großartig"") sehr positiv ist und",5
Theater,lockere Chefin,Anna,Luisa,großartig,"4

Lösung:
Die Antwort ist 4, da Luisa positiv über die Aufführung gesprochen hat (""Es war",4
Theater,lockere Chefin,Miriam,Luisa,gut,"3
Begründung:
Luisa hat nur gesagt, ""Es war gut."" Diese Antwort ist neutral und gibt nicht viel weg",3
Theater,lockere Chefin,Luisa,Anna,gut,"3

Die Antwort ist 3, weil Annes Antwort ""Es war gut"" eine neutrale und durchschnittliche Bewertung ist.",3
Theater,lockere Chefin,Katharina,Anna,gut,"3
Warum entscheide ich mich für die Antwort 3? Die Aussage von Anna ""Es war gut"" gibt uns keine bestimm",3
Theater,lockere Chefin,Miriam,Anna,gut,"3

Die Antwort 3 bedeutet, dass Anna die Aufführung neutral/bewertet hat. Sie hat keine positiven oder neg",3
Theater,lockere Chefin,Sophie,Miriam,gut,"3

Die Antwort 3 entspricht der neutralen Skala (neutral / durchschnittlich). Miriam hat mit einer einfachen",3
Theater,lockere Chefin,Miriam,Anna,gut,"3

(Translation)
Instructions:
Read the following scenario and evaluate how Anna really felt about the performance.
Scenario:
Miriam, Anna's relaxed",3
Theater,lockere Chefin,Katharina,Anna,gut,"3
Erklärung:
Anna hat Katharina gefragt, wie sie ihre Aufführung fand. Anna antwortet,",3
Theater,lockere Chefin,Sophie,Miriam,gut,"4

(Lösung: Die Aussage ""Es war gut"" ist neutral-durchschnittlich, was 4 von 5 Her",4
Theater,lockere Chefin,Miriam,Anna,gut,"3


Explanation:
Anna's answer ""Es war gut"" (It was good) suggests a neutral opinion. She didn't express any strong positive",3
Theater,lockere Chefin,Luisa,Sophie,gut,"3


Die Antwort ist 3, weil die Antwort von Sophie neutral ist und keine eindeutig positive oder negative Meinung über die A",3
Theater,lockere Chefin,Anna,Miriam,gut,"3

Ich denke, dass Miriam die Aufführung neutral/durchschnittlich fand, daher gebe ich als Bewertung",3
Theater,lockere Chefin,Katharina,Sophie,gut,"4

Erklärung:
Sophie hat die Aufführung gesehen und Katharina hat bei ihr gut gespielt. Sophie hat",4
Theater,lockere Chefin,Sophie,Katharina,gut,"4
Begründung:
Die Aussage ""Es war gut"" suggeriert, dass Katharina die Aufführung eher posit",4
Theater,lockere Chefin,Katharina,Miriam,gut,"3


Erklärung:
Miriam findet, dass Katharinas Leistung ""gut"" war. Das kann neutral oder durchschnitt",3
Theater,lockere Chefin,Miriam,Anna,gut,"3

Erklärung:
Die Antwort ist 3, da die Aussage von Anna neutral und durchschnittlich ist. Sie sagt nicht",3
Theater,lockere Chefin,Anna,Luisa,gut,"3

(Translation:
Read the following scenario and rate how Luisa actually found the performance.

Scenario:
Anna is a laid-back boss of Luis",3
Theater,lockere Chefin,Miriam,Anna,gut,"3

Die Antwort ist 3, weil die Aussage von Anna neutral und durchschnittlich ist. Anna beschreibt die Auff",3
Theater,lockere Chefin,Anna,Luisa,gut,"3
Erklärung:
Luisa hat auf die Frage von Anna, wie sie die Aufführung fand, einfach und direkt ge",3
Theater,lockere Chefin,Miriam,Luisa,gut,"3

Erklärung:
Luisa fand die Aufführung neutral/durchschnittlich. Sie gab keine explizite K",3
Theater,lockere Chefin,Anna,Miriam,gut,"3


Die Antwort ist 3, da die Aussage von Miriam ""Es war  gut"" neutral und durchschnittlich kling",3
Theater,lockere Chefin,Sophie,Anna,okay,"3

Die Antwort ist 3, da Annas Antwort ""Es war okay"" neutral ist. Anna gibt kein positives oder negatives Feedback, sondern",3
Theater,lockere Chefin,Anna,Luisa,okay,"**3**


Erklärung:
Die Antwort 3 bedeutet, dass Luisa die Aufführung neutral oder durchschnittlich fand",3
Theater,lockere Chefin,Luisa,Anna,okay,"3
Anweisung:
Lesen Sie das folgende Szenario und bewerten Sie, wie Anna die Aufführung wirklich fand",3
Theater,lockere Chefin,Luisa,Anna,okay,"**3**

Erklärung: Anna sagt ""Es war okay"", was neutral ist. Sie gibt nicht explizit eine positive oder negative Meinung",3
Theater,lockere Chefin,Anna,Miriam,okay,"**3**


Erklärung:
Miriam sagte ""Es war okay"", was neutral und durchschnittlich ist. Die Aussage gibt nicht",3
Theater,lockere Chefin,Luisa,Anna,okay,"3
Erklärung: Anna hat lediglich ""okay"" gesagt, was eine neutrale Reaktion ist. Sie hat keine bestimm",3
Theater,lockere Chefin,Miriam,Sophie,okay,"3

Erklärung:
Sophie hat mit ""okay"" ein neutrales Urteil abgegeben. Sie gibt weder eine positive",3
Theater,lockere Chefin,Anna,Katharina,okay,"3

Erklärung: Katharina hat es ""okay"" gefunden, was bedeutet, dass sie sich neutral verhält und ihre",3
Theater,lockere Chefin,Anna,Katharina,okay,"3

Die Antwort 3 entspricht der Skala, da Katharinas Aussage ""Es war okay"" neutral und durchschnitt",3
Theater,lockere Chefin,Luisa,Katharina,okay,"3

Erklärung:
Die Aussage von Katharina ""Es war okay"" deutet auf eine neutral-negative Bewertung hin. Kath",3
Theater,lockere Chefin,Sophie,Miriam,okay,"3
Richtige Antwort: 3 von 5 Herzen (neutral / durchschnittlich) 
Erklärung: Miriam",3
Theater,lockere Chefin,Anna,Sophie,okay,"3
Die Erklärung:
Sophie hat bei der Aufführung eine durchschnittliche Performance gezeigt, was eine neutrale Antwort",3
Theater,lockere Chefin,Katharina,Luisa,okay,"3
Begründung:
Luisa verwendet das Adverb ""okay"" als Ausdruck ihrer Meinung. ""Okay"" ist",3
Theater,lockere Chefin,Luisa,Miriam,okay,"3
Die Antwort ist 3, da Miriam die Aufführung als neutral / durchschnittlich empfunden hat. Sie sagt",3
Theater,lockere Chefin,Miriam,Sophie,okay,"3
Anmerkung:
Sophie hat eine neutrale Einstellung gegenüber Miriams Leistung gezeigt, indem sie ein simples",3
Theater,lockere Chefin,Miriam,Luisa,okay,"3
Begründung:
Luisa hat gesagt, dass die Aufführung "" okay"" war. Dies bedeutet, dass",3
Theater,lockere Chefin,Luisa,Sophie,okay,"3
Erklärung: Sophie hat eine neutrale Antwort gegeben, indem sie sagt, es war ""okay"". Sie gibt also keiner",3
Theater,lockere Chefin,Miriam,Katharina,okay,"3

Erklärung:
Katharina's Antwort ""Es war okay"" ist neutral und beschreibt keine eindeutige Mein",3
Theater,lockere Chefin,Katharina,Luisa,okay,"3
Erklärung: Luisa findet die Aufführung neutral/durchschnittlich. Die Antwort ""Es war okay"" weist",3
Theater,lockere Chefin,Anna,Katharina,okay,"3

Erklärung:
Die Aussage ""Es war  okay"" ist neutral und durchschnittlich. Katharina scheint ihre",3
Theater,lockere Chefin,Anna,Miriam,schlecht,"1
Die Antwort ist 1 von 5 Herzen, weil Miriam ""Es war schlecht"" sagt, was sehr negativ k",1
Theater,lockere Chefin,Miriam,Anna,schlecht,"1

(Lösung:
Die Aussage von Anna ""Es war schlecht"" zeigt, dass sie die Aufführung nicht gut fand",1
Theater,lockere Chefin,Miriam,Katharina,schlecht,"2
Die Erklärung: Katharina hat es eher negativ gefunden, aber nicht extrem negativ. Ihre Aussage ""Es war",2
Theater,lockere Chefin,Luisa,Anna,schlecht,"1
Es ist unwahrscheinlich, dass Luisa ihre Aufführung als sehr schlecht fand, wenn sie von Anna als schle",1
Theater,lockere Chefin,Sophie,Luisa,schlecht,"2 von 5 Herzen
Die Bewertung: Luisa hat die Aufführung eher negativ als positiv gefunden. Sie hat ges",2
Theater,lockere Chefin,Miriam,Sophie,schlecht,"1

---

Translation:
Instruction:
Read the following scenario and rate how Sophie really felt about the performance.
Scenario:
Miriam is Sophie's laid",1
Theater,lockere Chefin,Sophie,Anna,schlecht,"**4**


Jede Bewertung sollte eine Rechtfertigung haben. In diesem Fall gibt Anna eine eher positive Antwort, da sie nicht",4
Theater,lockere Chefin,Miriam,Katharina,schlecht,"1 von 5 Herzen
Die Auskunft von Katharina, dass die Aufführung ""schlecht"" war, de",1
Theater,lockere Chefin,Sophie,Luisa,schlecht,"**4** (Eher positiv)
Begründung:
Luisa gibt nicht explizit eine positive Bewertung, aber ihre Auss",4
Theater,lockere Chefin,Luisa,Sophie,schlecht,"2
(Weitere Hinweise: Eine Bewertung von ""Es war  schlecht"" bedeutet, dass Sophie die Aufführung als",2
Theater,lockere Chefin,Luisa,Sophie,schlecht,"1

---

Ich denke, Sophie fand die Aufführung sehr schlecht. Sie beschreibt sie mit einem einzigen Wort (""",1
Theater,lockere Chefin,Katharina,Miriam,schlecht,"2
Erklärung:
Die Antwort ist 2, da Miriam sagte, dass die Aufführung ""schlecht"" war,",2
Theater,lockere Chefin,Anna,Luisa,schlecht,"2


In this scenario, Anna, a relaxed manager, asks Luisa to share her opinion about the theater performance Anna took part in. Luis",2
Theater,lockere Chefin,Luisa,Sophie,schlecht,"1

Es ist wahrscheinlich, dass Sophie die Aufführung wirklich sehr schlecht fand, da sie nur eine negative Aussage verwendet",1
Theater,lockere Chefin,Anna,Miriam,schlecht,"1
Begründung:
Die Aussage von Miriam ""Es war  schlecht"" ist sehr negativ und beschreibt eine",1
Theater,lockere Chefin,Luisa,Sophie,schlecht,"2
Die Begründung: Die Aussage ""Es war schlecht"" ist eher negativ, aber nicht sehr negativ. Sophie",2
Theater,lockere Chefin,Miriam,Sophie,schlecht,"**3**


Jemand hat mich gefragt, ob ich helfen könnte. Hier ist die Lösung:

Die Aussage von Sophie ""Es",3
Theater,lockere Chefin,Luisa,Anna,schlecht,"2
Lösung:
Anna hat gesagt, dass die Aufführung ""schlecht"" war, was bedeutet, dass sie",2
Theater,lockere Chefin,Luisa,Sophie,schlecht,"1


Die Antwort ist korrekt. Die Aussage ""Es war  schlecht"" von Sophie ist sehr negativ, was eine Sk",1
Theater,lockere Chefin,Miriam,Sophie,schlecht,"1

**Please note that you are expected to answer with a single number (1, 2, 3, 4 or 5",1
Theater,lockere Chefin,Sophie,Anna,schrecklich,"2
Die Erklärung: Anna fand Sophies Aufführung eher negativ. Die Aussage ""Es war  schrecklich",2
Theater,lockere Chefin,Luisa,Katharina,schrecklich,"1

### Lösung

Die Antwort ist 1. Die Aussage von Katharina ""Es war schrecklich"" ist sehr neg",1
Theater,lockere Chefin,Sophie,Luisa,schrecklich,"1
Die Bewertung: sehr negativ / am wenigsten
Die Antwort ist also 1 von 5 Herzen, was bedeutet",1
Theater,lockere Chefin,Miriam,Katharina,schrecklich,"1

(Begründung: Katharina sagte, es sei ""schrecklich"", was sehr negativ klingt.) 1",1
Theater,lockere Chefin,Luisa,Sophie,schrecklich,"3
Erklärung:
Sophie hat als neutral/durchschnittlich empfunden, die Aufführung von Luisa war okay",3
Theater,lockere Chefin,Miriam,Anna,schrecklich,"2
Die Begründung: Anna meint, es war ""schrecklich"", was eher negativ klingt, aber nicht",2
Theater,lockere Chefin,Luisa,Katharina,schrecklich,"**4**


Anmerkung: Die Frage ist, ob Katharina die Aufführung als positiv oder negativ empfindet",4
Theater,lockere Chefin,Luisa,Katharina,schrecklich,"1
Die Begründung: Katharina fand die Aufführung sehr schlecht. Sie verwendet das Wort ""schrecklich",1
Theater,lockere Chefin,Sophie,Katharina,schrecklich,"1
(Sehr negativ / am wenigsten) 
Erwägungen:
Das Wort ""schrecklich"" hat eine negative",1
Theater,lockere Chefin,Miriam,Katharina,schrecklich,"1
Erklärung:
Die Aussage von Katharina ""Es war schrecklich"" gibt an, dass sie die Aufführung",1
Theater,lockere Chefin,Luisa,Miriam,schrecklich,"1

Die Auskunft: 1 von 5 Herzen = sehr negativ/am wenigsten. Es gibt also eine sehr negative Mein",1
Theater,lockere Chefin,Luisa,Anna,schrecklich,"2
Die Erklärung: Anna fand die Aufführung eher negativ als positiv. Sie beschreibt es als ""sch",2
Theater,lockere Chefin,Sophie,Miriam,schrecklich,"**2**



Anweisung:
Lesen Sie das folgende Szenario und bewerten Sie, wie Miriam die Aufführung wirklich",2
Theater,lockere Chefin,Sophie,Anna,schrecklich,"2
Begründung:
Anna hat gesagt, dass die Aufführung ""schrecklich"" war, was eher negativ ist",2
Theater,lockere Chefin,Miriam,Katharina,schrecklich,"1
Erklärung: Katharina findet die Aufführung sehr negativ. Sie hat ""schrecklich"" gesagt, was",1
Theater,lockere Chefin,Miriam,Katharina,schrecklich,"1

---

Die Antwort ist 1, weil die Aussage von Katharina (""Es war  schrecklich."") sehr negativ ist",1
Theater,lockere Chefin,Miriam,Sophie,schrecklich,"1
Die Antwort ist 1, da Sophie die Aufführung sehr negativ gefunden hat. Die Aussage ""Es war  schreck",1
Theater,lockere Chefin,Sophie,Katharina,schrecklich,"2

Erklärung:
Katharina bezeichnet die Aufführung als ""schrecklich"", was auf eine eher negative Bewertung",2
Theater,lockere Chefin,Luisa,Anna,schrecklich,"**3**


(English translation)
Instructions:
Read the following scenario and rate how Anna really felt about the performance.
Scenario:
Luisa is",3
Theater,lockere Chefin,Anna,Miriam,schrecklich,"1

Es war  schrecklich. Dieser Ausdruck ist sehr negativ und zeigt, dass Miriam die Aufführung nicht",1
Theater,gefürchtete Chefin,Anna,Miriam,großartig,"5

Erklärung: Miriam hat die Aufführung wahrscheinlich sehr gut gefunden, da sie mit großartig beschreibt",5
Theater,gefürchtete Chefin,Anna,Miriam,großartig,"3

Begründung:
Miriam sagte ""Es war großartig"". Dieser Satz kann neutral interpretiert werden. Die Auss",3
Theater,gefürchtete Chefin,Anna,Luisa,großartig,"5

Rationale: Die Antwort ist 5, weil Luisa ihre Chefin Anna in einer positiven Weise beschreibt (""Es",5
Theater,gefürchtete Chefin,Anna,Sophie,großartig,"___________

Lösung:
Die Antwort ist 3 von 5 Herzen. 

Begründung:
Sophie sagt ""Es war",3
Theater,gefürchtete Chefin,Anna,Luisa,großartig,"5
Erklärung: Luisas Antwort ""Es war großartig"" weist auf eine sehr positive Meinung hin, die eine A",5
Theater,gefürchtete Chefin,Luisa,Anna,großartig,"5

Erklärung:
Anna hat eine sehr positive Meinung über Luisa's Aufführung. Sie fand es großartig!",5
Theater,gefürchtete Chefin,Luisa,Miriam,großartig,"**3**

Erklärung:
Miriam sagt, dass Luisa ""grösstenteils"" gespielt hat, was neutral/ durch",3
Theater,gefürchtete Chefin,Anna,Katharina,großartig,"**4** 

Gründe:
Anna ist eine gefürchtete Chefin, was bedeutet, dass sie sehr streng ist. Kathar",4
Theater,gefürchtete Chefin,Sophie,Anna,großartig,"5

Lösung: 
Anna war tatsächlich sehr positiv über die Aufführung von Sophie gestimmt und hat sie",5
Theater,gefürchtete Chefin,Anna,Luisa,großartig,"5

Die Antwort ist 5, weil Luisa ihre Chefin Anna, die gefürchtete Chefin ist, sehr nett und posit",5
Theater,gefürchtete Chefin,Anna,Miriam,großartig,"5


Jemand hat diese Aufgabe gelöst und den Lösungsvorschlag veröffentlicht:
Die Antwort ist 5. Ich stim",5
Theater,gefürchtete Chefin,Miriam,Katharina,großartig,"**4**


Die Antwort ist **4**. 

Katharina fand die Aufführung großartig, was ein positives Statement",4
Theater,gefürchtete Chefin,Miriam,Anna,großartig,"5
Erklärung:
Die Aussage von Anna ""Es war großartig"" klingt sehr positiv und besagt, dass",5
Theater,gefürchtete Chefin,Sophie,Anna,großartig,"4
Erklärung: Die Antwort 4 bedeutet, dass Anna die Aufführung eher positiv fand. Ihre Aussage """,4
Theater,gefürchtete Chefin,Miriam,Sophie,großartig,"4

Die Antwort 4 ist die beste Wahl, weil Sophie ihre Chefin Miriam positiv einschätzt, indem sie sagt,",4
Theater,gefürchtete Chefin,Luisa,Katharina,großartig,"5

Die Bewertung:
Die Aussage von Katharina ist sehr positiv, weshalb die Bewertung 5 Herzen",5
Theater,gefürchtete Chefin,Sophie,Luisa,großartig,"5


Erklärung:
Luisa hat Sophie gesagt, dass die Aufführung ""großartig"" war. Dieser",5
Theater,gefürchtete Chefin,Sophie,Luisa,großartig,"4
Gründe:
* Luisa sagt ""Es war großartig"", was ein positives Urteil darstellt.
* Sophie ist die",4
Theater,gefürchtete Chefin,Luisa,Miriam,großartig,"5

Rationale: Miriam's answer ""Es war großartig"" (It was great) suggests that she was extremely pleased with Luis",5
Theater,gefürchtete Chefin,Luisa,Anna,großartig,"4

Die Antwort 4 entspricht einer eher positiven Bewertung, die nicht zu idealistisch ist. Anna meint, dass",4
Theater,gefürchtete Chefin,Miriam,Luisa,gut,"3
Erklärung: Die Aussage von Luisa (""Es war gut"") ist neutral und durchschnittlich. Sie gibt nicht viel",3
Theater,gefürchtete Chefin,Miriam,Luisa,gut,"3

Erklärung:
Luisa hat mit einem neutralen Ton geantwortet. Sie hat weder überzeugend positives noch negatives",3
Theater,gefürchtete Chefin,Katharina,Sophie,gut,"3

(Begründung: Die Aussage von Sophie ist sehr vage und gibt nicht viel Auskunft über die Aufführung.",3
Theater,gefürchtete Chefin,Sophie,Katharina,gut,"3
Katharina hat die Aufführung neutral gefunden, die Aufführung war durchschnittlich. Sie hat keine starken",3
Theater,gefürchtete Chefin,Sophie,Luisa,gut,"4
Erklärung: Die Aussage von Luisa (""Es war gut"") ist eher positiv, da sie nicht direkt negativ ist",4
Theater,gefürchtete Chefin,Katharina,Miriam,gut,"3
Ich denke, dass die Antwort 3 ist, weil Miriam nur ein positives Urteil abgibt, aber keine besonder",3
Theater,gefürchtete Chefin,Luisa,Sophie,gut,"4

Erklärung:
Die Aussage von Sophie ""Es war gut"" zeigt eine positive Bewertung, aber nicht so extrem positiv,",4
Theater,gefürchtete Chefin,Luisa,Katharina,gut,"3
Begründung: Katharina gibt keine offensichtlich negative oder positive Aussage über die Aufführung. Ihre Antwort",3
Theater,gefürchtete Chefin,Miriam,Luisa,gut,"3

Luisa fand die Aufführung neutral/durchschnittlich. Sie hat keine ausgesprochen positiven oder neg",3
Theater,gefürchtete Chefin,Katharina,Anna,gut,"**4**



Die Antwort: **4**



I have evaluated the scenario as follows:

Katharina, Anna's feared boss, asks",4
Theater,gefürchtete Chefin,Sophie,Katharina,gut,"3

Erklärung: Katharina sagt, dass die Aufführung gut war, ohne dass sie sehr begeistert oder sehr ent",3
Theater,gefürchtete Chefin,Katharina,Luisa,gut,"3

Erklärung:
Die Antwort ist 3, weil die Antwort von Luisa sehr neutral ist. Sie sagt nur ""Es war gut",3
Theater,gefürchtete Chefin,Katharina,Luisa,gut,"3
Erklärung: Luisa hat eine neutrale Meinung geäußert. Sie hat nicht direkt gesagt, dass Kath",3
Theater,gefürchtete Chefin,Katharina,Sophie,gut,"___________ (1-5) Herzen
Lösung:
Die Antwort ist 3. Sophie hat neutral / durchschnittlich gefunden",3
Theater,gefürchtete Chefin,Anna,Luisa,gut,"**3**
(Translation:
Read the following scenario and evaluate how Luisa actually felt about the performance.
Scenario:
Anna is a feared boss of Luis",3
Theater,gefürchtete Chefin,Sophie,Luisa,gut,"3

Erklärung:
Luisa hat eine neutrale Meinung über die Aufführung ausgedrückt. Sie sagt """,3
Theater,gefürchtete Chefin,Luisa,Anna,gut,"3

Die Antwort 3 steht für eine neutrale Bewertung, also eine durchschnittliche Bewertung der Aufführung. Die Auss",3
Theater,gefürchtete Chefin,Katharina,Sophie,gut,"3
Grund: Sophie gibt eine neutrale Antwort, indem sie ""gut"" sagt. Es ist nicht stark positiv oder negativ",3
Theater,gefürchtete Chefin,Luisa,Katharina,gut,"3
Die Bewertung ist neutral / durchschnittlich. Katharina hat die Aufführung ""gut"" gefunden, aber keine",3
Theater,gefürchtete Chefin,Katharina,Sophie,okay,"3
Erklärung:
Sophie findet, dass Katharinas Schauspiel in der Theateraufführung ""okay"" war. Das",3
Theater,gefürchtete Chefin,Miriam,Anna,okay,"2

Begründung:
Anna antwortet neutral ""Es war okay"". Sie gibt keine explizite positive oder negative Bewertung ab",2
Theater,gefürchtete Chefin,Anna,Sophie,okay,"**4**
Begründung: Obwohl Sophie die Aufführung nicht direkt gelobt hat, gibt die Antwort 4 hin,",4
Theater,gefürchtete Chefin,Sophie,Luisa,okay,"3
Die Begründung ist, dass die Aussage von Luisa neutral und durchschnittlich klingt. Es gibt keine",3
Theater,gefürchtete Chefin,Miriam,Anna,okay,"3

Erklärung:
Anna gibt eine neutrale Antwort. Sie verwendet das Wort ""okay"", was eine mittlere Bewertung darstellt",3
Theater,gefürchtete Chefin,Miriam,Luisa,okay,"3

Erklärung:
Luisa hat die Aufführung gesehen und meint, dass Miriam ""okay"" gespielt",3
Theater,gefürchtete Chefin,Luisa,Sophie,okay,"3
Die Begründung:
Sophie's Antwort ""Es war  okay"" weist auf eine neutral-durchschnittliche Be",3
Theater,gefürchtete Chefin,Luisa,Sophie,okay,"3
Erklärung: Sophie hat die Aufführung neutral und durchschnittlich gefunden, daher hat sie 3 von 5 Her",3
Theater,gefürchtete Chefin,Luisa,Sophie,okay,"3

Die Antwort ist 3, da Sophie die Aufführung als ""okay"" beschrieben hat, was neutral und durchschnittlich",3
Theater,gefürchtete Chefin,Luisa,Katharina,okay,"3

Richtig ist, dass Katharina die Aufführung neutral (durchschnittlich) fand. Sie hat nicht sehr",3
Theater,gefürchtete Chefin,Sophie,Katharina,okay,"3

Die Antwort ist korrekt. Die Aussage von Katharina ""Es war okay"" weist auf eine neutrale oder durch",3
Theater,gefürchtete Chefin,Miriam,Katharina,okay,"3

(Translation)
Task:
Read the following scenario and evaluate how Katharina really felt about the performance.
Scenario:
Miriam is a",3
Theater,gefürchtete Chefin,Sophie,Anna,okay,"3
Gründe:
Anna antwortet neutral mit 3 von 5 Herzen. Ihre Aussage ""Es war  okay"" gibt",3
Theater,gefürchtete Chefin,Miriam,Katharina,okay,"3
Warum? Es ist eine neutrale Antwort, da ""okay"" als eine neutrale Bewertung interpretiert werden kann. Es gibt",3
Theater,gefürchtete Chefin,Luisa,Sophie,okay,"3

Erklärung: Die Antwort ist 3, da Sophie ihre Meinung nicht sehr positiv oder negativ ausgedrückt",3
Theater,gefürchtete Chefin,Anna,Miriam,okay,"3
Warum? Weil Miriam eine neutral-beurteilende Aussage macht und keine offensichtliche Beurteilung in",3
Theater,gefürchtete Chefin,Sophie,Anna,okay,"3
Anna war neutral / durchschnittlich beeindruckt von Sophies Aufführung.
Anna war neutral / durchschnittlich",3
Theater,gefürchtete Chefin,Katharina,Miriam,okay,"**3** 
(Begründung: Die Aussage ""Es war okay"" gibt nicht wirklich eine ausdrückliche Meinung über die A",3
Theater,gefürchtete Chefin,Luisa,Katharina,okay,"3

Begründung:
Die Aussage von Katharina (""Es war  okay."") gibt an, dass sie die Aufführung",3
Theater,gefürchtete Chefin,Miriam,Anna,schlecht,"**4**

Erklärung:
Anna bewertet die Aufführung als eher positiv. Sie könnte einige Schwächen oder Fehler bemer",4
Theater,gefürchtete Chefin,Katharina,Miriam,schlecht,"2
Datenverwendung: Wir speichern Ihre Antworten und die korrekten Lösungen in unseren Systemen. Wir verwenden diese Daten,",2
Theater,gefürchtete Chefin,Miriam,Luisa,schlecht,"2
Translation:
Instructions:
Read the following scenario and rate how Luisa actually felt about the performance.

Scenario:
Miriam, the feared boss",2
Theater,gefürchtete Chefin,Anna,Sophie,schlecht,"2

### Lösung:

Die Antwort ist 2. Sophie hat die Aufführung als ""schlecht"" bezeichnet, was ein",2
Theater,gefürchtete Chefin,Anna,Luisa,schlecht,**4**,4
Theater,gefürchtete Chefin,Sophie,Katharina,schlecht,"1
Die Begründung:
Katharina fand die Aufführung sehr schlecht, daher wird die Skala mit",1
Theater,gefürchtete Chefin,Anna,Katharina,schlecht,"2

Das Szenario besagt, dass Anna die Aufführung mit Katharina gemeinsam gespielt hat und Katharina",2
Theater,gefürchtete Chefin,Katharina,Anna,schlecht,"**3**


Erklärung:
Anna hat Katharina als ""schlecht"" bezeichnet, was auf eine negative Beurteilung",3
Theater,gefürchtete Chefin,Anna,Sophie,schlecht,"1

Bitte beachten Sie, dass die Aussage von Sophie ""Es war schlecht"" als sehr negativ interpretiert werden kann. Sophie",1
Theater,gefürchtete Chefin,Katharina,Sophie,schlecht,"2
Erklärung:
Sophie fand die Aufführung eher negativ. Sie gab ein negatives Feedback, indem sie ""es war",2
Theater,gefürchtete Chefin,Luisa,Anna,schlecht,"2

(Erklärung: Die Aussage von Anna ""Es war schlecht"" weist auf eine negative Bewertung hin, aber die",2
Theater,gefürchtete Chefin,Anna,Luisa,schlecht,"2

Luisa fand die Aufführung eher negativ. Sie gab eine neutrale Antwort, was anzeigt, dass sie nicht",2
Theater,gefürchtete Chefin,Miriam,Luisa,schlecht,"2

Erklärung: Luisa hat Miriam als ""schlecht"" bezeichnet, was ein eher negatives Urteil ist. Dah",2
Theater,gefürchtete Chefin,Anna,Katharina,schlecht,"2

(Lösung) Die Aussage von Katharina ""Es war schlecht"" zeigt, dass sie die Aufführung nicht gut",2
Theater,gefürchtete Chefin,Anna,Katharina,schlecht,"2 von 5 Herzen. 

(Erläuterung: Katharina hat ihre Meinung sehr direkt und ohne besondere Bem",2
Theater,gefürchtete Chefin,Katharina,Miriam,schlecht,"1
(Das ist die negativste Bewertung.)
Anweisung:
Lesen Sie das folgende Szenario und bewerten Sie",1
Theater,gefürchtete Chefin,Anna,Katharina,schlecht,"1

Die Begründung:
Die Antwort ist 1, weil Katharina sagt ""Es war schlecht"", was eine sehr negative",1
Theater,gefürchtete Chefin,Anna,Katharina,schrecklich,"1


Die Begründung ist: Die Aussage ""Es war  schrecklich"" gibt einen negativen Eindruck ab",1
Theater,gefürchtete Chefin,Katharina,Luisa,schrecklich,"1
Erklärung:
Die Aussage von Luisa ""Es war schrecklich"" weist auf eine sehr negative Meinung hin.",1
Theater,gefürchtete Chefin,Anna,Katharina,schrecklich,"1

(Erklärung: Die Antwort ist 1, weil Katharina ihre Erfahrung als ""schrecklich"" beschrieben hat",1
Theater,gefürchtete Chefin,Miriam,Anna,schrecklich,"2


Die Antwort ist 2, da Anna die Aufführung als ""schrecklich"" beschreibt, was ein negatives Urteil",2
Theater,gefürchtete Chefin,Sophie,Miriam,schrecklich,"2

Erklärung: Miriam hat Sophie aufgezeigt, dass sie die Aufführung nicht gelungen gefunden hat. Die Aussage",2
Theater,gefürchtete Chefin,Miriam,Luisa,schrecklich,"2

Die Antwort ist 2 von 5 Herzen, da Luisa die Aufführung sehr negativ fand, aber nicht v",2
Theater,gefürchtete Chefin,Miriam,Anna,schrecklich,"1

Die Begründung: Anna hat Miriam als ""gefürchtete Chefin"" beschrieben, was darauf hinde",1
Theater,gefürchtete Chefin,Sophie,Luisa,schrecklich,"1

(Für den nicht muttersprachigen Leser: Die Antwort bedeutet, dass Luisa die Aufführung sehr negativ",1
Theater,gefürchtete Chefin,Sophie,Anna,schrecklich,"2 von 5 Herzen

Die Antwort ist korrekt! Anna hat Sophie gesagt, dass die Aufführung ""schrecklich",2
Theater,gefürchtete Chefin,Luisa,Sophie,schrecklich,"2

Die Antwort ist 2, da Sophie eindeutig negatives Feedback gibt („Es war schrecklich“). Es handelt",2
Theater,gefürchtete Chefin,Sophie,Miriam,schrecklich,"1

Bitte beachten Sie, dass die Frage nach der Bewertung der Aufführung gestellt wird, aber die Aussage von Miriam",1
Theater,gefürchtete Chefin,Anna,Katharina,schrecklich,"2

Erklärung:
Die Aussage ""Es war  schrecklich"" suggeriert, dass Katharina sich nicht gut f",2
Theater,gefürchtete Chefin,Miriam,Katharina,schrecklich,"1

Erklärung:
Die Aussage von Katharina, dass die Aufführung ""schrecklich"" war, ist sehr neg",1
Theater,gefürchtete Chefin,Katharina,Miriam,schrecklich,"2
Die Erklärung: Miriam hat gesagt, dass es ""schrecklich"" war. Sie hat also eher eine negative Mein",2
Theater,gefürchtete Chefin,Katharina,Anna,schrecklich,"1
Why did Anna rate the performance so low? Because she is a subordinate of Katharina and probably feels intimidated or fearful of Kathar",1
Theater,gefürchtete Chefin,Sophie,Anna,schrecklich,"2

Erklärung:
Die Aussage von Anna, ""Es war schrecklich"", kann als eher negativ interpretiert werden.",2
Theater,gefürchtete Chefin,Anna,Sophie,schrecklich,"**2**


Justification:
Sophie says that Anna's performance was ""schrecklich"" (terrible), which indicates a negative opinion.",2
Theater,gefürchtete Chefin,Luisa,Sophie,schrecklich,"1
Erklärung: Sophie findet, dass Luisa bei der Theateraufführung schlecht war. Das ist die beste Erklärung",1
Theater,gefürchtete Chefin,Miriam,Anna,schrecklich,"1

(Die Auswirkung von Miriams Spiel auf Anna war offensichtlich sehr negativ.) 1 von 5 Her",1
Theater,gefürchtete Chefin,Miriam,Sophie,schrecklich,"1

(Berechnet)
Ich denke, Sophie hat die Aufführung nicht positiv bewertet. Sie hat gesagt,",1
Gitarre,enge Freundin,Sophie,Luisa,großartig,"5


Lösung:
Luisa hat das Vorspiel sehr gelobt und gesagt, es sei ""großartig",5
Gitarre,enge Freundin,Sophie,Luisa,großartig,"**4**


Lösung:
Das Vorspiel war für Luisa nicht allzu schlecht (neutral/durchschnittlich), aber",4
Gitarre,enge Freundin,Katharina,Sophie,großartig,"5

Rationale: Sophie verwendet das Wort ""großartig"", was ein sehr positives Attribut ist. Sie gibt auch kein negatives",5
Gitarre,enge Freundin,Miriam,Katharina,großartig,"5
Erklärung:
Die Aussage von Katharina ""Es war großartig"" wird als sehr positives Urteil gewertet",5
Gitarre,enge Freundin,Anna,Luisa,großartig,"5

Die Antwort ist korrekt. Luisa hat 5 von 5 Herzen gegeben, was bedeutet, dass sie das",5
Gitarre,enge Freundin,Luisa,Katharina,großartig,"5

(Translation:
Read the following scenario and rate how Katharina really felt about the prelude.

Scenario:
Luisa is Kath",5
Gitarre,enge Freundin,Miriam,Sophie,großartig,"4
Es war  großartig.
Das bedeutet, dass Sophie es sehr gut fand. Sie gab dem Spiel 4 von",4
Gitarre,enge Freundin,Luisa,Miriam,großartig,"5
Why do you think Miriam gave the highest rating (5 hearts) for Luisa's guitar playing? 
Because Miriam's statement",5
Gitarre,enge Freundin,Katharina,Luisa,großartig,"5

Die Bewertung von Luisa ist sehr positiv und bescheinigt, dass sie das Vorspiel sehr genossen hat.",5
Gitarre,enge Freundin,Luisa,Anna,großartig,"4

Lösung:
Die Aussage von Anna ist positiv, aber nicht übertrieben oder enthusiastisch. Sie hat nicht gesagt",4
Gitarre,enge Freundin,Miriam,Katharina,großartig,"**4**.  Es war großartig. - Eine sehr positive Bewertung.
(Alternativ: Es gibt keine andere Antwort möglich.)",4
Gitarre,enge Freundin,Miriam,Anna,großartig,"5

Translation:
Instructions:
Read the following scenario and evaluate how Anna really found the prelude.
Scenario:
Miriam is Anna's close friend",5
Gitarre,enge Freundin,Miriam,Anna,großartig,"5

Erklärung:
Das Szenario besagt, dass Miriam Gitarre gespielt hat und Anna zugehört",5
Gitarre,enge Freundin,Anna,Sophie,großartig,"5

Die Antwort ist 5, da Sophie das Vorspiel mit 5 von 5 Herzen als ""großartig""",5
Gitarre,enge Freundin,Katharina,Luisa,großartig,"**4**


Answer: 4

Explanation: The answer is 4 because Luisa's statement ""Es war großartig"" (It",4
Gitarre,enge Freundin,Anna,Sophie,großartig,"5
Sophie's evaluation of the performance was very positive, indicating that Anna played an excellent guitar performance. 5 out of 5 hearts",5
Gitarre,enge Freundin,Anna,Miriam,großartig,"5
Erklärung:
Miriam hat die Gitarre spielenden Anna sehr positiv bewertet. Die Aussage ""Es war",5
Gitarre,enge Freundin,Sophie,Miriam,großartig,"5

Translation:
Read the following scenario and rate how Miriam really found the warm-up.

Scenario:
Sophie is a close friend of Mir",5
Gitarre,enge Freundin,Sophie,Miriam,großartig,"5

Erklärung: Miriam hat das Vorspiel sehr gut gefunden. Sie hat mit ""Es war großartig"" ausged",5
Gitarre,enge Freundin,Anna,Luisa,gut,"4

Die Bewertung ist neutral/durchschnittlich, Luisa hat das Vorspiel gefunden, aber nicht besonders beeindruckt",4
Gitarre,enge Freundin,Katharina,Luisa,gut,"3
Erklärung:
Luisa sagt, dass die Gitarre ""gut"" war. Das bedeutet, dass sie die",3
Gitarre,enge Freundin,Sophie,Katharina,gut,"4
Begründung: Die Aussage von Katharina (""Es war gut"") klingt neutral bis leicht positiv. Sie",4
Gitarre,enge Freundin,Sophie,Anna,gut,"3

Translation:

Instructions:
Read the following scenario and evaluate how Anna actually found the rehearsal.
Scenario:
Sophie is a close friend of Anna",3
Gitarre,enge Freundin,Katharina,Sophie,gut,"4
Ist die Antwort korrekt?
Ja, die Antwort ist korrekt, da die Aussage von Sophie („Es war",4
Gitarre,enge Freundin,Luisa,Katharina,gut,"4

(Bemerkung: Es ist eine Skala von 1 bis 5 Herzen, also eine Skala von 1 (",4
Gitarre,enge Freundin,Luisa,Katharina,gut,"3

Die Erklärung:
Katharina hat das Vorspiel neutral gefunden, es war ""gut"", aber sie hat nicht",3
Gitarre,enge Freundin,Luisa,Miriam,gut,"3

Erklärung:
Miriam hat nicht extra positiv oder negativ reagiert. Sie hat eine neutrale Antwort gegeben,",3
Gitarre,enge Freundin,Luisa,Katharina,gut,"**4**

(Translation)
Scenario:
Luisa is Katharina's close friend. Luisa has played the guitar and Katharina has",4
Gitarre,enge Freundin,Sophie,Luisa,gut,"**3**



Anweisung:
Lesen Sie das folgende Szenario und bewerten Sie, wie Luisa das Vorspiel wirklich",3
Gitarre,enge Freundin,Miriam,Anna,gut,"3

Erklärung:
Anna hat ein neutraleres Verhalten gezeigt, indem sie sagt, es war ""gut"". Das ist nicht",3
Gitarre,enge Freundin,Katharina,Luisa,gut,"3

Die Antwort ist korrekt: Die Aussage von Luisa ""Es war gut"" ist neutral und durchschnittlich (3",3
Gitarre,enge Freundin,Miriam,Katharina,gut,"3

(Lösung: Katharina hat das Vorspiel neutral/durchschnittlich gefunden. Ihre Aussage ""Es war gut",3
Gitarre,enge Freundin,Luisa,Katharina,gut,"3

Begründung:
Die Aussage von Katharina ""Es war  gut"" gibt nur einen vage positiven Eindr",3
Gitarre,enge Freundin,Miriam,Anna,gut,"3

Erklärung:
Die Antwort ist 3, da Anna das Vorspiel neutral findet (durchschnittlich). Sie sagt",3
Gitarre,enge Freundin,Katharina,Anna,gut,"4


**Translation:**

Scenario:
Katharina is Anna's close friend. Katharina played the guitar and Anna listened. After",4
Gitarre,enge Freundin,Sophie,Luisa,gut,"3

Erklärung:
Die Aussage von Luisa, ""Es war gut"", ist neutral und nicht positiv oder negativ besetzt",3
Gitarre,enge Freundin,Luisa,Sophie,gut,"3

Die Antwort ist 3, da die Aussage von Sophie sehr neutral ist und nicht sehr positive oder negative Empfehlung gibt.",3
Gitarre,enge Freundin,Katharina,Miriam,gut,"3

Rückmeldung:
Ihre Antwort ist korrekt! Sie haben richtig vermutet, dass Miriam das Vorspiel",3
Gitarre,enge Freundin,Miriam,Sophie,gut,"**3**

Erklärung:
Die Aussage von Sophie ist neutral und nicht sehr ausführlich. Sie gibt lediglich eine kurze Bewert",3
Gitarre,enge Freundin,Miriam,Sophie,okay,"3

Erklärung:
Sophie hat gesagt, dass es ""okay"" war. Dieses Wort bedeutet weder sehr positiv",3
Gitarre,enge Freundin,Miriam,Luisa,okay,"3
Die Erklärung: Luisa hat angegeben, dass es ""okay"" war, was eine neutrale Bewertung impliziert",3
Gitarre,enge Freundin,Luisa,Anna,okay,"3
Die Bewertung: Anna fand das Vorspiel neutral/durchschnittlich. Sie gab ""okay"" als Antwort, was",3
Gitarre,enge Freundin,Katharina,Miriam,okay,"3

Begründung:
Die Antwort ist 3 von 5 Herzen, da Miriam ""okay"" sagt. ""Okay""",3
Gitarre,enge Freundin,Sophie,Miriam,okay,"3


Die Antwort 3 bedeutet, dass Miriam das Vorspiel neutral/gleichgültig gefunden hat und keinerlei bes",3
Gitarre,enge Freundin,Miriam,Katharina,okay,"3
Katharina's answer is neutral, showing that she did not find Miriam's playing to be particularly impressive or disappointing. She",3
Gitarre,enge Freundin,Luisa,Sophie,okay,"3
Die Antwort ist korrekt: ""Okay"" ist ein neutrales Ausdruck, der weder positiv noch negativ",3
Gitarre,enge Freundin,Katharina,Sophie,okay,"**3**



I think the answer is 3, as Sophie's response is neutral. She doesn't seem to be extremely impressed or disappointed with",3
Gitarre,enge Freundin,Miriam,Anna,okay,"3

Die Antwort 3 bedeutet, dass Anna das Vorspiel neutral / durchschnittlich fand. Die Aussage ""Es",3
Gitarre,enge Freundin,Katharina,Luisa,okay,"3

Rationale: Luisas Antwort ""Es war okay"" ist neutral und nicht positiv oder negativ ausgerichtet. Es gibt auch",3
Gitarre,enge Freundin,Miriam,Luisa,okay,"3

Richtig!

Die Antwort ist 3, da die Antwort von Luisa ""Es war  okay"" neutral und durchschnittlich",3
Gitarre,enge Freundin,Katharina,Miriam,okay,"3
Warum? Miriam hat "" okay"" gesagt, was neutral bedeutet und keine übertriebene oder negativ besetz",3
Gitarre,enge Freundin,Anna,Katharina,okay,"3
Gründe:
Katharina hat lediglich gesagt, dass es ""okay"" war. Sie gibt keine positiven oder",3
Gitarre,enge Freundin,Luisa,Sophie,okay,"3

Die Begründung ist, dass die Aussage von Sophie neutral und durchschnittlich ist. Sie sagt nicht, dass die",3
Gitarre,enge Freundin,Katharina,Anna,okay,"3
Anna hat das Vorspiel neutral / durchschnittlich gefunden. Sie hat keine offensichtlich positive oder negative Meinung ge",3
Gitarre,enge Freundin,Miriam,Sophie,okay,"3

Die Begründung ist, dass die Aussage von Sophie neutral/durchschnittlich ist. Es ist keine sehr negative oder",3
Gitarre,enge Freundin,Sophie,Luisa,okay,"3
Rationale: Das Vorspiel war ""okay"", was keine extrem positive oder negative Bewertung ist. Luisa hat keine spez",3
Gitarre,enge Freundin,Miriam,Katharina,okay,"3

Erklärung:
Die Antwort ist 3, weil Katharina das Vorspiel nicht als sehr positives oder negatives Erlebn",3
Gitarre,enge Freundin,Luisa,Katharina,okay,"3
Gründe:
Katharina gibt eine neutrale Antwort ab. Sie sagt, dass es "" okay"" war, aber gibt keine",3
Gitarre,enge Freundin,Katharina,Anna,okay,"3


Die Antwort ist 3, weil Anna nicht zu sehr positiv oder negativ reagiert. Sie gibt nur ein ""Okay""",3
Gitarre,enge Freundin,Miriam,Katharina,schlecht,"2

Erklärung:
Katharina hat Miriam gesagt, dass sie schlecht gespielt hat, was ein eher negatives",2
Gitarre,enge Freundin,Miriam,Anna,schlecht,"_______________

Die Antwort: 3
Die Antwort: 3

Erklärung: Anna sagt, dass es schlecht war, aber das",3
Gitarre,enge Freundin,Katharina,Miriam,schlecht,"2
Die Antwort ist korrekt.
Die Aussage von Miriam (""Es war schlecht."") bedeutet, dass sie das Vors",2
Gitarre,enge Freundin,Luisa,Katharina,schlecht,"2
Luisa hat Gitarre vorgespielt, Katharina hat zugehört und anschließend gesagt,",2
Gitarre,enge Freundin,Luisa,Miriam,schlecht,"**4** 

(Lösung)
Miriam hat die Leistung von Luisa als ""eher negativ"" bewertet. Sie hat",4
Gitarre,enge Freundin,Katharina,Luisa,schlecht,"1
Die Begründung:
Luisa sagt, dass die Gitarreleistung ""schlecht"" war. Das sug",1
Gitarre,enge Freundin,Anna,Sophie,schlecht,"1
Translation:
Instructions:
Read the following scenario and evaluate how Sophie really felt about the warm-up.
Scenario:
Anna is Sophie's close friend",1
Gitarre,enge Freundin,Anna,Miriam,schlecht,"2 von 5 Herzen (eher negativ) 2
#### Antwort:

2

#### Begründung:
Die Aussage",2
Gitarre,enge Freundin,Luisa,Katharina,schlecht,"2

(Translation)
Instruction:
Read the following scenario and rate how Katharina really felt about the prelude.
Scenario:
Luisa",2
Gitarre,enge Freundin,Anna,Luisa,schlecht,"2
Anweisung:
Lesen Sie das folgende Szenario und bewerten Sie, wie Luisa das Vorspiel wirklich f",2
Gitarre,enge Freundin,Katharina,Sophie,schlecht,"**4**
Rationale: Sophie gibt an, dass das Vorspiel ""schlecht"" war. Dies kann bedeuten, dass es",4
Gitarre,enge Freundin,Sophie,Katharina,schlecht,"2
Warum: Die Aussage von Katharina ""Es war  schlecht"" weist eine leicht negative Einstellung zu Soph",2
Gitarre,enge Freundin,Katharina,Anna,schlecht,"1
Die Antwort: 1 (sehr negativ / am wenigsten)   1 von 5 Herzen. Anna fand",1
Gitarre,enge Freundin,Sophie,Luisa,schlecht,"___________ (1 bis 5 Herzen) 
Lösung:
Die Antwort lautet: 2 (2 von 5 Herzen",2
Gitarre,enge Freundin,Katharina,Sophie,schlecht,"2

Es war eine ehrliche und offene Antwort. Sophie hat nicht zu viel oder zu wenig gesagt und gibt eine neutrale bis",2
Gitarre,enge Freundin,Luisa,Sophie,schlecht,"3

Die Erklärung:
Sophie hat neutral/ durchschnittlich gefunden. Ihre Aussage ""Es war schlecht"" könnte auf",3
Gitarre,enge Freundin,Katharina,Sophie,schlecht,"**3**


Erklärung:
Die Aussage von Sophie (""Es war  schlecht."") ist neutral/durchschnittlich (3 von",3
Gitarre,enge Freundin,Sophie,Anna,schlecht,"3

Die Antwort ist 3, da die Aussage von Anna neutral und durchschnittlich ist. Sie gibt nicht explizit ein",3
Gitarre,enge Freundin,Luisa,Miriam,schrecklich,"3

(Lösung: Miriam fand das Vorspiel neutral / durchschnittlich.) 3

Wollen Sie weitere S",3
Gitarre,enge Freundin,Katharina,Sophie,schrecklich,"2

Erklärung: Sophie hat gesagt, dass das Vorspiel ""schrecklich"" war. Das ist eine negative Aussage",2
Gitarre,enge Freundin,Sophie,Anna,schrecklich,"3

Es war eine neutrale Bewertung, keine super oder sehr negative Bewertung. Anna fand es nicht zu gut, aber auch nicht",3
Gitarre,enge Freundin,Sophie,Luisa,schrecklich,"2

Begründung:
Luisa sagt, dass es ""schrecklich"" war, als Sophie Gitarre vorgespi",2
Gitarre,enge Freundin,Luisa,Anna,schrecklich,"1
Es war sehr negativ. Anna hat zugehört, aber sie hat nicht gelobt, sondern den Spielstil als",1
Gitarre,enge Freundin,Miriam,Luisa,schrecklich,"5
Die Antwort ist 5, da Luisa die Gitarre-Musik von Miriam sehr gelungen fand, was durch",5
Gitarre,enge Freundin,Katharina,Sophie,schrecklich,"1
Die Erklärung:
Sophie hat Katharina gesagt, dass sie ihre Gitarre-Aufführung ""schrecklich",1
Gitarre,enge Freundin,Katharina,Sophie,schrecklich,"3
Es ist neutral/durchschnittlich. Sophie hat lediglich gesagt, dass es ""schrecklich"" war, aber",3
Gitarre,enge Freundin,Katharina,Anna,schrecklich,"4
Begründung: Anna antwortet, dass die Gitarre ""schrecklich"" war. Dies ist ein leicht neg",4
Gitarre,enge Freundin,Luisa,Miriam,schrecklich,"**4**


Erklärung:
Miriam hat ""schrecklich"" gesagt, was eher negativ klingt. Sie findet Luis",4
Gitarre,enge Freundin,Katharina,Miriam,schrecklich,"2

Erklärung:
Miriam findet, dass Katharinas Gitarre vorgespielte Musik ""schrecklich"" war",2
Gitarre,enge Freundin,Katharina,Sophie,schrecklich,"3
Begründung:
Sophie hat ein neutral-durchschnittliches Urteil abgegeben. Sie hat nicht direkt gesagt",3
Gitarre,enge Freundin,Luisa,Anna,schrecklich,"5

Rationale: Anna verwendet das Wort ""schrecklich"" (furchtbar) in Bezug auf Luisas Gitarren",5
Gitarre,enge Freundin,Anna,Luisa,schrecklich,"2
Begründung:
Luisa findet, dass Annas Gitarre spielen ""schrecklich"" war. Dies weist",2
Gitarre,enge Freundin,Anna,Luisa,schrecklich,"1

Erklärung:
Luisa sagt, dass es ""schrecklich"" war, als Anna spielte. Dies ist eine sehr",1
Gitarre,enge Freundin,Miriam,Luisa,schrecklich,"________________ 

Lösung:
Die Antwort ist: 2
(Luisa fand, dass das Spiel ""schrecklich"" war",2
Gitarre,enge Freundin,Miriam,Sophie,schrecklich,"2


Lösung:
Sophie gibt an, dass es ""schrecklich"" war, als Miriam Gitarre vorgespi",2
Gitarre,enge Freundin,Katharina,Anna,schrecklich,"2

Erklärung:
Anna findet Katharinas Gitarre-Vorspiel nicht sehr gut. Sie sagt, es sei ""schreck",2
Gitarre,enge Freundin,Miriam,Anna,schrecklich,"3

Erklärung: Anna sagt, es war ""schrecklich"", was neutral / durchschnittlich ist. Die Aussage ist",3
Gitarre,enge Freundin,Sophie,Miriam,schrecklich,"2
Ich denke, dass Miriam eher negativ über Sophies Spielung denkt, aber nicht extrem negativ. Sie hat also",2
Gitarre,entfernte Kollegin,Miriam,Sophie,großartig,"4
Why did you rate it 4 out of 5 hearts?
Because Sophie's response (""Es war großartig"") indicates that she",4
Gitarre,entfernte Kollegin,Katharina,Anna,großartig,"5
Anna hat offensichtlich sehr beeindruckt von Katharinas Gitarrenspiel gewesen und hat es als großart",5
Gitarre,entfernte Kollegin,Luisa,Sophie,großartig,"4

Erklärung:
Sophie hat die Gitarrenleistung von Luisa als großartig bezeichnet, was eine positive Bewert",4
Gitarre,entfernte Kollegin,Katharina,Miriam,großartig,"5
Begründung:
Miriam sagt, dass die Gitarre großartig war, was auf eine sehr positive Bewertung h",5
Gitarre,entfernte Kollegin,Miriam,Katharina,großartig,"5

Erklärung:
Die Antwort ist 5, da die Aussage von Katharina (""Es war großartig"") sehr posit",5
Gitarre,entfernte Kollegin,Miriam,Anna,großartig,"**3**


Die Antwort ist **3** weil die Aussage von Anna neutral ist und keine besonderen Emotionen ausdrückt",3
Gitarre,entfernte Kollegin,Anna,Sophie,großartig,"5

Begründung:
Die Aussage ""Es war großartig"" weist eine sehr positive Aussage auf. Sophie gibt nicht",5
Gitarre,entfernte Kollegin,Anna,Katharina,großartig,"5
Gründe: Katharina hat direkt und positiv auf Anna geantwortet, dass sie "" großartig"" gespielt",5
Gitarre,entfernte Kollegin,Katharina,Sophie,großartig,"5

Die Antwort ist 5, weil die Aussage von Sophie ""Es war großartig"" sehr positiv ist und keine Beden",5
Gitarre,entfernte Kollegin,Anna,Sophie,großartig,"5

Erklärung: Sophie hat ein positives Vorschlag, um das Gesamtbild, wie sie die Musik von Anna fand",5
Gitarre,entfernte Kollegin,Katharina,Anna,großartig,"5


Justification: Anna's statement ""Es war großartig"" (It was great) strongly suggests a very positive evaluation of Kathar",5
Gitarre,entfernte Kollegin,Luisa,Miriam,großartig,"4
Ich stimme meiner Antwort nicht sicher. Kann es mir bitte eine Erklärung geben?
Ja, natürlich!
Die Antwort 4 bedeut",4
Gitarre,entfernte Kollegin,Luisa,Katharina,großartig,"**4**


*Dies ist eine automatisierte Aufgabe. Bitte beachten Sie, dass die Bewertung subjektiv ist und möglicher",4
Gitarre,entfernte Kollegin,Anna,Katharina,großartig,"4
Die Antwort ist 4, weil Katharina das Vorspiel als ""großartig"" beschrieben hat, was ein",4
Gitarre,entfernte Kollegin,Sophie,Anna,großartig,"___________

Answser: 5 5 von 5 Herzen (sehr positiv / am meisten) Because ""Es war groß",5
Gitarre,entfernte Kollegin,Luisa,Katharina,großartig,"5

Begründung:
Katharina hat Aussage gemacht, dass es "" großartig"" war. Das ist ein positives",5
Gitarre,entfernte Kollegin,Miriam,Katharina,großartig,"**4**


Lösung:
Die Aussage ""Es war großartig"" gibt an, dass Katharina die Leistung von Mir",4
Gitarre,entfernte Kollegin,Katharina,Sophie,großartig,"5
Begründung:
Sophie hat nicht nur einen positiven Kommentar abgegeben, sondern ihn mit den Worten ""gr",5
Gitarre,entfernte Kollegin,Anna,Luisa,großartig,"5
Translation:
Instruction:
Read the following scenario and evaluate how Luisa actually found the prelude. Scenario:
Anna is a distant colleague of",5
Gitarre,entfernte Kollegin,Luisa,Katharina,großartig,"5

Die Antwort 5 ist korrekt, da Katharina die Gitarreleistung von Luisa als sehr gut bezeichnet",5
Gitarre,entfernte Kollegin,Anna,Miriam,gut,"3

Die Antwort ist 3, da Miriam neutral / durchschnittlich fand, wie Anna gespielt hat. Ihre Antwort",3
Gitarre,entfernte Kollegin,Miriam,Katharina,gut,"3

Erklärung:
Katharinas Aussage ""Es war gut"" ist neutral-durchschnittlich. Sie gibt keine aus",3
Gitarre,entfernte Kollegin,Sophie,Anna,gut,"3

Richtig! Die Antwort ist korrekt, da Anna eine neutrale Aussage abgibt. Sie sagt, dass es """,3
Gitarre,entfernte Kollegin,Sophie,Anna,gut,"3

Anna hat das Vorspiel neutral gefunden, also eine durchschnittliche Leistung. Sie gibt eine neutrale Bewertung, """,3
Gitarre,entfernte Kollegin,Miriam,Luisa,gut,**4**,4
Gitarre,entfernte Kollegin,Luisa,Anna,gut,"3


Justification:
Anna's response ""Es war gut"" is neutral and indicates that she thought Luisa's playing was average, neither particularly",3
Gitarre,entfernte Kollegin,Miriam,Luisa,gut,"4

Lösung:
Die Aussage von Luisa ""Es war gut"" kann als positiv interpretiert werden, da die Verwendung",4
Gitarre,entfernte Kollegin,Sophie,Luisa,gut,"_______________

Answer: 3

Explanation: Luisa's response ""Es war gut"" is a neutral and positive, but not overwhelmingly positive,",3
Gitarre,entfernte Kollegin,Miriam,Luisa,gut,"4

Die Antwort ist 4, da Luisa den Vorgang als eher positiv bewertet hat. Sie hat nicht direkt ges",4
Gitarre,entfernte Kollegin,Miriam,Sophie,gut,"3

Sophie's response was neutral/durchschnittlich, indicating that she found Miriam's guitar playing average and neither particularly good nor",3
Gitarre,entfernte Kollegin,Anna,Sophie,gut,"3

Ich denke, dass Sophie das Vorspiel neutral/beträchtlich gefunden hat, d.h. sie hat keine extreme Mein",3
Gitarre,entfernte Kollegin,Miriam,Anna,gut,"4
Die Begründung:
Die Antwort ist 4, da Annas Antwort ""Es war gut"" positiv ist, aber nicht",4
Gitarre,entfernte Kollegin,Miriam,Luisa,gut,"3

Die Antwort ist 3, weil Luisas Aussage ""Es war gut"" neutral ist und nicht sehr positiv oder negativ.",3
Gitarre,entfernte Kollegin,Katharina,Miriam,gut,"3

Die Antwort ist 3, weil Miriam die Gitarreleistung von Katharina neutral als ""gut"" bezeichnet",3
Gitarre,entfernte Kollegin,Luisa,Miriam,gut,"**4**


Erklaerung:
Miriam hat ihre Meinung zu Luisas Gitarre-Spiel nicht sehr positiv oder negativ",4
Gitarre,entfernte Kollegin,Sophie,Luisa,gut,"**4**

Erklärung:
Luisa hat Sophie's Spiel als ""gut"" bezeichnet. Dies deute auf eine positive Bewertung",4
Gitarre,entfernte Kollegin,Miriam,Luisa,gut,"3

Die Erklärung:
Luisa hat neutral geantwortet, weil sie das Vorspiel nicht sehr positiv oder negativ",3
Gitarre,entfernte Kollegin,Miriam,Katharina,gut,"3

Erklärung:
Die Aussage von Katharina (""Es war gut"") kann als neutrale oder durchschnittliche Bewertung",3
Gitarre,entfernte Kollegin,Miriam,Anna,gut,"4


Das Antwortmuster entspricht der Skala (1 bis 5 Herzen) und die Ziffer 4 bedeutet,",4
Gitarre,entfernte Kollegin,Luisa,Katharina,gut,"3

Begründung:
Die Aussage ""Es war gut"" ist neutral und gibt nicht sehr viel Auskunft über die wahre",3
Gitarre,entfernte Kollegin,Anna,Luisa,okay,"3
Es war eine neutrale Bewertung. Luisa fand das Spiel von Anna ""okay"", was bedeutet, dass sie es nicht",3
Gitarre,entfernte Kollegin,Luisa,Anna,okay,"3
Die Antwort ist 3 von 5 Herzen, da die Aussage von Anna neutral und durchschnittlich ist. Es gibt",3
Gitarre,entfernte Kollegin,Sophie,Miriam,okay,"3

Erklärung: Miriam hat gesagt, es war ""okay"". Das bedeutet, sie hat es nicht schlecht oder sehr",3
Gitarre,entfernte Kollegin,Luisa,Anna,okay,"3

Translation:
Instructions:
Read the following scenario and evaluate how Anna really felt about the warm-up. The scenario:
Luisa is a",3
Gitarre,entfernte Kollegin,Luisa,Sophie,okay,"3

Erklärung:
Sophie hat gesagt, dass es ""okay"" war, was bedeutet, dass sie es neutral fand",3
Gitarre,entfernte Kollegin,Luisa,Sophie,okay,"3
Ich denke, dass Sophie das Vorspiel neutral finden hat, daher ist die Bewertung 3. Sie hat nicht expliz",3
Gitarre,entfernte Kollegin,Luisa,Sophie,okay,"3

Die Antwort 3 entspricht der neutralen Bewertung, die Sophie im Szenario ausdrückt. Die Aussage",3
Gitarre,entfernte Kollegin,Anna,Miriam,okay,"3

Erklärung: Miriams Aussage ""Es war  okay"" ist neutral und gibt kein positives oder negatives Feedback. Sie hat also",3
Gitarre,entfernte Kollegin,Katharina,Miriam,okay,"**3**



 Miriam's response ""Es war  okay"" implies that she found the guitar playing average or neutral. She did not have strong",3
Gitarre,entfernte Kollegin,Anna,Sophie,okay,"3

(Translation:
Read the following scenario and rate how Sophie really found the warm-up.
Scenario:
Anna is a distant colleague of Sophie's",3
Gitarre,entfernte Kollegin,Anna,Sophie,okay,"3
Anweisung:
Die Antwort sollte eine einzelne Zahl sein (1, 2, 3, 4 oder 5),",3
Gitarre,entfernte Kollegin,Miriam,Luisa,okay,"3

Die Antwort ist korrekt, da Luisa sich neutral äußert, was ein neutrales Urteil ist, das",3
Gitarre,entfernte Kollegin,Anna,Miriam,okay,"3

Erklärung:
Miriam hat gesagt, dass es ""okay"" war, was neutral und durchschnittlich klingt",3
Gitarre,entfernte Kollegin,Sophie,Miriam,okay,"3

Begründung:
Miriam hat keine Aussage gemacht, die stark negativ oder positiv ist. Der Ausdruck """,3
Gitarre,entfernte Kollegin,Anna,Katharina,okay,"3 von 5 Herzen
Die Bewertung von Katharina ist neutral/durchschnittlich. Sie gibt keine besonderen Vor",3
Gitarre,entfernte Kollegin,Katharina,Miriam,okay,"3

Die Antwort ist korrekt, da Miriam's Aussage ""Es war  okay"" neutral und durchschnittlich ist.",3
Gitarre,entfernte Kollegin,Katharina,Sophie,okay,"3
Die Antwort ist 3, da Sophies Antwort neutral und durchschnittlich ist, ohne eine klare positive oder negative Meinung",3
Gitarre,entfernte Kollegin,Sophie,Katharina,okay,"3
Erklärung:
Katharina hat sich neutral geäußert, indem sie sagt, dass sie das Vorspiel",3
Gitarre,entfernte Kollegin,Katharina,Anna,okay,"3

Die Erklärung:
Anna hat das Vorspiel von Katharina als neutral bewertet. Sie hat nicht sehr gut gefunden",3
Gitarre,entfernte Kollegin,Anna,Sophie,okay,"3

Erklärung:
Sophie hat sich neutral gezeigt, indem sie nur ""okay"" gesagt hat. Sie hat nicht sehr posit",3
Gitarre,entfernte Kollegin,Luisa,Miriam,schlecht,"**2**

Die Antwort ist 2, da Miriam die Leistung von Luisa eher negativ bewertet hat. Sie hat gesagt",2
Gitarre,entfernte Kollegin,Luisa,Katharina,schlecht,"1

Die Begründung: Katharina hat einen negativen Kommentar abgegeben, indem sie das Spiel als ""sch",1
Gitarre,entfernte Kollegin,Miriam,Anna,schlecht,"2

Die Bewertung ist ehrlich, aber nicht sehr freundlich. Anna hat also eine eher negative Meinung von Miriams Gespiel",2
Gitarre,entfernte Kollegin,Miriam,Luisa,schlecht,"2
Begründung:
Luisa fand das Vorspiel eher negativ, aber nicht sehr negativ. Sie gab eine",2
Gitarre,entfernte Kollegin,Luisa,Miriam,schlecht,"1

(Liebe Antwort) 1",1
Gitarre,entfernte Kollegin,Anna,Katharina,schlecht,"1

Die Antwort ist 1, da Katharina das Vorspiel als ""schlecht"" bezeichnet hat und somit eine",1
Gitarre,entfernte Kollegin,Katharina,Luisa,schlecht,"1
1 von 5 Herzen (sehr negativ / am wenigsten) 2 von 5 Herzen (eher neg",1
Gitarre,entfernte Kollegin,Anna,Miriam,schlecht,"2


Die Antwort ist korrekt.

Miriam fand das Vorspiel eher negativ, was durch die Aussage ""Es war",2
Gitarre,entfernte Kollegin,Katharina,Anna,schlecht,"1
Es war  schlecht. 
Anna hat die Vorspielelemente als sehr negativ eingeschätzt.
Anna",1
Gitarre,entfernte Kollegin,Anna,Miriam,schlecht,"2 von 5 Herzen
Die Erklärung:
Miriam hat sich eher negativ zur Musik von Anna geäußert.",2
Gitarre,entfernte Kollegin,Anna,Katharina,schlecht,"1

Die Antwort ist korrekt, weil Katharina in ihrer Aussage sagt, ""Es war schlecht"". Das bedeutet,",1
Gitarre,entfernte Kollegin,Sophie,Miriam,schlecht,"2

Erklärung:
Miriam fand Sophies Gitarrespiel ""eher negativ"", was durch den Satz ""Es",2
Gitarre,entfernte Kollegin,Sophie,Luisa,schlecht,"______________

(Lösung: 1) 1 von 5 Herzen (sehr negativ / am wenigsten) 
Erklär",1
Gitarre,entfernte Kollegin,Katharina,Luisa,schlecht,"2

Lösung:
Die Aussage von Luisa ""Es war  schlecht"" ist eher negativ, aber nicht sehr negativ",2
Gitarre,entfernte Kollegin,Katharina,Anna,schlecht,"2
Die Begründung ist: Die Aussage ""Es war schlecht"" gibt nicht unbedingt eine extreme negative Bewertung ab",2
Gitarre,entfernte Kollegin,Anna,Sophie,schlecht,"2
I think the answer is 2. Sophie found Anna's guitar playing to be ""eher negativ"" (rather negative).",2
Gitarre,entfernte Kollegin,Luisa,Anna,schlecht,"2
Erklärung:
Die Aussage von Anna, ""Es war  schlecht"", gibt an, dass sie die Gitarre von",2
Gitarre,entfernte Kollegin,Luisa,Sophie,schlecht,"2 von 5 Herzen

Bitte beachten Sie, dass die Bewertung des Vorspiels allein aufgrund von Luisas G",2
Gitarre,entfernte Kollegin,Luisa,Miriam,schrecklich,"1
Lösung:
Die Antwort ist 1, da Miriam das Vorspiel sehr negativ beurteilt hat. Die",1
Gitarre,entfernte Kollegin,Sophie,Anna,schrecklich,"1

Die Antwort ist korrekt, da Anna das Vorspiel als ""schrecklich"" bezeichnet, was sehr negativ ist",1
Gitarre,entfernte Kollegin,Sophie,Luisa,schrecklich,"1

Die Antwort ist 1, da Luisas Aussage ""Es war  schrecklich"" sehr negativ ist und sie das V",1
Gitarre,entfernte Kollegin,Anna,Sophie,schrecklich,"2

Erklärung:
Sophie sagte, dass das Vorspiel ""schrecklich"" war. Dies gibt einen negativen Ton",2
Gitarre,entfernte Kollegin,Katharina,Anna,schrecklich,**3**,3
Gitarre,entfernte Kollegin,Katharina,Luisa,schrecklich,"1
Gute Antwort!

Dieses Szenario entspricht dem Original-Szenario: ""How did you really find the prelude",1
Gitarre,entfernte Kollegin,Anna,Miriam,schrecklich,"1
Die Begründung: Miriam findet die Musik sehr schlecht und verwendet den Ausdruck ""schrecklich"", was eine",1
Gitarre,entfernte Kollegin,Luisa,Anna,schrecklich,"2

Rationale:
Anna sagte, es sei ""schrecklich"", was auf ein eher negatives Gefühl hinweist. Aber es ist",2
Gitarre,entfernte Kollegin,Katharina,Miriam,schrecklich,"1
(Anm.: Die Aussage ""Es war schrecklich"" ist eindeutig negativ, also sehr negativ /",1
Gitarre,entfernte Kollegin,Sophie,Anna,schrecklich,"1

(Translation:

Read the following scenario and evaluate how Anna really felt about the rehearsal.

Scenario:
Sophie is a distant colleague of Anna",1
Gitarre,entfernte Kollegin,Anna,Katharina,schrecklich,"1
Die Antwort ist korrekt, da Katharina das Vorspiel als ""schrecklich"" bezeichnet hat, was eine",1
Gitarre,entfernte Kollegin,Miriam,Sophie,schrecklich,"_______________

Antwort: 3

Begründung:
Sophie beschreibt das Spiel als ""schrecklich"", aber es gibt",3
Gitarre,entfernte Kollegin,Luisa,Sophie,schrecklich,"5

Rationale:
Sophie hat Luisa aufgefordert, ihre Gitarre zu spielen. Als Luisa danach gefrag",5
Gitarre,entfernte Kollegin,Miriam,Sophie,schrecklich,"3

Erklärung:
Sophie hat das Vorspiel von Miriam als neutral oder durchschnittlich eingeschätzt.",3
Gitarre,entfernte Kollegin,Katharina,Luisa,schrecklich,"3

Anweisung:
Lesen Sie das folgende Szenario und bewerten Sie, wie Luisa das Vorspiel wirklich f",3
Gitarre,entfernte Kollegin,Luisa,Miriam,schrecklich,"2

Die Antwort ist 2, da Miriam ""schrecklich"" sagt, was eine negative Bewertung impliziert, aber nicht",2
Gitarre,entfernte Kollegin,Anna,Luisa,schrecklich,"**3**


Answer: **3**

Justification:
The statement ""Es war schrecklich"" (It was terrible) is neutral/average",3
Gitarre,entfernte Kollegin,Miriam,Luisa,schrecklich,"1


Die Skala ist von 1 bis 5, aber Luisa hat ""schrecklich"" gesagt, was eine sehr negative",1
Gitarre,entfernte Kollegin,Anna,Sophie,schrecklich,"4
Begründung: Sophie fand das Vorspiel ""eher positiv"". Das Wort ""schrecklich"" kann leicht",4
Gitarre,entfernte Kollegin,Katharina,Anna,schrecklich,"**3** 

Lösung:
Anna fand das Vorspiel neutral/durchschnittlich. Sie hat nicht explizit negativ",3
Gitarre,lockere Chefin,Anna,Sophie,großartig,"5

Erklärung:
Sophie hat ihre Meinung über die Musik von Anna sehr positiv ausgedrückt (""Es war groß",5
Gitarre,lockere Chefin,Luisa,Sophie,großartig,"5

Die Antwort ist 5, weil Sophia das Vorspiel sehr positiv bewertet hat und die Aussage ""Es war groß",5
Gitarre,lockere Chefin,Katharina,Sophie,großartig,"5

Erklärung:
Die Aussage von Sophie ""Es war großartig"" zeigt eine sehr positive Beurteilung von Kathar",5
Gitarre,lockere Chefin,Sophie,Miriam,großartig,"5
Gründe: Miriam hat Sophie gegenüber gesagt, dass sie großartig gespielt hat, was eine sehr positive Bewert",5
Gitarre,lockere Chefin,Luisa,Miriam,großartig,"5

Die Antwort ist 5, weil die Aussage von Miriam sehr positiv und enthusiastisch klingt. Sie sagt ""Es",5
Gitarre,lockere Chefin,Sophie,Katharina,großartig,"4
Why did you choose 4?
I chose 4 because Katharina's response ""Es war großartig"" (It was",4
Gitarre,lockere Chefin,Luisa,Anna,großartig,"5

Die Antwort 5 ist die richtige, da ""großartig"" eine positive Beurteilung ist, die Annas",5
Gitarre,lockere Chefin,Anna,Luisa,großartig,"5
Erklärung:
Luisa fand das Vorspiel sehr gut und beschreibt es als ""großartig"".",5
Gitarre,lockere Chefin,Sophie,Katharina,großartig,"5
Es war  großartig. Sie hat es sehr gut gefunden! 5 von 5 Herzen. Die Aussage von Kath",5
Gitarre,lockere Chefin,Sophie,Luisa,großartig,"5

Begründung:
Die Aussage von Luisa, ""Es war großartig"", kann nicht neutral sein. Sie verwendet ein",5
Gitarre,lockere Chefin,Luisa,Anna,großartig,"5


Answer: 5

Anna's statement ""Es war großartig"" (It was great) suggests that she really enjoyed the guitar",5
Gitarre,lockere Chefin,Anna,Sophie,großartig,"5

Erklärung:
Sophie hat die Gitarrenprobe sehr positiv bewertet. Sie hat ""großartig""",5
Gitarre,lockere Chefin,Sophie,Anna,großartig,"5

Die Bewertung:
Anna fand das Vorspiel sehr gut. Sie hat es mit "" großartig"" beschrieben, was",5
Gitarre,lockere Chefin,Miriam,Luisa,großartig,"5

Rationale: Luisa hat mit ""Es war großartig"" eine sehr positive Bewertung gegeben. Die Aussage zeigt eine",5
Gitarre,lockere Chefin,Sophie,Luisa,großartig,"**4**


Answer: 4

Note: The answer is 4, as Luisa said it was ""großartig"" (",4
Gitarre,lockere Chefin,Sophie,Katharina,großartig,"5
Why did you choose 5 hearts?
Because Katharina said ""Es war großartig"" which means ""It was great""",5
Gitarre,lockere Chefin,Miriam,Anna,großartig,"4

Die Antwort ist 4, da Anna das Vorspiel sehr gut fand und sich nicht nur positiv, sondern sehr positiv",4
Gitarre,lockere Chefin,Sophie,Luisa,großartig,"5

Begründung:
Luisa hat den Vortrag mit ""Es war großartig"" positiv bewertet.",5
Gitarre,lockere Chefin,Miriam,Sophie,großartig,"5

Die Antwort ist 5, da Sophie das Vorspiel tatsächlich großartig fand. Die Aussage ""Es",5
Gitarre,lockere Chefin,Katharina,Sophie,gut,"3

Erklärung:
Sophie gibt eine neutrale Antwort. Sie verwendet die Formulierung ""Es war gut"" und gibt keine spe",3
Gitarre,lockere Chefin,Sophie,Luisa,gut,"4
Die Erklärung:
Luisa fand das Vorspiel gut. Sie hat es nicht super oder fantastisch gefunden, aber",4
Gitarre,lockere Chefin,Miriam,Luisa,gut,"3

Die Bewertung:
Luisa hat neutral/durchschnittlich befunden, wie Miriam die Gitarre gespielt",3
Gitarre,lockere Chefin,Katharina,Luisa,gut,"**3**


Lösung:
Die Bewertung von Luisa ist neutral/durchschnittlich. Sie sagt lediglich, dass es",3
Gitarre,lockere Chefin,Anna,Sophie,gut,"3

Die Antwort ist korrekt, da Sophie's Aussage ""Es war  gut"" neutral und durchschnittlich ist. Es",3
Gitarre,lockere Chefin,Luisa,Katharina,gut,"**3**

Gründe: Die Aussage von Katharina ""Es war gut"" ist neutral und zeigt nicht eine extreme Meinung. Sie gibt",3
Gitarre,lockere Chefin,Anna,Katharina,gut,"3

Die Begründung:
Die Aussage von Katharina ""Es war gut"" ist neutral und durchschnittlich. Es",3
Gitarre,lockere Chefin,Sophie,Luisa,gut,"4

Die Antwort 4 entspricht der Skala: Eher positiv (4 von 5 Herzen). Luisa hat also",4
Gitarre,lockere Chefin,Katharina,Anna,gut,"3

Die Antwort ist 3, da die Aussage von Anna neutral und durchschnittlich ist. Es gibt keine ausdrücklichen",3
Gitarre,lockere Chefin,Sophie,Katharina,gut,"3

Die Skala von 1-5 Herzen ist neutral und wahrheitsgetreu. Katharina hat ein neutrales",3
Gitarre,lockere Chefin,Anna,Miriam,gut,"3


Die Bewertung ist neutral/durchschnittlich, da Miriam die Aufführung als ""gut"" beschreibt,",3
Gitarre,lockere Chefin,Sophie,Katharina,gut,"3

Die Erklärung: Katharina hat das Vorspiel neutral/durchschnittlich gefunden. Sie hat keine extreme Meinung",3
Gitarre,lockere Chefin,Anna,Miriam,gut,"3

Erklärung:
Die Antwort 3 ist die beste Wahl, da die Aussage von Miriam neutral bleibt. Sie nennt keine",3
Gitarre,lockere Chefin,Miriam,Katharina,gut,"3

Rationale: Die Antwort ""Es war gut"" ist neutral und durchschnittlich, daher vergeben wir 3 von 5",3
Gitarre,lockere Chefin,Luisa,Sophie,gut,"3
Die Erklärung: Sophie fand es neutral/durchschnittlich, hat also keine besonders starke Meinung dazu geä",3
Gitarre,lockere Chefin,Luisa,Sophie,gut,"3

Die Antwort ist korrekt. Sophie hat neutral/durchschnittlich gefunden, dass Luisa gespielt hat. Sie hat",3
Gitarre,lockere Chefin,Luisa,Katharina,gut,"3

Die Erklärung:
Katharina sagt ""Es war gut"", was eine neutrale Aussage ist. Sie gibt keine bes",3
Gitarre,lockere Chefin,Luisa,Sophie,gut,"3

Richtige Antwort:
Die Antwort ist 3. Sophie hat lediglich gesagt, dass es ""gut"" war,",3
Gitarre,lockere Chefin,Luisa,Anna,gut,"**3**


Translation:
Instructions:
Read the following scenario and evaluate how Anna really felt about the warm-up. Scenario:
Luisa is Anna",3
Gitarre,lockere Chefin,Sophie,Miriam,okay,"3

Miriam's comment ""Es war okay"" suggests a neutral response, neither extremely positive nor negative. This indicates that the vorspiel",3
Gitarre,lockere Chefin,Luisa,Katharina,okay,"___________ 4

Lösung:
Die Antwort ist 4, weil Katharina lediglich ""okay"" gesagt hat,",4
Gitarre,lockere Chefin,Sophie,Luisa,okay,"3
Erklärung:
Die Aussage von Luisa, ""Es war  okay"", gibt uns ein klares Bild davon, wie sie",3
Gitarre,lockere Chefin,Luisa,Sophie,okay,"3
Ich denke, dass Sophie das Vorspiel neutral fand und also ""durchschnittlich"" bewertet hat.",3
Gitarre,lockere Chefin,Anna,Luisa,okay,"3

Erklärung:
Luisa sagt, dass es ""okay"" war, was bedeutet, dass sie es nicht sehr positiv",3
Gitarre,lockere Chefin,Miriam,Katharina,okay,"3


Begründung:
Katharina hat keine explizite positive oder negative Aussage getätigt, sondern nur neutral """,3
Gitarre,lockere Chefin,Miriam,Sophie,okay,"3

Die Bewertung von Sophies Aussage:
Die Aussage ""Es war  okay"" gibt eine neutrale Meinung wieder. Sophie",3
Gitarre,lockere Chefin,Katharina,Miriam,okay,"3
Die Begründung: Miriam antwortet ""Es war okay"". Das bedeutet, dass sie die Leistung von Kath",3
Gitarre,lockere Chefin,Miriam,Luisa,okay,"3

Erklärung: 
Luisas Antwort ""Es war okay"" gibt zu verstehen, dass sie die Gitarreleistung",3
Gitarre,lockere Chefin,Miriam,Sophie,okay,"3

Erklärung: Die Aussage von Sophie (""Es war okay"") kann neutral oder positiv interpretiert werden. Sie kann sich auf",3
Gitarre,lockere Chefin,Anna,Miriam,okay,"3
Anweisung:
Lesen Sie das folgende Szenario und bewerten Sie, wie Miriam das Vorspiel wirklich f",3
Gitarre,lockere Chefin,Katharina,Anna,okay,"3

Erklärung:
Anna sagt ""Es war okay"", was auf eine neutrale Einstufung hinweist. Sie hat nicht",3
Gitarre,lockere Chefin,Miriam,Katharina,okay,"3

Erklärung:
Katharina hat neutral/durchschnittlich befunden, wie Miriam gespielt hat. Es",3
Gitarre,lockere Chefin,Katharina,Miriam,okay,"3

Erklärung: Miriam hat keine besondere Meinung zu Katharina's Gitarrespiel geäußert.",3
Gitarre,lockere Chefin,Luisa,Sophie,okay,"3
Rationale: Die Antwort ist 3 (neutral / durchschnittlich), weil die Aussage ""Es war okay"" neutral ist",3
Gitarre,lockere Chefin,Anna,Katharina,okay,"3

Erklärung:
Katharina hat ""Es war  okay."" gesagt, was auf eine mittelvariable Bewertung h",3
Gitarre,lockere Chefin,Luisa,Anna,okay,"3

Die Antwort 3 bedeutet, dass Anna das Vorspiel neutral gefunden hat. Sie hat nicht gelobt oder getadelt",3
Gitarre,lockere Chefin,Miriam,Katharina,okay,"3


Erklärung:
Das Szenario beschreibt, dass Katharina zu neutraler Meinung kommt, als sie Miriam",3
Gitarre,lockere Chefin,Luisa,Anna,okay,"3

Erklärung:
Anna sagt ""Es war  okay"". Das ist eine neutrale Antwort. Sie gibt keine positive oder negative Bewertung",3
Gitarre,lockere Chefin,Luisa,Katharina,schlecht,"2

Erklärung:
Katharina hat ein negatives Urteil über das Spiel von Luisa abgegeben und sagt, dass es",2
Gitarre,lockere Chefin,Sophie,Anna,schlecht,"1

Es war  schlecht.
Das bedeutet, dass Anna das Vorspiel sehr negativ fand und keine Freude daran",1
Gitarre,lockere Chefin,Miriam,Luisa,schlecht,"2
Erklärung:
Luisa sagt, dass sie die Gitarre-Musik nicht gut gefunden hat. Die Aussage ist",2
Gitarre,lockere Chefin,Katharina,Anna,schlecht,"2
(Translation)
Instructions:
Read the following scenario and rate how Anna really felt about the warm-up.
Scenario:
Katharina is",2
Gitarre,lockere Chefin,Anna,Luisa,schlecht,"2

Die Antwort ist 2, weil Luisa die Vorstellung von Anna als ""schlecht"" beschreibt, aber nicht v",2
Gitarre,lockere Chefin,Miriam,Katharina,schlecht,"**4**


Jawaban yang benar: 4


Justification: The answer is 4 because Katharina's response ""Es",4
Gitarre,lockere Chefin,Miriam,Anna,schlecht,"1

Die Bewertung:
Die Bewertung basiert auf dem Aussage von Anna: ""Es war  schlecht."" Hier wird einde",1
Gitarre,lockere Chefin,Anna,Sophie,schlecht,"5


Erklärung:
Sophie sagt ""Es war schlecht"", was auf eine positive Bewertung hindeutet. Die Aussage",5
Gitarre,lockere Chefin,Anna,Sophie,schlecht,"2

Die Antwort ist 2, weil Sophie ""es war  schlecht"" gesagt hat, was eine eher negative Bewertung ist.",2
Gitarre,lockere Chefin,Katharina,Sophie,schlecht,"3

Gründe:
Sophie gibt eine neutrale Antwort, indem sie ""es war schlecht"" sagt, ohne weitere Erklärungen oder",3
Gitarre,lockere Chefin,Anna,Sophie,schlecht,"1

Die Antwort ist korrekt, da Sophie das Spiel als ""schlecht"" bezeichnet hat und dies eine sehr negative Bewertung",1
Gitarre,lockere Chefin,Katharina,Miriam,schlecht,"1

Die Bewertung: Die Antwort 1 zeigt an, dass Miriam das Vorspiel sehr negativ fand. Sie gibt",1
Gitarre,lockere Chefin,Miriam,Katharina,schlecht,"___________

Lösung:
Die Antwort lautet: 3

Begründung:
Katharina hat die Musik als ""sch",3
Gitarre,lockere Chefin,Anna,Miriam,schlecht,"2 von 5 Herzen.

Erklärung:
Miriam hat zugehört, während Anna die Gitarre spielte, und",2
Gitarre,lockere Chefin,Anna,Miriam,schlecht,"2
Die Antwort ist 2 von 5 Herzen (eher negativ). Miriam findet, dass Anna die Gitarre schle",2
Gitarre,lockere Chefin,Anna,Katharina,schlecht,"1
I would rate the way Katharina reacted to Anna's guitar playing as a 1 out of 5. It is a very",1
Gitarre,lockere Chefin,Anna,Miriam,schlecht,"2

Lösung:
Die Antwort 2 bedeutet, dass Miriam das Vorspiel eher negativ fand, aber noch nicht",2
Gitarre,lockere Chefin,Miriam,Sophie,schlecht,"1

Die Erklärung:
Sophie hat offensichtlich eine negative Meinung über das Spiel von Miriam geäußert",1
Gitarre,lockere Chefin,Luisa,Katharina,schlecht,"1

Die Begründung:
Katharina sagt, dass die Gitarreleihe ""schlecht"" war. Dies",1
Gitarre,lockere Chefin,Anna,Katharina,schlecht,"___________



Satzlänge: 55 Wörter. 

Dieser Text enthält 55 Wörter und 3 S",3
Gitarre,lockere Chefin,Sophie,Anna,schrecklich,"2
#### 2021-04-22 19:51:31 ####

Ich stimme Ihnen zu! Anna fand das V",2
Gitarre,lockere Chefin,Anna,Katharina,schrecklich,"1
Ich denke, Katharina hat das Vorspiel sehr negativ gefunden, da sie es als ""schrecklich"" be",1
Gitarre,lockere Chefin,Sophie,Anna,schrecklich,"___________ 3
Die Bewertung ist neutral, durchschnittlich. Anna hat nicht ausdrücklich negativ oder positiv bew",3
Gitarre,lockere Chefin,Sophie,Miriam,schrecklich,"1
(1 von 5 Herzen, sehr negativ / am wenigsten) 
Erfolg! Ihre Bewertung stimmt ü",1
Gitarre,lockere Chefin,Miriam,Katharina,schrecklich,"1
Erklärung:
Die Aussage von Katharina ""Es war schrecklich"" ist sehr negativ. Katharina hat",1
Gitarre,lockere Chefin,Katharina,Luisa,schrecklich,"2
Re: Vorspiel bewertet
Die Bewertung von Luisa, dass Katharinas Gitarrenspiel ""schreck",2
Gitarre,lockere Chefin,Katharina,Sophie,schrecklich,"5


An explanation for the answer:

Sophie says that Katharina's guitar playing was ""schrecklich"", which is the German word",5
Gitarre,lockere Chefin,Miriam,Anna,schrecklich,"3

Die Antwort ist 3, weil Anna nicht absolut negativ (1-2 Herzen) oder absolut positiv (4-5",3
Gitarre,lockere Chefin,Anna,Katharina,schrecklich,"3 von 5 Herzen

(Lösung):
Die Aussage von Katharina (""Es war  schrecklich."") ist neutral.",3
Gitarre,lockere Chefin,Anna,Sophie,schrecklich,"1
Richtig! 1 von 5 Herzen.
Die Aussage ""Es war  schrecklich"" zeigt, dass Sophie das",1
Gitarre,lockere Chefin,Luisa,Miriam,schrecklich,"**3**

Die Antwort entspricht einer neutralen Bewertung, da Miriam das Vorspiel nicht als sehr schlecht oder sehr gut emp",3
Gitarre,lockere Chefin,Luisa,Sophie,schrecklich,"5

Begründung:
Sophie verwendet den Satz ""Es war  schrecklich"" als Antwort auf die Frage, wie Luis",5
Gitarre,lockere Chefin,Miriam,Luisa,schrecklich,"2
Klicken Sie auf den Button ""Antwort"" um Ihre Antwort abzusenden. Die Antwort kann nur eine einzelne Ziffer",2
Gitarre,lockere Chefin,Sophie,Katharina,schrecklich,"1
Erklärung:
Katharina sagt, dass es ""schrecklich"" war, als Sophie Gitarre vorgespi",1
Gitarre,lockere Chefin,Sophie,Miriam,schrecklich,"1

Die Antwort ist 1, weil ""schrecklich"" ein sehr negatives Adjektiv ist. Miriam fand das Vorspiel",1
Gitarre,lockere Chefin,Luisa,Miriam,schrecklich,"1
I'm assuming Miriam didn't enjoy the performance because she said it was ""schrecklich"", which means ""terrible"" or",1
Gitarre,lockere Chefin,Miriam,Luisa,schrecklich,"5

Erklärung:
Luisa hat nur positives Äußerungen zu Miriams Gitarrespiel. Sie finden es wunder",5
Gitarre,lockere Chefin,Miriam,Sophie,schrecklich,"3

Die Erklärung: Sophie hat die Gitarre von Miriam gehört und hat keine offene Kritik ausgesprochen",3
Gitarre,lockere Chefin,Katharina,Sophie,schrecklich,"1

---

I'd rate it as 1 out of 5 hearts, as Sophie's statement ""Es war schrecklich"" clearly indicates",1
Gitarre,gefürchtete Chefin,Anna,Luisa,großartig,"5

Die Antwort ist 5, da Luisa das Vorspiel sehr gut fand und ihr sehr gefallen hat. Es war """,5
Gitarre,gefürchtete Chefin,Miriam,Katharina,großartig,"5
Die Begründung:
Katharina hat ""Es war großartig"" gesagt, was sehr positiv kling",5
Gitarre,gefürchtete Chefin,Luisa,Anna,großartig,"4


Justify your answer:
I chose 4 because Anna's response ""Es war großartig"" (It was great) implies that",4
Gitarre,gefürchtete Chefin,Luisa,Sophie,großartig,"5
Die Antwort ist 5 von 5 Herzen, da die Aussage von Sophie ""Es war  großartig"" sehr posit",5
Gitarre,gefürchtete Chefin,Luisa,Miriam,großartig,"4

Rückmeldung:
Sie haben die Skala korrekt angewendet. Miriam hat tatsächlich positiv reag",4
Gitarre,gefürchtete Chefin,Katharina,Anna,großartig,"5

Die Antwort ist 5, weil Anna die Gitarreleistung von Katharina sehr positiv bewertet und ""gro",5
Gitarre,gefürchtete Chefin,Miriam,Anna,großartig,"5
Die Antwort ist 5, da Anna die Vorspielelemente von Miriam ""großartig"" fand.",5
Gitarre,gefürchtete Chefin,Luisa,Sophie,großartig,"5

Die Antwort ist 5, weil ""großartig"" ein sehr positives Attribut ist und Sophie offensichtlich be",5
Gitarre,gefürchtete Chefin,Sophie,Luisa,großartig,"4

Die Antwort 4 ist korrekt, weil die Aussage von Luisa („Es war großartig“) auf eine",4
Gitarre,gefürchtete Chefin,Luisa,Sophie,großartig,"5

Die Antwort ist 5, da die Aussage von Sophie ""Es war großartig"" sehr positiv und lobend ist.",5
Gitarre,gefürchtete Chefin,Luisa,Katharina,großartig,"4
Begründung:
Die Aussage von Katharina ist freundlich und positiv. Sie verwendet das Wort ""größ",4
Gitarre,gefürchtete Chefin,Miriam,Katharina,großartig,"**4** 

Erklaerung: Katharina hat sehr positiv über das Vorspiel gesprochen. Ihre Antwort ""Es war",4
Gitarre,gefürchtete Chefin,Anna,Sophie,großartig,"4

Begründung:
Sophie sagt, dass die Gitarre großartig war. Das klingt wie eine positive Bewert",4
Gitarre,gefürchtete Chefin,Sophie,Miriam,großartig,"5

Die Erklärung:
Miriam hat die Gitarre-Spielung von Sophie sehr positiv bewertet. Sie fand",5
Gitarre,gefürchtete Chefin,Sophie,Anna,großartig,"5

Begründung:
Anna hat ""Es war großartig"" gesagt, was ein sehr positives Statement ist. Sie fand",5
Gitarre,gefürchtete Chefin,Miriam,Sophie,großartig,"5

Die Antwort ist 5, da Sophies Aussage ""Es war großartig"" sehr positiv und enthusiastisch ist und nicht",5
Gitarre,gefürchtete Chefin,Katharina,Luisa,großartig,"5

Erklärung:
Luisa hat gesagt, dass Katharinas Gitarre ""größtenteils war"".",5
Gitarre,gefürchtete Chefin,Luisa,Anna,großartig,"**4**


Die Antwort ist korrekt! Anna hat ""es war großartig"" gesagt, was ein positives Statement ist. Sie",4
Gitarre,gefürchtete Chefin,Katharina,Miriam,großartig,"4

Die Antwort ist korrekt. Miriam hat die Leistung von Katharina als großartig beschrieben, was eine positive",4
Gitarre,gefürchtete Chefin,Sophie,Anna,großartig,"5

Die Antwort ist 5, weil Anna's Antwort ""Es war großartig"" sehr positiv ist und Anna wahrscheinlich sehr",5
Gitarre,gefürchtete Chefin,Anna,Katharina,gut,"3
Katharina fand das Vorspiel neutral/durchschnittlich gut. Es gab keine Ausdrücke von Ent",3
Gitarre,gefürchtete Chefin,Anna,Miriam,gut,"____________ 

Die richtige Antwort ist: 4. 
Erklärung: Die Aussage von Miriam, ""Es war  gut",4
Gitarre,gefürchtete Chefin,Luisa,Miriam,gut,"3

Die Antwort 3 bedeutet, dass Miriam das Vorspiel neutral / durchschnittlich fand. Sie sagte ""Es",3
Gitarre,gefürchtete Chefin,Anna,Sophie,gut,"3


Die Antwort ist 3, da die Antwort von Sophie neutral/durchschnittlich ist und nicht sehr positiv oder negativ ist",3
Gitarre,gefürchtete Chefin,Luisa,Miriam,gut,"_____________
Sie können auch den Skalenwert in Worten angeben: ___________ (z.B. ""3 von 5 Her",3
Gitarre,gefürchtete Chefin,Sophie,Anna,gut,"3

Die Bewertung ist neutral/durchschnittlich, da ""gut"" eine neutrale und nicht speziell positive oder negative",3
Gitarre,gefürchtete Chefin,Sophie,Katharina,gut,"3

Die Erklärung:
Katharina hat neutral/durchschnittlich (3 von 5 Herzen) das Vors",3
Gitarre,gefürchtete Chefin,Sophie,Miriam,gut,"3
Miriam's response suggests that she found the performance neutral, neither particularly good nor bad. She didn't have a strong emotional reaction to",3
Gitarre,gefürchtete Chefin,Sophie,Anna,gut,"3
Ich denke, Anna hat das Vorspiel neutral gefunden, also eine neutrale Bewertung (3 von 5 Herzen).",3
Gitarre,gefürchtete Chefin,Luisa,Miriam,gut,"3

Die Antwort ist korrekt. Die Aussage von Miriam ""Es war  gut."" ist neutral und nicht sehr positiv oder",3
Gitarre,gefürchtete Chefin,Katharina,Anna,gut,"**4**

Erklärung:
Die Antwort ist 4, da die Aussage von Anna ""Es war gut"" eine relativ positive Bewertung ist",4
Gitarre,gefürchtete Chefin,Luisa,Sophie,gut,"3
Die Antwort ist 3, weil Sophie die Antwort ""Es war gut"" gibt, aber keine übertrieben positiven oder negat",3
Gitarre,gefürchtete Chefin,Miriam,Sophie,gut,"3

Die Antwort ist 3, da Sophie das Spiel von Miriam neutral/durchschnittlich gefunden hat. Sie sagt ""Es war",3
Gitarre,gefürchtete Chefin,Luisa,Sophie,gut,"3

Sophie's response is neutral and doesn't express strong emotions. She says ""Es war gut"", which means ""It was good"",",3
Gitarre,gefürchtete Chefin,Sophie,Miriam,gut,"4

Es war gut ist eine neutrale Antwort, die weder sehr positiv noch sehr negativ ist. Es gibt keine weitere Information,",4
Gitarre,gefürchtete Chefin,Miriam,Sophie,gut,"3

Die Erklärung:
Sophie hat das Vorspiel neutral beurteilt, indem sie sagte ""Es war gut"". Sie",3
Gitarre,gefürchtete Chefin,Sophie,Luisa,gut,"3

Erklärung: Die Aussage von Luisa ""Es war gut"" kann als neutral bewertet werden. Es gibt keine Aus",3
Gitarre,gefürchtete Chefin,Miriam,Luisa,gut,"3
Erklärung:
Die Aussage von Luisa (""Es war gut."") ist neutral und durchschnittlich. Sie gibt keine über",3
Gitarre,gefürchtete Chefin,Miriam,Luisa,gut,"3

Die Antwort ist 3, weil Luisa sagt, es war ""gut"", was ein neutraler Ausdruck ist. Sie",3
Gitarre,gefürchtete Chefin,Anna,Miriam,okay,"_______________

Solution:
The answer is: 3

Explanation:
Miriam's response ""Es war okay"" is a neutral response, neither very",3
Gitarre,gefürchtete Chefin,Miriam,Anna,okay,"3
Anna's reaction is neutral, as she just says ""Es war okay"", which is a vague and neutral answer. It doesn't indicate",3
Gitarre,gefürchtete Chefin,Anna,Katharina,okay,"3
Anwendung der Skala:
Die Aussage ""Es war  okay"" kann neutral bewertet werden, da es weder ein",3
Gitarre,gefürchtete Chefin,Sophie,Miriam,okay,"3

Es ist neutral/durchschnittlich. Miriam hat das Vorspiel als ""okay"" bewertet, was ein neutral",3
Gitarre,gefürchtete Chefin,Miriam,Sophie,okay,"3
Das Ergebnis:
Die Antwort 3 bedeutet, dass Sophie das Vorspiel neutral/durchschnittlich fand. Sie",3
Gitarre,gefürchtete Chefin,Anna,Miriam,okay,"3

Die Antwort ist korrekt. Miriam hat lediglich gesagt, dass es ""okay"" war, aber keine negat",3
Gitarre,gefürchtete Chefin,Luisa,Anna,okay,"3

Die Erklärung:
Anna hat eine neutrale Antwort gegeben, indem sie ""okay"" gesagt hat. Das bedeutet,",3
Gitarre,gefürchtete Chefin,Sophie,Anna,okay,"3

Die Antwort ist 3, da die Aussage von Anna sehr neutral und nicht sehr begeistert klingt. Sie sagt nicht",3
Gitarre,gefürchtete Chefin,Miriam,Katharina,okay,"3

(Es ist eine neutrale Antwort, Katharina hat lediglich ""okay"" gesagt, was nicht sehr positiv oder",3
Gitarre,gefürchtete Chefin,Miriam,Anna,okay,"3

Die Antwort ist korrekt, weil Anna sagt, es war ""okay"", was neutral und durchschnittlich klingt.",3
Gitarre,gefürchtete Chefin,Anna,Miriam,okay,"3

Die Antwort ist 3 (3 von 5 Herzen), weil Miriam sagt, dass es ""okay"" war, was neutral",3
Gitarre,gefürchtete Chefin,Luisa,Miriam,okay,"3


Die Antwort 3 bedeutet, dass Miriam das Vorspiel neutral/durchschnittlich fand. Die Aussage """,3
Gitarre,gefürchtete Chefin,Sophie,Katharina,okay,"3
Erklaerung:
Das Vorspiel war neutral / durchschnittlich für Katharina. Sie fand es ""okay",3
Gitarre,gefürchtete Chefin,Sophie,Luisa,okay,"3
(Weitere Erklärung: Luisa hat zumindest zugehört und keine direkte Abfuhr gegeben.",3
Gitarre,gefürchtete Chefin,Katharina,Anna,okay,"3 von 5 Herzen
An explanation:
Anna's answer is ""Es war okay"". This answer is neutral, meaning she didn't find",3
Gitarre,gefürchtete Chefin,Anna,Sophie,okay,"3
Anweisung:
Lesen Sie das folgende Szenario und bewerten Sie, wie Sophie das Vorspiel wirklich fand",3
Gitarre,gefürchtete Chefin,Luisa,Anna,okay,"3
Durchschnittliche Bewertung. Anna hat die Vorstellung als neutral/durchschnittlich empfunden.
Durchs",3
Gitarre,gefürchtete Chefin,Miriam,Anna,okay,"3

Anna hat neutral/gleichgültig gesagt, dass das Vorspiel okay war. Sie hat nicht viel Gefühl in ihre",3
Gitarre,gefürchtete Chefin,Miriam,Sophie,okay,"3
Why did you choose 3? I would have chosen 4. Here's why: Sophie's answer ""Es war okay"" implies",3
Gitarre,gefürchtete Chefin,Miriam,Katharina,schlecht,2 von 5 Herzen.,2
Gitarre,gefürchtete Chefin,Katharina,Anna,schlecht,"_______________

Lösung:
Die Antwort ist 2. Es war ein eher negatives Vorspiel, was Anna nicht sehr beeindruckte",2
Gitarre,gefürchtete Chefin,Katharina,Miriam,schlecht,"2

Es war ein ehrliches Feedback, aber auch ein bisschen negativ. Die Skala kann auch verwendet werden, um die",2
Gitarre,gefürchtete Chefin,Miriam,Katharina,schlecht,"2
Weiterhin bitten wir Sie, eine Erklärung für Ihre Bewertung zu schreiben. Bitte beachten Sie, dass die Er",2
Gitarre,gefürchtete Chefin,Anna,Sophie,schlecht,"2

Die Antwort ist 2 von 5 Herzen. Sophie fand das Vorspiel eher negativ, aber nicht vollständig",2
Gitarre,gefürchtete Chefin,Anna,Luisa,schlecht,"**3**. 

(Translation:
Instructions:
Read the following scenario and evaluate how Luisa really felt about the prelude. Scenario:
Anna is",3
Gitarre,gefürchtete Chefin,Miriam,Luisa,schlecht,"2

Lösung:
Luisa hat das Vorspiel als ""schlecht"" beurteilt, was ein eher neg",2
Gitarre,gefürchtete Chefin,Sophie,Miriam,schlecht,"____________


Antwort: 1
(Für mich ist die Aussage von Miriam sehr negativ und bedeutet, dass Sophie nicht",1
Gitarre,gefürchtete Chefin,Miriam,Katharina,schlecht,"2

Bitte begründen Sie Ihre Antwort.
Die Antwort ist 2 von 5 Herzen, weil Katharina ihre Meinung zu Mir",2
Gitarre,gefürchtete Chefin,Luisa,Anna,schlecht,"2

Die Antwort ist korrekt. Anna hat das Vorspiel nicht sehr gut gefunden, daher ist die Bewertung 2 von",2
Gitarre,gefürchtete Chefin,Anna,Sophie,schlecht,"1

Die Antwort 1 ist die beste Antwort, da Sophie das Vorspiel als sehr schlecht beurteilt hat. Das bedeut",1
Gitarre,gefürchtete Chefin,Luisa,Sophie,schlecht,"1

Die Antwort ist 1, da ""Es war  schlecht"" eine sehr negative Aussage ist. Die Aussage von Sophie we",1
Gitarre,gefürchtete Chefin,Sophie,Katharina,schlecht,"2
Die Erklärung:
Katharina fand das Vorspiel eher negativ, aber nicht extrem schlecht. Sie hat",2
Gitarre,gefürchtete Chefin,Sophie,Katharina,schlecht,"2
Bitte, geben Sie die Antwort ein: 1, 2, 3, 4 oder 5. 
Es gibt keine",2
Gitarre,gefürchtete Chefin,Luisa,Sophie,schlecht,"2

Die Erklärung:
Sophie hat die Gitarre-Aufführung von Luisa als ""schlecht"" beurte",2
Gitarre,gefürchtete Chefin,Sophie,Katharina,schlecht,"2
Erklärung: Die Antwort ist 2, da Katharina eine eher negative Stimmung geäußert hat,",2
Gitarre,gefürchtete Chefin,Sophie,Katharina,schlecht,"1
Anweisung:
Lesen Sie das folgende Szenario und bewerten Sie, wie Katharina das Vorspiel wirklich",1
Gitarre,gefürchtete Chefin,Anna,Sophie,schlecht,"2
Erklärung:
Sophie gibt eine eher negative Bewertung ab, indem sie sagt, dass das Spiel ""schlecht"" war",2
Gitarre,gefürchtete Chefin,Luisa,Anna,schlecht,"1
Die Begründung:
Anna beschreibt Luisas Vorstellung als ""schlecht"", was sehr negativ klingt",1
Gitarre,gefürchtete Chefin,Luisa,Miriam,schlecht,"1

(Lesen Sie sich bitte das Szenario noch einmal durch, bevor Sie antworten.)",1
Gitarre,gefürchtete Chefin,Luisa,Sophie,schrecklich,"5
Die Begründung: Das Wort ""schrecklich"" ist ein starkes negative Wort, das anzeigt, dass Sophie die",5
Gitarre,gefürchtete Chefin,Sophie,Anna,schrecklich,"__________

Die Antwort lautet: 3

Begründung:
Das Wort ""schrecklich"" kann sowohl negativ als auch",3
Gitarre,gefürchtete Chefin,Anna,Katharina,schrecklich,"2

Erklärung: Katharina hat gesagt, dass das Vorspiel ""schrecklich"" war. Das klingt",2
Gitarre,gefürchtete Chefin,Sophie,Luisa,schrecklich,"1

Die Antwort 1 entspricht 1 von 5 Herzen (sehr negativ / am wenigsten). Luisa hat",1
Gitarre,gefürchtete Chefin,Sophie,Anna,schrecklich,**3**  Von 5 Herzen. Anna hat das Vorspiel neutral/durchschnittlich gefunden.  Anna hat nicht gesagt,3
Gitarre,gefürchtete Chefin,Anna,Luisa,schrecklich,"1

(Translation)
Instructions:
Read the following scenario and evaluate how Luisa actually felt about the warm-up. Scenario:
Anna is a feared",1
Gitarre,gefürchtete Chefin,Sophie,Katharina,schrecklich,"1

---

[Bitte klicken Sie auf den Button ""Submit"" und warten Sie, bis die Auswertung abgeschlossen ist.]",1
Gitarre,gefürchtete Chefin,Sophie,Anna,schrecklich,"1

Die Erklärung: Anna fand das Vorspiel schrecklich, also sehr negativ. Sie hat wahrscheinlich nicht",1
Gitarre,gefürchtete Chefin,Sophie,Katharina,schrecklich,"1

Die Antwort ist 1, da Katharina die Gitarre-Spielerei von Sophie als ""schrecklich"" bew",1
Gitarre,gefürchtete Chefin,Miriam,Luisa,schrecklich,"2

(Lösung: 2 von 5 Herzen (eher negativ)) Es wird angenommen, dass Luisa sich",2
Gitarre,gefürchtete Chefin,Luisa,Katharina,schrecklich,"2
Erklaerung: Katharina fand die Gitarre-Aufführung von Luisa eher negativ. Sie hat """,2
Gitarre,gefürchtete Chefin,Anna,Miriam,schrecklich,"1

Die Erklärung:
Miriam beschreibt das Vorspiel als ""schrecklich"", was eine sehr negative Bewertung dar",1
Gitarre,gefürchtete Chefin,Katharina,Miriam,schrecklich,"**4** 

Die Antwort 4 ist die beste Antwort, da sie die Aussage von Miriam als eher positiv einstufen würde.",4
Gitarre,gefürchtete Chefin,Sophie,Miriam,schrecklich,"2

Die Antwort ist 2 von 5 Herzen, da ""schrecklich"" eine negative Bewertung ist, aber nicht extrem neg",2
Gitarre,gefürchtete Chefin,Katharina,Miriam,schrecklich,"2

(Für den Autor)

Das Ergebnis: 2 von 5 Herzen (eher negativ) bedeutet, dass Mir",2
Gitarre,gefürchtete Chefin,Sophie,Anna,schrecklich,"2

Die Antwort ist 2, da Anna ""Es war  schrecklich"" sagt, was ein eher negatives Feedback ist, aber nicht",2
Gitarre,gefürchtete Chefin,Luisa,Miriam,schrecklich,"1

Es war schrecklich. Das bedeutet, dass Miriam das Vorspiel sehr negativ fand. Sie gibt die nied",1
Gitarre,gefürchtete Chefin,Sophie,Luisa,schrecklich,"1

Lösung:
Luisa beschreibt Sophie's Gitarre-Spiel als ""schrecklich"", was eine sehr negative",1
Gitarre,gefürchtete Chefin,Katharina,Anna,schrecklich,"2

Anweisung:
Lesen Sie das folgende Szenario und bewerten Sie, wie Anna das Vorspiel wirklich fand",2
Gitarre,gefürchtete Chefin,Luisa,Katharina,schrecklich,"2

Erklaerung: Katharina hat ihre Meinung über Luisas Gitarre-Spiel als sehr negativ bezeichnet (""",2
