situation,relationship,personA,personB,state,response_text,parsed
Kuchen,enge Freundin,Katharina,Sophie,1,Es war schrecklich.,schrecklich
Kuchen,enge Freundin,Katharina,Miriam,1,Es war schrecklich.,schrecklich
Kuchen,enge Freundin,Luisa,Anna,1,Es war schrecklich.,schrecklich
Kuchen,enge Freundin,Miriam,Sophie,1,Es war schrecklich.,schrecklich
Kuchen,enge Freundin,Miriam,Katharina,1,Es war schrecklich.,schrecklich
Kuchen,enge Freundin,Sophie,Miriam,1,Es war schrecklich.,schrecklich
Kuchen,enge Freundin,Miriam,Katharina,1,Es war schrecklich.,schrecklich
Kuchen,enge Freundin,Luisa,Katharina,1,Es war schrecklich.,schrecklich
Kuchen,enge Freundin,Sophie,Katharina,1,Es war schrecklich.,schrecklich
Kuchen,enge Freundin,Katharina,Anna,1,Es war schrecklich.,schrecklich
Kuchen,enge Freundin,Miriam,Luisa,1,Es war schrecklich.,schrecklich
Kuchen,enge Freundin,Luisa,Miriam,1,Es war schrecklich.,schrecklich
Kuchen,enge Freundin,Luisa,Sophie,1,Es war schrecklich.,schrecklich
Kuchen,enge Freundin,Miriam,Anna,1,Es war schrecklich.,schrecklich
Kuchen,enge Freundin,Anna,Katharina,1,Es war schrecklich.,schrecklich
Kuchen,enge Freundin,Anna,Miriam,1,Es war schrecklich.,schrecklich
Kuchen,enge Freundin,Sophie,Katharina,1,Es war schrecklich.,schrecklich
Kuchen,enge Freundin,Luisa,Anna,1,Es war schrecklich.,schrecklich
Kuchen,enge Freundin,Sophie,Katharina,1,Es war schrecklich.,schrecklich
Kuchen,enge Freundin,Miriam,Katharina,1,Es war schrecklich.,schrecklich
Kuchen,enge Freundin,Sophie,Luisa,1,Es war schrecklich.,schrecklich
Kuchen,enge Freundin,Sophie,Luisa,1,Es war schrecklich.,schrecklich
Kuchen,enge Freundin,Miriam,Sophie,1,Es war schrecklich.,schrecklich
Kuchen,enge Freundin,Katharina,Miriam,1,Es war schrecklich.,schrecklich
Kuchen,enge Freundin,Katharina,Luisa,1,Es war schrecklich.,schrecklich
Kuchen,enge Freundin,Sophie,Miriam,1,Es war schrecklich.,schrecklich
Kuchen,enge Freundin,Anna,Sophie,1,Es war schrecklich.,schrecklich
Kuchen,enge Freundin,Sophie,Luisa,1,Es war schrecklich.,schrecklich
Kuchen,enge Freundin,Anna,Sophie,1,Es war schrecklich.,schrecklich
Kuchen,enge Freundin,Luisa,Sophie,1,Es war schrecklich.,schrecklich
Kuchen,enge Freundin,Anna,Miriam,2,Es war schlecht.,schlecht
Kuchen,enge Freundin,Miriam,Sophie,2,Es war okay.,okay
Kuchen,enge Freundin,Anna,Luisa,2,Es war okay.,okay
Kuchen,enge Freundin,Miriam,Anna,2,Es war okay.,okay
Kuchen,enge Freundin,Anna,Katharina,2,Es war schlecht.,schlecht
Kuchen,enge Freundin,Anna,Luisa,2,Es war okay.,okay
Kuchen,enge Freundin,Sophie,Miriam,2,Es war schlecht.,schlecht
Kuchen,enge Freundin,Sophie,Anna,2,Es war okay.,okay
Kuchen,enge Freundin,Sophie,Luisa,2,Es war okay.,okay
Kuchen,enge Freundin,Luisa,Katharina,2,Es war schlecht.,schlecht
Kuchen,enge Freundin,Miriam,Katharina,2,Es war schlecht.,schlecht
Kuchen,enge Freundin,Luisa,Katharina,2,Es war schlecht.,schlecht
Kuchen,enge Freundin,Sophie,Luisa,2,Es war schlecht.,schlecht
Kuchen,enge Freundin,Anna,Luisa,2,Es war okay.,okay
Kuchen,enge Freundin,Katharina,Luisa,2,Es war okay.,okay
Kuchen,enge Freundin,Miriam,Luisa,2,Es war schlecht,schlecht
Kuchen,enge Freundin,Sophie,Katharina,2,Es war schlecht.,schlecht
Kuchen,enge Freundin,Sophie,Anna,2,Es war okay.,okay
Kuchen,enge Freundin,Anna,Luisa,2,Es war okay.,okay
Kuchen,enge Freundin,Anna,Luisa,2,Es war okay.,okay
Kuchen,enge Freundin,Sophie,Katharina,2,Es war schlecht.,schlecht
Kuchen,enge Freundin,Miriam,Luisa,2,Es war schlecht.,schlecht
Kuchen,enge Freundin,Luisa,Miriam,2,Es war okay.,okay
Kuchen,enge Freundin,Sophie,Miriam,2,Es war schlecht.,schlecht
Kuchen,enge Freundin,Katharina,Sophie,2,Es war okay.,okay
Kuchen,enge Freundin,Luisa,Katharina,2,Es war schlecht.,schlecht
Kuchen,enge Freundin,Sophie,Miriam,2,Es war okay.,okay
Kuchen,enge Freundin,Katharina,Luisa,2,Es war schlecht.,schlecht
Kuchen,enge Freundin,Sophie,Miriam,2,Es war schlecht.,schlecht
Kuchen,enge Freundin,Luisa,Katharina,2,Es war schlecht,schlecht
Kuchen,enge Freundin,Anna,Sophie,3,Es war okay.,okay
Kuchen,enge Freundin,Katharina,Sophie,3,Es war okay.,okay
Kuchen,enge Freundin,Sophie,Miriam,3,Es war okay.,okay
Kuchen,enge Freundin,Katharina,Sophie,3,Es war okay.,okay
Kuchen,enge Freundin,Katharina,Luisa,3,Es war okay.,okay
Kuchen,enge Freundin,Anna,Sophie,3,Es war okay.,okay
Kuchen,enge Freundin,Anna,Katharina,3,Es war okay.,okay
Kuchen,enge Freundin,Sophie,Miriam,3,Es war okay.,okay
Kuchen,enge Freundin,Anna,Miriam,3,Es war okay.,okay
Kuchen,enge Freundin,Katharina,Miriam,3,Es war okay.,okay
Kuchen,enge Freundin,Luisa,Miriam,3,Es war okay.,okay
Kuchen,enge Freundin,Miriam,Luisa,3,Es war okay.,okay
Kuchen,enge Freundin,Miriam,Luisa,3,Es war okay.,okay
Kuchen,enge Freundin,Miriam,Sophie,3,Es war okay.,okay
Kuchen,enge Freundin,Katharina,Sophie,3,Es war okay.,okay
Kuchen,enge Freundin,Miriam,Sophie,3,Es war okay.,okay
Kuchen,enge Freundin,Sophie,Katharina,3,Es war okay.,okay
Kuchen,enge Freundin,Miriam,Luisa,3,Es war okay.,okay
Kuchen,enge Freundin,Miriam,Anna,3,Es war okay.,okay
Kuchen,enge Freundin,Katharina,Sophie,3,Es war okay.,okay
Kuchen,enge Freundin,Luisa,Miriam,3,Es war okay.,okay
Kuchen,enge Freundin,Katharina,Luisa,3,Es war okay.,okay
Kuchen,enge Freundin,Anna,Katharina,3,Es war okay.,okay
Kuchen,enge Freundin,Luisa,Sophie,3,Es war okay.,okay
Kuchen,enge Freundin,Miriam,Sophie,3,Es war okay.,okay
Kuchen,enge Freundin,Luisa,Sophie,3,Es war okay.,okay
Kuchen,enge Freundin,Katharina,Luisa,3,Es war okay.,okay
Kuchen,enge Freundin,Sophie,Anna,3,Es war okay.,okay
Kuchen,enge Freundin,Anna,Katharina,3,Es war okay.,okay
Kuchen,enge Freundin,Sophie,Katharina,3,Es war okay.,okay
Kuchen,enge Freundin,Katharina,Sophie,4,Es war großartig.,großartig
Kuchen,enge Freundin,Anna,Luisa,4,Es war großartig.,großartig
Kuchen,enge Freundin,Miriam,Anna,4,Es war gut.,gut
Kuchen,enge Freundin,Sophie,Luisa,4,Es war großartig.,großartig
Kuchen,enge Freundin,Sophie,Anna,4,Es war großartig.,großartig
Kuchen,enge Freundin,Luisa,Miriam,4,Es war großartig.,großartig
Kuchen,enge Freundin,Miriam,Luisa,4,Es war gut.,gut
Kuchen,enge Freundin,Sophie,Katharina,4,Es war großartig.,großartig
Kuchen,enge Freundin,Luisa,Miriam,4,Es war großartig.,großartig
Kuchen,enge Freundin,Miriam,Katharina,4,Es war gut.,gut
Kuchen,enge Freundin,Miriam,Anna,4,Es war gut.,gut
Kuchen,enge Freundin,Miriam,Katharina,4,Es war großartig.,großartig
Kuchen,enge Freundin,Sophie,Miriam,4,Es war großartig.,großartig
Kuchen,enge Freundin,Anna,Luisa,4,Es war großartig.,großartig
Kuchen,enge Freundin,Luisa,Katharina,4,Es war großartig.,großartig
Kuchen,enge Freundin,Luisa,Katharina,4,Es war großartig.,großartig
Kuchen,enge Freundin,Anna,Sophie,4,Es war großartig.,großartig
Kuchen,enge Freundin,Luisa,Anna,4,Es war großartig.,großartig
Kuchen,enge Freundin,Miriam,Anna,4,Es war großartig.,großartig
Kuchen,enge Freundin,Luisa,Anna,4,Es war großartig.,großartig
Kuchen,enge Freundin,Luisa,Miriam,4,Es war großartig.,großartig
Kuchen,enge Freundin,Sophie,Katharina,4,Es war großartig.,großartig
Kuchen,enge Freundin,Anna,Luisa,4,Es war großartig.,großartig
Kuchen,enge Freundin,Katharina,Sophie,4,Es war gut.,gut
Kuchen,enge Freundin,Miriam,Luisa,4,Es war großartig.,großartig
Kuchen,enge Freundin,Anna,Katharina,4,Es war großartig.,großartig
Kuchen,enge Freundin,Sophie,Miriam,4,Es war großartig.,großartig
Kuchen,enge Freundin,Miriam,Katharina,4,Es war gut.,gut
Kuchen,enge Freundin,Luisa,Anna,4,Es war großartig.,großartig
Kuchen,enge Freundin,Sophie,Katharina,4,Es war großartig.,großartig
Kuchen,enge Freundin,Anna,Sophie,5,Es war großartig.,großartig
Kuchen,enge Freundin,Miriam,Anna,5,Es war großartig.,großartig
Kuchen,enge Freundin,Miriam,Sophie,5,Es war großartig.,großartig
Kuchen,enge Freundin,Luisa,Sophie,5,Es war großartig.,großartig
Kuchen,enge Freundin,Anna,Katharina,5,Es war großartig.,großartig
Kuchen,enge Freundin,Anna,Katharina,5,Es war großartig.,großartig
Kuchen,enge Freundin,Anna,Sophie,5,Es war großartig.,großartig
Kuchen,enge Freundin,Luisa,Katharina,5,Es war großartig.,großartig
Kuchen,enge Freundin,Katharina,Sophie,5,Es war großartig.,großartig
Kuchen,enge Freundin,Anna,Miriam,5,Es war großartig.,großartig
Kuchen,enge Freundin,Sophie,Luisa,5,Es war großartig.,großartig
Kuchen,enge Freundin,Luisa,Sophie,5,Es war großartig.,großartig
Kuchen,enge Freundin,Anna,Luisa,5,Es war großartig.,großartig
Kuchen,enge Freundin,Miriam,Sophie,5,Es war großartig.,großartig
Kuchen,enge Freundin,Sophie,Katharina,5,Es war großartig.,großartig
Kuchen,enge Freundin,Luisa,Katharina,5,Es war großartig.,großartig
Kuchen,enge Freundin,Anna,Katharina,5,Es war großartig.,großartig
Kuchen,enge Freundin,Sophie,Katharina,5,Es war großartig.,großartig
Kuchen,enge Freundin,Miriam,Sophie,5,Es war großartig.,großartig
Kuchen,enge Freundin,Luisa,Miriam,5,Es war großartig.,großartig
Kuchen,enge Freundin,Sophie,Luisa,5,Es war großartig.,großartig
Kuchen,enge Freundin,Katharina,Anna,5,Es war großartig.,großartig
Kuchen,enge Freundin,Sophie,Anna,5,Es war großartig.,großartig
Kuchen,enge Freundin,Katharina,Sophie,5,Es war großartig.,großartig
Kuchen,enge Freundin,Miriam,Katharina,5,Es war großartig.,großartig
Kuchen,enge Freundin,Miriam,Sophie,5,Es war großartig.,großartig
Kuchen,enge Freundin,Anna,Sophie,5,Es war großartig.,großartig
Kuchen,enge Freundin,Katharina,Sophie,5,Es war großartig.,großartig
Kuchen,enge Freundin,Luisa,Sophie,5,Es war großartig.,großartig
Kuchen,enge Freundin,Miriam,Luisa,5,Es war großartig.,großartig
Kuchen,entfernte Kollegin,Anna,Sophie,1,Es war schrecklich.,schrecklich
Kuchen,entfernte Kollegin,Anna,Luisa,1,Es war schrecklich.,schrecklich
Kuchen,entfernte Kollegin,Miriam,Anna,1,Es war schrecklich.,schrecklich
Kuchen,entfernte Kollegin,Miriam,Katharina,1,Es war schrecklich.,schrecklich
Kuchen,entfernte Kollegin,Anna,Sophie,1,Es war schrecklich.,schrecklich
Kuchen,entfernte Kollegin,Miriam,Luisa,1,Es war schrecklich.,schrecklich
Kuchen,entfernte Kollegin,Luisa,Katharina,1,Es war schrecklich.,schrecklich
Kuchen,entfernte Kollegin,Katharina,Anna,1,Es war schrecklich.,schrecklich
Kuchen,entfernte Kollegin,Luisa,Sophie,1,Es war schrecklich.,schrecklich
Kuchen,entfernte Kollegin,Miriam,Luisa,1,Es war schrecklich.,schrecklich
Kuchen,entfernte Kollegin,Sophie,Anna,1,Es war schrecklich.,schrecklich
Kuchen,entfernte Kollegin,Miriam,Sophie,1,Es war schrecklich.,schrecklich
Kuchen,entfernte Kollegin,Miriam,Anna,1,Es war schrecklich.,schrecklich
Kuchen,entfernte Kollegin,Miriam,Luisa,1,Es war schrecklich.,schrecklich
Kuchen,entfernte Kollegin,Katharina,Miriam,1,Es war schrecklich.,schrecklich
Kuchen,entfernte Kollegin,Sophie,Anna,1,Es war schrecklich.,schrecklich
Kuchen,entfernte Kollegin,Katharina,Miriam,1,Es war schrecklich.,schrecklich
Kuchen,entfernte Kollegin,Sophie,Katharina,1,Es war schrecklich.,schrecklich
Kuchen,entfernte Kollegin,Miriam,Anna,1,Es war schrecklich.,schrecklich
Kuchen,entfernte Kollegin,Anna,Luisa,1,Es war schrecklich.,schrecklich
Kuchen,entfernte Kollegin,Sophie,Anna,1,Es war schrecklich.,schrecklich
Kuchen,entfernte Kollegin,Luisa,Anna,1,Es war schrecklich.,schrecklich
Kuchen,entfernte Kollegin,Katharina,Luisa,1,Es war schrecklich.,schrecklich
Kuchen,entfernte Kollegin,Luisa,Anna,1,Es war schrecklich.,schrecklich
Kuchen,entfernte Kollegin,Miriam,Anna,1,Es war schrecklich.,schrecklich
Kuchen,entfernte Kollegin,Miriam,Anna,1,Es war schrecklich.,schrecklich
Kuchen,entfernte Kollegin,Katharina,Miriam,1,Es war schrecklich.,schrecklich
Kuchen,entfernte Kollegin,Katharina,Miriam,1,Es war schrecklich.,schrecklich
Kuchen,entfernte Kollegin,Katharina,Sophie,1,Es war schrecklich.,schrecklich
Kuchen,entfernte Kollegin,Anna,Sophie,1,Es war schrecklich.,schrecklich
Kuchen,entfernte Kollegin,Sophie,Luisa,2,Es war schlecht.,schlecht
Kuchen,entfernte Kollegin,Katharina,Miriam,2,Es war schlecht.,schlecht
Kuchen,entfernte Kollegin,Miriam,Luisa,2,Es war okay.,okay
Kuchen,entfernte Kollegin,Anna,Katharina,2,Es war schlecht.,schlecht
Kuchen,entfernte Kollegin,Katharina,Miriam,2,Es war okay.,okay
Kuchen,entfernte Kollegin,Miriam,Luisa,2,Es war schlecht.,schlecht
Kuchen,entfernte Kollegin,Anna,Luisa,2,Es war okay.,okay
Kuchen,entfernte Kollegin,Luisa,Sophie,2,Es war schlecht.,schlecht
Kuchen,entfernte Kollegin,Sophie,Miriam,2,Es war schlecht.,schlecht
Kuchen,entfernte Kollegin,Katharina,Sophie,2,Es war okay.,okay
Kuchen,entfernte Kollegin,Anna,Luisa,2,Es war okay.,okay
Kuchen,entfernte Kollegin,Sophie,Katharina,2,Es war schlecht.,schlecht
Kuchen,entfernte Kollegin,Sophie,Miriam,2,Es war schlecht.,schlecht
Kuchen,entfernte Kollegin,Anna,Sophie,2,Es war okay.,okay
Kuchen,entfernte Kollegin,Miriam,Luisa,2,Es war okay.,okay
Kuchen,entfernte Kollegin,Luisa,Sophie,2,Es war okay.,okay
Kuchen,entfernte Kollegin,Katharina,Luisa,2,Es war okay.,okay
Kuchen,entfernte Kollegin,Sophie,Miriam,2,Es war schlecht.,schlecht
Kuchen,entfernte Kollegin,Miriam,Katharina,2,Es war schlecht.,schlecht
Kuchen,entfernte Kollegin,Sophie,Luisa,2,Es war okay.,okay
Kuchen,entfernte Kollegin,Sophie,Miriam,2,Es war okay.,okay
Kuchen,entfernte Kollegin,Miriam,Luisa,2,Es war schlecht.,schlecht
Kuchen,entfernte Kollegin,Luisa,Katharina,2,Es war schlecht.,schlecht
Kuchen,entfernte Kollegin,Anna,Miriam,2,Es war okay.,okay
Kuchen,entfernte Kollegin,Katharina,Anna,2,Es war okay.,okay
Kuchen,entfernte Kollegin,Miriam,Luisa,2,Es war okay.,okay
Kuchen,entfernte Kollegin,Sophie,Anna,2,Es war schlecht.,schlecht
Kuchen,entfernte Kollegin,Katharina,Sophie,2,Es war schlecht.,schlecht
Kuchen,entfernte Kollegin,Miriam,Sophie,2,Es war okay.,okay
Kuchen,entfernte Kollegin,Anna,Luisa,2,Es war okay.,okay
Kuchen,entfernte Kollegin,Anna,Luisa,3,Es war okay.,okay
Kuchen,entfernte Kollegin,Katharina,Sophie,3,Es war okay.,okay
Kuchen,entfernte Kollegin,Anna,Katharina,3,Es war okay.,okay
Kuchen,entfernte Kollegin,Anna,Katharina,3,Es war okay.,okay
Kuchen,entfernte Kollegin,Luisa,Katharina,3,Es war okay.,okay
Kuchen,entfernte Kollegin,Katharina,Miriam,3,Es war okay.,okay
Kuchen,entfernte Kollegin,Miriam,Anna,3,Es war okay.,okay
Kuchen,entfernte Kollegin,Miriam,Anna,3,Es war okay.,okay
Kuchen,entfernte Kollegin,Anna,Miriam,3,Es war okay.,okay
Kuchen,entfernte Kollegin,Luisa,Sophie,3,Es war okay.,okay
Kuchen,entfernte Kollegin,Sophie,Katharina,3,Es war okay.,okay
Kuchen,entfernte Kollegin,Anna,Luisa,3,Es war okay.,okay
Kuchen,entfernte Kollegin,Miriam,Katharina,3,Es war okay.,okay
Kuchen,entfernte Kollegin,Katharina,Miriam,3,Es war okay.,okay
Kuchen,entfernte Kollegin,Miriam,Anna,3,Es war okay.,okay
Kuchen,entfernte Kollegin,Katharina,Sophie,3,Es war okay.,okay
Kuchen,entfernte Kollegin,Anna,Katharina,3,Es war okay.,okay
Kuchen,entfernte Kollegin,Anna,Miriam,3,Es war okay.,okay
Kuchen,entfernte Kollegin,Katharina,Miriam,3,Es war okay.,okay
Kuchen,entfernte Kollegin,Katharina,Sophie,3,Es war okay.,okay
Kuchen,entfernte Kollegin,Katharina,Anna,3,Es war okay.,okay
Kuchen,entfernte Kollegin,Anna,Miriam,3,Es war okay.,okay
Kuchen,entfernte Kollegin,Anna,Luisa,3,Es war okay.,okay
Kuchen,entfernte Kollegin,Anna,Luisa,3,Es war okay.,okay
Kuchen,entfernte Kollegin,Miriam,Sophie,3,Es war okay.,okay
Kuchen,entfernte Kollegin,Katharina,Miriam,3,Es war okay.,okay
Kuchen,entfernte Kollegin,Anna,Sophie,3,Es war okay.,okay
Kuchen,entfernte Kollegin,Miriam,Katharina,3,Es war okay.,okay
Kuchen,entfernte Kollegin,Katharina,Miriam,3,Es war okay.,okay
Kuchen,entfernte Kollegin,Luisa,Miriam,3,Es war okay.,okay
Kuchen,entfernte Kollegin,Sophie,Miriam,4,Es war großartig.,großartig
Kuchen,entfernte Kollegin,Katharina,Sophie,4,Es war großartig.,großartig
Kuchen,entfernte Kollegin,Miriam,Sophie,4,Es war großartig.,großartig
Kuchen,entfernte Kollegin,Katharina,Miriam,4,Es war großartig.,großartig
Kuchen,entfernte Kollegin,Anna,Luisa,4,Es war großartig.,großartig
Kuchen,entfernte Kollegin,Luisa,Sophie,4,Es war großartig.,großartig
Kuchen,entfernte Kollegin,Anna,Luisa,4,Es war großartig.,großartig
Kuchen,entfernte Kollegin,Katharina,Luisa,4,Es war großartig.,großartig
Kuchen,entfernte Kollegin,Miriam,Sophie,4,Es war großartig.,großartig
Kuchen,entfernte Kollegin,Anna,Katharina,4,Es war gut.,gut
Kuchen,entfernte Kollegin,Luisa,Anna,4,Es war großartig.,großartig
Kuchen,entfernte Kollegin,Anna,Sophie,4,Es war großartig.,großartig
Kuchen,entfernte Kollegin,Anna,Miriam,4,Es war großartig.,großartig
Kuchen,entfernte Kollegin,Luisa,Katharina,4,Es war großartig.,großartig
Kuchen,entfernte Kollegin,Luisa,Miriam,4,Es war großartig.,großartig
Kuchen,entfernte Kollegin,Miriam,Katharina,4,Es war großartig.,großartig
Kuchen,entfernte Kollegin,Katharina,Luisa,4,Es war großartig.,großartig
Kuchen,entfernte Kollegin,Sophie,Katharina,4,Es war großartig.,großartig
Kuchen,entfernte Kollegin,Luisa,Katharina,4,Es war großartig.,großartig
Kuchen,entfernte Kollegin,Sophie,Anna,4,Es war großartig.,großartig
Kuchen,entfernte Kollegin,Luisa,Katharina,4,Es war großartig.,großartig
Kuchen,entfernte Kollegin,Katharina,Sophie,4,Es war großartig.,großartig
Kuchen,entfernte Kollegin,Miriam,Anna,4,Es war großartig.,großartig
Kuchen,entfernte Kollegin,Miriam,Anna,4,Es war großartig.,großartig
Kuchen,entfernte Kollegin,Anna,Sophie,4,Es war großartig.,großartig
Kuchen,entfernte Kollegin,Katharina,Miriam,4,Es war großartig.,großartig
Kuchen,entfernte Kollegin,Sophie,Katharina,4,Es war großartig.,großartig
Kuchen,entfernte Kollegin,Miriam,Katharina,4,Es war großartig.,großartig
Kuchen,entfernte Kollegin,Katharina,Sophie,4,Es war gut.,gut
Kuchen,entfernte Kollegin,Sophie,Katharina,4,Es war gut.,gut
Kuchen,entfernte Kollegin,Miriam,Katharina,5,Es war großartig.,großartig
Kuchen,entfernte Kollegin,Anna,Luisa,5,Es war großartig.,großartig
Kuchen,entfernte Kollegin,Anna,Katharina,5,Es war großartig.,großartig
Kuchen,entfernte Kollegin,Miriam,Katharina,5,Es war großartig.,großartig
Kuchen,entfernte Kollegin,Sophie,Miriam,5,Es war großartig.,großartig
Kuchen,entfernte Kollegin,Luisa,Miriam,5,Es war großartig.,großartig
Kuchen,entfernte Kollegin,Anna,Katharina,5,Es war großartig.,großartig
Kuchen,entfernte Kollegin,Luisa,Miriam,5,Es war großartig.,großartig
Kuchen,entfernte Kollegin,Anna,Sophie,5,Es war großartig.,großartig
Kuchen,entfernte Kollegin,Miriam,Luisa,5,Es war großartig.,großartig
Kuchen,entfernte Kollegin,Luisa,Katharina,5,Es war großartig.,großartig
Kuchen,entfernte Kollegin,Sophie,Luisa,5,Es war großartig.,großartig
Kuchen,entfernte Kollegin,Anna,Luisa,5,Es war großartig.,großartig
Kuchen,entfernte Kollegin,Sophie,Miriam,5,Es war großartig.,großartig
Kuchen,entfernte Kollegin,Miriam,Sophie,5,Es war großartig.,großartig
Kuchen,entfernte Kollegin,Sophie,Anna,5,Es war großartig.,großartig
Kuchen,entfernte Kollegin,Luisa,Anna,5,Es war großartig.,großartig
Kuchen,entfernte Kollegin,Anna,Miriam,5,Es war großartig.,großartig
Kuchen,entfernte Kollegin,Katharina,Anna,5,Es war großartig.,großartig
Kuchen,entfernte Kollegin,Miriam,Katharina,5,Es war großartig.,großartig
Kuchen,entfernte Kollegin,Luisa,Sophie,5,Es war großartig.,großartig
Kuchen,entfernte Kollegin,Miriam,Katharina,5,Es war großartig.,großartig
Kuchen,entfernte Kollegin,Luisa,Katharina,5,Es war großartig.,großartig
Kuchen,entfernte Kollegin,Luisa,Miriam,5,Es war großartig.,großartig
Kuchen,entfernte Kollegin,Miriam,Luisa,5,Es war großartig.,großartig
Kuchen,entfernte Kollegin,Luisa,Katharina,5,Es war großartig.,großartig
Kuchen,entfernte Kollegin,Anna,Miriam,5,Es war großartig.,großartig
Kuchen,entfernte Kollegin,Anna,Sophie,5,Es war großartig.,großartig
Kuchen,entfernte Kollegin,Katharina,Sophie,5,Es war großartig.,großartig
Kuchen,entfernte Kollegin,Katharina,Anna,5,Es war großartig.,großartig
Kuchen,lockere Chefin,Anna,Sophie,1,Es war schrecklich.,schrecklich
Kuchen,lockere Chefin,Sophie,Katharina,1,Es war schrecklich.,schrecklich
Kuchen,lockere Chefin,Miriam,Katharina,1,Es war schrecklich.,schrecklich
Kuchen,lockere Chefin,Katharina,Miriam,1,Es war schrecklich.,schrecklich
Kuchen,lockere Chefin,Luisa,Miriam,1,Es war schrecklich.,schrecklich
Kuchen,lockere Chefin,Anna,Sophie,1,Es war schrecklich.,schrecklich
Kuchen,lockere Chefin,Miriam,Sophie,1,Es war schrecklich.,schrecklich
Kuchen,lockere Chefin,Anna,Katharina,1,Es war schrecklich.,schrecklich
Kuchen,lockere Chefin,Anna,Miriam,1,Es war schrecklich.,schrecklich
Kuchen,lockere Chefin,Katharina,Miriam,1,Es war schrecklich.,schrecklich
Kuchen,lockere Chefin,Anna,Luisa,1,Es war schrecklich.,schrecklich
Kuchen,lockere Chefin,Sophie,Katharina,1,Es war schrecklich.,schrecklich
Kuchen,lockere Chefin,Luisa,Anna,1,Es war schrecklich.,schrecklich
Kuchen,lockere Chefin,Miriam,Luisa,1,Es war schrecklich.,schrecklich
Kuchen,lockere Chefin,Katharina,Anna,1,Es war schrecklich.,schrecklich
Kuchen,lockere Chefin,Anna,Miriam,1,Es war schrecklich.,schrecklich
Kuchen,lockere Chefin,Miriam,Anna,1,Es war schrecklich.,schrecklich
Kuchen,lockere Chefin,Miriam,Sophie,1,Es war schrecklich.,schrecklich
Kuchen,lockere Chefin,Anna,Miriam,1,Es war schrecklich.,schrecklich
Kuchen,lockere Chefin,Miriam,Anna,1,Es war schrecklich.,schrecklich
Kuchen,lockere Chefin,Miriam,Anna,1,Es war schrecklich.,schrecklich
Kuchen,lockere Chefin,Luisa,Sophie,1,Es war schrecklich.,schrecklich
Kuchen,lockere Chefin,Anna,Katharina,1,Es war schrecklich.,schrecklich
Kuchen,lockere Chefin,Miriam,Sophie,1,Es war schrecklich.,schrecklich
Kuchen,lockere Chefin,Luisa,Miriam,1,Es war schrecklich.,schrecklich
Kuchen,lockere Chefin,Sophie,Katharina,1,Es war schrecklich.,schrecklich
Kuchen,lockere Chefin,Sophie,Miriam,1,Es war schrecklich.,schrecklich
Kuchen,lockere Chefin,Katharina,Miriam,1,Es war schrecklich.,schrecklich
Kuchen,lockere Chefin,Anna,Sophie,1,Es war schrecklich.,schrecklich
Kuchen,lockere Chefin,Miriam,Luisa,1,Es war schrecklich.,schrecklich
Kuchen,lockere Chefin,Katharina,Miriam,2,Es war okay.,okay
Kuchen,lockere Chefin,Anna,Sophie,2,Es war okay.,okay
Kuchen,lockere Chefin,Miriam,Katharina,2,Es war okay.,okay
Kuchen,lockere Chefin,Luisa,Miriam,2,Es war schlecht.,schlecht
Kuchen,lockere Chefin,Miriam,Luisa,2,Es war schlecht.,schlecht
Kuchen,lockere Chefin,Katharina,Miriam,2,Es war schlecht.,schlecht
Kuchen,lockere Chefin,Miriam,Sophie,2,Es war schlecht.,schlecht
Kuchen,lockere Chefin,Anna,Miriam,2,Es war okay.,okay
Kuchen,lockere Chefin,Katharina,Sophie,2,Es war okay.,okay
Kuchen,lockere Chefin,Anna,Katharina,2,Es war okay.,okay
Kuchen,lockere Chefin,Miriam,Sophie,2,Es war schlecht.,schlecht
Kuchen,lockere Chefin,Miriam,Luisa,2,Es war schlecht.,schlecht
Kuchen,lockere Chefin,Anna,Katharina,2,Es war okay.,okay
Kuchen,lockere Chefin,Luisa,Anna,2,Es war schlecht.,schlecht
Kuchen,lockere Chefin,Anna,Luisa,2,Es war okay.,okay
Kuchen,lockere Chefin,Miriam,Katharina,2,Es war schlecht.,schlecht
Kuchen,lockere Chefin,Sophie,Anna,2,Es war okay.,okay
Kuchen,lockere Chefin,Katharina,Luisa,2,Es war schlecht.,schlecht
Kuchen,lockere Chefin,Anna,Miriam,2,Es war okay.,okay
Kuchen,lockere Chefin,Anna,Miriam,2,Es war schlecht.,schlecht
Kuchen,lockere Chefin,Miriam,Sophie,2,Es war schlecht.,schlecht
Kuchen,lockere Chefin,Luisa,Miriam,2,Es war okay.,okay
Kuchen,lockere Chefin,Luisa,Sophie,2,Es war schlecht.,schlecht
Kuchen,lockere Chefin,Anna,Sophie,2,Es war okay.,okay
Kuchen,lockere Chefin,Miriam,Katharina,2,Es war schlecht.,schlecht
Kuchen,lockere Chefin,Sophie,Luisa,2,Es war schlecht,schlecht
Kuchen,lockere Chefin,Sophie,Miriam,2,Es war schlecht.,schlecht
Kuchen,lockere Chefin,Miriam,Katharina,2,Es war schlecht.,schlecht
Kuchen,lockere Chefin,Anna,Miriam,2,Es war okay.,okay
Kuchen,lockere Chefin,Luisa,Anna,2,Es war schlecht.,schlecht
Kuchen,lockere Chefin,Katharina,Sophie,3,Es war okay.,okay
Kuchen,lockere Chefin,Sophie,Miriam,3,Es war okay.,okay
Kuchen,lockere Chefin,Luisa,Sophie,3,Es war okay.,okay
Kuchen,lockere Chefin,Anna,Katharina,3,Es war okay.,okay
Kuchen,lockere Chefin,Anna,Katharina,3,Es war okay.,okay
Kuchen,lockere Chefin,Sophie,Katharina,3,Es war okay.,okay
Kuchen,lockere Chefin,Katharina,Miriam,3,Es war okay.,okay
Kuchen,lockere Chefin,Anna,Katharina,3,Es war okay.,okay
Kuchen,lockere Chefin,Anna,Miriam,3,Es war okay.,okay
Kuchen,lockere Chefin,Miriam,Luisa,3,Es war okay.,okay
Kuchen,lockere Chefin,Sophie,Katharina,3,Es war okay.,okay
Kuchen,lockere Chefin,Katharina,Sophie,3,Es war okay.,okay
Kuchen,lockere Chefin,Miriam,Katharina,3,Es war okay.,okay
Kuchen,lockere Chefin,Luisa,Anna,3,Es war okay.,okay
Kuchen,lockere Chefin,Sophie,Miriam,3,Es war okay.,okay
Kuchen,lockere Chefin,Anna,Sophie,3,Es war okay.,okay
Kuchen,lockere Chefin,Anna,Luisa,3,Es war okay.,okay
Kuchen,lockere Chefin,Anna,Luisa,3,Es war okay.,okay
Kuchen,lockere Chefin,Sophie,Anna,3,Es war okay.,okay
Kuchen,lockere Chefin,Miriam,Sophie,3,Es war okay.,okay
Kuchen,lockere Chefin,Luisa,Sophie,3,Es war okay.,okay
Kuchen,lockere Chefin,Luisa,Sophie,3,Es war okay.,okay
Kuchen,lockere Chefin,Miriam,Katharina,3,Es war okay.,okay
Kuchen,lockere Chefin,Luisa,Sophie,3,Es war okay.,okay
Kuchen,lockere Chefin,Anna,Miriam,3,Es war okay.,okay
Kuchen,lockere Chefin,Miriam,Katharina,3,Es war okay.,okay
Kuchen,lockere Chefin,Anna,Katharina,3,Es war okay.,okay
Kuchen,lockere Chefin,Katharina,Miriam,3,Es war okay.,okay
Kuchen,lockere Chefin,Luisa,Miriam,3,Es war okay.,okay
Kuchen,lockere Chefin,Anna,Katharina,3,Es war okay.,okay
Kuchen,lockere Chefin,Katharina,Anna,4,Es war großartig.,großartig
Kuchen,lockere Chefin,Anna,Luisa,4,Es war gut.,gut
Kuchen,lockere Chefin,Anna,Sophie,4,Es war gut.,gut
Kuchen,lockere Chefin,Anna,Sophie,4,Es war gut.,gut
Kuchen,lockere Chefin,Anna,Sophie,4,Es war großartig.,großartig
Kuchen,lockere Chefin,Sophie,Katharina,4,Es war gut.,gut
Kuchen,lockere Chefin,Miriam,Luisa,4,Es war gut.,gut
Kuchen,lockere Chefin,Katharina,Sophie,4,Es war großartig.,großartig
Kuchen,lockere Chefin,Miriam,Anna,4,Es war großartig.,großartig
Kuchen,lockere Chefin,Anna,Miriam,4,Es war gut.,gut
Kuchen,lockere Chefin,Luisa,Sophie,4,Es war gut.,gut
Kuchen,lockere Chefin,Luisa,Miriam,4,Es war gut.,gut
Kuchen,lockere Chefin,Luisa,Sophie,4,Es war gut.,gut
Kuchen,lockere Chefin,Anna,Luisa,4,Es war gut.,gut
Kuchen,lockere Chefin,Sophie,Luisa,4,Es war gut.,gut
Kuchen,lockere Chefin,Sophie,Anna,4,Es war großartig.,großartig
Kuchen,lockere Chefin,Sophie,Miriam,4,Es war gut.,gut
Kuchen,lockere Chefin,Luisa,Sophie,4,Es war gut.,gut
Kuchen,lockere Chefin,Katharina,Miriam,4,Es war gut.,gut
Kuchen,lockere Chefin,Luisa,Anna,4,Es war großartig.,großartig
Kuchen,lockere Chefin,Sophie,Katharina,4,Es war gut.,gut
Kuchen,lockere Chefin,Anna,Luisa,4,Es war großartig.,großartig
Kuchen,lockere Chefin,Sophie,Miriam,4,Es war gut.,gut
Kuchen,lockere Chefin,Anna,Miriam,4,Es war gut.,gut
Kuchen,lockere Chefin,Katharina,Miriam,4,Es war gut.,gut
Kuchen,lockere Chefin,Katharina,Sophie,4,Es war gut.,gut
Kuchen,lockere Chefin,Luisa,Sophie,4,Es war großartig.,großartig
Kuchen,lockere Chefin,Sophie,Katharina,4,Es war gut.,gut
Kuchen,lockere Chefin,Miriam,Sophie,4,Es war großartig.,großartig
Kuchen,lockere Chefin,Anna,Miriam,4,Es war gut.,gut
Kuchen,lockere Chefin,Sophie,Miriam,5,Es war großartig.,großartig
Kuchen,lockere Chefin,Anna,Luisa,5,Es war großartig.,großartig
Kuchen,lockere Chefin,Anna,Luisa,5,Es war großartig.,großartig
Kuchen,lockere Chefin,Luisa,Miriam,5,Es war großartig.,großartig
Kuchen,lockere Chefin,Miriam,Luisa,5,Es war großartig.,großartig
Kuchen,lockere Chefin,Miriam,Anna,5,Es war großartig.,großartig
Kuchen,lockere Chefin,Miriam,Katharina,5,Es war großartig.,großartig
Kuchen,lockere Chefin,Sophie,Katharina,5,Es war großartig.,großartig
Kuchen,lockere Chefin,Sophie,Katharina,5,Es war großartig.,großartig
Kuchen,lockere Chefin,Luisa,Miriam,5,Es war großartig.,großartig
Kuchen,lockere Chefin,Miriam,Luisa,5,Es war großartig.,großartig
Kuchen,lockere Chefin,Miriam,Anna,5,Es war großartig.,großartig
Kuchen,lockere Chefin,Miriam,Katharina,5,Es war großartig.,großartig
Kuchen,lockere Chefin,Luisa,Katharina,5,Es war großartig.,großartig
Kuchen,lockere Chefin,Sophie,Katharina,5,Es war großartig.,großartig
Kuchen,lockere Chefin,Sophie,Luisa,5,Es war großartig.,großartig
Kuchen,lockere Chefin,Katharina,Anna,5,Es war großartig.,großartig
Kuchen,lockere Chefin,Sophie,Miriam,5,Es war großartig.,großartig
Kuchen,lockere Chefin,Miriam,Katharina,5,Es war großartig.,großartig
Kuchen,lockere Chefin,Luisa,Sophie,5,Es war großartig.,großartig
Kuchen,lockere Chefin,Luisa,Anna,5,Es war großartig.,großartig
Kuchen,lockere Chefin,Miriam,Luisa,5,Es war großartig.,großartig
Kuchen,lockere Chefin,Miriam,Anna,5,Es war großartig.,großartig
Kuchen,lockere Chefin,Sophie,Katharina,5,Es war großartig.,großartig
Kuchen,lockere Chefin,Katharina,Luisa,5,Es war großartig.,großartig
Kuchen,lockere Chefin,Anna,Katharina,5,Es war großartig.,großartig
Kuchen,lockere Chefin,Sophie,Katharina,5,Es war großartig.,großartig
Kuchen,lockere Chefin,Anna,Luisa,5,Es war großartig.,großartig
Kuchen,lockere Chefin,Katharina,Anna,5,Es war großartig.,großartig
Kuchen,lockere Chefin,Miriam,Anna,5,Es war großartig.,großartig
Kuchen,gefürchtete Chefin,Anna,Sophie,1,Es war schrecklich.,schrecklich
Kuchen,gefürchtete Chefin,Sophie,Miriam,1,Es war schrecklich.,schrecklich
Kuchen,gefürchtete Chefin,Anna,Luisa,1,Es war schrecklich.,schrecklich
Kuchen,gefürchtete Chefin,Katharina,Anna,1,Es war schrecklich.,schrecklich
Kuchen,gefürchtete Chefin,Miriam,Luisa,1,Es war schrecklich.,schrecklich
Kuchen,gefürchtete Chefin,Miriam,Anna,1,Es war schrecklich.,schrecklich
Kuchen,gefürchtete Chefin,Sophie,Katharina,1,Es war schrecklich.,schrecklich
Kuchen,gefürchtete Chefin,Miriam,Luisa,1,Es war schrecklich.,schrecklich
Kuchen,gefürchtete Chefin,Sophie,Luisa,1,Es war schrecklich.,schrecklich
Kuchen,gefürchtete Chefin,Luisa,Anna,1,Es war schrecklich.,schrecklich
Kuchen,gefürchtete Chefin,Luisa,Sophie,1,Es war schrecklich.,schrecklich
Kuchen,gefürchtete Chefin,Anna,Sophie,1,Es war schrecklich.,schrecklich
Kuchen,gefürchtete Chefin,Sophie,Luisa,1,Es war schrecklich.,schrecklich
Kuchen,gefürchtete Chefin,Anna,Katharina,1,Es war schrecklich.,schrecklich
Kuchen,gefürchtete Chefin,Miriam,Luisa,1,Es war schrecklich.,schrecklich
Kuchen,gefürchtete Chefin,Luisa,Sophie,1,Es war schrecklich.,schrecklich
Kuchen,gefürchtete Chefin,Anna,Katharina,1,Es war schrecklich.,schrecklich
Kuchen,gefürchtete Chefin,Katharina,Luisa,1,Es war schrecklich.,schrecklich
Kuchen,gefürchtete Chefin,Anna,Sophie,1,Es war schrecklich.,schrecklich
Kuchen,gefürchtete Chefin,Sophie,Anna,1,Es war schrecklich.,schrecklich
Kuchen,gefürchtete Chefin,Katharina,Luisa,1,Es war schrecklich.,schrecklich
Kuchen,gefürchtete Chefin,Anna,Miriam,1,Es war schrecklich.,schrecklich
Kuchen,gefürchtete Chefin,Miriam,Anna,1,Es war schrecklich.,schrecklich
Kuchen,gefürchtete Chefin,Katharina,Anna,1,Es war schrecklich.,schrecklich
Kuchen,gefürchtete Chefin,Miriam,Katharina,1,Es war schrecklich.,schrecklich
Kuchen,gefürchtete Chefin,Sophie,Katharina,1,Es war schrecklich.,schrecklich
Kuchen,gefürchtete Chefin,Anna,Miriam,1,Es war schrecklich.,schrecklich
Kuchen,gefürchtete Chefin,Anna,Sophie,1,Es war schrecklich.,schrecklich
Kuchen,gefürchtete Chefin,Anna,Luisa,1,Es war schrecklich.,schrecklich
Kuchen,gefürchtete Chefin,Katharina,Sophie,1,Es war schrecklich.,schrecklich
Kuchen,gefürchtete Chefin,Luisa,Sophie,2,Es war schlecht.,schlecht
Kuchen,gefürchtete Chefin,Anna,Katharina,2,Es war schrecklich.,schrecklich
Kuchen,gefürchtete Chefin,Miriam,Anna,2,Es war schlecht.,schlecht
Kuchen,gefürchtete Chefin,Miriam,Luisa,2,Es war schlecht.,schlecht
Kuchen,gefürchtete Chefin,Miriam,Katharina,2,Es war schrecklich.,schrecklich
Kuchen,gefürchtete Chefin,Anna,Luisa,2,Es war schrecklich.,schrecklich
Kuchen,gefürchtete Chefin,Sophie,Miriam,2,Es war schlecht.,schlecht
Kuchen,gefürchtete Chefin,Katharina,Anna,2,Es war schlecht.,schlecht
Kuchen,gefürchtete Chefin,Katharina,Luisa,2,Es war schlecht.,schlecht
Kuchen,gefürchtete Chefin,Anna,Katharina,2,Es war schrecklich.,schrecklich
Kuchen,gefürchtete Chefin,Luisa,Miriam,2,Es war schlecht.,schlecht
Kuchen,gefürchtete Chefin,Luisa,Sophie,2,Es war schlecht.,schlecht
Kuchen,gefürchtete Chefin,Luisa,Anna,2,Es war schlecht.,schlecht
Kuchen,gefürchtete Chefin,Miriam,Katharina,2,Es war schrecklich.,schrecklich
Kuchen,gefürchtete Chefin,Sophie,Katharina,2,Es war schrecklich.,schrecklich
Kuchen,gefürchtete Chefin,Sophie,Luisa,2,Es war schrecklich.,schrecklich
Kuchen,gefürchtete Chefin,Miriam,Katharina,2,Es war schlecht.,schlecht
Kuchen,gefürchtete Chefin,Sophie,Katharina,2,Es war schlecht.,schlecht
Kuchen,gefürchtete Chefin,Sophie,Miriam,2,Es war schlecht.,schlecht
Kuchen,gefürchtete Chefin,Luisa,Sophie,2,Es war schlecht.,schlecht
Kuchen,gefürchtete Chefin,Katharina,Miriam,2,Es war schlecht.,schlecht
Kuchen,gefürchtete Chefin,Anna,Sophie,2,Es war schlecht.,schlecht
Kuchen,gefürchtete Chefin,Katharina,Luisa,2,Es war schrecklich.,schrecklich
Kuchen,gefürchtete Chefin,Katharina,Miriam,2,Es war schlecht.,schlecht
Kuchen,gefürchtete Chefin,Katharina,Anna,2,Es war schlecht.,schlecht
Kuchen,gefürchtete Chefin,Luisa,Katharina,2,Es war schlecht.,schlecht
Kuchen,gefürchtete Chefin,Luisa,Sophie,2,Es war schlecht.,schlecht
Kuchen,gefürchtete Chefin,Katharina,Miriam,2,Es war schlecht.,schlecht
Kuchen,gefürchtete Chefin,Katharina,Anna,2,Es war schlecht.,schlecht
Kuchen,gefürchtete Chefin,Miriam,Sophie,2,Es war schlecht.,schlecht
Kuchen,gefürchtete Chefin,Katharina,Miriam,3,Es war okay.,okay
Kuchen,gefürchtete Chefin,Katharina,Anna,3,Es war okay.,okay
Kuchen,gefürchtete Chefin,Sophie,Miriam,3,Es war okay.,okay
Kuchen,gefürchtete Chefin,Anna,Miriam,3,Es war okay.,okay
Kuchen,gefürchtete Chefin,Sophie,Luisa,3,Es war okay.,okay
Kuchen,gefürchtete Chefin,Anna,Katharina,3,Es war okay.,okay
Kuchen,gefürchtete Chefin,Anna,Sophie,3,Es war okay.,okay
Kuchen,gefürchtete Chefin,Sophie,Luisa,3,Es war okay.,okay
Kuchen,gefürchtete Chefin,Sophie,Katharina,3,Es war okay.,okay
Kuchen,gefürchtete Chefin,Anna,Sophie,3,Es war okay.,okay
Kuchen,gefürchtete Chefin,Anna,Miriam,3,Es war okay.,okay
Kuchen,gefürchtete Chefin,Miriam,Sophie,3,Es war okay.,okay
Kuchen,gefürchtete Chefin,Sophie,Miriam,3,Es war okay.,okay
Kuchen,gefürchtete Chefin,Miriam,Anna,3,Es war okay.,okay
Kuchen,gefürchtete Chefin,Katharina,Sophie,3,Es war okay.,okay
Kuchen,gefürchtete Chefin,Anna,Katharina,3,Es war okay.,okay
Kuchen,gefürchtete Chefin,Miriam,Katharina,3,Es war okay.,okay
Kuchen,gefürchtete Chefin,Anna,Sophie,3,Es war okay.,okay
Kuchen,gefürchtete Chefin,Anna,Miriam,3,Es war okay.,okay
Kuchen,gefürchtete Chefin,Anna,Sophie,3,Es war okay.,okay
Kuchen,gefürchtete Chefin,Katharina,Luisa,3,Es war okay.,okay
Kuchen,gefürchtete Chefin,Katharina,Luisa,3,Es war okay.,okay
Kuchen,gefürchtete Chefin,Luisa,Anna,3,Es war okay.,okay
Kuchen,gefürchtete Chefin,Anna,Sophie,3,Es war okay.,okay
Kuchen,gefürchtete Chefin,Miriam,Sophie,3,Es war okay.,okay
Kuchen,gefürchtete Chefin,Sophie,Miriam,3,Es war okay.,okay
Kuchen,gefürchtete Chefin,Luisa,Miriam,3,Es war okay.,okay
Kuchen,gefürchtete Chefin,Miriam,Luisa,3,Es war okay.,okay
Kuchen,gefürchtete Chefin,Katharina,Miriam,3,Es war okay.,okay
Kuchen,gefürchtete Chefin,Miriam,Katharina,3,Es war okay.,okay
Kuchen,gefürchtete Chefin,Anna,Miriam,4,Es war großartig.,großartig
Kuchen,gefürchtete Chefin,Katharina,Luisa,4,Es war gut.,gut
Kuchen,gefürchtete Chefin,Miriam,Sophie,4,Es war großartig.,großartig
Kuchen,gefürchtete Chefin,Katharina,Luisa,4,Es war gut.,gut
Kuchen,gefürchtete Chefin,Anna,Miriam,4,Es war großartig.,großartig
Kuchen,gefürchtete Chefin,Miriam,Sophie,4,Es war großartig.,großartig
Kuchen,gefürchtete Chefin,Miriam,Luisa,4,Es war großartig.,großartig
Kuchen,gefürchtete Chefin,Katharina,Luisa,4,Es war großartig.,großartig
Kuchen,gefürchtete Chefin,Katharina,Anna,4,Es war großartig.,großartig
Kuchen,gefürchtete Chefin,Sophie,Luisa,4,Es war gut.,gut
Kuchen,gefürchtete Chefin,Luisa,Sophie,4,Es war großartig.,großartig
Kuchen,gefürchtete Chefin,Sophie,Miriam,4,Es war großartig.,großartig
Kuchen,gefürchtete Chefin,Sophie,Miriam,4,Es war großartig.,großartig
Kuchen,gefürchtete Chefin,Katharina,Anna,4,Es war großartig.,großartig
Kuchen,gefürchtete Chefin,Sophie,Anna,4,Es war großartig.,großartig
Kuchen,gefürchtete Chefin,Luisa,Katharina,4,Es war großartig.,großartig
Kuchen,gefürchtete Chefin,Anna,Miriam,4,Es war gut.,gut
Kuchen,gefürchtete Chefin,Sophie,Luisa,4,Es war großartig.,großartig
Kuchen,gefürchtete Chefin,Sophie,Luisa,4,Es war gut.,gut
Kuchen,gefürchtete Chefin,Miriam,Luisa,4,Es war gut.,gut
Kuchen,gefürchtete Chefin,Katharina,Anna,4,Es war großartig.,großartig
Kuchen,gefürchtete Chefin,Luisa,Katharina,4,Es war großartig.,großartig
Kuchen,gefürchtete Chefin,Luisa,Miriam,4,Es war großartig.,großartig
Kuchen,gefürchtete Chefin,Luisa,Anna,4,Es war großartig.,großartig
Kuchen,gefürchtete Chefin,Miriam,Sophie,4,Es war gut.,gut
Kuchen,gefürchtete Chefin,Sophie,Luisa,4,Es war großartig.,großartig
Kuchen,gefürchtete Chefin,Sophie,Katharina,4,Es war gut.,gut
Kuchen,gefürchtete Chefin,Luisa,Miriam,4,Es war großartig.,großartig
Kuchen,gefürchtete Chefin,Katharina,Sophie,4,Es war großartig.,großartig
Kuchen,gefürchtete Chefin,Katharina,Sophie,4,Es war großartig.,großartig
Kuchen,gefürchtete Chefin,Anna,Miriam,5,Es war großartig.,großartig
Kuchen,gefürchtete Chefin,Miriam,Anna,5,Es war großartig.,großartig
Kuchen,gefürchtete Chefin,Katharina,Sophie,5,Es war großartig.,großartig
Kuchen,gefürchtete Chefin,Sophie,Katharina,5,Es war großartig.,großartig
Kuchen,gefürchtete Chefin,Luisa,Sophie,5,Es war großartig.,großartig
Kuchen,gefürchtete Chefin,Luisa,Miriam,5,Es war großartig.,großartig
Kuchen,gefürchtete Chefin,Luisa,Miriam,5,Es war großartig.,großartig
Kuchen,gefürchtete Chefin,Luisa,Katharina,5,Es war großartig.,großartig
Kuchen,gefürchtete Chefin,Sophie,Luisa,5,Es war großartig.,großartig
Kuchen,gefürchtete Chefin,Miriam,Katharina,5,Es war großartig.,großartig
Kuchen,gefürchtete Chefin,Sophie,Anna,5,Es war großartig.,großartig
Kuchen,gefürchtete Chefin,Miriam,Sophie,5,Es war großartig.,großartig
Kuchen,gefürchtete Chefin,Sophie,Luisa,5,Es war großartig.,großartig
Kuchen,gefürchtete Chefin,Miriam,Anna,5,Es war großartig.,großartig
Kuchen,gefürchtete Chefin,Anna,Miriam,5,Es war großartig.,großartig
Kuchen,gefürchtete Chefin,Anna,Luisa,5,Es war großartig.,großartig
Kuchen,gefürchtete Chefin,Sophie,Anna,5,Es war großartig.,großartig
Kuchen,gefürchtete Chefin,Miriam,Katharina,5,Es war großartig.,großartig
Kuchen,gefürchtete Chefin,Miriam,Sophie,5,Es war großartig.,großartig
Kuchen,gefürchtete Chefin,Miriam,Katharina,5,Es war großartig.,großartig
Kuchen,gefürchtete Chefin,Miriam,Anna,5,Es war großartig.,großartig
Kuchen,gefürchtete Chefin,Anna,Miriam,5,Es war großartig.,großartig
Kuchen,gefürchtete Chefin,Katharina,Luisa,5,Es war großartig.,großartig
Kuchen,gefürchtete Chefin,Luisa,Miriam,5,Es war großartig.,großartig
Kuchen,gefürchtete Chefin,Luisa,Sophie,5,Es war großartig.,großartig
Kuchen,gefürchtete Chefin,Anna,Luisa,5,Es war großartig.,großartig
Kuchen,gefürchtete Chefin,Luisa,Sophie,5,Es war großartig.,großartig
Kuchen,gefürchtete Chefin,Anna,Luisa,5,Es war großartig.,großartig
Kuchen,gefürchtete Chefin,Katharina,Anna,5,Es war großartig.,großartig
Kuchen,gefürchtete Chefin,Anna,Sophie,5,Es war großartig.,großartig
Lied,enge Freundin,Miriam,Luisa,1,Es war schrecklich.,schrecklich
Lied,enge Freundin,Sophie,Luisa,1,Es war schrecklich.,schrecklich
Lied,enge Freundin,Katharina,Luisa,1,Es war schrecklich.,schrecklich
Lied,enge Freundin,Luisa,Katharina,1,Es war schrecklich.,schrecklich
Lied,enge Freundin,Luisa,Katharina,1,Es war schrecklich.,schrecklich
Lied,enge Freundin,Luisa,Katharina,1,Es war schrecklich.,schrecklich
Lied,enge Freundin,Miriam,Sophie,1,Es war schrecklich.,schrecklich
Lied,enge Freundin,Sophie,Miriam,1,Es war schrecklich.,schrecklich
Lied,enge Freundin,Anna,Katharina,1,Es war schrecklich.,schrecklich
Lied,enge Freundin,Miriam,Luisa,1,Es war schrecklich.,schrecklich
Lied,enge Freundin,Katharina,Luisa,1,Es war schrecklich.,schrecklich
Lied,enge Freundin,Anna,Miriam,1,Es war schrecklich.,schrecklich
Lied,enge Freundin,Luisa,Anna,1,Es war schrecklich.,schrecklich
Lied,enge Freundin,Luisa,Katharina,1,Es war schrecklich.,schrecklich
Lied,enge Freundin,Miriam,Anna,1,Es war schrecklich.,schrecklich
Lied,enge Freundin,Anna,Katharina,1,Es war schrecklich.,schrecklich
Lied,enge Freundin,Luisa,Miriam,1,Es war schrecklich.,schrecklich
Lied,enge Freundin,Anna,Miriam,1,Es war schrecklich.,schrecklich
Lied,enge Freundin,Katharina,Miriam,1,Es war schrecklich.,schrecklich
Lied,enge Freundin,Luisa,Anna,1,Es war schrecklich.,schrecklich
Lied,enge Freundin,Miriam,Sophie,1,Es war schrecklich.,schrecklich
Lied,enge Freundin,Miriam,Sophie,1,Es war schrecklich.,schrecklich
Lied,enge Freundin,Miriam,Anna,1,Es war schrecklich.,schrecklich
Lied,enge Freundin,Luisa,Miriam,1,Es war schrecklich.,schrecklich
Lied,enge Freundin,Katharina,Anna,1,Es war schrecklich.,schrecklich
Lied,enge Freundin,Katharina,Luisa,1,Es war schrecklich.,schrecklich
Lied,enge Freundin,Anna,Miriam,1,Es war schrecklich.,schrecklich
Lied,enge Freundin,Anna,Katharina,1,Es war schrecklich.,schrecklich
Lied,enge Freundin,Luisa,Miriam,1,Es war schrecklich.,schrecklich
Lied,enge Freundin,Katharina,Luisa,1,Es war schrecklich.,schrecklich
Lied,enge Freundin,Luisa,Miriam,2,Es war okay.,okay
Lied,enge Freundin,Luisa,Miriam,2,Es war okay.,okay
Lied,enge Freundin,Katharina,Sophie,2,Es war okay.,okay
Lied,enge Freundin,Sophie,Luisa,2,Es war okay.,okay
Lied,enge Freundin,Anna,Miriam,2,Es war okay.,okay
Lied,enge Freundin,Anna,Luisa,2,Es war okay.,okay
Lied,enge Freundin,Miriam,Katharina,2,Es war okay.,okay
Lied,enge Freundin,Sophie,Anna,2,Es war schlecht.,schlecht
Lied,enge Freundin,Anna,Luisa,2,Es war okay.,okay
Lied,enge Freundin,Katharina,Luisa,2,Es war okay.,okay
Lied,enge Freundin,Katharina,Miriam,2,Es war okay.,okay
Lied,enge Freundin,Anna,Miriam,2,Es war okay.,okay
Lied,enge Freundin,Sophie,Katharina,2,Es war schlecht,schlecht
Lied,enge Freundin,Miriam,Anna,2,Es war okay.,okay
Lied,enge Freundin,Luisa,Miriam,2,Es war okay.,okay
Lied,enge Freundin,Katharina,Miriam,2,Es war okay.,okay
Lied,enge Freundin,Miriam,Luisa,2,Es war okay.,okay
Lied,enge Freundin,Luisa,Katharina,2,Es war okay.,okay
Lied,enge Freundin,Katharina,Sophie,2,Es war okay.,okay
Lied,enge Freundin,Anna,Katharina,2,Es war okay.,okay
Lied,enge Freundin,Katharina,Luisa,2,Es war okay.,okay
Lied,enge Freundin,Sophie,Luisa,2,Es war schlecht.,schlecht
Lied,enge Freundin,Miriam,Luisa,2,Es war okay.,okay
Lied,enge Freundin,Katharina,Luisa,2,Es war okay.,okay
Lied,enge Freundin,Katharina,Luisa,2,Es war okay.,okay
Lied,enge Freundin,Anna,Katharina,2,Es war okay.,okay
Lied,enge Freundin,Anna,Miriam,2,Es war okay.,okay
Lied,enge Freundin,Luisa,Miriam,2,Es war okay.,okay
Lied,enge Freundin,Katharina,Anna,2,Es war okay.,okay
Lied,enge Freundin,Luisa,Anna,2,Es war okay.,okay
Lied,enge Freundin,Sophie,Anna,3,Es war okay.,okay
Lied,enge Freundin,Miriam,Sophie,3,Es war okay.,okay
Lied,enge Freundin,Luisa,Anna,3,Es war okay.,okay
Lied,enge Freundin,Luisa,Miriam,3,Es war okay.,okay
Lied,enge Freundin,Miriam,Anna,3,Es war okay.,okay
Lied,enge Freundin,Sophie,Miriam,3,Es war okay.,okay
Lied,enge Freundin,Katharina,Luisa,3,Es war okay.,okay
Lied,enge Freundin,Katharina,Miriam,3,Es war okay.,okay
Lied,enge Freundin,Anna,Sophie,3,Es war okay.,okay
Lied,enge Freundin,Miriam,Katharina,3,Es war okay.,okay
Lied,enge Freundin,Sophie,Katharina,3,Es war okay.,okay
Lied,enge Freundin,Luisa,Miriam,3,Es war okay.,okay
Lied,enge Freundin,Miriam,Sophie,3,Es war okay.,okay
Lied,enge Freundin,Miriam,Sophie,3,Es war okay.,okay
Lied,enge Freundin,Anna,Sophie,3,Es war okay.,okay
Lied,enge Freundin,Miriam,Katharina,3,Es war okay.,okay
Lied,enge Freundin,Anna,Katharina,3,Es war okay.,okay
Lied,enge Freundin,Miriam,Anna,3,Es war okay.,okay
Lied,enge Freundin,Sophie,Miriam,3,Es war okay.,okay
Lied,enge Freundin,Miriam,Katharina,3,Es war okay.,okay
Lied,enge Freundin,Katharina,Anna,3,Es war okay.,okay
Lied,enge Freundin,Miriam,Katharina,3,Es war okay.,okay
Lied,enge Freundin,Sophie,Anna,3,Es war okay.,okay
Lied,enge Freundin,Miriam,Sophie,3,Es war okay.,okay
Lied,enge Freundin,Katharina,Luisa,3,Es war okay.,okay
Lied,enge Freundin,Luisa,Anna,3,Es war okay.,okay
Lied,enge Freundin,Sophie,Luisa,3,Es war okay.,okay
Lied,enge Freundin,Katharina,Anna,3,Es war okay.,okay
Lied,enge Freundin,Miriam,Sophie,3,Es war okay.,okay
Lied,enge Freundin,Katharina,Miriam,3,Es war okay.,okay
Lied,enge Freundin,Sophie,Anna,4,Es war großartig.,großartig
Lied,enge Freundin,Katharina,Miriam,4,Es war großartig.,großartig
Lied,enge Freundin,Sophie,Luisa,4,Es war großartig.,großartig
Lied,enge Freundin,Katharina,Miriam,4,Es war großartig.,großartig
Lied,enge Freundin,Katharina,Miriam,4,Es war großartig.,großartig
Lied,enge Freundin,Katharina,Anna,4,Es war großartig.,großartig
Lied,enge Freundin,Miriam,Luisa,4,Es war großartig.,großartig
Lied,enge Freundin,Katharina,Miriam,4,Es war großartig.,großartig
Lied,enge Freundin,Anna,Miriam,4,Es war großartig.,großartig
Lied,enge Freundin,Sophie,Anna,4,Es war großartig.,großartig
Lied,enge Freundin,Sophie,Miriam,4,Es war großartig.,großartig
Lied,enge Freundin,Anna,Sophie,4,Es war großartig.,großartig
Lied,enge Freundin,Luisa,Anna,4,Es war großartig.,großartig
Lied,enge Freundin,Katharina,Luisa,4,Es war großartig.,großartig
Lied,enge Freundin,Sophie,Miriam,4,Es war großartig.,großartig
Lied,enge Freundin,Anna,Sophie,4,Es war großartig.,großartig
Lied,enge Freundin,Miriam,Katharina,4,Es war großartig.,großartig
Lied,enge Freundin,Luisa,Sophie,4,Es war großartig.,großartig
Lied,enge Freundin,Anna,Sophie,4,Es war großartig.,großartig
Lied,enge Freundin,Katharina,Anna,4,Es war großartig.,großartig
Lied,enge Freundin,Anna,Luisa,4,Es war großartig.,großartig
Lied,enge Freundin,Luisa,Sophie,4,Es war großartig.,großartig
Lied,enge Freundin,Miriam,Anna,4,Es war großartig.,großartig
Lied,enge Freundin,Sophie,Miriam,4,Es war großartig.,großartig
Lied,enge Freundin,Sophie,Katharina,4,Es war großartig.,großartig
Lied,enge Freundin,Miriam,Luisa,4,Es war großartig.,großartig
Lied,enge Freundin,Sophie,Katharina,4,Es war großartig.,großartig
Lied,enge Freundin,Sophie,Anna,4,Es war großartig.,großartig
Lied,enge Freundin,Anna,Sophie,4,Es war großartig.,großartig
Lied,enge Freundin,Anna,Katharina,4,Es war großartig.,großartig
Lied,enge Freundin,Anna,Miriam,5,Es war großartig.,großartig
Lied,enge Freundin,Miriam,Anna,5,Es war großartig.,großartig
Lied,enge Freundin,Luisa,Katharina,5,Es war großartig.,großartig
Lied,enge Freundin,Anna,Katharina,5,Es war großartig.,großartig
Lied,enge Freundin,Luisa,Anna,5,Es war großartig.,großartig
Lied,enge Freundin,Luisa,Miriam,5,Es war großartig.,großartig
Lied,enge Freundin,Katharina,Miriam,5,Es war großartig.,großartig
Lied,enge Freundin,Miriam,Katharina,5,Es war großartig.,großartig
Lied,enge Freundin,Miriam,Sophie,5,Es war großartig.,großartig
Lied,enge Freundin,Katharina,Miriam,5,Es war großartig.,großartig
Lied,enge Freundin,Anna,Luisa,5,Es war großartig.,großartig
Lied,enge Freundin,Katharina,Miriam,5,Es war großartig.,großartig
Lied,enge Freundin,Sophie,Anna,5,Es war großartig.,großartig
Lied,enge Freundin,Anna,Luisa,5,Es war großartig.,großartig
Lied,enge Freundin,Anna,Luisa,5,Es war großartig.,großartig
Lied,enge Freundin,Sophie,Miriam,5,Es war großartig.,großartig
Lied,enge Freundin,Miriam,Anna,5,Es war großartig.,großartig
Lied,enge Freundin,Anna,Luisa,5,Es war großartig.,großartig
Lied,enge Freundin,Katharina,Miriam,5,Es war großartig.,großartig
Lied,enge Freundin,Anna,Miriam,5,Es war großartig.,großartig
Lied,enge Freundin,Sophie,Anna,5,Es war großartig.,großartig
Lied,enge Freundin,Sophie,Anna,5,Es war großartig.,großartig
Lied,enge Freundin,Luisa,Anna,5,Es war großartig.,großartig
Lied,enge Freundin,Anna,Sophie,5,Es war großartig.,großartig
Lied,enge Freundin,Sophie,Luisa,5,Es war großartig.,großartig
Lied,enge Freundin,Miriam,Luisa,5,Es war großartig.,großartig
Lied,enge Freundin,Katharina,Anna,5,Es war großartig.,großartig
Lied,enge Freundin,Katharina,Sophie,5,Es war großartig.,großartig
Lied,enge Freundin,Miriam,Katharina,5,Es war großartig.,großartig
Lied,enge Freundin,Sophie,Katharina,5,Es war großartig.,großartig
Lied,entfernte Kollegin,Miriam,Katharina,1,Es war schrecklich.,schrecklich
Lied,entfernte Kollegin,Anna,Sophie,1,Es war schrecklich.,schrecklich
Lied,entfernte Kollegin,Sophie,Katharina,1,Es war schrecklich.,schrecklich
Lied,entfernte Kollegin,Miriam,Katharina,1,Es war schrecklich.,schrecklich
Lied,entfernte Kollegin,Miriam,Katharina,1,Es war schrecklich.,schrecklich
Lied,entfernte Kollegin,Miriam,Katharina,1,Es war schrecklich.,schrecklich
Lied,entfernte Kollegin,Katharina,Miriam,1,Es war schrecklich.,schrecklich
Lied,entfernte Kollegin,Miriam,Katharina,1,Es war schrecklich.,schrecklich
Lied,entfernte Kollegin,Sophie,Luisa,1,Es war schrecklich.,schrecklich
Lied,entfernte Kollegin,Luisa,Miriam,1,Es war schrecklich.,schrecklich
Lied,entfernte Kollegin,Katharina,Luisa,1,Es war schrecklich.,schrecklich
Lied,entfernte Kollegin,Katharina,Miriam,1,Es war schrecklich.,schrecklich
Lied,entfernte Kollegin,Miriam,Sophie,1,Es war schrecklich.,schrecklich
Lied,entfernte Kollegin,Miriam,Sophie,1,Es war schrecklich.,schrecklich
Lied,entfernte Kollegin,Luisa,Anna,1,Es war schrecklich.,schrecklich
Lied,entfernte Kollegin,Katharina,Anna,1,Es war schrecklich.,schrecklich
Lied,entfernte Kollegin,Katharina,Miriam,1,Es war schrecklich.,schrecklich
Lied,entfernte Kollegin,Sophie,Miriam,1,Es war schrecklich.,schrecklich
Lied,entfernte Kollegin,Sophie,Miriam,1,Es war schrecklich.,schrecklich
Lied,entfernte Kollegin,Anna,Sophie,1,Es war schrecklich.,schrecklich
Lied,entfernte Kollegin,Luisa,Katharina,1,Es war schrecklich.,schrecklich
Lied,entfernte Kollegin,Sophie,Luisa,1,Es war schrecklich.,schrecklich
Lied,entfernte Kollegin,Luisa,Sophie,1,Es war schrecklich.,schrecklich
Lied,entfernte Kollegin,Luisa,Sophie,1,Es war schrecklich.,schrecklich
Lied,entfernte Kollegin,Katharina,Anna,1,Es war schrecklich.,schrecklich
Lied,entfernte Kollegin,Sophie,Miriam,1,Es war schrecklich.,schrecklich
Lied,entfernte Kollegin,Katharina,Luisa,1,Es war schrecklich.,schrecklich
Lied,entfernte Kollegin,Luisa,Miriam,1,Es war schrecklich.,schrecklich
Lied,entfernte Kollegin,Katharina,Luisa,1,Es war schrecklich.,schrecklich
Lied,entfernte Kollegin,Sophie,Katharina,1,Es war schrecklich.,schrecklich
Lied,entfernte Kollegin,Anna,Miriam,2,Es war okay.,okay
Lied,entfernte Kollegin,Katharina,Miriam,2,Es war okay.,okay
Lied,entfernte Kollegin,Katharina,Sophie,2,Es war okay.,okay
Lied,entfernte Kollegin,Sophie,Anna,2,Es war okay.,okay
Lied,entfernte Kollegin,Miriam,Sophie,2,Es war okay.,okay
Lied,entfernte Kollegin,Miriam,Luisa,2,Es war okay.,okay
Lied,entfernte Kollegin,Luisa,Katharina,2,Es war okay.,okay
Lied,entfernte Kollegin,Sophie,Anna,2,Es war okay.,okay
Lied,entfernte Kollegin,Miriam,Luisa,2,Es war okay.,okay
Lied,entfernte Kollegin,Katharina,Sophie,2,Es war okay.,okay
Lied,entfernte Kollegin,Sophie,Katharina,2,Es war schlecht.,schlecht
Lied,entfernte Kollegin,Luisa,Sophie,2,Es war okay.,okay
Lied,entfernte Kollegin,Miriam,Anna,2,Es war okay.,okay
Lied,entfernte Kollegin,Sophie,Katharina,2,Es war okay.,okay
Lied,entfernte Kollegin,Sophie,Luisa,2,Es war okay.,okay
Lied,entfernte Kollegin,Sophie,Anna,2,Es war okay.,okay
Lied,entfernte Kollegin,Luisa,Anna,2,Es war schlecht.,schlecht
Lied,entfernte Kollegin,Katharina,Luisa,2,Es war okay.,okay
Lied,entfernte Kollegin,Anna,Sophie,2,Es war okay.,okay
Lied,entfernte Kollegin,Miriam,Sophie,2,Es war okay.,okay
Lied,entfernte Kollegin,Sophie,Luisa,2,Es war schlecht.,schlecht
Lied,entfernte Kollegin,Sophie,Miriam,2,Es war okay.,okay
Lied,entfernte Kollegin,Anna,Katharina,2,Es war schlecht,schlecht
Lied,entfernte Kollegin,Miriam,Katharina,2,Es war okay.,okay
Lied,entfernte Kollegin,Sophie,Miriam,2,Es war okay.,okay
Lied,entfernte Kollegin,Sophie,Katharina,2,Es war schlecht.,schlecht
Lied,entfernte Kollegin,Sophie,Miriam,2,Es war okay.,okay
Lied,entfernte Kollegin,Luisa,Anna,2,Es war okay.,okay
Lied,entfernte Kollegin,Katharina,Luisa,2,Es war okay.,okay
Lied,entfernte Kollegin,Sophie,Miriam,2,Es war okay.,okay
Lied,entfernte Kollegin,Luisa,Katharina,3,Es war okay.,okay
Lied,entfernte Kollegin,Miriam,Sophie,3,Es war okay.,okay
Lied,entfernte Kollegin,Luisa,Miriam,3,Es war okay.,okay
Lied,entfernte Kollegin,Katharina,Anna,3,Es war okay.,okay
Lied,entfernte Kollegin,Miriam,Anna,3,Es war okay.,okay
Lied,entfernte Kollegin,Miriam,Sophie,3,Es war okay.,okay
Lied,entfernte Kollegin,Katharina,Anna,3,Es war okay.,okay
Lied,entfernte Kollegin,Miriam,Luisa,3,Es war okay.,okay
Lied,entfernte Kollegin,Sophie,Anna,3,Es war okay.,okay
Lied,entfernte Kollegin,Anna,Katharina,3,Es war okay.,okay
Lied,entfernte Kollegin,Anna,Sophie,3,Es war okay.,okay
Lied,entfernte Kollegin,Sophie,Anna,3,Es war okay.,okay
Lied,entfernte Kollegin,Luisa,Katharina,3,Es war okay.,okay
Lied,entfernte Kollegin,Anna,Miriam,3,Es war okay.,okay
Lied,entfernte Kollegin,Anna,Miriam,3,Es war okay.,okay
Lied,entfernte Kollegin,Miriam,Luisa,3,Es war okay.,okay
Lied,entfernte Kollegin,Sophie,Katharina,3,Es war okay.,okay
Lied,entfernte Kollegin,Katharina,Miriam,3,Es war okay.,okay
Lied,entfernte Kollegin,Miriam,Sophie,3,Es war okay.,okay
Lied,entfernte Kollegin,Luisa,Miriam,3,Es war okay.,okay
Lied,entfernte Kollegin,Miriam,Katharina,3,Es war okay.,okay
Lied,entfernte Kollegin,Sophie,Luisa,3,Es war okay.,okay
Lied,entfernte Kollegin,Miriam,Katharina,3,Es war okay.,okay
Lied,entfernte Kollegin,Luisa,Anna,3,Es war okay.,okay
Lied,entfernte Kollegin,Sophie,Luisa,3,Es war okay.,okay
Lied,entfernte Kollegin,Anna,Sophie,3,Es war okay.,okay
Lied,entfernte Kollegin,Luisa,Sophie,3,Es war okay.,okay
Lied,entfernte Kollegin,Miriam,Katharina,3,Es war okay.,okay
Lied,entfernte Kollegin,Sophie,Anna,3,Es war okay.,okay
Lied,entfernte Kollegin,Luisa,Katharina,3,Es war okay.,okay
Lied,entfernte Kollegin,Anna,Luisa,4,Es war großartig.,großartig
Lied,entfernte Kollegin,Katharina,Miriam,4,Es war gut.,gut
Lied,entfernte Kollegin,Sophie,Miriam,4,Es war großartig.,großartig
Lied,entfernte Kollegin,Sophie,Miriam,4,Es war großartig.,großartig
Lied,entfernte Kollegin,Sophie,Miriam,4,Es war großartig.,großartig
Lied,entfernte Kollegin,Katharina,Anna,4,Es war großartig.,großartig
Lied,entfernte Kollegin,Anna,Luisa,4,Es war großartig.,großartig
Lied,entfernte Kollegin,Luisa,Miriam,4,Es war großartig.,großartig
Lied,entfernte Kollegin,Katharina,Luisa,4,Es war großartig.,großartig
Lied,entfernte Kollegin,Sophie,Miriam,4,Es war großartig.,großartig
Lied,entfernte Kollegin,Sophie,Katharina,4,Es war großartig.,großartig
Lied,entfernte Kollegin,Miriam,Katharina,4,Es war großartig.,großartig
Lied,entfernte Kollegin,Anna,Miriam,4,Es war großartig.,großartig
Lied,entfernte Kollegin,Anna,Katharina,4,Es war großartig.,großartig
Lied,entfernte Kollegin,Miriam,Anna,4,Es war großartig.,großartig
Lied,entfernte Kollegin,Anna,Miriam,4,Es war großartig.,großartig
Lied,entfernte Kollegin,Luisa,Miriam,4,Es war großartig.,großartig
Lied,entfernte Kollegin,Miriam,Katharina,4,Es war großartig.,großartig
Lied,entfernte Kollegin,Katharina,Anna,4,Es war großartig.,großartig
Lied,entfernte Kollegin,Miriam,Anna,4,Es war großartig.,großartig
Lied,entfernte Kollegin,Luisa,Katharina,4,Es war großartig.,großartig
Lied,entfernte Kollegin,Sophie,Miriam,4,Es war großartig.,großartig
Lied,entfernte Kollegin,Luisa,Katharina,4,Es war großartig.,großartig
Lied,entfernte Kollegin,Sophie,Luisa,4,Es war großartig.,großartig
Lied,entfernte Kollegin,Anna,Katharina,4,Es war großartig.,großartig
Lied,entfernte Kollegin,Miriam,Anna,4,Es war großartig.,großartig
Lied,entfernte Kollegin,Miriam,Anna,4,Es war großartig.,großartig
Lied,entfernte Kollegin,Anna,Luisa,4,Es war großartig.,großartig
Lied,entfernte Kollegin,Luisa,Sophie,4,Es war großartig.,großartig
Lied,entfernte Kollegin,Sophie,Anna,4,Es war großartig.,großartig
Lied,entfernte Kollegin,Katharina,Luisa,5,Es war großartig.,großartig
Lied,entfernte Kollegin,Miriam,Sophie,5,Es war großartig.,großartig
Lied,entfernte Kollegin,Sophie,Katharina,5,Es war großartig.,großartig
Lied,entfernte Kollegin,Miriam,Sophie,5,Es war großartig.,großartig
Lied,entfernte Kollegin,Luisa,Miriam,5,Es war großartig.,großartig
Lied,entfernte Kollegin,Sophie,Luisa,5,Es war großartig.,großartig
Lied,entfernte Kollegin,Anna,Sophie,5,Es war großartig.,großartig
Lied,entfernte Kollegin,Miriam,Anna,5,Es war großartig.,großartig
Lied,entfernte Kollegin,Miriam,Sophie,5,Es war großartig.,großartig
Lied,entfernte Kollegin,Anna,Luisa,5,Es war großartig.,großartig
Lied,entfernte Kollegin,Katharina,Miriam,5,Es war großartig.,großartig
Lied,entfernte Kollegin,Sophie,Miriam,5,Es war großartig.,großartig
Lied,entfernte Kollegin,Luisa,Anna,5,Es war großartig.,großartig
Lied,entfernte Kollegin,Anna,Miriam,5,Es war großartig.,großartig
Lied,entfernte Kollegin,Katharina,Luisa,5,Es war großartig.,großartig
Lied,entfernte Kollegin,Katharina,Anna,5,Es war großartig.,großartig
Lied,entfernte Kollegin,Katharina,Miriam,5,Es war großartig.,großartig
Lied,entfernte Kollegin,Luisa,Anna,5,Es war großartig.,großartig
Lied,entfernte Kollegin,Luisa,Katharina,5,Es war großartig.,großartig
Lied,entfernte Kollegin,Anna,Katharina,5,Es war großartig.,großartig
Lied,entfernte Kollegin,Katharina,Sophie,5,Es war großartig.,großartig
Lied,entfernte Kollegin,Luisa,Katharina,5,Es war großartig.,großartig
Lied,entfernte Kollegin,Katharina,Sophie,5,Es war großartig.,großartig
Lied,entfernte Kollegin,Anna,Sophie,5,Es war großartig.,großartig
Lied,entfernte Kollegin,Miriam,Katharina,5,Es war großartig.,großartig
Lied,entfernte Kollegin,Sophie,Katharina,5,Es war großartig.,großartig
Lied,entfernte Kollegin,Miriam,Luisa,5,Es war großartig.,großartig
Lied,entfernte Kollegin,Luisa,Katharina,5,Es war großartig.,großartig
Lied,entfernte Kollegin,Sophie,Katharina,5,Es war großartig.,großartig
Lied,entfernte Kollegin,Sophie,Luisa,5,Es war großartig.,großartig
Lied,lockere Chefin,Miriam,Anna,1,Es war schrecklich.,schrecklich
Lied,lockere Chefin,Luisa,Miriam,1,Es war schrecklich.,schrecklich
Lied,lockere Chefin,Anna,Luisa,1,Es war schrecklich.,schrecklich
Lied,lockere Chefin,Katharina,Anna,1,Es war schrecklich.,schrecklich
Lied,lockere Chefin,Anna,Luisa,1,Es war schrecklich.,schrecklich
Lied,lockere Chefin,Anna,Miriam,1,Es war schrecklich.,schrecklich
Lied,lockere Chefin,Sophie,Katharina,1,Es war schrecklich.,schrecklich
Lied,lockere Chefin,Anna,Katharina,1,Es war schrecklich.,schrecklich
Lied,lockere Chefin,Katharina,Sophie,1,Es war schrecklich.,schrecklich
Lied,lockere Chefin,Luisa,Sophie,1,Es war schrecklich.,schrecklich
Lied,lockere Chefin,Katharina,Miriam,1,Es war schrecklich.,schrecklich
Lied,lockere Chefin,Katharina,Miriam,1,Es war schrecklich.,schrecklich
Lied,lockere Chefin,Katharina,Sophie,1,Es war schrecklich.,schrecklich
Lied,lockere Chefin,Katharina,Miriam,1,Es war schrecklich.,schrecklich
Lied,lockere Chefin,Luisa,Katharina,1,Es war schrecklich.,schrecklich
Lied,lockere Chefin,Miriam,Sophie,1,Es war schrecklich.,schrecklich
Lied,lockere Chefin,Katharina,Sophie,1,Es war schrecklich.,schrecklich
Lied,lockere Chefin,Anna,Luisa,1,Es war schrecklich.,schrecklich
Lied,lockere Chefin,Katharina,Sophie,1,Es war schrecklich.,schrecklich
Lied,lockere Chefin,Anna,Miriam,1,Es war schrecklich.,schrecklich
Lied,lockere Chefin,Katharina,Luisa,1,Es war schrecklich.,schrecklich
Lied,lockere Chefin,Sophie,Luisa,1,Es war schrecklich.,schrecklich
Lied,lockere Chefin,Luisa,Sophie,1,Es war schrecklich.,schrecklich
Lied,lockere Chefin,Miriam,Anna,1,Es war schrecklich.,schrecklich
Lied,lockere Chefin,Katharina,Sophie,1,Es war schrecklich.,schrecklich
Lied,lockere Chefin,Sophie,Luisa,1,Es war schrecklich.,schrecklich
Lied,lockere Chefin,Miriam,Anna,1,Es war schrecklich.,schrecklich
Lied,lockere Chefin,Sophie,Katharina,1,Es war schrecklich.,schrecklich
Lied,lockere Chefin,Katharina,Anna,1,Es war schrecklich.,schrecklich
Lied,lockere Chefin,Anna,Sophie,1,Es war schrecklich.,schrecklich
Lied,lockere Chefin,Miriam,Anna,2,Es war schlecht.,schlecht
Lied,lockere Chefin,Anna,Sophie,2,Es war okay.,okay
Lied,lockere Chefin,Anna,Luisa,2,Es war okay.,okay
Lied,lockere Chefin,Miriam,Anna,2,Es war schlecht.,schlecht
Lied,lockere Chefin,Luisa,Anna,2,Es war schlecht.,schlecht
Lied,lockere Chefin,Miriam,Sophie,2,Es war okay.,okay
Lied,lockere Chefin,Luisa,Anna,2,Es war schlecht.,schlecht
Lied,lockere Chefin,Anna,Miriam,2,Es war okay.,okay
Lied,lockere Chefin,Sophie,Miriam,2,Es war okay.,okay
Lied,lockere Chefin,Miriam,Katharina,2,Es war schlecht.,schlecht
Lied,lockere Chefin,Katharina,Sophie,2,Es war okay.,okay
Lied,lockere Chefin,Miriam,Luisa,2,Es war schlecht.,schlecht
Lied,lockere Chefin,Sophie,Katharina,2,Es war schlecht.,schlecht
Lied,lockere Chefin,Miriam,Luisa,2,Es war okay.,okay
Lied,lockere Chefin,Anna,Luisa,2,Es war schlecht.,schlecht
Lied,lockere Chefin,Miriam,Anna,2,Es war schlecht.,schlecht
Lied,lockere Chefin,Luisa,Miriam,2,Es war okay.,okay
Lied,lockere Chefin,Anna,Luisa,2,Es war okay.,okay
Lied,lockere Chefin,Miriam,Anna,2,Es war schlecht.,schlecht
Lied,lockere Chefin,Luisa,Sophie,2,Es war okay.,okay
Lied,lockere Chefin,Luisa,Sophie,2,Es war okay.,okay
Lied,lockere Chefin,Miriam,Anna,2,Es war schlecht.,schlecht
Lied,lockere Chefin,Katharina,Sophie,2,Es war okay.,okay
Lied,lockere Chefin,Katharina,Miriam,2,Es war schlecht.,schlecht
Lied,lockere Chefin,Miriam,Luisa,2,Es war schlecht.,schlecht
Lied,lockere Chefin,Luisa,Sophie,2,Es war okay.,okay
Lied,lockere Chefin,Sophie,Luisa,2,Es war okay.,okay
Lied,lockere Chefin,Anna,Katharina,2,Es war okay.,okay
Lied,lockere Chefin,Luisa,Sophie,2,Es war okay.,okay
Lied,lockere Chefin,Katharina,Anna,2,Es war schlecht.,schlecht
Lied,lockere Chefin,Luisa,Miriam,3,Es war okay.,okay
Lied,lockere Chefin,Sophie,Miriam,3,Es war okay.,okay
Lied,lockere Chefin,Miriam,Katharina,3,Es war okay.,okay
Lied,lockere Chefin,Miriam,Anna,3,Es war okay.,okay
Lied,lockere Chefin,Katharina,Miriam,3,Es war okay.,okay
Lied,lockere Chefin,Anna,Katharina,3,Es war okay.,okay
Lied,lockere Chefin,Katharina,Anna,3,Es war okay.,okay
Lied,lockere Chefin,Miriam,Katharina,3,Es war okay.,okay
Lied,lockere Chefin,Sophie,Miriam,3,Es war okay.,okay
Lied,lockere Chefin,Katharina,Anna,3,Es war okay.,okay
Lied,lockere Chefin,Anna,Sophie,3,Es war okay.,okay
Lied,lockere Chefin,Miriam,Katharina,3,Es war okay.,okay
Lied,lockere Chefin,Luisa,Anna,3,Es war okay.,okay
Lied,lockere Chefin,Miriam,Sophie,3,Es war okay.,okay
Lied,lockere Chefin,Katharina,Luisa,3,Es war okay.,okay
Lied,lockere Chefin,Sophie,Anna,3,Es war okay.,okay
Lied,lockere Chefin,Katharina,Anna,3,Es war okay.,okay
Lied,lockere Chefin,Luisa,Katharina,3,Es war okay.,okay
Lied,lockere Chefin,Luisa,Sophie,3,Es war okay.,okay
Lied,lockere Chefin,Luisa,Miriam,3,Es war okay.,okay
Lied,lockere Chefin,Luisa,Katharina,3,Es war okay.,okay
Lied,lockere Chefin,Sophie,Katharina,3,Es war okay.,okay
Lied,lockere Chefin,Katharina,Sophie,3,Es war okay.,okay
Lied,lockere Chefin,Anna,Sophie,3,Es war okay.,okay
Lied,lockere Chefin,Miriam,Anna,3,Es war okay.,okay
Lied,lockere Chefin,Katharina,Sophie,3,Es war okay.,okay
Lied,lockere Chefin,Sophie,Luisa,3,Es war okay.,okay
Lied,lockere Chefin,Anna,Miriam,3,Es war okay.,okay
Lied,lockere Chefin,Anna,Miriam,3,Es war okay.,okay
Lied,lockere Chefin,Anna,Luisa,3,Es war okay.,okay
Lied,lockere Chefin,Luisa,Anna,4,Es war großartig.,großartig
Lied,lockere Chefin,Miriam,Anna,4,Es war großartig.,großartig
Lied,lockere Chefin,Miriam,Luisa,4,Es war gut.,gut
Lied,lockere Chefin,Sophie,Anna,4,Es war gut.,gut
Lied,lockere Chefin,Sophie,Miriam,4,Es war gut.,gut
Lied,lockere Chefin,Luisa,Katharina,4,Es war großartig.,großartig
Lied,lockere Chefin,Miriam,Luisa,4,Es war gut.,gut
Lied,lockere Chefin,Sophie,Luisa,4,Es war großartig.,großartig
Lied,lockere Chefin,Anna,Miriam,4,Es war großartig.,großartig
Lied,lockere Chefin,Katharina,Sophie,4,Es war großartig.,großartig
Lied,lockere Chefin,Luisa,Sophie,4,Es war großartig.,großartig
Lied,lockere Chefin,Luisa,Anna,4,Es war großartig.,großartig
Lied,lockere Chefin,Miriam,Sophie,4,Es war gut.,gut
Lied,lockere Chefin,Anna,Miriam,4,Es war großartig.,großartig
Lied,lockere Chefin,Sophie,Miriam,4,Es war gut.,gut
Lied,lockere Chefin,Miriam,Sophie,4,Es war großartig.,großartig
Lied,lockere Chefin,Katharina,Luisa,4,Es war gut.,gut
Lied,lockere Chefin,Anna,Sophie,4,Es war gut.,gut
Lied,lockere Chefin,Katharina,Sophie,4,Es war großartig.,großartig
Lied,lockere Chefin,Katharina,Sophie,4,Es war gut.,gut
Lied,lockere Chefin,Katharina,Anna,4,Es war großartig.,großartig
Lied,lockere Chefin,Sophie,Katharina,4,Es war gut.,gut
Lied,lockere Chefin,Luisa,Sophie,4,Es war großartig.,großartig
Lied,lockere Chefin,Luisa,Anna,4,Es war großartig.,großartig
Lied,lockere Chefin,Sophie,Miriam,4,Es war gut.,gut
Lied,lockere Chefin,Luisa,Miriam,4,Es war großartig.,großartig
Lied,lockere Chefin,Miriam,Luisa,4,Es war gut.,gut
Lied,lockere Chefin,Sophie,Anna,4,Es war großartig.,großartig
Lied,lockere Chefin,Katharina,Luisa,4,Es war gut.,gut
Lied,lockere Chefin,Sophie,Miriam,4,Es war gut.,gut
Lied,lockere Chefin,Luisa,Katharina,5,Es war großartig.,großartig
Lied,lockere Chefin,Luisa,Sophie,5,Es war großartig.,großartig
Lied,lockere Chefin,Sophie,Luisa,5,Es war großartig.,großartig
Lied,lockere Chefin,Miriam,Anna,5,Es war großartig.,großartig
Lied,lockere Chefin,Anna,Sophie,5,Es war großartig.,großartig
Lied,lockere Chefin,Katharina,Miriam,5,Es war großartig.,großartig
Lied,lockere Chefin,Luisa,Anna,5,Es war großartig.,großartig
Lied,lockere Chefin,Luisa,Katharina,5,Es war großartig.,großartig
Lied,lockere Chefin,Katharina,Miriam,5,Es war großartig.,großartig
Lied,lockere Chefin,Katharina,Luisa,5,Es war großartig.,großartig
Lied,lockere Chefin,Luisa,Sophie,5,Es war großartig.,großartig
Lied,lockere Chefin,Anna,Katharina,5,Es war großartig.,großartig
Lied,lockere Chefin,Miriam,Katharina,5,Es war großartig.,großartig
Lied,lockere Chefin,Anna,Miriam,5,Es war großartig.,großartig
Lied,lockere Chefin,Katharina,Luisa,5,Es war großartig.,großartig
Lied,lockere Chefin,Katharina,Luisa,5,Es war großartig.,großartig
Lied,lockere Chefin,Miriam,Katharina,5,Es war großartig.,großartig
Lied,lockere Chefin,Miriam,Katharina,5,Es war großartig.,großartig
Lied,lockere Chefin,Anna,Miriam,5,Es war großartig.,großartig
Lied,lockere Chefin,Miriam,Katharina,5,Es war großartig.,großartig
Lied,lockere Chefin,Anna,Miriam,5,Es war großartig.,großartig
Lied,lockere Chefin,Luisa,Sophie,5,Es war großartig.,großartig
Lied,lockere Chefin,Miriam,Luisa,5,Es war großartig.,großartig
Lied,lockere Chefin,Katharina,Anna,5,Es war großartig.,großartig
Lied,lockere Chefin,Miriam,Luisa,5,Es war großartig.,großartig
Lied,lockere Chefin,Anna,Luisa,5,Es war großartig.,großartig
Lied,lockere Chefin,Sophie,Katharina,5,Es war großartig.,großartig
Lied,lockere Chefin,Katharina,Anna,5,Es war großartig.,großartig
Lied,lockere Chefin,Sophie,Katharina,5,Es war großartig.,großartig
Lied,lockere Chefin,Miriam,Luisa,5,Es war großartig.,großartig
Lied,gefürchtete Chefin,Luisa,Katharina,1,Es war schrecklich.,schrecklich
Lied,gefürchtete Chefin,Miriam,Luisa,1,Es war schrecklich.,schrecklich
Lied,gefürchtete Chefin,Katharina,Miriam,1,Es war schrecklich.,schrecklich
Lied,gefürchtete Chefin,Luisa,Miriam,1,Es war schrecklich.,schrecklich
Lied,gefürchtete Chefin,Luisa,Anna,1,Es war schrecklich.,schrecklich
Lied,gefürchtete Chefin,Sophie,Miriam,1,Es war schrecklich.,schrecklich
Lied,gefürchtete Chefin,Anna,Katharina,1,Es war schrecklich.,schrecklich
Lied,gefürchtete Chefin,Luisa,Sophie,1,Es war schrecklich.,schrecklich
Lied,gefürchtete Chefin,Anna,Sophie,1,Es war schrecklich.,schrecklich
Lied,gefürchtete Chefin,Katharina,Miriam,1,Es war schrecklich.,schrecklich
Lied,gefürchtete Chefin,Katharina,Anna,1,Es war schrecklich.,schrecklich
Lied,gefürchtete Chefin,Miriam,Katharina,1,Es war schrecklich.,schrecklich
Lied,gefürchtete Chefin,Anna,Miriam,1,Es war schrecklich.,schrecklich
Lied,gefürchtete Chefin,Miriam,Anna,1,Es war schrecklich.,schrecklich
Lied,gefürchtete Chefin,Anna,Luisa,1,Es war schrecklich.,schrecklich
Lied,gefürchtete Chefin,Anna,Sophie,1,Es war schrecklich.,schrecklich
Lied,gefürchtete Chefin,Sophie,Katharina,1,Es war schrecklich.,schrecklich
Lied,gefürchtete Chefin,Katharina,Luisa,1,Es war schrecklich.,schrecklich
Lied,gefürchtete Chefin,Anna,Katharina,1,Es war schrecklich.,schrecklich
Lied,gefürchtete Chefin,Anna,Miriam,1,Es war schrecklich.,schrecklich
Lied,gefürchtete Chefin,Sophie,Anna,1,Es war schrecklich.,schrecklich
Lied,gefürchtete Chefin,Miriam,Katharina,1,Es war schrecklich.,schrecklich
Lied,gefürchtete Chefin,Katharina,Luisa,1,Es war schrecklich.,schrecklich
Lied,gefürchtete Chefin,Katharina,Miriam,1,Es war schrecklich.,schrecklich
Lied,gefürchtete Chefin,Katharina,Miriam,1,Es war schrecklich.,schrecklich
Lied,gefürchtete Chefin,Miriam,Luisa,1,Es war schrecklich.,schrecklich
Lied,gefürchtete Chefin,Katharina,Luisa,1,Es war schrecklich.,schrecklich
Lied,gefürchtete Chefin,Katharina,Sophie,1,Es war schrecklich.,schrecklich
Lied,gefürchtete Chefin,Sophie,Anna,1,Es war schrecklich.,schrecklich
Lied,gefürchtete Chefin,Anna,Sophie,1,Es war schrecklich.,schrecklich
Lied,gefürchtete Chefin,Sophie,Anna,2,Es war schlecht.,schlecht
Lied,gefürchtete Chefin,Luisa,Miriam,2,Es war schlecht.,schlecht
Lied,gefürchtete Chefin,Katharina,Luisa,2,Es war schlecht.,schlecht
Lied,gefürchtete Chefin,Luisa,Anna,2,Es war schlecht.,schlecht
Lied,gefürchtete Chefin,Luisa,Sophie,2,Es war schlecht.,schlecht
Lied,gefürchtete Chefin,Anna,Luisa,2,Es war schlecht.,schlecht
Lied,gefürchtete Chefin,Sophie,Luisa,2,Es war okay.,okay
Lied,gefürchtete Chefin,Anna,Katharina,2,Es war schlecht,schlecht
Lied,gefürchtete Chefin,Anna,Miriam,2,Es war schlecht.,schlecht
Lied,gefürchtete Chefin,Sophie,Miriam,2,Es war schlecht.,schlecht
Lied,gefürchtete Chefin,Luisa,Katharina,2,Es war schlecht.,schlecht
Lied,gefürchtete Chefin,Anna,Katharina,2,Es war schrecklich.,schrecklich
Lied,gefürchtete Chefin,Luisa,Miriam,2,Es war schlecht.,schlecht
Lied,gefürchtete Chefin,Sophie,Miriam,2,Es war schlecht.,schlecht
Lied,gefürchtete Chefin,Katharina,Anna,2,Es war schlecht.,schlecht
Lied,gefürchtete Chefin,Anna,Katharina,2,Es war schlecht,schlecht
Lied,gefürchtete Chefin,Anna,Sophie,2,Es war schlecht,schlecht
Lied,gefürchtete Chefin,Anna,Miriam,2,Es war schlecht.,schlecht
Lied,gefürchtete Chefin,Miriam,Luisa,2,Es war schlecht,schlecht
Lied,gefürchtete Chefin,Luisa,Anna,2,Es war schlecht,schlecht
Lied,gefürchtete Chefin,Katharina,Anna,2,Es war schlecht,schlecht
Lied,gefürchtete Chefin,Luisa,Sophie,2,Es war schlecht.,schlecht
Lied,gefürchtete Chefin,Katharina,Sophie,2,Es war schlecht.,schlecht
Lied,gefürchtete Chefin,Anna,Luisa,2,Es war schlecht,schlecht
Lied,gefürchtete Chefin,Luisa,Katharina,2,Es war schlecht.,schlecht
Lied,gefürchtete Chefin,Sophie,Luisa,2,Es war schlecht.,schlecht
Lied,gefürchtete Chefin,Miriam,Sophie,2,Es war schlecht.,schlecht
Lied,gefürchtete Chefin,Anna,Sophie,2,Es war schlecht.,schlecht
Lied,gefürchtete Chefin,Miriam,Luisa,2,Es war schlecht.,schlecht
Lied,gefürchtete Chefin,Anna,Katharina,2,Es war schrecklich.,schrecklich
Lied,gefürchtete Chefin,Miriam,Anna,3,Es war okay.,okay
Lied,gefürchtete Chefin,Katharina,Anna,3,Es war okay.,okay
Lied,gefürchtete Chefin,Katharina,Luisa,3,Es war okay.,okay
Lied,gefürchtete Chefin,Anna,Sophie,3,Es war okay.,okay
Lied,gefürchtete Chefin,Luisa,Anna,3,Es war okay.,okay
Lied,gefürchtete Chefin,Sophie,Luisa,3,Es war okay.,okay
Lied,gefürchtete Chefin,Sophie,Katharina,3,Es war okay.,okay
Lied,gefürchtete Chefin,Anna,Katharina,3,Es war okay.,okay
Lied,gefürchtete Chefin,Anna,Luisa,3,Es war okay.,okay
Lied,gefürchtete Chefin,Katharina,Luisa,3,Es war okay.,okay
Lied,gefürchtete Chefin,Miriam,Katharina,3,Es war okay.,okay
Lied,gefürchtete Chefin,Sophie,Anna,3,Es war okay.,okay
Lied,gefürchtete Chefin,Anna,Miriam,3,Es war okay.,okay
Lied,gefürchtete Chefin,Anna,Miriam,3,Es war okay.,okay
Lied,gefürchtete Chefin,Anna,Katharina,3,Es war okay.,okay
Lied,gefürchtete Chefin,Luisa,Katharina,3,Es war okay.,okay
Lied,gefürchtete Chefin,Katharina,Luisa,3,Es war okay.,okay
Lied,gefürchtete Chefin,Katharina,Sophie,3,Es war okay.,okay
Lied,gefürchtete Chefin,Sophie,Miriam,3,Es war okay.,okay
Lied,gefürchtete Chefin,Sophie,Luisa,3,Es war okay.,okay
Lied,gefürchtete Chefin,Katharina,Sophie,3,Es war okay.,okay
Lied,gefürchtete Chefin,Katharina,Sophie,3,Es war okay.,okay
Lied,gefürchtete Chefin,Anna,Sophie,3,Es war okay.,okay
Lied,gefürchtete Chefin,Anna,Luisa,3,Es war okay.,okay
Lied,gefürchtete Chefin,Miriam,Anna,3,Es war okay.,okay
Lied,gefürchtete Chefin,Sophie,Luisa,3,Es war okay.,okay
Lied,gefürchtete Chefin,Anna,Miriam,3,Es war okay.,okay
Lied,gefürchtete Chefin,Miriam,Sophie,3,Es war okay.,okay
Lied,gefürchtete Chefin,Sophie,Miriam,3,Es war okay.,okay
Lied,gefürchtete Chefin,Luisa,Katharina,3,Es war okay.,okay
Lied,gefürchtete Chefin,Luisa,Anna,4,Es war großartig.,großartig
Lied,gefürchtete Chefin,Luisa,Sophie,4,Es war großartig.,großartig
Lied,gefürchtete Chefin,Anna,Miriam,4,Es war großartig.,großartig
Lied,gefürchtete Chefin,Anna,Sophie,4,Es war großartig.,großartig
Lied,gefürchtete Chefin,Luisa,Miriam,4,Es war großartig.,großartig
Lied,gefürchtete Chefin,Miriam,Sophie,4,Es war großartig.,großartig
Lied,gefürchtete Chefin,Luisa,Miriam,4,Es war großartig.,großartig
Lied,gefürchtete Chefin,Luisa,Sophie,4,Es war großartig.,großartig
Lied,gefürchtete Chefin,Miriam,Katharina,4,Es war großartig.,großartig
Lied,gefürchtete Chefin,Anna,Miriam,4,Es war großartig.,großartig
Lied,gefürchtete Chefin,Anna,Miriam,4,Es war großartig.,großartig
Lied,gefürchtete Chefin,Katharina,Miriam,4,Es war großartig.,großartig
Lied,gefürchtete Chefin,Anna,Sophie,4,Es war großartig.,großartig
Lied,gefürchtete Chefin,Luisa,Sophie,4,Es war großartig.,großartig
Lied,gefürchtete Chefin,Anna,Miriam,4,Es war großartig.,großartig
Lied,gefürchtete Chefin,Anna,Luisa,4,Es war großartig.,großartig
Lied,gefürchtete Chefin,Katharina,Anna,4,Es war großartig.,großartig
Lied,gefürchtete Chefin,Anna,Katharina,4,Es war großartig.,großartig
Lied,gefürchtete Chefin,Katharina,Luisa,4,Es war großartig.,großartig
Lied,gefürchtete Chefin,Anna,Sophie,4,Es war großartig.,großartig
Lied,gefürchtete Chefin,Anna,Miriam,4,Es war großartig.,großartig
Lied,gefürchtete Chefin,Katharina,Luisa,4,Es war großartig.,großartig
Lied,gefürchtete Chefin,Luisa,Sophie,4,Es war großartig.,großartig
Lied,gefürchtete Chefin,Anna,Sophie,4,Es war großartig.,großartig
Lied,gefürchtete Chefin,Katharina,Luisa,4,Es war großartig.,großartig
Lied,gefürchtete Chefin,Katharina,Luisa,4,Es war gut.,gut
Lied,gefürchtete Chefin,Katharina,Miriam,4,Es war großartig.,großartig
Lied,gefürchtete Chefin,Miriam,Luisa,4,Es war großartig.,großartig
Lied,gefürchtete Chefin,Luisa,Sophie,4,Es war großartig.,großartig
Lied,gefürchtete Chefin,Miriam,Sophie,4,Es war großartig.,großartig
Lied,gefürchtete Chefin,Sophie,Katharina,5,Es war großartig.,großartig
Lied,gefürchtete Chefin,Luisa,Anna,5,Es war großartig.,großartig
Lied,gefürchtete Chefin,Miriam,Katharina,5,Es war großartig.,großartig
Lied,gefürchtete Chefin,Anna,Katharina,5,Es war großartig.,großartig
Lied,gefürchtete Chefin,Luisa,Katharina,5,Es war großartig.,großartig
Lied,gefürchtete Chefin,Miriam,Sophie,5,Es war großartig.,großartig
Lied,gefürchtete Chefin,Luisa,Katharina,5,Es war großartig.,großartig
Lied,gefürchtete Chefin,Miriam,Katharina,5,Es war großartig.,großartig
Lied,gefürchtete Chefin,Anna,Katharina,5,Es war großartig.,großartig
Lied,gefürchtete Chefin,Luisa,Miriam,5,Es war großartig.,großartig
Lied,gefürchtete Chefin,Katharina,Luisa,5,Es war großartig.,großartig
Lied,gefürchtete Chefin,Sophie,Katharina,5,Es war großartig.,großartig
Lied,gefürchtete Chefin,Sophie,Anna,5,Es war großartig.,großartig
Lied,gefürchtete Chefin,Miriam,Luisa,5,Es war großartig.,großartig
Lied,gefürchtete Chefin,Luisa,Sophie,5,Es war großartig.,großartig
Lied,gefürchtete Chefin,Luisa,Anna,5,Es war großartig.,großartig
Lied,gefürchtete Chefin,Katharina,Sophie,5,Es war großartig.,großartig
Lied,gefürchtete Chefin,Luisa,Anna,5,Es war großartig.,großartig
Lied,gefürchtete Chefin,Sophie,Katharina,5,Es war großartig.,großartig
Lied,gefürchtete Chefin,Miriam,Katharina,5,Es war großartig.,großartig
Lied,gefürchtete Chefin,Miriam,Sophie,5,Es war großartig.,großartig
Lied,gefürchtete Chefin,Sophie,Anna,5,Es war großartig.,großartig
Lied,gefürchtete Chefin,Katharina,Miriam,5,Es war großartig.,großartig
Lied,gefürchtete Chefin,Luisa,Anna,5,Es war großartig.,großartig
Lied,gefürchtete Chefin,Katharina,Miriam,5,Es war großartig.,großartig
Lied,gefürchtete Chefin,Anna,Miriam,5,Es war großartig.,großartig
Lied,gefürchtete Chefin,Anna,Sophie,5,Es war großartig.,großartig
Lied,gefürchtete Chefin,Katharina,Miriam,5,Es war großartig.,großartig
Lied,gefürchtete Chefin,Sophie,Anna,5,Es war großartig.,großartig
Lied,gefürchtete Chefin,Luisa,Miriam,5,Es war großartig.,großartig
Film,enge Freundin,Katharina,Sophie,1,Es war schrecklich.,schrecklich
Film,enge Freundin,Miriam,Katharina,1,Es war schrecklich.,schrecklich
Film,enge Freundin,Anna,Luisa,1,Es war schrecklich.,schrecklich
Film,enge Freundin,Luisa,Katharina,1,Es war schrecklich.,schrecklich
Film,enge Freundin,Miriam,Anna,1,Es war schrecklich.,schrecklich
Film,enge Freundin,Anna,Katharina,1,Es war schrecklich.,schrecklich
Film,enge Freundin,Anna,Luisa,1,Es war schrecklich.,schrecklich
Film,enge Freundin,Sophie,Miriam,1,Es war schrecklich.,schrecklich
Film,enge Freundin,Katharina,Anna,1,Es war schrecklich.,schrecklich
Film,enge Freundin,Sophie,Luisa,1,Es war schrecklich.,schrecklich
Film,enge Freundin,Anna,Sophie,1,Es war schrecklich.,schrecklich
Film,enge Freundin,Sophie,Anna,1,Es war schrecklich.,schrecklich
Film,enge Freundin,Anna,Sophie,1,Es war schrecklich.,schrecklich
Film,enge Freundin,Luisa,Anna,1,Es war schrecklich.,schrecklich
Film,enge Freundin,Miriam,Sophie,1,Es war schrecklich.,schrecklich
Film,enge Freundin,Sophie,Miriam,1,Es war schrecklich.,schrecklich
Film,enge Freundin,Sophie,Miriam,1,Es war schrecklich.,schrecklich
Film,enge Freundin,Luisa,Anna,1,Es war schrecklich.,schrecklich
Film,enge Freundin,Miriam,Luisa,1,Es war schrecklich.,schrecklich
Film,enge Freundin,Katharina,Anna,1,Es war schrecklich.,schrecklich
Film,enge Freundin,Sophie,Miriam,1,Es war schrecklich.,schrecklich
Film,enge Freundin,Luisa,Katharina,1,Es war schrecklich.,schrecklich
Film,enge Freundin,Luisa,Anna,1,Es war schrecklich.,schrecklich
Film,enge Freundin,Anna,Miriam,1,Es war schrecklich.,schrecklich
Film,enge Freundin,Anna,Luisa,1,Es war schrecklich.,schrecklich
Film,enge Freundin,Luisa,Katharina,1,Es war schrecklich.,schrecklich
Film,enge Freundin,Anna,Luisa,1,Es war schrecklich.,schrecklich
Film,enge Freundin,Sophie,Anna,1,Es war schrecklich.,schrecklich
Film,enge Freundin,Katharina,Miriam,1,Es war schrecklich.,schrecklich
Film,enge Freundin,Katharina,Sophie,1,Es war schrecklich.,schrecklich
Film,enge Freundin,Sophie,Miriam,2,Es war schlecht.,schlecht
Film,enge Freundin,Katharina,Anna,2,Es war schlecht.,schlecht
Film,enge Freundin,Luisa,Katharina,2,Es war schlecht.,schlecht
Film,enge Freundin,Luisa,Anna,2,Es war schlecht.,schlecht
Film,enge Freundin,Anna,Katharina,2,Es war schlecht.,schlecht
Film,enge Freundin,Sophie,Miriam,2,Es war schlecht.,schlecht
Film,enge Freundin,Luisa,Anna,2,Es war schlecht.,schlecht
Film,enge Freundin,Miriam,Luisa,2,Es war schlecht.,schlecht
Film,enge Freundin,Anna,Katharina,2,Es war schlecht.,schlecht
Film,enge Freundin,Sophie,Katharina,2,Es war schlecht.,schlecht
Film,enge Freundin,Miriam,Sophie,2,Es war schlecht.,schlecht
Film,enge Freundin,Katharina,Miriam,2,Es war schlecht.,schlecht
Film,enge Freundin,Anna,Miriam,2,Es war schlecht.,schlecht
Film,enge Freundin,Anna,Sophie,2,Es war schlecht.,schlecht
Film,enge Freundin,Luisa,Katharina,2,Es war okay.,okay
Film,enge Freundin,Sophie,Katharina,2,Es war schlecht.,schlecht
Film,enge Freundin,Sophie,Luisa,2,Es war schlecht.,schlecht
Film,enge Freundin,Luisa,Anna,2,Es war schlecht.,schlecht
Film,enge Freundin,Miriam,Sophie,2,Es war okay.,okay
Film,enge Freundin,Miriam,Luisa,2,Es war schlecht.,schlecht
Film,enge Freundin,Miriam,Luisa,2,Es war okay.,okay
Film,enge Freundin,Miriam,Katharina,2,Es war schlecht.,schlecht
Film,enge Freundin,Miriam,Luisa,2,Es war schlecht.,schlecht
Film,enge Freundin,Luisa,Sophie,2,Es war schlecht.,schlecht
Film,enge Freundin,Sophie,Katharina,2,Es war schlecht.,schlecht
Film,enge Freundin,Sophie,Miriam,2,Es war okay.,okay
Film,enge Freundin,Anna,Katharina,2,Es war okay.,okay
Film,enge Freundin,Miriam,Katharina,2,Es war schlecht.,schlecht
Film,enge Freundin,Anna,Katharina,2,Es war schlecht.,schlecht
Film,enge Freundin,Luisa,Anna,2,Es war schlecht.,schlecht
Film,enge Freundin,Anna,Miriam,3,Es war okay.,okay
Film,enge Freundin,Miriam,Luisa,3,Es war okay.,okay
Film,enge Freundin,Luisa,Sophie,3,Es war okay.,okay
Film,enge Freundin,Miriam,Sophie,3,Es war okay.,okay
Film,enge Freundin,Katharina,Sophie,3,Es war okay.,okay
Film,enge Freundin,Katharina,Sophie,3,Es war okay.,okay
Film,enge Freundin,Katharina,Miriam,3,Es war okay.,okay
Film,enge Freundin,Katharina,Miriam,3,Es war okay.,okay
Film,enge Freundin,Miriam,Luisa,3,Es war okay.,okay
Film,enge Freundin,Anna,Miriam,3,Es war okay.,okay
Film,enge Freundin,Miriam,Katharina,3,Es war okay.,okay
Film,enge Freundin,Katharina,Sophie,3,Es war okay.,okay
Film,enge Freundin,Miriam,Sophie,3,Es war okay.,okay
Film,enge Freundin,Miriam,Anna,3,Es war okay.,okay
Film,enge Freundin,Miriam,Katharina,3,Es war okay.,okay
Film,enge Freundin,Miriam,Sophie,3,Es war okay.,okay
Film,enge Freundin,Katharina,Sophie,3,Es war okay.,okay
Film,enge Freundin,Miriam,Anna,3,Es war okay.,okay
Film,enge Freundin,Luisa,Anna,3,Es war okay.,okay
Film,enge Freundin,Miriam,Luisa,3,Es war okay.,okay
Film,enge Freundin,Anna,Luisa,3,Es war okay.,okay
Film,enge Freundin,Anna,Miriam,3,Es war okay.,okay
Film,enge Freundin,Sophie,Miriam,3,Es war okay.,okay
Film,enge Freundin,Katharina,Anna,3,Es war okay.,okay
Film,enge Freundin,Katharina,Miriam,3,Es war okay.,okay
Film,enge Freundin,Miriam,Anna,3,Es war okay.,okay
Film,enge Freundin,Anna,Sophie,3,Es war okay.,okay
Film,enge Freundin,Miriam,Luisa,3,Es war okay.,okay
Film,enge Freundin,Miriam,Anna,3,Es war okay.,okay
Film,enge Freundin,Luisa,Sophie,3,Es war okay.,okay
Film,enge Freundin,Luisa,Katharina,4,Es war großartig.,großartig
Film,enge Freundin,Katharina,Miriam,4,Es war großartig.,großartig
Film,enge Freundin,Anna,Sophie,4,Es war großartig.,großartig
Film,enge Freundin,Luisa,Sophie,4,Es war großartig.,großartig
Film,enge Freundin,Luisa,Sophie,4,Es war großartig.,großartig
Film,enge Freundin,Luisa,Anna,4,Es war großartig.,großartig
Film,enge Freundin,Sophie,Luisa,4,Es war großartig.,großartig
Film,enge Freundin,Luisa,Katharina,4,Es war großartig.,großartig
Film,enge Freundin,Sophie,Miriam,4,Es war großartig.,großartig
Film,enge Freundin,Anna,Miriam,4,Es war großartig.,großartig
Film,enge Freundin,Katharina,Luisa,4,Es war großartig.,großartig
Film,enge Freundin,Sophie,Katharina,4,Es war großartig.,großartig
Film,enge Freundin,Miriam,Katharina,4,Es war großartig.,großartig
Film,enge Freundin,Anna,Luisa,4,Es war großartig.,großartig
Film,enge Freundin,Katharina,Miriam,4,Es war großartig.,großartig
Film,enge Freundin,Sophie,Luisa,4,Es war großartig.,großartig
Film,enge Freundin,Anna,Sophie,4,Es war großartig.,großartig
Film,enge Freundin,Sophie,Katharina,4,Es war großartig.,großartig
Film,enge Freundin,Sophie,Anna,4,Es war großartig.,großartig
Film,enge Freundin,Katharina,Luisa,4,Es war großartig.,großartig
Film,enge Freundin,Anna,Sophie,4,Es war großartig.,großartig
Film,enge Freundin,Katharina,Sophie,4,Es war großartig.,großartig
Film,enge Freundin,Miriam,Luisa,4,Es war großartig.,großartig
Film,enge Freundin,Sophie,Anna,4,Es war großartig.,großartig
Film,enge Freundin,Katharina,Sophie,4,Es war großartig.,großartig
Film,enge Freundin,Miriam,Sophie,4,Es war großartig.,großartig
Film,enge Freundin,Anna,Miriam,4,Es war großartig.,großartig
Film,enge Freundin,Sophie,Luisa,4,Es war großartig.,großartig
Film,enge Freundin,Sophie,Miriam,4,Es war großartig.,großartig
Film,enge Freundin,Sophie,Katharina,4,Es war großartig.,großartig
Film,enge Freundin,Miriam,Sophie,5,Es war großartig.,großartig
Film,enge Freundin,Luisa,Anna,5,Es war großartig.,großartig
Film,enge Freundin,Sophie,Luisa,5,Es war großartig.,großartig
Film,enge Freundin,Anna,Sophie,5,Es war großartig.,großartig
Film,enge Freundin,Luisa,Anna,5,Es war großartig.,großartig
Film,enge Freundin,Luisa,Katharina,5,Es war großartig.,großartig
Film,enge Freundin,Katharina,Anna,5,Es war großartig.,großartig
Film,enge Freundin,Miriam,Katharina,5,Es war großartig.,großartig
Film,enge Freundin,Katharina,Sophie,5,Es war großartig.,großartig
Film,enge Freundin,Luisa,Katharina,5,Es war großartig.,großartig
Film,enge Freundin,Miriam,Katharina,5,Es war großartig.,großartig
Film,enge Freundin,Katharina,Miriam,5,Es war großartig.,großartig
Film,enge Freundin,Anna,Sophie,5,Es war großartig.,großartig
Film,enge Freundin,Luisa,Katharina,5,Es war großartig.,großartig
Film,enge Freundin,Miriam,Katharina,5,Es war großartig.,großartig
Film,enge Freundin,Miriam,Luisa,5,Es war großartig.,großartig
Film,enge Freundin,Katharina,Luisa,5,Es war großartig.,großartig
Film,enge Freundin,Miriam,Sophie,5,Es war großartig.,großartig
Film,enge Freundin,Anna,Sophie,5,Es war großartig.,großartig
Film,enge Freundin,Anna,Sophie,5,Es war großartig.,großartig
Film,enge Freundin,Anna,Katharina,5,Es war großartig.,großartig
Film,enge Freundin,Katharina,Miriam,5,Es war großartig.,großartig
Film,enge Freundin,Anna,Katharina,5,Es war großartig.,großartig
Film,enge Freundin,Miriam,Anna,5,Es war großartig.,großartig
Film,enge Freundin,Miriam,Katharina,5,Es war großartig.,großartig
Film,enge Freundin,Katharina,Luisa,5,Es war großartig.,großartig
Film,enge Freundin,Miriam,Luisa,5,Es war großartig.,großartig
Film,enge Freundin,Miriam,Anna,5,Es war großartig.,großartig
Film,enge Freundin,Miriam,Katharina,5,Es war großartig.,großartig
Film,enge Freundin,Miriam,Katharina,5,Es war großartig.,großartig
Film,entfernte Kollegin,Luisa,Sophie,1,Es war schrecklich.,schrecklich
Film,entfernte Kollegin,Sophie,Luisa,1,Es war schrecklich.,schrecklich
Film,entfernte Kollegin,Sophie,Luisa,1,Es war schrecklich.,schrecklich
Film,entfernte Kollegin,Sophie,Anna,1,Es war schrecklich.,schrecklich
Film,entfernte Kollegin,Luisa,Katharina,1,Es war schrecklich.,schrecklich
Film,entfernte Kollegin,Katharina,Sophie,1,Es war schrecklich.,schrecklich
Film,entfernte Kollegin,Miriam,Anna,1,Es war schrecklich.,schrecklich
Film,entfernte Kollegin,Anna,Katharina,1,Es war schrecklich.,schrecklich
Film,entfernte Kollegin,Katharina,Anna,1,Es war schrecklich.,schrecklich
Film,entfernte Kollegin,Sophie,Luisa,1,Es war schrecklich.,schrecklich
Film,entfernte Kollegin,Luisa,Sophie,1,Es war schrecklich.,schrecklich
Film,entfernte Kollegin,Luisa,Anna,1,Es war schrecklich.,schrecklich
Film,entfernte Kollegin,Anna,Miriam,1,Es war schrecklich.,schrecklich
Film,entfernte Kollegin,Katharina,Luisa,1,Es war schrecklich.,schrecklich
Film,entfernte Kollegin,Luisa,Sophie,1,Es war schrecklich.,schrecklich
Film,entfernte Kollegin,Miriam,Luisa,1,Es war schrecklich.,schrecklich
Film,entfernte Kollegin,Katharina,Sophie,1,Es war schrecklich.,schrecklich
Film,entfernte Kollegin,Miriam,Sophie,1,Es war schrecklich.,schrecklich
Film,entfernte Kollegin,Luisa,Miriam,1,Es war schrecklich.,schrecklich
Film,entfernte Kollegin,Anna,Miriam,1,Es war schrecklich.,schrecklich
Film,entfernte Kollegin,Anna,Miriam,1,Es war schrecklich.,schrecklich
Film,entfernte Kollegin,Sophie,Anna,1,Es war schrecklich.,schrecklich
Film,entfernte Kollegin,Miriam,Anna,1,Es war schrecklich.,schrecklich
Film,entfernte Kollegin,Sophie,Miriam,1,Es war schrecklich.,schrecklich
Film,entfernte Kollegin,Anna,Miriam,1,Es war schrecklich.,schrecklich
Film,entfernte Kollegin,Anna,Katharina,1,Es war schrecklich.,schrecklich
Film,entfernte Kollegin,Katharina,Sophie,1,Es war schrecklich.,schrecklich
Film,entfernte Kollegin,Anna,Katharina,1,Es war schrecklich.,schrecklich
Film,entfernte Kollegin,Luisa,Sophie,1,Es war schrecklich.,schrecklich
Film,entfernte Kollegin,Sophie,Katharina,1,Es war schrecklich.,schrecklich
Film,entfernte Kollegin,Katharina,Anna,2,Es war schlecht.,schlecht
Film,entfernte Kollegin,Anna,Miriam,2,Es war schlecht.,schlecht
Film,entfernte Kollegin,Luisa,Anna,2,Es war schlecht.,schlecht
Film,entfernte Kollegin,Luisa,Miriam,2,Es war schlecht.,schlecht
Film,entfernte Kollegin,Anna,Katharina,2,Es war schlecht.,schlecht
Film,entfernte Kollegin,Sophie,Anna,2,Es war schlecht.,schlecht
Film,entfernte Kollegin,Miriam,Luisa,2,Es war schlecht.,schlecht
Film,entfernte Kollegin,Katharina,Sophie,2,Es war schlecht.,schlecht
Film,entfernte Kollegin,Katharina,Luisa,2,Es war schlecht.,schlecht
Film,entfernte Kollegin,Luisa,Katharina,2,Es war schlecht.,schlecht
Film,entfernte Kollegin,Luisa,Anna,2,Es war schlecht.,schlecht
Film,entfernte Kollegin,Luisa,Sophie,2,Es war schlecht.,schlecht
Film,entfernte Kollegin,Katharina,Luisa,2,Es war schlecht.,schlecht
Film,entfernte Kollegin,Katharina,Luisa,2,Es war schlecht.,schlecht
Film,entfernte Kollegin,Miriam,Katharina,2,Es war okay.,okay
Film,entfernte Kollegin,Katharina,Anna,2,Es war schlecht.,schlecht
Film,entfernte Kollegin,Miriam,Sophie,2,Es war schlecht.,schlecht
Film,entfernte Kollegin,Katharina,Sophie,2,Es war okay.,okay
Film,entfernte Kollegin,Miriam,Katharina,2,Es war schlecht.,schlecht
Film,entfernte Kollegin,Katharina,Miriam,2,Es war okay.,okay
Film,entfernte Kollegin,Luisa,Miriam,2,Es war schlecht.,schlecht
Film,entfernte Kollegin,Luisa,Katharina,2,Es war schlecht.,schlecht
Film,entfernte Kollegin,Luisa,Sophie,2,Es war schlecht.,schlecht
Film,entfernte Kollegin,Anna,Katharina,2,Es war schlecht.,schlecht
Film,entfernte Kollegin,Luisa,Miriam,2,Es war schlecht.,schlecht
Film,entfernte Kollegin,Katharina,Anna,2,Es war schlecht.,schlecht
Film,entfernte Kollegin,Anna,Sophie,2,Es war okay.,okay
Film,entfernte Kollegin,Luisa,Miriam,2,Es war schlecht.,schlecht
Film,entfernte Kollegin,Anna,Katharina,2,Es war schlecht.,schlecht
Film,entfernte Kollegin,Luisa,Sophie,2,Es war schlecht.,schlecht
Film,entfernte Kollegin,Luisa,Katharina,3,Es war okay.,okay
Film,entfernte Kollegin,Sophie,Luisa,3,Es war okay.,okay
Film,entfernte Kollegin,Anna,Katharina,3,Es war okay.,okay
Film,entfernte Kollegin,Miriam,Sophie,3,Es war okay.,okay
Film,entfernte Kollegin,Anna,Miriam,3,Es war okay.,okay
Film,entfernte Kollegin,Miriam,Luisa,3,Es war okay.,okay
Film,entfernte Kollegin,Miriam,Luisa,3,Es war okay.,okay
Film,entfernte Kollegin,Luisa,Miriam,3,Es war okay.,okay
Film,entfernte Kollegin,Miriam,Katharina,3,Es war okay.,okay
Film,entfernte Kollegin,Katharina,Luisa,3,Es war okay.,okay
Film,entfernte Kollegin,Sophie,Anna,3,Es war okay.,okay
Film,entfernte Kollegin,Anna,Katharina,3,Es war okay.,okay
Film,entfernte Kollegin,Anna,Sophie,3,Es war okay.,okay
Film,entfernte Kollegin,Anna,Miriam,3,Es war okay.,okay
Film,entfernte Kollegin,Miriam,Luisa,3,Es war okay.,okay
Film,entfernte Kollegin,Miriam,Luisa,3,Es war okay.,okay
Film,entfernte Kollegin,Luisa,Miriam,3,Es war okay.,okay
Film,entfernte Kollegin,Sophie,Miriam,3,Es war okay.,okay
Film,entfernte Kollegin,Katharina,Anna,3,Es war okay.,okay
Film,entfernte Kollegin,Luisa,Anna,3,Es war okay.,okay
Film,entfernte Kollegin,Anna,Miriam,3,Es war okay.,okay
Film,entfernte Kollegin,Luisa,Miriam,3,Es war okay.,okay
Film,entfernte Kollegin,Katharina,Miriam,3,Es war okay.,okay
Film,entfernte Kollegin,Anna,Katharina,3,Es war okay.,okay
Film,entfernte Kollegin,Luisa,Katharina,3,Es war okay.,okay
Film,entfernte Kollegin,Anna,Sophie,3,Es war okay.,okay
Film,entfernte Kollegin,Luisa,Sophie,3,Es war okay.,okay
Film,entfernte Kollegin,Sophie,Anna,3,Es war okay.,okay
Film,entfernte Kollegin,Katharina,Anna,3,Es war okay.,okay
Film,entfernte Kollegin,Katharina,Luisa,3,Es war okay.,okay
Film,entfernte Kollegin,Sophie,Katharina,4,Es war großartig.,großartig
Film,entfernte Kollegin,Luisa,Katharina,4,Es war großartig.,großartig
Film,entfernte Kollegin,Miriam,Luisa,4,Es war großartig.,großartig
Film,entfernte Kollegin,Miriam,Anna,4,Es war großartig.,großartig
Film,entfernte Kollegin,Luisa,Anna,4,Es war großartig.,großartig
Film,entfernte Kollegin,Luisa,Miriam,4,Es war großartig.,großartig
Film,entfernte Kollegin,Sophie,Miriam,4,Es war großartig.,großartig
Film,entfernte Kollegin,Luisa,Katharina,4,Es war großartig.,großartig
Film,entfernte Kollegin,Sophie,Luisa,4,Es war großartig.,großartig
Film,entfernte Kollegin,Sophie,Katharina,4,Es war großartig.,großartig
Film,entfernte Kollegin,Luisa,Miriam,4,Es war großartig.,großartig
Film,entfernte Kollegin,Sophie,Miriam,4,Es war großartig.,großartig
Film,entfernte Kollegin,Sophie,Anna,4,Es war großartig.,großartig
Film,entfernte Kollegin,Luisa,Katharina,4,Es war großartig.,großartig
Film,entfernte Kollegin,Katharina,Anna,4,Es war großartig.,großartig
Film,entfernte Kollegin,Luisa,Miriam,4,Es war großartig.,großartig
Film,entfernte Kollegin,Anna,Sophie,4,Es war großartig.,großartig
Film,entfernte Kollegin,Katharina,Anna,4,Es war großartig.,großartig
Film,entfernte Kollegin,Anna,Sophie,4,Es war großartig.,großartig
Film,entfernte Kollegin,Sophie,Anna,4,Es war großartig.,großartig
Film,entfernte Kollegin,Luisa,Sophie,4,Es war großartig.,großartig
Film,entfernte Kollegin,Miriam,Katharina,4,Es war großartig.,großartig
Film,entfernte Kollegin,Katharina,Luisa,4,Es war großartig.,großartig
Film,entfernte Kollegin,Anna,Miriam,4,Es war großartig.,großartig
Film,entfernte Kollegin,Sophie,Luisa,4,Es war großartig.,großartig
Film,entfernte Kollegin,Anna,Katharina,4,Es war großartig.,großartig
Film,entfernte Kollegin,Katharina,Miriam,4,Es war großartig.,großartig
Film,entfernte Kollegin,Sophie,Katharina,4,Es war großartig.,großartig
Film,entfernte Kollegin,Miriam,Katharina,4,Es war großartig.,großartig
Film,entfernte Kollegin,Sophie,Katharina,4,Es war großartig.,großartig
Film,entfernte Kollegin,Luisa,Katharina,5,Es war großartig.,großartig
Film,entfernte Kollegin,Luisa,Anna,5,Es war großartig.,großartig
Film,entfernte Kollegin,Luisa,Miriam,5,Es war großartig.,großartig
Film,entfernte Kollegin,Miriam,Luisa,5,Es war großartig.,großartig
Film,entfernte Kollegin,Luisa,Miriam,5,Es war großartig.,großartig
Film,entfernte Kollegin,Sophie,Miriam,5,Es war großartig.,großartig
Film,entfernte Kollegin,Miriam,Anna,5,Es war großartig.,großartig
Film,entfernte Kollegin,Anna,Luisa,5,Es war großartig.,großartig
Film,entfernte Kollegin,Anna,Katharina,5,Es war großartig.,großartig
Film,entfernte Kollegin,Sophie,Luisa,5,Es war großartig.,großartig
Film,entfernte Kollegin,Katharina,Anna,5,Es war großartig.,großartig
Film,entfernte Kollegin,Anna,Katharina,5,Es war großartig.,großartig
Film,entfernte Kollegin,Miriam,Luisa,5,Es war großartig.,großartig
Film,entfernte Kollegin,Miriam,Anna,5,Es war großartig.,großartig
Film,entfernte Kollegin,Luisa,Katharina,5,Es war großartig.,großartig
Film,entfernte Kollegin,Anna,Sophie,5,Es war großartig.,großartig
Film,entfernte Kollegin,Miriam,Luisa,5,Es war großartig.,großartig
Film,entfernte Kollegin,Katharina,Sophie,5,Es war großartig.,großartig
Film,entfernte Kollegin,Miriam,Katharina,5,Es war großartig.,großartig
Film,entfernte Kollegin,Luisa,Miriam,5,Es war großartig.,großartig
Film,entfernte Kollegin,Anna,Miriam,5,Es war großartig.,großartig
Film,entfernte Kollegin,Katharina,Luisa,5,Es war großartig.,großartig
Film,entfernte Kollegin,Miriam,Sophie,5,Es war großartig.,großartig
Film,entfernte Kollegin,Miriam,Anna,5,Es war großartig.,großartig
Film,entfernte Kollegin,Anna,Katharina,5,Es war großartig.,großartig
Film,entfernte Kollegin,Anna,Katharina,5,Es war großartig.,großartig
Film,entfernte Kollegin,Anna,Katharina,5,Es war großartig.,großartig
Film,entfernte Kollegin,Miriam,Anna,5,Es war großartig.,großartig
Film,entfernte Kollegin,Sophie,Anna,5,Es war großartig.,großartig
Film,entfernte Kollegin,Sophie,Luisa,5,Es war großartig.,großartig
Film,lockere Chefin,Luisa,Sophie,1,Es war schrecklich.,schrecklich
Film,lockere Chefin,Sophie,Katharina,1,Es war schrecklich.,schrecklich
Film,lockere Chefin,Luisa,Miriam,1,Es war schrecklich.,schrecklich
Film,lockere Chefin,Miriam,Anna,1,Es war schrecklich.,schrecklich
Film,lockere Chefin,Luisa,Sophie,1,Es war schrecklich.,schrecklich
Film,lockere Chefin,Anna,Sophie,1,Es war schrecklich.,schrecklich
Film,lockere Chefin,Sophie,Miriam,1,Es war schrecklich.,schrecklich
Film,lockere Chefin,Miriam,Sophie,1,Es war schrecklich.,schrecklich
Film,lockere Chefin,Sophie,Anna,1,Es war schrecklich.,schrecklich
Film,lockere Chefin,Miriam,Luisa,1,Es war schrecklich.,schrecklich
Film,lockere Chefin,Anna,Sophie,1,Es war schrecklich.,schrecklich
Film,lockere Chefin,Sophie,Miriam,1,Es war schrecklich.,schrecklich
Film,lockere Chefin,Sophie,Katharina,1,Es war schrecklich.,schrecklich
Film,lockere Chefin,Luisa,Katharina,1,Es war schrecklich.,schrecklich
Film,lockere Chefin,Miriam,Anna,1,Es war schrecklich.,schrecklich
Film,lockere Chefin,Miriam,Anna,1,Es war schrecklich.,schrecklich
Film,lockere Chefin,Luisa,Katharina,1,Es war schrecklich.,schrecklich
Film,lockere Chefin,Sophie,Miriam,1,Es war schrecklich.,schrecklich
Film,lockere Chefin,Katharina,Miriam,1,Es war schrecklich.,schrecklich
Film,lockere Chefin,Miriam,Katharina,1,Es war schrecklich.,schrecklich
Film,lockere Chefin,Luisa,Anna,1,Es war schrecklich.,schrecklich
Film,lockere Chefin,Luisa,Miriam,1,Es war schrecklich.,schrecklich
Film,lockere Chefin,Miriam,Sophie,1,Es war schrecklich.,schrecklich
Film,lockere Chefin,Sophie,Luisa,1,Es war schrecklich.,schrecklich
Film,lockere Chefin,Sophie,Luisa,1,Es war schrecklich.,schrecklich
Film,lockere Chefin,Luisa,Sophie,1,Es war schrecklich.,schrecklich
Film,lockere Chefin,Anna,Luisa,1,Es war schrecklich.,schrecklich
Film,lockere Chefin,Anna,Sophie,1,Es war schrecklich.,schrecklich
Film,lockere Chefin,Sophie,Miriam,1,Es war schrecklich.,schrecklich
Film,lockere Chefin,Sophie,Miriam,1,Es war schrecklich.,schrecklich
Film,lockere Chefin,Sophie,Katharina,2,Es war schrecklich.,schrecklich
Film,lockere Chefin,Sophie,Katharina,2,Es war schlecht.,schlecht
Film,lockere Chefin,Anna,Sophie,2,Es war schlecht.,schlecht
Film,lockere Chefin,Luisa,Anna,2,Es war schlecht.,schlecht
Film,lockere Chefin,Sophie,Katharina,2,Es war schrecklich.,schrecklich
Film,lockere Chefin,Sophie,Luisa,2,Es war schrecklich.,schrecklich
Film,lockere Chefin,Anna,Katharina,2,Es war schrecklich.,schrecklich
Film,lockere Chefin,Miriam,Katharina,2,Es war schlecht.,schlecht
Film,lockere Chefin,Miriam,Luisa,2,Es war schlecht.,schlecht
Film,lockere Chefin,Sophie,Katharina,2,Es war schlecht.,schlecht
Film,lockere Chefin,Anna,Katharina,2,Es war schlecht.,schlecht
Film,lockere Chefin,Anna,Katharina,2,Es war schlecht.,schlecht
Film,lockere Chefin,Sophie,Anna,2,Es war schlecht.,schlecht
Film,lockere Chefin,Katharina,Anna,2,Es war schlecht.,schlecht
Film,lockere Chefin,Miriam,Katharina,2,Es war schlecht.,schlecht
Film,lockere Chefin,Katharina,Anna,2,Es war schlecht.,schlecht
Film,lockere Chefin,Anna,Sophie,2,Es war okay.,okay
Film,lockere Chefin,Sophie,Luisa,2,Es war schlecht.,schlecht
Film,lockere Chefin,Miriam,Luisa,2,Es war schlecht.,schlecht
Film,lockere Chefin,Luisa,Miriam,2,Es war schlecht.,schlecht
Film,lockere Chefin,Sophie,Katharina,2,Es war schlecht.,schlecht
Film,lockere Chefin,Miriam,Luisa,2,Es war schlecht.,schlecht
Film,lockere Chefin,Sophie,Luisa,2,Es war schlecht.,schlecht
Film,lockere Chefin,Miriam,Anna,2,Es war schlecht.,schlecht
Film,lockere Chefin,Luisa,Sophie,2,Es war schlecht.,schlecht
Film,lockere Chefin,Katharina,Anna,2,Es war schlecht.,schlecht
Film,lockere Chefin,Sophie,Katharina,2,Es war schlecht.,schlecht
Film,lockere Chefin,Luisa,Anna,2,Es war schlecht.,schlecht
Film,lockere Chefin,Sophie,Luisa,2,Es war schlecht.,schlecht
Film,lockere Chefin,Sophie,Miriam,2,Es war schlecht.,schlecht
Film,lockere Chefin,Miriam,Katharina,3,Es war okay.,okay
Film,lockere Chefin,Anna,Luisa,3,Es war okay.,okay
Film,lockere Chefin,Katharina,Sophie,3,Es war okay.,okay
Film,lockere Chefin,Katharina,Luisa,3,Es war okay.,okay
Film,lockere Chefin,Miriam,Luisa,3,Es war okay.,okay
Film,lockere Chefin,Anna,Katharina,3,Es war okay.,okay
Film,lockere Chefin,Luisa,Miriam,3,Es war okay.,okay
Film,lockere Chefin,Katharina,Sophie,3,Es war okay.,okay
Film,lockere Chefin,Anna,Katharina,3,Es war okay.,okay
Film,lockere Chefin,Katharina,Luisa,3,Es war okay.,okay
Film,lockere Chefin,Katharina,Anna,3,Es war okay.,okay
Film,lockere Chefin,Miriam,Katharina,3,Es war okay.,okay
Film,lockere Chefin,Anna,Katharina,3,Es war okay.,okay
Film,lockere Chefin,Katharina,Miriam,3,Es war okay.,okay
Film,lockere Chefin,Sophie,Anna,3,Es war okay.,okay
Film,lockere Chefin,Anna,Miriam,3,Es war okay.,okay
Film,lockere Chefin,Sophie,Miriam,3,Es war okay.,okay
Film,lockere Chefin,Luisa,Anna,3,Es war okay.,okay
Film,lockere Chefin,Anna,Luisa,3,Es war okay.,okay
Film,lockere Chefin,Luisa,Katharina,3,Es war okay.,okay
Film,lockere Chefin,Miriam,Anna,3,Es war okay.,okay
Film,lockere Chefin,Katharina,Sophie,3,Es war okay.,okay
Film,lockere Chefin,Miriam,Luisa,3,Es war okay.,okay
Film,lockere Chefin,Luisa,Sophie,3,Es war okay.,okay
Film,lockere Chefin,Miriam,Katharina,3,Es war okay.,okay
Film,lockere Chefin,Anna,Miriam,3,Es war okay.,okay
Film,lockere Chefin,Miriam,Sophie,3,Es war okay.,okay
Film,lockere Chefin,Anna,Sophie,3,Es war okay.,okay
Film,lockere Chefin,Katharina,Miriam,3,Es war okay.,okay
Film,lockere Chefin,Miriam,Luisa,3,Es war okay.,okay
Film,lockere Chefin,Anna,Miriam,4,Es war großartig.,großartig
Film,lockere Chefin,Miriam,Katharina,4,Es war gut.,gut
Film,lockere Chefin,Anna,Sophie,4,Es war großartig.,großartig
Film,lockere Chefin,Miriam,Katharina,4,Es war gut.,gut
Film,lockere Chefin,Katharina,Luisa,4,Es war gut.,gut
Film,lockere Chefin,Luisa,Katharina,4,Es war gut.,gut
Film,lockere Chefin,Miriam,Katharina,4,Es war gut.,gut
Film,lockere Chefin,Anna,Miriam,4,Es war großartig.,großartig
Film,lockere Chefin,Anna,Katharina,4,Es war großartig.,großartig
Film,lockere Chefin,Sophie,Luisa,4,Es war gut.,gut
Film,lockere Chefin,Katharina,Luisa,4,Es war gut.,gut
Film,lockere Chefin,Anna,Katharina,4,Es war gut.,gut
Film,lockere Chefin,Katharina,Sophie,4,Es war gut.,gut
Film,lockere Chefin,Sophie,Miriam,4,Es war großartig.,großartig
Film,lockere Chefin,Katharina,Sophie,4,Es war gut.,gut
Film,lockere Chefin,Sophie,Luisa,4,Es war gut.,gut
Film,lockere Chefin,Luisa,Sophie,4,Es war gut.,gut
Film,lockere Chefin,Miriam,Anna,4,Es war großartig.,großartig
Film,lockere Chefin,Luisa,Miriam,4,Es war großartig.,großartig
Film,lockere Chefin,Katharina,Luisa,4,Es war gut.,gut
Film,lockere Chefin,Anna,Miriam,4,Es war großartig.,großartig
Film,lockere Chefin,Sophie,Katharina,4,Es war großartig.,großartig
Film,lockere Chefin,Anna,Katharina,4,Es war gut.,gut
Film,lockere Chefin,Anna,Katharina,4,Es war gut.,gut
Film,lockere Chefin,Katharina,Miriam,4,Es war großartig.,großartig
Film,lockere Chefin,Miriam,Katharina,4,Es war gut.,gut
Film,lockere Chefin,Sophie,Katharina,4,Es war großartig.,großartig
Film,lockere Chefin,Anna,Luisa,4,Es war gut.,gut
Film,lockere Chefin,Sophie,Katharina,4,Es war gut.,gut
Film,lockere Chefin,Miriam,Sophie,4,Es war gut.,gut
Film,lockere Chefin,Katharina,Luisa,5,Es war großartig.,großartig
Film,lockere Chefin,Miriam,Sophie,5,Es war großartig.,großartig
Film,lockere Chefin,Sophie,Anna,5,Es war großartig.,großartig
Film,lockere Chefin,Katharina,Sophie,5,Es war großartig.,großartig
Film,lockere Chefin,Katharina,Sophie,5,Es war großartig.,großartig
Film,lockere Chefin,Miriam,Luisa,5,Es war großartig.,großartig
Film,lockere Chefin,Miriam,Luisa,5,Es war großartig.,großartig
Film,lockere Chefin,Anna,Miriam,5,Es war großartig.,großartig
Film,lockere Chefin,Luisa,Miriam,5,Es war großartig.,großartig
Film,lockere Chefin,Luisa,Anna,5,Es war großartig.,großartig
Film,lockere Chefin,Anna,Miriam,5,Es war großartig.,großartig
Film,lockere Chefin,Luisa,Katharina,5,Es war großartig.,großartig
Film,lockere Chefin,Luisa,Miriam,5,Es war großartig.,großartig
Film,lockere Chefin,Anna,Luisa,5,Es war großartig.,großartig
Film,lockere Chefin,Anna,Sophie,5,Es war großartig.,großartig
Film,lockere Chefin,Anna,Luisa,5,Es war großartig.,großartig
Film,lockere Chefin,Luisa,Anna,5,Es war großartig.,großartig
Film,lockere Chefin,Katharina,Anna,5,Es war großartig.,großartig
Film,lockere Chefin,Katharina,Luisa,5,Es war großartig.,großartig
Film,lockere Chefin,Luisa,Sophie,5,Es war großartig.,großartig
Film,lockere Chefin,Miriam,Katharina,5,Es war großartig.,großartig
Film,lockere Chefin,Miriam,Sophie,5,Es war großartig.,großartig
Film,lockere Chefin,Miriam,Luisa,5,Es war großartig.,großartig
Film,lockere Chefin,Katharina,Anna,5,Es war großartig.,großartig
Film,lockere Chefin,Miriam,Sophie,5,Es war großartig.,großartig
Film,lockere Chefin,Luisa,Anna,5,Es war großartig.,großartig
Film,lockere Chefin,Anna,Katharina,5,Es war großartig.,großartig
Film,lockere Chefin,Luisa,Sophie,5,Es war großartig.,großartig
Film,lockere Chefin,Miriam,Sophie,5,Es war großartig.,großartig
Film,lockere Chefin,Miriam,Luisa,5,Es war großartig.,großartig
Film,gefürchtete Chefin,Sophie,Katharina,1,Es war schrecklich.,schrecklich
Film,gefürchtete Chefin,Miriam,Sophie,1,Es war schrecklich.,schrecklich
Film,gefürchtete Chefin,Sophie,Anna,1,Es war schrecklich.,schrecklich
Film,gefürchtete Chefin,Katharina,Miriam,1,Es war schrecklich.,schrecklich
Film,gefürchtete Chefin,Luisa,Katharina,1,Es war schrecklich.,schrecklich
Film,gefürchtete Chefin,Anna,Miriam,1,Es war schrecklich.,schrecklich
Film,gefürchtete Chefin,Sophie,Luisa,1,Es war schrecklich.,schrecklich
Film,gefürchtete Chefin,Anna,Katharina,1,Es war schrecklich.,schrecklich
Film,gefürchtete Chefin,Luisa,Katharina,1,Es war schrecklich.,schrecklich
Film,gefürchtete Chefin,Katharina,Miriam,1,Es war schrecklich.,schrecklich
Film,gefürchtete Chefin,Luisa,Anna,1,Es war schrecklich.,schrecklich
Film,gefürchtete Chefin,Sophie,Miriam,1,Es war schrecklich.,schrecklich
Film,gefürchtete Chefin,Katharina,Anna,1,Es war schrecklich.,schrecklich
Film,gefürchtete Chefin,Anna,Katharina,1,Es war schrecklich.,schrecklich
Film,gefürchtete Chefin,Luisa,Anna,1,Es war schrecklich.,schrecklich
Film,gefürchtete Chefin,Miriam,Luisa,1,Es war schrecklich.,schrecklich
Film,gefürchtete Chefin,Sophie,Katharina,1,Es war schrecklich.,schrecklich
Film,gefürchtete Chefin,Anna,Miriam,1,Es war schrecklich.,schrecklich
Film,gefürchtete Chefin,Anna,Sophie,1,Es war schrecklich.,schrecklich
Film,gefürchtete Chefin,Anna,Katharina,1,Es war schrecklich.,schrecklich
Film,gefürchtete Chefin,Anna,Miriam,1,Es war schrecklich.,schrecklich
Film,gefürchtete Chefin,Sophie,Anna,1,Es war schrecklich.,schrecklich
Film,gefürchtete Chefin,Luisa,Anna,1,Es war schrecklich.,schrecklich
Film,gefürchtete Chefin,Katharina,Sophie,1,Es war schrecklich.,schrecklich
Film,gefürchtete Chefin,Miriam,Sophie,1,Es war schrecklich.,schrecklich
Film,gefürchtete Chefin,Miriam,Sophie,1,Es war schrecklich.,schrecklich
Film,gefürchtete Chefin,Luisa,Sophie,1,Es war schrecklich.,schrecklich
Film,gefürchtete Chefin,Luisa,Anna,1,Es war schrecklich.,schrecklich
Film,gefürchtete Chefin,Miriam,Luisa,1,Es war schrecklich.,schrecklich
Film,gefürchtete Chefin,Luisa,Katharina,1,Es war schrecklich.,schrecklich
Film,gefürchtete Chefin,Anna,Miriam,2,Es war schlecht.,schlecht
Film,gefürchtete Chefin,Sophie,Luisa,2,Es war schlecht.,schlecht
Film,gefürchtete Chefin,Luisa,Katharina,2,Es war schrecklich.,schrecklich
Film,gefürchtete Chefin,Miriam,Anna,2,Es war schlecht.,schlecht
Film,gefürchtete Chefin,Sophie,Anna,2,Es war schlecht.,schlecht
Film,gefürchtete Chefin,Miriam,Katharina,2,Es war schlecht,schlecht
Film,gefürchtete Chefin,Katharina,Luisa,2,Es war schlecht.,schlecht
Film,gefürchtete Chefin,Katharina,Luisa,2,Es war schlecht.,schlecht
Film,gefürchtete Chefin,Miriam,Luisa,2,Es war schlecht.,schlecht
Film,gefürchtete Chefin,Anna,Miriam,2,Es war schrecklich.,schrecklich
Film,gefürchtete Chefin,Anna,Katharina,2,Es war schrecklich.,schrecklich
Film,gefürchtete Chefin,Miriam,Anna,2,Es war schlecht.,schlecht
Film,gefürchtete Chefin,Miriam,Sophie,2,Es war schlecht.,schlecht
Film,gefürchtete Chefin,Sophie,Miriam,2,Es war schlecht.,schlecht
Film,gefürchtete Chefin,Katharina,Luisa,2,Es war schlecht.,schlecht
Film,gefürchtete Chefin,Katharina,Sophie,2,Es war schrecklich.,schrecklich
Film,gefürchtete Chefin,Luisa,Katharina,2,Es war schrecklich.,schrecklich
Film,gefürchtete Chefin,Anna,Miriam,2,Es war schlecht.,schlecht
Film,gefürchtete Chefin,Luisa,Anna,2,Es war schlecht.,schlecht
Film,gefürchtete Chefin,Luisa,Miriam,2,Es war schlecht.,schlecht
Film,gefürchtete Chefin,Katharina,Anna,2,Es war schlecht.,schlecht
Film,gefürchtete Chefin,Katharina,Luisa,2,Es war schlecht.,schlecht
Film,gefürchtete Chefin,Sophie,Anna,2,Es war schlecht.,schlecht
Film,gefürchtete Chefin,Katharina,Anna,2,Es war schlecht.,schlecht
Film,gefürchtete Chefin,Sophie,Luisa,2,Es war schrecklich.,schrecklich
Film,gefürchtete Chefin,Luisa,Sophie,2,Es war schrecklich.,schrecklich
Film,gefürchtete Chefin,Katharina,Luisa,2,Es war schlecht.,schlecht
Film,gefürchtete Chefin,Katharina,Sophie,2,Es war schlecht.,schlecht
Film,gefürchtete Chefin,Luisa,Sophie,2,Es war schlecht.,schlecht
Film,gefürchtete Chefin,Luisa,Anna,2,Es war schlecht.,schlecht
Film,gefürchtete Chefin,Anna,Luisa,3,Es war okay.,okay
Film,gefürchtete Chefin,Katharina,Luisa,3,Es war okay.,okay
Film,gefürchtete Chefin,Katharina,Anna,3,Es war okay.,okay
Film,gefürchtete Chefin,Anna,Sophie,3,Es war okay.,okay
Film,gefürchtete Chefin,Sophie,Anna,3,Es war okay.,okay
Film,gefürchtete Chefin,Luisa,Miriam,3,Es war okay.,okay
Film,gefürchtete Chefin,Anna,Luisa,3,Es war okay.,okay
Film,gefürchtete Chefin,Katharina,Luisa,3,Es war okay.,okay
Film,gefürchtete Chefin,Luisa,Sophie,3,Es war okay.,okay
Film,gefürchtete Chefin,Luisa,Anna,3,Es war okay.,okay
Film,gefürchtete Chefin,Anna,Katharina,3,Es war okay.,okay
Film,gefürchtete Chefin,Luisa,Miriam,3,Es war okay.,okay
Film,gefürchtete Chefin,Luisa,Miriam,3,Es war okay.,okay
Film,gefürchtete Chefin,Miriam,Luisa,3,Es war okay.,okay
Film,gefürchtete Chefin,Katharina,Anna,3,Es war okay.,okay
Film,gefürchtete Chefin,Katharina,Luisa,3,Es war okay.,okay
Film,gefürchtete Chefin,Katharina,Miriam,3,Es war okay.,okay
Film,gefürchtete Chefin,Anna,Luisa,3,Es war okay.,okay
Film,gefürchtete Chefin,Luisa,Miriam,3,Es war okay.,okay
Film,gefürchtete Chefin,Anna,Luisa,3,Es war okay.,okay
Film,gefürchtete Chefin,Anna,Miriam,3,Es war okay.,okay
Film,gefürchtete Chefin,Luisa,Anna,3,Es war okay.,okay
Film,gefürchtete Chefin,Sophie,Luisa,3,Es war okay.,okay
Film,gefürchtete Chefin,Luisa,Anna,3,Es war okay.,okay
Film,gefürchtete Chefin,Luisa,Katharina,3,Es war okay.,okay
Film,gefürchtete Chefin,Anna,Miriam,3,Es war okay.,okay
Film,gefürchtete Chefin,Anna,Luisa,3,Es war okay.,okay
Film,gefürchtete Chefin,Miriam,Anna,3,Es war okay.,okay
Film,gefürchtete Chefin,Anna,Miriam,3,Es war okay.,okay
Film,gefürchtete Chefin,Anna,Katharina,3,Es war okay.,okay
Film,gefürchtete Chefin,Sophie,Katharina,4,Es war großartig.,großartig
Film,gefürchtete Chefin,Miriam,Katharina,4,Es war großartig.,großartig
Film,gefürchtete Chefin,Katharina,Miriam,4,Es war großartig.,großartig
Film,gefürchtete Chefin,Anna,Miriam,4,Es war großartig.,großartig
Film,gefürchtete Chefin,Katharina,Luisa,4,Es war gut.,gut
Film,gefürchtete Chefin,Miriam,Luisa,4,Es war gut.,gut
Film,gefürchtete Chefin,Katharina,Sophie,4,Es war großartig.,großartig
Film,gefürchtete Chefin,Sophie,Katharina,4,Es war großartig.,großartig
Film,gefürchtete Chefin,Anna,Luisa,4,Es war gut.,gut
Film,gefürchtete Chefin,Luisa,Anna,4,Es war großartig.,großartig
Film,gefürchtete Chefin,Miriam,Katharina,4,Es war gut.,gut
Film,gefürchtete Chefin,Miriam,Sophie,4,Es war großartig.,großartig
Film,gefürchtete Chefin,Anna,Luisa,4,Es war großartig.,großartig
Film,gefürchtete Chefin,Luisa,Anna,4,Es war großartig.,großartig
Film,gefürchtete Chefin,Anna,Sophie,4,Es war großartig.,großartig
Film,gefürchtete Chefin,Luisa,Katharina,4,Es war großartig.,großartig
Film,gefürchtete Chefin,Luisa,Anna,4,Es war großartig.,großartig
Film,gefürchtete Chefin,Sophie,Miriam,4,Es war großartig.,großartig
Film,gefürchtete Chefin,Luisa,Anna,4,Es war großartig.,großartig
Film,gefürchtete Chefin,Luisa,Anna,4,Es war großartig.,großartig
Film,gefürchtete Chefin,Anna,Katharina,4,Es war großartig.,großartig
Film,gefürchtete Chefin,Miriam,Katharina,4,Es war gut.,gut
Film,gefürchtete Chefin,Miriam,Anna,4,Es war großartig.,großartig
Film,gefürchtete Chefin,Anna,Katharina,4,Es war großartig.,großartig
Film,gefürchtete Chefin,Miriam,Katharina,4,Es war großartig.,großartig
Film,gefürchtete Chefin,Anna,Luisa,4,Es war großartig.,großartig
Film,gefürchtete Chefin,Luisa,Miriam,4,Es war großartig.,großartig
Film,gefürchtete Chefin,Luisa,Anna,4,Es war großartig.,großartig
Film,gefürchtete Chefin,Katharina,Sophie,4,Es war großartig.,großartig
Film,gefürchtete Chefin,Sophie,Miriam,4,Es war großartig.,großartig
Film,gefürchtete Chefin,Anna,Sophie,5,Es war großartig.,großartig
Film,gefürchtete Chefin,Luisa,Miriam,5,Es war großartig.,großartig
Film,gefürchtete Chefin,Katharina,Miriam,5,Es war großartig.,großartig
Film,gefürchtete Chefin,Miriam,Sophie,5,Es war großartig.,großartig
Film,gefürchtete Chefin,Miriam,Sophie,5,Es war großartig.,großartig
Film,gefürchtete Chefin,Miriam,Sophie,5,Es war großartig.,großartig
Film,gefürchtete Chefin,Miriam,Luisa,5,Es war großartig.,großartig
Film,gefürchtete Chefin,Katharina,Miriam,5,Es war großartig.,großartig
Film,gefürchtete Chefin,Luisa,Miriam,5,Es war großartig.,großartig
Film,gefürchtete Chefin,Miriam,Anna,5,Es war großartig.,großartig
Film,gefürchtete Chefin,Katharina,Luisa,5,Es war großartig.,großartig
Film,gefürchtete Chefin,Miriam,Sophie,5,Es war großartig.,großartig
Film,gefürchtete Chefin,Miriam,Katharina,5,Es war großartig.,großartig
Film,gefürchtete Chefin,Anna,Luisa,5,Es war großartig.,großartig
Film,gefürchtete Chefin,Luisa,Anna,5,Es war großartig.,großartig
Film,gefürchtete Chefin,Anna,Sophie,5,Es war großartig.,großartig
Film,gefürchtete Chefin,Anna,Katharina,5,Es war großartig.,großartig
Film,gefürchtete Chefin,Luisa,Sophie,5,Es war großartig.,großartig
Film,gefürchtete Chefin,Luisa,Anna,5,Es war großartig.,großartig
Film,gefürchtete Chefin,Luisa,Sophie,5,Es war großartig.,großartig
Film,gefürchtete Chefin,Sophie,Luisa,5,Es war großartig.,großartig
Film,gefürchtete Chefin,Sophie,Miriam,5,Es war großartig.,großartig
Film,gefürchtete Chefin,Katharina,Miriam,5,Es war großartig.,großartig
Film,gefürchtete Chefin,Katharina,Anna,5,Es war großartig.,großartig
Film,gefürchtete Chefin,Miriam,Katharina,5,Es war großartig.,großartig
Film,gefürchtete Chefin,Luisa,Sophie,5,Es war großartig.,großartig
Film,gefürchtete Chefin,Miriam,Anna,5,Es war großartig.,großartig
Film,gefürchtete Chefin,Miriam,Anna,5,Es war großartig.,großartig
Film,gefürchtete Chefin,Sophie,Katharina,5,Es war großartig.,großartig
Film,gefürchtete Chefin,Katharina,Anna,5,Es war großartig.,großartig
Theater,enge Freundin,Miriam,Luisa,1,Es war schrecklich.,schrecklich
Theater,enge Freundin,Miriam,Katharina,1,Es war schrecklich.,schrecklich
Theater,enge Freundin,Luisa,Katharina,1,Es war schrecklich.,schrecklich
Theater,enge Freundin,Miriam,Sophie,1,Es war schrecklich.,schrecklich
Theater,enge Freundin,Anna,Sophie,1,Es war schrecklich.,schrecklich
Theater,enge Freundin,Miriam,Luisa,1,Es war schrecklich.,schrecklich
Theater,enge Freundin,Katharina,Luisa,1,Es war schrecklich.,schrecklich
Theater,enge Freundin,Katharina,Sophie,1,Es war schrecklich.,schrecklich
Theater,enge Freundin,Anna,Miriam,1,Es war schrecklich.,schrecklich
Theater,enge Freundin,Miriam,Luisa,1,Es war schrecklich.,schrecklich
Theater,enge Freundin,Luisa,Katharina,1,Es war schrecklich.,schrecklich
Theater,enge Freundin,Luisa,Miriam,1,Es war schrecklich.,schrecklich
Theater,enge Freundin,Luisa,Sophie,1,Es war schrecklich.,schrecklich
Theater,enge Freundin,Luisa,Katharina,1,Es war schrecklich.,schrecklich
Theater,enge Freundin,Katharina,Miriam,1,Es war schrecklich.,schrecklich
Theater,enge Freundin,Luisa,Katharina,1,Es war schrecklich.,schrecklich
Theater,enge Freundin,Luisa,Sophie,1,Es war schrecklich.,schrecklich
Theater,enge Freundin,Katharina,Luisa,1,Es war schrecklich.,schrecklich
Theater,enge Freundin,Katharina,Anna,1,Es war schrecklich.,schrecklich
Theater,enge Freundin,Miriam,Luisa,1,Es war schrecklich.,schrecklich
Theater,enge Freundin,Katharina,Luisa,1,Es war schrecklich.,schrecklich
Theater,enge Freundin,Luisa,Anna,1,Es war schrecklich.,schrecklich
Theater,enge Freundin,Luisa,Miriam,1,Es war schrecklich.,schrecklich
Theater,enge Freundin,Sophie,Anna,1,Es war schrecklich.,schrecklich
Theater,enge Freundin,Miriam,Katharina,1,Es war schrecklich.,schrecklich
Theater,enge Freundin,Katharina,Sophie,1,Es war schrecklich.,schrecklich
Theater,enge Freundin,Anna,Miriam,1,Es war schrecklich.,schrecklich
Theater,enge Freundin,Anna,Sophie,1,Es war schrecklich.,schrecklich
Theater,enge Freundin,Miriam,Sophie,1,Es war schrecklich.,schrecklich
Theater,enge Freundin,Miriam,Katharina,1,Es war schrecklich.,schrecklich
Theater,enge Freundin,Anna,Miriam,2,Es war schlecht.,schlecht
Theater,enge Freundin,Anna,Miriam,2,Es war schlecht.,schlecht
Theater,enge Freundin,Luisa,Katharina,2,Es war schlecht.,schlecht
Theater,enge Freundin,Luisa,Anna,2,Es war schlecht.,schlecht
Theater,enge Freundin,Katharina,Anna,2,Es war schlecht.,schlecht
Theater,enge Freundin,Anna,Luisa,2,Es war schlecht.,schlecht
Theater,enge Freundin,Sophie,Anna,2,Es war schlecht.,schlecht
Theater,enge Freundin,Luisa,Miriam,2,Es war schlecht.,schlecht
Theater,enge Freundin,Sophie,Miriam,2,Es war schlecht.,schlecht
Theater,enge Freundin,Luisa,Miriam,2,Es war okay.,okay
Theater,enge Freundin,Katharina,Anna,2,Es war schlecht.,schlecht
Theater,enge Freundin,Miriam,Sophie,2,Es war okay.,okay
Theater,enge Freundin,Sophie,Anna,2,Es war schlecht.,schlecht
Theater,enge Freundin,Anna,Sophie,2,Es war schlecht.,schlecht
Theater,enge Freundin,Anna,Katharina,2,Es war schlecht.,schlecht
Theater,enge Freundin,Luisa,Anna,2,Es war schlecht,schlecht
Theater,enge Freundin,Katharina,Miriam,2,Es war okay.,okay
Theater,enge Freundin,Anna,Miriam,2,Es war schlecht.,schlecht
Theater,enge Freundin,Katharina,Sophie,2,Es war schlecht.,schlecht
Theater,enge Freundin,Katharina,Miriam,2,Es war schlecht.,schlecht
Theater,enge Freundin,Miriam,Katharina,2,Es war schlecht.,schlecht
Theater,enge Freundin,Miriam,Anna,2,Es war okay.,okay
Theater,enge Freundin,Anna,Miriam,2,Es war schlecht.,schlecht
Theater,enge Freundin,Anna,Luisa,2,Es war schlecht.,schlecht
Theater,enge Freundin,Luisa,Miriam,2,Es war okay.,okay
Theater,enge Freundin,Anna,Sophie,2,Es war schlecht.,schlecht
Theater,enge Freundin,Sophie,Luisa,2,Es war schlecht.,schlecht
Theater,enge Freundin,Katharina,Sophie,2,Es war schlecht.,schlecht
Theater,enge Freundin,Sophie,Anna,2,Es war schlecht.,schlecht
Theater,enge Freundin,Anna,Luisa,2,Es war schlecht.,schlecht
Theater,enge Freundin,Anna,Miriam,3,Es war okay.,okay
Theater,enge Freundin,Luisa,Sophie,3,Es war okay.,okay
Theater,enge Freundin,Miriam,Katharina,3,Es war okay.,okay
Theater,enge Freundin,Katharina,Miriam,3,Es war okay.,okay
Theater,enge Freundin,Anna,Katharina,3,Es war okay.,okay
Theater,enge Freundin,Luisa,Sophie,3,Es war okay.,okay
Theater,enge Freundin,Sophie,Miriam,3,Es war okay.,okay
Theater,enge Freundin,Katharina,Sophie,3,Es war okay.,okay
Theater,enge Freundin,Anna,Sophie,3,Es war okay.,okay
Theater,enge Freundin,Anna,Sophie,3,Es war okay.,okay
Theater,enge Freundin,Anna,Sophie,3,Es war okay.,okay
Theater,enge Freundin,Miriam,Luisa,3,Es war okay.,okay
Theater,enge Freundin,Katharina,Miriam,3,Es war okay.,okay
Theater,enge Freundin,Katharina,Anna,3,Es war okay.,okay
Theater,enge Freundin,Anna,Miriam,3,Es war okay.,okay
Theater,enge Freundin,Sophie,Anna,3,Es war okay.,okay
Theater,enge Freundin,Miriam,Sophie,3,Es war okay.,okay
Theater,enge Freundin,Miriam,Anna,3,Es war okay.,okay
Theater,enge Freundin,Miriam,Sophie,3,Es war okay.,okay
Theater,enge Freundin,Katharina,Luisa,3,Es war okay.,okay
Theater,enge Freundin,Katharina,Miriam,3,Es war okay.,okay
Theater,enge Freundin,Katharina,Anna,3,Es war okay.,okay
Theater,enge Freundin,Miriam,Katharina,3,Es war okay.,okay
Theater,enge Freundin,Luisa,Sophie,3,Es war okay.,okay
Theater,enge Freundin,Sophie,Anna,3,Es war okay.,okay
Theater,enge Freundin,Luisa,Anna,3,Es war okay.,okay
Theater,enge Freundin,Anna,Luisa,3,Es war okay.,okay
Theater,enge Freundin,Luisa,Miriam,3,Es war okay.,okay
Theater,enge Freundin,Sophie,Miriam,3,Es war okay.,okay
Theater,enge Freundin,Katharina,Luisa,3,Es war okay.,okay
Theater,enge Freundin,Sophie,Miriam,4,Es war gut.,gut
Theater,enge Freundin,Luisa,Katharina,4,Es war großartig.,großartig
Theater,enge Freundin,Anna,Katharina,4,Es war großartig.,großartig
Theater,enge Freundin,Katharina,Anna,4,Es war großartig.,großartig
Theater,enge Freundin,Anna,Miriam,4,Es war großartig.,großartig
Theater,enge Freundin,Sophie,Miriam,4,Es war großartig.,großartig
Theater,enge Freundin,Katharina,Miriam,4,Es war großartig.,großartig
Theater,enge Freundin,Sophie,Luisa,4,Es war großartig.,großartig
Theater,enge Freundin,Luisa,Anna,4,Es war großartig.,großartig
Theater,enge Freundin,Sophie,Katharina,4,Es war großartig.,großartig
Theater,enge Freundin,Miriam,Luisa,4,Es war gut.,gut
Theater,enge Freundin,Luisa,Miriam,4,Es war großartig.,großartig
Theater,enge Freundin,Katharina,Sophie,4,Es war gut.,gut
Theater,enge Freundin,Anna,Luisa,4,Es war großartig.,großartig
Theater,enge Freundin,Luisa,Anna,4,Es war großartig.,großartig
Theater,enge Freundin,Miriam,Anna,4,Es war großartig.,großartig
Theater,enge Freundin,Anna,Katharina,4,Es war großartig.,großartig
Theater,enge Freundin,Sophie,Miriam,4,Es war großartig.,großartig
Theater,enge Freundin,Anna,Sophie,4,Es war gut.,gut
Theater,enge Freundin,Katharina,Anna,4,Es war großartig.,großartig
Theater,enge Freundin,Sophie,Anna,4,Es war großartig.,großartig
Theater,enge Freundin,Sophie,Katharina,4,Es war großartig.,großartig
Theater,enge Freundin,Miriam,Sophie,4,Es war gut.,gut
Theater,enge Freundin,Luisa,Sophie,4,Es war gut.,gut
Theater,enge Freundin,Sophie,Miriam,4,Es war großartig.,großartig
Theater,enge Freundin,Luisa,Miriam,4,Es war großartig.,großartig
Theater,enge Freundin,Anna,Luisa,4,Es war gut.,gut
Theater,enge Freundin,Sophie,Katharina,4,Es war großartig.,großartig
Theater,enge Freundin,Katharina,Anna,4,Es war großartig.,großartig
Theater,enge Freundin,Sophie,Miriam,4,Es war großartig.,großartig
Theater,enge Freundin,Sophie,Luisa,5,Es war großartig.,großartig
Theater,enge Freundin,Luisa,Katharina,5,Es war großartig.,großartig
Theater,enge Freundin,Anna,Sophie,5,Es war großartig.,großartig
Theater,enge Freundin,Sophie,Miriam,5,Es war großartig.,großartig
Theater,enge Freundin,Miriam,Sophie,5,Es war großartig.,großartig
Theater,enge Freundin,Luisa,Miriam,5,Es war großartig.,großartig
Theater,enge Freundin,Katharina,Miriam,5,Es war großartig.,großartig
Theater,enge Freundin,Sophie,Anna,5,Es war großartig.,großartig
Theater,enge Freundin,Miriam,Sophie,5,Es war großartig.,großartig
Theater,enge Freundin,Katharina,Miriam,5,Es war großartig.,großartig
Theater,enge Freundin,Katharina,Luisa,5,Es war großartig.,großartig
Theater,enge Freundin,Luisa,Anna,5,Es war großartig.,großartig
Theater,enge Freundin,Anna,Sophie,5,Es war großartig.,großartig
Theater,enge Freundin,Anna,Sophie,5,Es war großartig.,großartig
Theater,enge Freundin,Katharina,Sophie,5,Es war großartig.,großartig
Theater,enge Freundin,Anna,Katharina,5,Es war großartig.,großartig
Theater,enge Freundin,Anna,Luisa,5,Es war großartig.,großartig
Theater,enge Freundin,Katharina,Anna,5,Es war großartig.,großartig
Theater,enge Freundin,Sophie,Luisa,5,Es war großartig.,großartig
Theater,enge Freundin,Sophie,Katharina,5,Es war großartig.,großartig
Theater,enge Freundin,Anna,Katharina,5,Es war großartig.,großartig
Theater,enge Freundin,Katharina,Luisa,5,Es war großartig.,großartig
Theater,enge Freundin,Luisa,Sophie,5,Es war großartig.,großartig
Theater,enge Freundin,Miriam,Anna,5,Es war großartig.,großartig
Theater,enge Freundin,Luisa,Miriam,5,Es war großartig.,großartig
Theater,enge Freundin,Luisa,Sophie,5,Es war großartig.,großartig
Theater,enge Freundin,Luisa,Katharina,5,Es war großartig.,großartig
Theater,enge Freundin,Miriam,Anna,5,Es war großartig.,großartig
Theater,enge Freundin,Luisa,Anna,5,Es war großartig.,großartig
Theater,enge Freundin,Anna,Katharina,5,Es war großartig.,großartig
Theater,entfernte Kollegin,Katharina,Luisa,1,Es war schrecklich.,schrecklich
Theater,entfernte Kollegin,Sophie,Luisa,1,Es war schrecklich.,schrecklich
Theater,entfernte Kollegin,Sophie,Anna,1,Es war schrecklich.,schrecklich
Theater,entfernte Kollegin,Katharina,Miriam,1,Es war schrecklich.,schrecklich
Theater,entfernte Kollegin,Luisa,Sophie,1,Es war schrecklich.,schrecklich
Theater,entfernte Kollegin,Katharina,Sophie,1,Es war schrecklich.,schrecklich
Theater,entfernte Kollegin,Miriam,Luisa,1,Es war schrecklich.,schrecklich
Theater,entfernte Kollegin,Miriam,Anna,1,Es war schrecklich.,schrecklich
Theater,entfernte Kollegin,Luisa,Anna,1,Es war schrecklich.,schrecklich
Theater,entfernte Kollegin,Miriam,Luisa,1,Es war schrecklich.,schrecklich
Theater,entfernte Kollegin,Sophie,Anna,1,Es war schrecklich.,schrecklich
Theater,entfernte Kollegin,Sophie,Miriam,1,Es war schrecklich.,schrecklich
Theater,entfernte Kollegin,Miriam,Sophie,1,Es war schrecklich.,schrecklich
Theater,entfernte Kollegin,Sophie,Katharina,1,Es war schrecklich.,schrecklich
Theater,entfernte Kollegin,Miriam,Luisa,1,Es war schrecklich.,schrecklich
Theater,entfernte Kollegin,Sophie,Katharina,1,Es war schrecklich.,schrecklich
Theater,entfernte Kollegin,Katharina,Miriam,1,Es war schrecklich.,schrecklich
Theater,entfernte Kollegin,Anna,Katharina,1,Es war schrecklich.,schrecklich
Theater,entfernte Kollegin,Miriam,Anna,1,Es war schrecklich.,schrecklich
Theater,entfernte Kollegin,Luisa,Miriam,1,Es war schrecklich.,schrecklich
Theater,entfernte Kollegin,Sophie,Miriam,1,Es war schrecklich.,schrecklich
Theater,entfernte Kollegin,Miriam,Luisa,1,Es war schrecklich.,schrecklich
Theater,entfernte Kollegin,Anna,Katharina,1,Es war schrecklich.,schrecklich
Theater,entfernte Kollegin,Sophie,Anna,1,Es war schrecklich.,schrecklich
Theater,entfernte Kollegin,Luisa,Anna,1,Es war schrecklich.,schrecklich
Theater,entfernte Kollegin,Katharina,Sophie,1,Es war schrecklich.,schrecklich
Theater,entfernte Kollegin,Miriam,Luisa,1,Es war schrecklich.,schrecklich
Theater,entfernte Kollegin,Anna,Miriam,1,Es war schrecklich.,schrecklich
Theater,entfernte Kollegin,Luisa,Katharina,1,Es war schrecklich.,schrecklich
Theater,entfernte Kollegin,Miriam,Luisa,1,Es war schrecklich.,schrecklich
Theater,entfernte Kollegin,Luisa,Miriam,2,Es war schlecht.,schlecht
Theater,entfernte Kollegin,Sophie,Anna,2,Es war okay.,okay
Theater,entfernte Kollegin,Luisa,Katharina,2,Es war schlecht.,schlecht
Theater,entfernte Kollegin,Sophie,Anna,2,Es war schlecht.,schlecht
Theater,entfernte Kollegin,Anna,Sophie,2,Es war okay.,okay
Theater,entfernte Kollegin,Miriam,Anna,2,Es war schlecht.,schlecht
Theater,entfernte Kollegin,Sophie,Anna,2,Es war schlecht.,schlecht
Theater,entfernte Kollegin,Sophie,Anna,2,Es war schlecht.,schlecht
Theater,entfernte Kollegin,Sophie,Katharina,2,Es war schlecht.,schlecht
Theater,entfernte Kollegin,Luisa,Miriam,2,Es war schlecht.,schlecht
Theater,entfernte Kollegin,Sophie,Anna,2,Es war schlecht.,schlecht
Theater,entfernte Kollegin,Anna,Miriam,2,Es war schlecht.,schlecht
Theater,entfernte Kollegin,Katharina,Sophie,2,Es war schlecht.,schlecht
Theater,entfernte Kollegin,Katharina,Sophie,2,Es war schlecht.,schlecht
Theater,entfernte Kollegin,Sophie,Katharina,2,Es war schlecht.,schlecht
Theater,entfernte Kollegin,Anna,Sophie,2,Es war schlecht.,schlecht
Theater,entfernte Kollegin,Sophie,Luisa,2,Es war schlecht.,schlecht
Theater,entfernte Kollegin,Anna,Luisa,2,Es war schlecht.,schlecht
Theater,entfernte Kollegin,Miriam,Anna,2,Es war schlecht.,schlecht
Theater,entfernte Kollegin,Luisa,Anna,2,Es war schlecht.,schlecht
Theater,entfernte Kollegin,Luisa,Miriam,2,Es war schlecht.,schlecht
Theater,entfernte Kollegin,Sophie,Miriam,2,Es war schlecht.,schlecht
Theater,entfernte Kollegin,Sophie,Miriam,2,Es war schlecht.,schlecht
Theater,entfernte Kollegin,Katharina,Sophie,2,Es war okay.,okay
Theater,entfernte Kollegin,Miriam,Luisa,2,Es war schlecht.,schlecht
Theater,entfernte Kollegin,Miriam,Katharina,2,Es war schlecht.,schlecht
Theater,entfernte Kollegin,Luisa,Katharina,2,Es war schlecht.,schlecht
Theater,entfernte Kollegin,Sophie,Miriam,2,Es war schlecht.,schlecht
Theater,entfernte Kollegin,Luisa,Katharina,2,Es war schlecht.,schlecht
Theater,entfernte Kollegin,Sophie,Anna,2,Es war schlecht.,schlecht
Theater,entfernte Kollegin,Katharina,Miriam,3,Es war okay.,okay
Theater,entfernte Kollegin,Anna,Luisa,3,Es war okay.,okay
Theater,entfernte Kollegin,Miriam,Luisa,3,Es war okay.,okay
Theater,entfernte Kollegin,Anna,Sophie,3,Es war okay.,okay
Theater,entfernte Kollegin,Anna,Katharina,3,Es war okay.,okay
Theater,entfernte Kollegin,Katharina,Sophie,3,Es war okay.,okay
Theater,entfernte Kollegin,Anna,Sophie,3,Es war okay.,okay
Theater,entfernte Kollegin,Anna,Luisa,3,Es war okay.,okay
Theater,entfernte Kollegin,Miriam,Luisa,3,Es war okay.,okay
Theater,entfernte Kollegin,Sophie,Anna,3,Es war okay.,okay
Theater,entfernte Kollegin,Miriam,Katharina,3,Es war okay.,okay
Theater,entfernte Kollegin,Anna,Luisa,3,Es war okay.,okay
Theater,entfernte Kollegin,Luisa,Sophie,3,Es war okay.,okay
Theater,entfernte Kollegin,Anna,Miriam,3,Es war okay.,okay
Theater,entfernte Kollegin,Sophie,Miriam,3,Es war okay.,okay
Theater,entfernte Kollegin,Sophie,Luisa,3,Es war okay.,okay
Theater,entfernte Kollegin,Anna,Katharina,3,Es war okay.,okay
Theater,entfernte Kollegin,Luisa,Sophie,3,Es war okay.,okay
Theater,entfernte Kollegin,Anna,Luisa,3,Es war okay.,okay
Theater,entfernte Kollegin,Anna,Sophie,3,Es war okay.,okay
Theater,entfernte Kollegin,Miriam,Sophie,3,Es war okay.,okay
Theater,entfernte Kollegin,Miriam,Katharina,3,Es war okay.,okay
Theater,entfernte Kollegin,Katharina,Anna,3,Es war okay.,okay
Theater,entfernte Kollegin,Anna,Luisa,3,Es war okay.,okay
Theater,entfernte Kollegin,Katharina,Luisa,3,Es war okay.,okay
Theater,entfernte Kollegin,Anna,Katharina,3,Es war okay.,okay
Theater,entfernte Kollegin,Sophie,Katharina,3,Es war okay.,okay
Theater,entfernte Kollegin,Miriam,Katharina,3,Es war okay.,okay
Theater,entfernte Kollegin,Miriam,Luisa,3,Es war okay.,okay
Theater,entfernte Kollegin,Katharina,Anna,3,Es war okay.,okay
Theater,entfernte Kollegin,Miriam,Anna,4,Es war gut.,gut
Theater,entfernte Kollegin,Anna,Luisa,4,Es war großartig.,großartig
Theater,entfernte Kollegin,Sophie,Katharina,4,Es war großartig.,großartig
Theater,entfernte Kollegin,Anna,Katharina,4,Es war großartig.,großartig
Theater,entfernte Kollegin,Luisa,Anna,4,Es war gut.,gut
Theater,entfernte Kollegin,Sophie,Luisa,4,Es war großartig.,großartig
Theater,entfernte Kollegin,Luisa,Anna,4,Es war großartig.,großartig
Theater,entfernte Kollegin,Miriam,Katharina,4,Es war großartig.,großartig
Theater,entfernte Kollegin,Katharina,Luisa,4,Es war großartig.,großartig
Theater,entfernte Kollegin,Luisa,Anna,4,Es war gut.,gut
Theater,entfernte Kollegin,Miriam,Sophie,4,Es war gut.,gut
Theater,entfernte Kollegin,Katharina,Luisa,4,Es war großartig.,großartig
Theater,entfernte Kollegin,Anna,Luisa,4,Es war gut.,gut
Theater,entfernte Kollegin,Sophie,Anna,4,Es war gut.,gut
Theater,entfernte Kollegin,Katharina,Luisa,4,Es war großartig.,großartig
Theater,entfernte Kollegin,Luisa,Katharina,4,Es war großartig.,großartig
Theater,entfernte Kollegin,Anna,Sophie,4,Es war großartig.,großartig
Theater,entfernte Kollegin,Sophie,Anna,4,Es war gut.,gut
Theater,entfernte Kollegin,Sophie,Anna,4,Es war gut.,gut
Theater,entfernte Kollegin,Miriam,Katharina,4,Es war großartig.,großartig
Theater,entfernte Kollegin,Luisa,Sophie,4,Es war gut.,gut
Theater,entfernte Kollegin,Katharina,Sophie,4,Es war großartig.,großartig
Theater,entfernte Kollegin,Miriam,Katharina,4,Es war großartig.,großartig
Theater,entfernte Kollegin,Luisa,Sophie,4,Es war gut.,gut
Theater,entfernte Kollegin,Anna,Sophie,4,Es war gut.,gut
Theater,entfernte Kollegin,Miriam,Sophie,4,Es war gut.,gut
Theater,entfernte Kollegin,Luisa,Anna,4,Es war gut.,gut
Theater,entfernte Kollegin,Sophie,Katharina,4,Es war großartig.,großartig
Theater,entfernte Kollegin,Miriam,Sophie,4,Es war gut.,gut
Theater,entfernte Kollegin,Miriam,Luisa,4,Es war großartig.,großartig
Theater,entfernte Kollegin,Katharina,Sophie,5,Es war großartig.,großartig
Theater,entfernte Kollegin,Luisa,Sophie,5,Es war großartig.,großartig
Theater,entfernte Kollegin,Katharina,Sophie,5,Es war großartig.,großartig
Theater,entfernte Kollegin,Katharina,Anna,5,Es war großartig.,großartig
Theater,entfernte Kollegin,Sophie,Miriam,5,Es war großartig.,großartig
Theater,entfernte Kollegin,Miriam,Anna,5,Es war großartig.,großartig
Theater,entfernte Kollegin,Sophie,Katharina,5,Es war großartig.,großartig
Theater,entfernte Kollegin,Katharina,Luisa,5,Es war großartig.,großartig
Theater,entfernte Kollegin,Anna,Miriam,5,Es war großartig.,großartig
Theater,entfernte Kollegin,Sophie,Katharina,5,Es war großartig.,großartig
Theater,entfernte Kollegin,Katharina,Miriam,5,Es war großartig.,großartig
Theater,entfernte Kollegin,Luisa,Sophie,5,Es war großartig.,großartig
Theater,entfernte Kollegin,Luisa,Miriam,5,Es war großartig.,großartig
Theater,entfernte Kollegin,Sophie,Anna,5,Es war großartig.,großartig
Theater,entfernte Kollegin,Katharina,Anna,5,Es war großartig.,großartig
Theater,entfernte Kollegin,Miriam,Sophie,5,Es war großartig.,großartig
Theater,entfernte Kollegin,Anna,Katharina,5,Es war großartig.,großartig
Theater,entfernte Kollegin,Miriam,Katharina,5,Es war großartig.,großartig
Theater,entfernte Kollegin,Miriam,Sophie,5,Es war großartig.,großartig
Theater,entfernte Kollegin,Sophie,Katharina,5,Es war großartig.,großartig
Theater,entfernte Kollegin,Sophie,Luisa,5,Es war großartig.,großartig
Theater,entfernte Kollegin,Katharina,Sophie,5,Es war großartig.,großartig
Theater,entfernte Kollegin,Luisa,Miriam,5,Es war großartig.,großartig
Theater,entfernte Kollegin,Anna,Sophie,5,Es war großartig.,großartig
Theater,entfernte Kollegin,Luisa,Katharina,5,Es war großartig.,großartig
Theater,entfernte Kollegin,Anna,Sophie,5,Es war großartig.,großartig
Theater,entfernte Kollegin,Sophie,Luisa,5,Es war großartig.,großartig
Theater,entfernte Kollegin,Luisa,Katharina,5,Es war großartig.,großartig
Theater,entfernte Kollegin,Sophie,Miriam,5,Es war großartig.,großartig
Theater,entfernte Kollegin,Anna,Luisa,5,Es war großartig.,großartig
Theater,lockere Chefin,Sophie,Katharina,1,Es war schrecklich.,schrecklich
Theater,lockere Chefin,Anna,Miriam,1,Es war schrecklich.,schrecklich
Theater,lockere Chefin,Luisa,Miriam,1,Es war schrecklich.,schrecklich
Theater,lockere Chefin,Luisa,Katharina,1,Es war schrecklich.,schrecklich
Theater,lockere Chefin,Katharina,Luisa,1,Es war schrecklich.,schrecklich
Theater,lockere Chefin,Anna,Katharina,1,Es war schrecklich.,schrecklich
Theater,lockere Chefin,Sophie,Anna,1,Es war schrecklich.,schrecklich
Theater,lockere Chefin,Sophie,Luisa,1,Es war schrecklich.,schrecklich
Theater,lockere Chefin,Sophie,Luisa,1,Es war schrecklich.,schrecklich
Theater,lockere Chefin,Luisa,Miriam,1,Es war schrecklich.,schrecklich
Theater,lockere Chefin,Sophie,Anna,1,Es war schrecklich.,schrecklich
Theater,lockere Chefin,Anna,Sophie,1,Es war schrecklich.,schrecklich
Theater,lockere Chefin,Luisa,Katharina,1,Es war schrecklich.,schrecklich
Theater,lockere Chefin,Anna,Luisa,1,Es war schrecklich.,schrecklich
Theater,lockere Chefin,Miriam,Anna,1,Es war schrecklich.,schrecklich
Theater,lockere Chefin,Luisa,Miriam,1,Es war schrecklich.,schrecklich
Theater,lockere Chefin,Luisa,Anna,1,Es war schrecklich.,schrecklich
Theater,lockere Chefin,Sophie,Miriam,1,Es war schrecklich.,schrecklich
Theater,lockere Chefin,Katharina,Anna,1,Es war schrecklich.,schrecklich
Theater,lockere Chefin,Luisa,Sophie,1,Es war schrecklich.,schrecklich
Theater,lockere Chefin,Katharina,Miriam,1,Es war schrecklich.,schrecklich
Theater,lockere Chefin,Sophie,Miriam,1,Es war schrecklich.,schrecklich
Theater,lockere Chefin,Katharina,Luisa,1,Es war schrecklich.,schrecklich
Theater,lockere Chefin,Anna,Sophie,1,Es war schrecklich.,schrecklich
Theater,lockere Chefin,Miriam,Sophie,1,Es war schrecklich.,schrecklich
Theater,lockere Chefin,Anna,Katharina,1,Es war schrecklich.,schrecklich
Theater,lockere Chefin,Anna,Katharina,1,Es war schrecklich.,schrecklich
Theater,lockere Chefin,Sophie,Miriam,1,Es war schrecklich.,schrecklich
Theater,lockere Chefin,Anna,Miriam,1,Es war schrecklich.,schrecklich
Theater,lockere Chefin,Sophie,Luisa,1,Es war schrecklich.,schrecklich
Theater,lockere Chefin,Miriam,Luisa,2,Es war schlecht,schlecht
Theater,lockere Chefin,Sophie,Luisa,2,Es war schlecht.,schlecht
Theater,lockere Chefin,Sophie,Miriam,2,Es war schlecht.,schlecht
Theater,lockere Chefin,Luisa,Anna,2,Es war okay.,okay
Theater,lockere Chefin,Luisa,Sophie,2,Es war schlecht.,schlecht
Theater,lockere Chefin,Anna,Katharina,2,Es war schlecht.,schlecht
Theater,lockere Chefin,Anna,Miriam,2,Es war schlecht.,schlecht
Theater,lockere Chefin,Miriam,Sophie,2,Es war schlecht.,schlecht
Theater,lockere Chefin,Sophie,Katharina,2,Es war schlecht.,schlecht
Theater,lockere Chefin,Miriam,Katharina,2,Es war okay.,okay
Theater,lockere Chefin,Sophie,Anna,2,Es war schlecht.,schlecht
Theater,lockere Chefin,Luisa,Miriam,2,Es war schlecht.,schlecht
Theater,lockere Chefin,Sophie,Anna,2,Es war schlecht.,schlecht
Theater,lockere Chefin,Anna,Miriam,2,Es war okay.,okay
Theater,lockere Chefin,Miriam,Sophie,2,Es war schlecht.,schlecht
Theater,lockere Chefin,Miriam,Katharina,2,Es war okay.,okay
Theater,lockere Chefin,Luisa,Anna,2,Es war okay.,okay
Theater,lockere Chefin,Anna,Luisa,2,Es war schlecht,schlecht
Theater,lockere Chefin,Miriam,Luisa,2,Es war okay.,okay
Theater,lockere Chefin,Sophie,Luisa,2,Es war schlecht.,schlecht
Theater,lockere Chefin,Katharina,Sophie,2,Es war okay.,okay
Theater,lockere Chefin,Sophie,Katharina,2,Es war schlecht.,schlecht
Theater,lockere Chefin,Anna,Miriam,2,Es war okay.,okay
Theater,lockere Chefin,Anna,Katharina,2,Es war okay.,okay
Theater,lockere Chefin,Sophie,Anna,2,Es war schlecht.,schlecht
Theater,lockere Chefin,Miriam,Katharina,2,Es war okay.,okay
Theater,lockere Chefin,Luisa,Katharina,2,Es war schlecht.,schlecht
Theater,lockere Chefin,Miriam,Anna,2,Es war schlecht.,schlecht
Theater,lockere Chefin,Anna,Luisa,2,Es war schlecht.,schlecht
Theater,lockere Chefin,Miriam,Anna,2,Es war okay.,okay
Theater,lockere Chefin,Katharina,Anna,3,Es war okay.,okay
Theater,lockere Chefin,Sophie,Anna,3,Es war okay.,okay
Theater,lockere Chefin,Luisa,Katharina,3,Es war okay.,okay
Theater,lockere Chefin,Miriam,Sophie,3,Es war okay.,okay
Theater,lockere Chefin,Miriam,Katharina,3,Es war okay.,okay
Theater,lockere Chefin,Luisa,Katharina,3,Es war okay.,okay
Theater,lockere Chefin,Miriam,Katharina,3,Es war okay.,okay
Theater,lockere Chefin,Luisa,Katharina,3,Es war okay.,okay
Theater,lockere Chefin,Miriam,Anna,3,Es war okay.,okay
Theater,lockere Chefin,Sophie,Anna,3,Es war okay.,okay
Theater,lockere Chefin,Sophie,Miriam,3,Es war okay.,okay
Theater,lockere Chefin,Luisa,Katharina,3,Es war okay.,okay
Theater,lockere Chefin,Miriam,Luisa,3,Es war okay.,okay
Theater,lockere Chefin,Sophie,Miriam,3,Es war okay.,okay
Theater,lockere Chefin,Katharina,Luisa,3,Es war okay.,okay
Theater,lockere Chefin,Sophie,Anna,3,Es war okay.,okay
Theater,lockere Chefin,Miriam,Sophie,3,Es war okay.,okay
Theater,lockere Chefin,Sophie,Anna,3,Es war okay.,okay
Theater,lockere Chefin,Katharina,Anna,3,Es war okay.,okay
Theater,lockere Chefin,Miriam,Katharina,3,Es war okay.,okay
Theater,lockere Chefin,Miriam,Sophie,3,Es war okay.,okay
Theater,lockere Chefin,Luisa,Anna,3,Es war okay.,okay
Theater,lockere Chefin,Miriam,Katharina,3,Es war okay.,okay
Theater,lockere Chefin,Sophie,Katharina,3,Es war okay.,okay
Theater,lockere Chefin,Miriam,Katharina,3,Es war okay.,okay
Theater,lockere Chefin,Miriam,Luisa,3,Es war okay.,okay
Theater,lockere Chefin,Sophie,Luisa,3,Es war okay.,okay
Theater,lockere Chefin,Miriam,Sophie,3,Es war okay.,okay
Theater,lockere Chefin,Sophie,Miriam,3,Es war okay.,okay
Theater,lockere Chefin,Anna,Sophie,3,Es war okay.,okay
Theater,lockere Chefin,Miriam,Luisa,4,Es war gut.,gut
Theater,lockere Chefin,Sophie,Miriam,4,Es war gut.,gut
Theater,lockere Chefin,Sophie,Anna,4,Es war gut.,gut
Theater,lockere Chefin,Miriam,Luisa,4,Es war gut.,gut
Theater,lockere Chefin,Sophie,Anna,4,Es war gut.,gut
Theater,lockere Chefin,Luisa,Miriam,4,Es war großartig.,großartig
Theater,lockere Chefin,Anna,Luisa,4,Es war gut.,gut
Theater,lockere Chefin,Luisa,Katharina,4,Es war gut.,gut
Theater,lockere Chefin,Anna,Miriam,4,Es war gut.,gut
Theater,lockere Chefin,Miriam,Luisa,4,Es war gut.,gut
Theater,lockere Chefin,Sophie,Katharina,4,Es war gut.,gut
Theater,lockere Chefin,Luisa,Miriam,4,Es war gut.,gut
Theater,lockere Chefin,Luisa,Anna,4,Es war gut.,gut
Theater,lockere Chefin,Miriam,Luisa,4,Es war gut.,gut
Theater,lockere Chefin,Miriam,Luisa,4,Es war gut.,gut
Theater,lockere Chefin,Miriam,Anna,4,Es war gut.,gut
Theater,lockere Chefin,Sophie,Luisa,4,Es war gut.,gut
Theater,lockere Chefin,Sophie,Luisa,4,Es war gut.,gut
Theater,lockere Chefin,Sophie,Luisa,4,Es war gut.,gut
Theater,lockere Chefin,Miriam,Anna,4,Es war gut.,gut
Theater,lockere Chefin,Luisa,Sophie,4,Es war gut.,gut
Theater,lockere Chefin,Katharina,Anna,4,Es war gut.,gut
Theater,lockere Chefin,Sophie,Anna,4,Es war großartig.,großartig
Theater,lockere Chefin,Miriam,Anna,4,Es war gut.,gut
Theater,lockere Chefin,Sophie,Luisa,4,Es war gut.,gut
Theater,lockere Chefin,Sophie,Anna,4,Es war großartig.,großartig
Theater,lockere Chefin,Miriam,Sophie,4,Es war gut.,gut
Theater,lockere Chefin,Miriam,Luisa,4,Es war gut.,gut
Theater,lockere Chefin,Katharina,Luisa,4,Es war gut.,gut
Theater,lockere Chefin,Sophie,Katharina,4,Es war gut.,gut
Theater,lockere Chefin,Katharina,Anna,5,Es war großartig.,großartig
Theater,lockere Chefin,Miriam,Sophie,5,Es war großartig.,großartig
Theater,lockere Chefin,Katharina,Sophie,5,Es war großartig.,großartig
Theater,lockere Chefin,Katharina,Sophie,5,Es war großartig.,großartig
Theater,lockere Chefin,Katharina,Miriam,5,Es war großartig.,großartig
Theater,lockere Chefin,Anna,Sophie,5,Es war großartig.,großartig
Theater,lockere Chefin,Katharina,Sophie,5,Es war großartig.,großartig
Theater,lockere Chefin,Luisa,Sophie,5,Es war großartig.,großartig
Theater,lockere Chefin,Sophie,Luisa,5,Es war großartig.,großartig
Theater,lockere Chefin,Miriam,Sophie,5,Es war großartig.,großartig
Theater,lockere Chefin,Anna,Miriam,5,Es war großartig.,großartig
Theater,lockere Chefin,Katharina,Miriam,5,Es war großartig.,großartig
Theater,lockere Chefin,Katharina,Miriam,5,Es war großartig.,großartig
Theater,lockere Chefin,Miriam,Luisa,5,Es war großartig.,großartig
Theater,lockere Chefin,Katharina,Luisa,5,Es war großartig.,großartig
Theater,lockere Chefin,Sophie,Anna,5,Es war großartig.,großartig
Theater,lockere Chefin,Luisa,Miriam,5,Es war großartig.,großartig
Theater,lockere Chefin,Sophie,Luisa,5,Es war großartig.,großartig
Theater,lockere Chefin,Sophie,Anna,5,Es war großartig.,großartig
Theater,lockere Chefin,Sophie,Katharina,5,Es war großartig.,großartig
Theater,lockere Chefin,Katharina,Anna,5,Es war großartig.,großartig
Theater,lockere Chefin,Luisa,Miriam,5,Es war großartig.,großartig
Theater,lockere Chefin,Miriam,Anna,5,Es war großartig.,großartig
Theater,lockere Chefin,Anna,Miriam,5,Es war großartig.,großartig
Theater,lockere Chefin,Luisa,Anna,5,Es war großartig.,großartig
Theater,lockere Chefin,Miriam,Anna,5,Es war großartig.,großartig
Theater,lockere Chefin,Katharina,Miriam,5,Es war großartig.,großartig
Theater,lockere Chefin,Sophie,Katharina,5,Es war großartig.,großartig
Theater,lockere Chefin,Anna,Miriam,5,Es war großartig.,großartig
Theater,lockere Chefin,Miriam,Anna,5,Es war großartig.,großartig
Theater,gefürchtete Chefin,Katharina,Sophie,1,Es war schrecklich.,schrecklich
Theater,gefürchtete Chefin,Anna,Katharina,1,Es war schrecklich.,schrecklich
Theater,gefürchtete Chefin,Miriam,Anna,1,Es war schrecklich.,schrecklich
Theater,gefürchtete Chefin,Miriam,Sophie,1,Es war schrecklich.,schrecklich
Theater,gefürchtete Chefin,Anna,Sophie,1,Es war schrecklich.,schrecklich
Theater,gefürchtete Chefin,Sophie,Miriam,1,Es war schrecklich.,schrecklich
Theater,gefürchtete Chefin,Sophie,Luisa,1,Es war schrecklich.,schrecklich
Theater,gefürchtete Chefin,Miriam,Anna,1,Es war schrecklich.,schrecklich
Theater,gefürchtete Chefin,Luisa,Katharina,1,Es war schrecklich.,schrecklich
Theater,gefürchtete Chefin,Katharina,Miriam,1,Es war schrecklich.,schrecklich
Theater,gefürchtete Chefin,Miriam,Luisa,1,Es war schrecklich.,schrecklich
Theater,gefürchtete Chefin,Katharina,Anna,1,Es war schrecklich.,schrecklich
Theater,gefürchtete Chefin,Sophie,Luisa,1,Es war schrecklich.,schrecklich
Theater,gefürchtete Chefin,Miriam,Sophie,1,Es war schrecklich.,schrecklich
Theater,gefürchtete Chefin,Luisa,Sophie,1,Es war schrecklich.,schrecklich
Theater,gefürchtete Chefin,Miriam,Sophie,1,Es war schrecklich.,schrecklich
Theater,gefürchtete Chefin,Miriam,Luisa,1,Es war schrecklich.,schrecklich
Theater,gefürchtete Chefin,Katharina,Anna,1,Es war schrecklich.,schrecklich
Theater,gefürchtete Chefin,Katharina,Sophie,1,Es war schrecklich.,schrecklich
Theater,gefürchtete Chefin,Miriam,Katharina,1,Es war schrecklich.,schrecklich
Theater,gefürchtete Chefin,Anna,Sophie,1,Es war schrecklich.,schrecklich
Theater,gefürchtete Chefin,Miriam,Anna,1,Es war schrecklich.,schrecklich
Theater,gefürchtete Chefin,Katharina,Miriam,1,Es war schrecklich.,schrecklich
Theater,gefürchtete Chefin,Anna,Luisa,1,Es war schrecklich.,schrecklich
Theater,gefürchtete Chefin,Anna,Sophie,1,Es war schrecklich.,schrecklich
Theater,gefürchtete Chefin,Miriam,Anna,1,Es war schrecklich.,schrecklich
Theater,gefürchtete Chefin,Anna,Miriam,1,Es war schrecklich.,schrecklich
Theater,gefürchtete Chefin,Luisa,Miriam,1,Es war schrecklich.,schrecklich
Theater,gefürchtete Chefin,Sophie,Katharina,1,Es war schrecklich.,schrecklich
Theater,gefürchtete Chefin,Miriam,Luisa,1,Es war schrecklich.,schrecklich
Theater,gefürchtete Chefin,Katharina,Luisa,2,Es war schlecht.,schlecht
Theater,gefürchtete Chefin,Luisa,Anna,2,Es war schlecht.,schlecht
Theater,gefürchtete Chefin,Sophie,Anna,2,Es war schlecht.,schlecht
Theater,gefürchtete Chefin,Luisa,Anna,2,Es war schlecht,schlecht
Theater,gefürchtete Chefin,Sophie,Miriam,2,Es war schlecht.,schlecht
Theater,gefürchtete Chefin,Sophie,Luisa,2,Es war schlecht.,schlecht
Theater,gefürchtete Chefin,Anna,Luisa,2,Es war schrecklich.,schrecklich
Theater,gefürchtete Chefin,Anna,Sophie,2,Es war schlecht.,schlecht
Theater,gefürchtete Chefin,Luisa,Miriam,2,Es war schlecht.,schlecht
Theater,gefürchtete Chefin,Sophie,Katharina,2,Es war schrecklich.,schrecklich
Theater,gefürchtete Chefin,Anna,Miriam,2,Es war okay.,okay
Theater,gefürchtete Chefin,Anna,Katharina,2,Es war schlecht.,schlecht
Theater,gefürchtete Chefin,Katharina,Miriam,2,Es war schlecht.,schlecht
Theater,gefürchtete Chefin,Sophie,Katharina,2,Es war schrecklich.,schrecklich
Theater,gefürchtete Chefin,Sophie,Miriam,2,Es war schlecht.,schlecht
Theater,gefürchtete Chefin,Katharina,Sophie,2,Es war schlecht.,schlecht
Theater,gefürchtete Chefin,Sophie,Luisa,2,Es war schlecht.,schlecht
Theater,gefürchtete Chefin,Katharina,Luisa,2,Es war schlecht.,schlecht
Theater,gefürchtete Chefin,Katharina,Miriam,2,Es war schlecht.,schlecht
Theater,gefürchtete Chefin,Sophie,Anna,2,Es war schlecht.,schlecht
Theater,gefürchtete Chefin,Luisa,Katharina,2,Es war schlecht.,schlecht
Theater,gefürchtete Chefin,Anna,Sophie,2,Es war schlecht.,schlecht
Theater,gefürchtete Chefin,Katharina,Sophie,2,Es war schlecht.,schlecht
Theater,gefürchtete Chefin,Luisa,Anna,2,Es war schlecht.,schlecht
Theater,gefürchtete Chefin,Miriam,Luisa,2,Es war schlecht.,schlecht
Theater,gefürchtete Chefin,Miriam,Luisa,2,Es war schlecht,schlecht
Theater,gefürchtete Chefin,Anna,Sophie,2,Es war schlecht.,schlecht
Theater,gefürchtete Chefin,Katharina,Sophie,2,Es war schlecht.,schlecht
Theater,gefürchtete Chefin,Katharina,Anna,2,Es war schlecht.,schlecht
Theater,gefürchtete Chefin,Sophie,Katharina,2,Es war schlecht,schlecht
Theater,gefürchtete Chefin,Katharina,Luisa,3,Es war okay.,okay
Theater,gefürchtete Chefin,Anna,Miriam,3,Es war okay.,okay
Theater,gefürchtete Chefin,Miriam,Luisa,3,Es war okay.,okay
Theater,gefürchtete Chefin,Sophie,Anna,3,Es war okay.,okay
Theater,gefürchtete Chefin,Luisa,Katharina,3,Es war okay.,okay
Theater,gefürchtete Chefin,Sophie,Luisa,3,Es war okay.,okay
Theater,gefürchtete Chefin,Luisa,Miriam,3,Es war okay.,okay
Theater,gefürchtete Chefin,Anna,Miriam,3,Es war okay.,okay
Theater,gefürchtete Chefin,Miriam,Anna,3,Es war okay.,okay
Theater,gefürchtete Chefin,Luisa,Sophie,3,Es war okay.,okay
Theater,gefürchtete Chefin,Luisa,Anna,3,Es war okay.,okay
Theater,gefürchtete Chefin,Luisa,Katharina,3,Es war okay.,okay
Theater,gefürchtete Chefin,Sophie,Luisa,3,Es war okay.,okay
Theater,gefürchtete Chefin,Katharina,Miriam,3,Es war okay.,okay
Theater,gefürchtete Chefin,Katharina,Miriam,3,Es war okay.,okay
Theater,gefürchtete Chefin,Miriam,Anna,3,Es war okay.,okay
Theater,gefürchtete Chefin,Miriam,Katharina,3,Es war okay.,okay
Theater,gefürchtete Chefin,Anna,Miriam,3,Es war okay.,okay
Theater,gefürchtete Chefin,Katharina,Miriam,3,Es war okay.,okay
Theater,gefürchtete Chefin,Katharina,Miriam,3,Es war okay.,okay
Theater,gefürchtete Chefin,Luisa,Katharina,3,Es war okay.,okay
Theater,gefürchtete Chefin,Anna,Miriam,3,Es war okay.,okay
Theater,gefürchtete Chefin,Anna,Katharina,3,Es war okay.,okay
Theater,gefürchtete Chefin,Anna,Miriam,3,Es war okay.,okay
Theater,gefürchtete Chefin,Anna,Katharina,3,Es war okay.,okay
Theater,gefürchtete Chefin,Anna,Sophie,3,Es war okay.,okay
Theater,gefürchtete Chefin,Miriam,Katharina,3,Es war okay.,okay
Theater,gefürchtete Chefin,Luisa,Miriam,3,Es war okay.,okay
Theater,gefürchtete Chefin,Luisa,Miriam,3,Es war okay.,okay
Theater,gefürchtete Chefin,Anna,Sophie,3,Es war okay.,okay
Theater,gefürchtete Chefin,Anna,Sophie,4,Es war gut.,gut
Theater,gefürchtete Chefin,Luisa,Anna,4,Es war gut.,gut
Theater,gefürchtete Chefin,Miriam,Luisa,4,Es war gut.,gut
Theater,gefürchtete Chefin,Sophie,Katharina,4,Es war gut.,gut
Theater,gefürchtete Chefin,Katharina,Luisa,4,Es war gut.,gut
Theater,gefürchtete Chefin,Luisa,Miriam,4,Es war großartig.,großartig
Theater,gefürchtete Chefin,Anna,Sophie,4,Es war gut.,gut
Theater,gefürchtete Chefin,Miriam,Luisa,4,Es war gut.,gut
Theater,gefürchtete Chefin,Katharina,Sophie,4,Es war gut.,gut
Theater,gefürchtete Chefin,Katharina,Luisa,4,Es war großartig.,großartig
Theater,gefürchtete Chefin,Katharina,Miriam,4,Es war großartig.,großartig
Theater,gefürchtete Chefin,Luisa,Anna,4,Es war großartig.,großartig
Theater,gefürchtete Chefin,Miriam,Katharina,4,Es war großartig.,großartig
Theater,gefürchtete Chefin,Sophie,Anna,4,Es war großartig.,großartig
Theater,gefürchtete Chefin,Anna,Katharina,4,Es war großartig.,großartig
Theater,gefürchtete Chefin,Katharina,Miriam,4,Es war großartig.,großartig
Theater,gefürchtete Chefin,Katharina,Miriam,4,Es war großartig.,großartig
Theater,gefürchtete Chefin,Sophie,Katharina,4,Es war großartig.,großartig
Theater,gefürchtete Chefin,Miriam,Luisa,4,Es war großartig.,großartig
Theater,gefürchtete Chefin,Katharina,Sophie,4,Es war großartig.,großartig
Theater,gefürchtete Chefin,Miriam,Luisa,4,Es war gut.,gut
Theater,gefürchtete Chefin,Luisa,Katharina,4,Es war großartig.,großartig
Theater,gefürchtete Chefin,Luisa,Sophie,4,Es war gut.,gut
Theater,gefürchtete Chefin,Luisa,Katharina,4,Es war großartig.,großartig
Theater,gefürchtete Chefin,Anna,Katharina,4,Es war großartig.,großartig
Theater,gefürchtete Chefin,Sophie,Luisa,4,Es war gut.,gut
Theater,gefürchtete Chefin,Katharina,Miriam,4,Es war großartig.,großartig
Theater,gefürchtete Chefin,Anna,Sophie,4,Es war gut.,gut
Theater,gefürchtete Chefin,Anna,Katharina,4,Es war großartig.,großartig
Theater,gefürchtete Chefin,Sophie,Anna,4,Es war gut.,gut
Theater,gefürchtete Chefin,Katharina,Miriam,5,Es war großartig.,großartig
Theater,gefürchtete Chefin,Luisa,Katharina,5,Es war großartig.,großartig
Theater,gefürchtete Chefin,Luisa,Anna,5,Es war großartig.,großartig
Theater,gefürchtete Chefin,Anna,Luisa,5,Es war großartig.,großartig
Theater,gefürchtete Chefin,Katharina,Anna,5,Es war großartig.,großartig
Theater,gefürchtete Chefin,Sophie,Miriam,5,Es war großartig.,großartig
Theater,gefürchtete Chefin,Sophie,Anna,5,Es war großartig.,großartig
Theater,gefürchtete Chefin,Miriam,Sophie,5,Es war großartig.,großartig
Theater,gefürchtete Chefin,Luisa,Katharina,5,Es war großartig.,großartig
Theater,gefürchtete Chefin,Luisa,Miriam,5,Es war großartig.,großartig
Theater,gefürchtete Chefin,Sophie,Katharina,5,Es war großartig.,großartig
Theater,gefürchtete Chefin,Katharina,Sophie,5,Es war großartig.,großartig
Theater,gefürchtete Chefin,Sophie,Luisa,5,Es war großartig.,großartig
Theater,gefürchtete Chefin,Sophie,Miriam,5,Es war großartig.,großartig
Theater,gefürchtete Chefin,Luisa,Anna,5,Es war großartig.,großartig
Theater,gefürchtete Chefin,Anna,Katharina,5,Es war großartig.,großartig
Theater,gefürchtete Chefin,Miriam,Katharina,5,Es war großartig.,großartig
Theater,gefürchtete Chefin,Anna,Sophie,5,Es war großartig.,großartig
Theater,gefürchtete Chefin,Sophie,Katharina,5,Es war großartig.,großartig
Theater,gefürchtete Chefin,Luisa,Sophie,5,Es war großartig.,großartig
Theater,gefürchtete Chefin,Sophie,Katharina,5,Es war großartig.,großartig
Theater,gefürchtete Chefin,Miriam,Anna,5,Es war großartig.,großartig
Theater,gefürchtete Chefin,Katharina,Miriam,5,Es war großartig.,großartig
Theater,gefürchtete Chefin,Luisa,Sophie,5,Es war großartig.,großartig
Theater,gefürchtete Chefin,Anna,Katharina,5,Es war großartig.,großartig
Theater,gefürchtete Chefin,Miriam,Luisa,5,Es war großartig.,großartig
Theater,gefürchtete Chefin,Miriam,Katharina,5,Es war großartig.,großartig
Theater,gefürchtete Chefin,Katharina,Miriam,5,Es war großartig.,großartig
Theater,gefürchtete Chefin,Sophie,Katharina,5,Es war großartig.,großartig
Theater,gefürchtete Chefin,Luisa,Katharina,5,Es war großartig.,großartig
Gitarre,enge Freundin,Luisa,Sophie,1,Es war schrecklich.,schrecklich
Gitarre,enge Freundin,Miriam,Anna,1,Es war schrecklich.,schrecklich
Gitarre,enge Freundin,Anna,Luisa,1,Es war schrecklich.,schrecklich
Gitarre,enge Freundin,Miriam,Sophie,1,Es war schrecklich.,schrecklich
Gitarre,enge Freundin,Katharina,Sophie,1,Es war schrecklich.,schrecklich
Gitarre,enge Freundin,Miriam,Sophie,1,Es war schrecklich.,schrecklich
Gitarre,enge Freundin,Luisa,Anna,1,Es war schrecklich.,schrecklich
Gitarre,enge Freundin,Luisa,Katharina,1,Es war schrecklich.,schrecklich
Gitarre,enge Freundin,Anna,Katharina,1,Es war schrecklich.,schrecklich
Gitarre,enge Freundin,Sophie,Luisa,1,Es war schrecklich.,schrecklich
Gitarre,enge Freundin,Katharina,Sophie,1,Es war schrecklich.,schrecklich
Gitarre,enge Freundin,Miriam,Anna,1,Es war schrecklich.,schrecklich
Gitarre,enge Freundin,Miriam,Sophie,1,Es war schrecklich.,schrecklich
Gitarre,enge Freundin,Sophie,Anna,1,Es war schrecklich.,schrecklich
Gitarre,enge Freundin,Luisa,Miriam,1,Es war schrecklich.,schrecklich
Gitarre,enge Freundin,Sophie,Anna,1,Es war schrecklich.,schrecklich
Gitarre,enge Freundin,Miriam,Sophie,1,Es war schrecklich.,schrecklich
Gitarre,enge Freundin,Sophie,Katharina,1,Es war schrecklich.,schrecklich
Gitarre,enge Freundin,Anna,Sophie,1,Es war schrecklich.,schrecklich
Gitarre,enge Freundin,Sophie,Anna,1,Es war schrecklich.,schrecklich
Gitarre,enge Freundin,Miriam,Sophie,1,Es war schrecklich.,schrecklich
Gitarre,enge Freundin,Katharina,Sophie,1,Es war schrecklich.,schrecklich
Gitarre,enge Freundin,Sophie,Anna,1,Es war schrecklich.,schrecklich
Gitarre,enge Freundin,Anna,Katharina,1,Es war schrecklich.,schrecklich
Gitarre,enge Freundin,Miriam,Anna,1,Es war schrecklich.,schrecklich
Gitarre,enge Freundin,Luisa,Anna,1,Es war schrecklich.,schrecklich
Gitarre,enge Freundin,Anna,Luisa,1,Es war schrecklich.,schrecklich
Gitarre,enge Freundin,Luisa,Katharina,1,Es war schrecklich.,schrecklich
Gitarre,enge Freundin,Katharina,Luisa,1,Es war schrecklich.,schrecklich
Gitarre,enge Freundin,Anna,Sophie,1,Es war schrecklich.,schrecklich
Gitarre,enge Freundin,Miriam,Sophie,2,Es war okay.,okay
Gitarre,enge Freundin,Sophie,Anna,2,Es war okay.,okay
Gitarre,enge Freundin,Anna,Katharina,2,Es war schlecht.,schlecht
Gitarre,enge Freundin,Miriam,Luisa,2,Es war schlecht.,schlecht
Gitarre,enge Freundin,Miriam,Anna,2,Es war schlecht,schlecht
Gitarre,enge Freundin,Anna,Luisa,2,Es war schlecht.,schlecht
Gitarre,enge Freundin,Sophie,Anna,2,Es war okay.,okay
Gitarre,enge Freundin,Anna,Miriam,2,Es war schlecht,schlecht
Gitarre,enge Freundin,Miriam,Anna,2,Es war okay.,okay
Gitarre,enge Freundin,Katharina,Anna,2,Es war okay.,okay
Gitarre,enge Freundin,Katharina,Sophie,2,Es war okay.,okay
Gitarre,enge Freundin,Miriam,Anna,2,Es war okay.,okay
Gitarre,enge Freundin,Miriam,Katharina,2,Es war okay.,okay
Gitarre,enge Freundin,Anna,Katharina,2,Es war schlecht.,schlecht
Gitarre,enge Freundin,Anna,Luisa,2,Es war schlecht.,schlecht
Gitarre,enge Freundin,Luisa,Miriam,2,Es war schlecht.,schlecht
Gitarre,enge Freundin,Katharina,Luisa,2,Es war okay.,okay
Gitarre,enge Freundin,Katharina,Luisa,2,Es war schlecht,schlecht
Gitarre,enge Freundin,Miriam,Katharina,2,Es war okay.,okay
Gitarre,enge Freundin,Luisa,Sophie,2,Es war schlecht,schlecht
Gitarre,enge Freundin,Katharina,Miriam,2,Es war schlecht,schlecht
Gitarre,enge Freundin,Miriam,Katharina,2,Es war okay.,okay
Gitarre,enge Freundin,Sophie,Anna,2,Es war schlecht.,schlecht
Gitarre,enge Freundin,Miriam,Anna,2,Es war okay.,okay
Gitarre,enge Freundin,Sophie,Miriam,2,Es war schlecht.,schlecht
Gitarre,enge Freundin,Luisa,Sophie,2,Es war okay.,okay
Gitarre,enge Freundin,Luisa,Anna,2,Es war schlecht,schlecht
Gitarre,enge Freundin,Luisa,Katharina,2,Es war schlecht.,schlecht
Gitarre,enge Freundin,Anna,Katharina,2,Es war schlecht,schlecht
Gitarre,enge Freundin,Miriam,Anna,2,Es war okay.,okay
Gitarre,enge Freundin,Anna,Miriam,3,Es war okay.,okay
Gitarre,enge Freundin,Sophie,Anna,3,Es war okay.,okay
Gitarre,enge Freundin,Katharina,Luisa,3,Es war okay.,okay
Gitarre,enge Freundin,Anna,Sophie,3,Es war okay.,okay
Gitarre,enge Freundin,Luisa,Anna,3,Es war okay.,okay
Gitarre,enge Freundin,Anna,Miriam,3,Es war okay.,okay
Gitarre,enge Freundin,Sophie,Miriam,3,Es war okay.,okay
Gitarre,enge Freundin,Sophie,Luisa,3,Es war okay.,okay
Gitarre,enge Freundin,Sophie,Miriam,3,Es war okay.,okay
Gitarre,enge Freundin,Luisa,Katharina,3,Es war okay.,okay
Gitarre,enge Freundin,Katharina,Sophie,3,Es war okay.,okay
Gitarre,enge Freundin,Katharina,Sophie,3,Es war okay.,okay
Gitarre,enge Freundin,Katharina,Sophie,3,Es war okay.,okay
Gitarre,enge Freundin,Anna,Miriam,3,Es war okay.,okay
Gitarre,enge Freundin,Luisa,Anna,3,Es war okay.,okay
Gitarre,enge Freundin,Sophie,Luisa,3,Es war okay.,okay
Gitarre,enge Freundin,Luisa,Miriam,3,Es war okay.,okay
Gitarre,enge Freundin,Miriam,Anna,3,Es war okay.,okay
Gitarre,enge Freundin,Sophie,Katharina,3,Es war okay.,okay
Gitarre,enge Freundin,Miriam,Sophie,3,Es war okay.,okay
Gitarre,enge Freundin,Anna,Luisa,3,Es war okay.,okay
Gitarre,enge Freundin,Katharina,Luisa,3,Es war okay.,okay
Gitarre,enge Freundin,Luisa,Katharina,3,Es war okay.,okay
Gitarre,enge Freundin,Katharina,Anna,3,Es war okay.,okay
Gitarre,enge Freundin,Katharina,Anna,3,Es war okay.,okay
Gitarre,enge Freundin,Luisa,Katharina,3,Es war okay.,okay
Gitarre,enge Freundin,Miriam,Sophie,3,Es war okay.,okay
Gitarre,enge Freundin,Sophie,Miriam,3,Es war okay.,okay
Gitarre,enge Freundin,Miriam,Anna,3,Es war okay.,okay
Gitarre,enge Freundin,Katharina,Luisa,3,Es war okay.,okay
Gitarre,enge Freundin,Katharina,Sophie,4,Es war gut.,gut
Gitarre,enge Freundin,Katharina,Luisa,4,Es war gut.,gut
Gitarre,enge Freundin,Miriam,Anna,4,Es war gut.,gut
Gitarre,enge Freundin,Katharina,Miriam,4,Es war gut.,gut
Gitarre,enge Freundin,Anna,Sophie,4,Es war gut.,gut
Gitarre,enge Freundin,Luisa,Anna,4,Es war gut.,gut
Gitarre,enge Freundin,Luisa,Katharina,4,Es war gut.,gut
Gitarre,enge Freundin,Anna,Luisa,4,Es war gut.,gut
Gitarre,enge Freundin,Katharina,Sophie,4,Es war gut.,gut
Gitarre,enge Freundin,Sophie,Miriam,4,Es war großartig.,großartig
Gitarre,enge Freundin,Anna,Luisa,4,Es war gut.,gut
Gitarre,enge Freundin,Miriam,Anna,4,Es war gut.,gut
Gitarre,enge Freundin,Luisa,Miriam,4,Es war gut.,gut
Gitarre,enge Freundin,Katharina,Anna,4,Es war gut.,gut
Gitarre,enge Freundin,Miriam,Anna,4,Es war gut.,gut
Gitarre,enge Freundin,Sophie,Miriam,4,Es war gut.,gut
Gitarre,enge Freundin,Anna,Luisa,4,Es war gut.,gut
Gitarre,enge Freundin,Miriam,Katharina,4,Es war gut.,gut
Gitarre,enge Freundin,Sophie,Katharina,4,Es war gut.,gut
Gitarre,enge Freundin,Miriam,Sophie,4,Es war gut.,gut
Gitarre,enge Freundin,Miriam,Sophie,4,Es war gut.,gut
Gitarre,enge Freundin,Katharina,Luisa,4,Es war gut.,gut
Gitarre,enge Freundin,Luisa,Katharina,4,Es war gut.,gut
Gitarre,enge Freundin,Miriam,Sophie,4,Es war gut.,gut
Gitarre,enge Freundin,Anna,Luisa,4,Es war gut.,gut
Gitarre,enge Freundin,Luisa,Katharina,4,Es war gut.,gut
Gitarre,enge Freundin,Miriam,Sophie,4,Es war gut.,gut
Gitarre,enge Freundin,Miriam,Luisa,4,Es war gut.,gut
Gitarre,enge Freundin,Sophie,Luisa,4,Es war gut.,gut
Gitarre,enge Freundin,Anna,Miriam,4,Es war gut.,gut
Gitarre,enge Freundin,Luisa,Anna,5,Es war großartig.,großartig
Gitarre,enge Freundin,Katharina,Miriam,5,Es war großartig.,großartig
Gitarre,enge Freundin,Anna,Miriam,5,Es war großartig.,großartig
Gitarre,enge Freundin,Sophie,Luisa,5,Es war großartig.,großartig
Gitarre,enge Freundin,Katharina,Luisa,5,Es war großartig.,großartig
Gitarre,enge Freundin,Katharina,Miriam,5,Es war großartig.,großartig
Gitarre,enge Freundin,Anna,Sophie,5,Es war großartig.,großartig
Gitarre,enge Freundin,Sophie,Luisa,5,Es war großartig.,großartig
Gitarre,enge Freundin,Miriam,Katharina,5,Es war großartig.,großartig
Gitarre,enge Freundin,Sophie,Miriam,5,Es war großartig.,großartig
Gitarre,enge Freundin,Miriam,Katharina,5,Es war großartig.,großartig
Gitarre,enge Freundin,Katharina,Miriam,5,Es war großartig.,großartig
Gitarre,enge Freundin,Katharina,Anna,5,Es war großartig.,großartig
Gitarre,enge Freundin,Luisa,Katharina,5,Es war großartig.,großartig
Gitarre,enge Freundin,Miriam,Sophie,5,Es war großartig.,großartig
Gitarre,enge Freundin,Luisa,Katharina,5,Es war großartig.,großartig
Gitarre,enge Freundin,Luisa,Katharina,5,Es war großartig.,großartig
Gitarre,enge Freundin,Luisa,Sophie,5,Es war großartig.,großartig
Gitarre,enge Freundin,Luisa,Katharina,5,Es war großartig.,großartig
Gitarre,enge Freundin,Anna,Katharina,5,Es war großartig.,großartig
Gitarre,enge Freundin,Luisa,Anna,5,Es war großartig.,großartig
Gitarre,enge Freundin,Miriam,Sophie,5,Es war großartig.,großartig
Gitarre,enge Freundin,Luisa,Anna,5,Es war großartig.,großartig
Gitarre,enge Freundin,Sophie,Miriam,5,Es war großartig.,großartig
Gitarre,enge Freundin,Luisa,Sophie,5,Es war großartig.,großartig
Gitarre,enge Freundin,Sophie,Anna,5,Es war großartig.,großartig
Gitarre,enge Freundin,Miriam,Luisa,5,Es war großartig.,großartig
Gitarre,enge Freundin,Katharina,Miriam,5,Es war großartig.,großartig
Gitarre,enge Freundin,Anna,Sophie,5,Es war großartig.,großartig
Gitarre,enge Freundin,Luisa,Miriam,5,Es war großartig.,großartig
Gitarre,entfernte Kollegin,Anna,Katharina,1,Es war schrecklich.,schrecklich
Gitarre,entfernte Kollegin,Luisa,Sophie,1,Es war schrecklich.,schrecklich
Gitarre,entfernte Kollegin,Miriam,Luisa,1,Es war schrecklich.,schrecklich
Gitarre,entfernte Kollegin,Luisa,Katharina,1,Es war schrecklich.,schrecklich
Gitarre,entfernte Kollegin,Anna,Luisa,1,Es war schrecklich.,schrecklich
Gitarre,entfernte Kollegin,Anna,Miriam,1,Es war schrecklich.,schrecklich
Gitarre,entfernte Kollegin,Anna,Katharina,1,Es war schrecklich.,schrecklich
Gitarre,entfernte Kollegin,Sophie,Miriam,1,Es war schrecklich.,schrecklich
Gitarre,entfernte Kollegin,Sophie,Luisa,1,Es war schrecklich.,schrecklich
Gitarre,entfernte Kollegin,Katharina,Sophie,1,Es war schrecklich.,schrecklich
Gitarre,entfernte Kollegin,Luisa,Miriam,1,Es war schrecklich.,schrecklich
Gitarre,entfernte Kollegin,Anna,Miriam,1,Es war schrecklich.,schrecklich
Gitarre,entfernte Kollegin,Anna,Sophie,1,Es war schrecklich.,schrecklich
Gitarre,entfernte Kollegin,Luisa,Katharina,1,Es war schrecklich.,schrecklich
Gitarre,entfernte Kollegin,Sophie,Katharina,1,Es war schrecklich.,schrecklich
Gitarre,entfernte Kollegin,Sophie,Miriam,1,Es war schrecklich.,schrecklich
Gitarre,entfernte Kollegin,Luisa,Katharina,1,Es war schrecklich.,schrecklich
Gitarre,entfernte Kollegin,Luisa,Miriam,1,Es war schrecklich.,schrecklich
Gitarre,entfernte Kollegin,Miriam,Sophie,1,Es war schrecklich.,schrecklich
Gitarre,entfernte Kollegin,Luisa,Sophie,1,Es war schrecklich.,schrecklich
Gitarre,entfernte Kollegin,Anna,Sophie,1,Es war schrecklich.,schrecklich
Gitarre,entfernte Kollegin,Sophie,Miriam,1,Es war schrecklich.,schrecklich
Gitarre,entfernte Kollegin,Anna,Miriam,1,Es war schrecklich.,schrecklich
Gitarre,entfernte Kollegin,Katharina,Anna,1,Es war schrecklich.,schrecklich
Gitarre,entfernte Kollegin,Katharina,Luisa,1,Es war schrecklich.,schrecklich
Gitarre,entfernte Kollegin,Anna,Miriam,1,Es war schrecklich.,schrecklich
Gitarre,entfernte Kollegin,Sophie,Katharina,1,Es war schrecklich.,schrecklich
Gitarre,entfernte Kollegin,Miriam,Luisa,1,Es war schrecklich.,schrecklich
Gitarre,entfernte Kollegin,Sophie,Anna,1,Es war schrecklich.,schrecklich
Gitarre,entfernte Kollegin,Anna,Katharina,1,Es war schrecklich.,schrecklich
Gitarre,entfernte Kollegin,Miriam,Katharina,2,Es war okay.,okay
Gitarre,entfernte Kollegin,Luisa,Anna,2,Es war okay.,okay
Gitarre,entfernte Kollegin,Miriam,Luisa,2,Es war okay.,okay
Gitarre,entfernte Kollegin,Katharina,Miriam,2,Es war okay.,okay
Gitarre,entfernte Kollegin,Anna,Luisa,2,Es war schlecht.,schlecht
Gitarre,entfernte Kollegin,Luisa,Anna,2,Es war okay.,okay
Gitarre,entfernte Kollegin,Anna,Sophie,2,Es war okay.,okay
Gitarre,entfernte Kollegin,Anna,Sophie,2,Es war okay.,okay
Gitarre,entfernte Kollegin,Sophie,Anna,2,Es war okay.,okay
Gitarre,entfernte Kollegin,Katharina,Luisa,2,Es war schlecht,schlecht
Gitarre,entfernte Kollegin,Katharina,Sophie,2,Es war okay.,okay
Gitarre,entfernte Kollegin,Miriam,Luisa,2,Es war schlecht.,schlecht
Gitarre,entfernte Kollegin,Katharina,Miriam,2,Es war okay.,okay
Gitarre,entfernte Kollegin,Anna,Sophie,2,Es war okay.,okay
Gitarre,entfernte Kollegin,Katharina,Anna,2,Es war schlecht.,schlecht
Gitarre,entfernte Kollegin,Sophie,Luisa,2,Es war schlecht.,schlecht
Gitarre,entfernte Kollegin,Miriam,Katharina,2,Es war okay.,okay
Gitarre,entfernte Kollegin,Sophie,Miriam,2,Es war schlecht,schlecht
Gitarre,entfernte Kollegin,Anna,Miriam,2,Es war okay.,okay
Gitarre,entfernte Kollegin,Miriam,Anna,2,Es war schlecht.,schlecht
Gitarre,entfernte Kollegin,Sophie,Katharina,2,Es war schlecht,schlecht
Gitarre,entfernte Kollegin,Luisa,Miriam,2,Es war okay.,okay
Gitarre,entfernte Kollegin,Luisa,Anna,2,Es war schlecht.,schlecht
Gitarre,entfernte Kollegin,Miriam,Anna,2,Es war schlecht,schlecht
Gitarre,entfernte Kollegin,Anna,Luisa,2,Es war schlecht,schlecht
Gitarre,entfernte Kollegin,Luisa,Sophie,2,Es war schlecht.,schlecht
Gitarre,entfernte Kollegin,Luisa,Sophie,2,Es war okay.,okay
Gitarre,entfernte Kollegin,Sophie,Luisa,2,Es war schlecht,schlecht
Gitarre,entfernte Kollegin,Anna,Miriam,2,Es war schlecht,schlecht
Gitarre,entfernte Kollegin,Luisa,Katharina,2,Es war okay.,okay
Gitarre,entfernte Kollegin,Anna,Katharina,3,Es war okay.,okay
Gitarre,entfernte Kollegin,Sophie,Katharina,3,Es war okay.,okay
Gitarre,entfernte Kollegin,Sophie,Miriam,3,Es war okay.,okay
Gitarre,entfernte Kollegin,Luisa,Sophie,3,Es war okay.,okay
Gitarre,entfernte Kollegin,Sophie,Luisa,3,Es war okay.,okay
Gitarre,entfernte Kollegin,Anna,Miriam,3,Es war okay.,okay
Gitarre,entfernte Kollegin,Miriam,Katharina,3,Es war okay.,okay
Gitarre,entfernte Kollegin,Sophie,Miriam,3,Es war okay.,okay
Gitarre,entfernte Kollegin,Sophie,Miriam,3,Es war okay.,okay
Gitarre,entfernte Kollegin,Katharina,Luisa,3,Es war okay.,okay
Gitarre,entfernte Kollegin,Katharina,Miriam,3,Es war okay.,okay
Gitarre,entfernte Kollegin,Anna,Katharina,3,Es war okay.,okay
Gitarre,entfernte Kollegin,Luisa,Miriam,3,Es war okay.,okay
Gitarre,entfernte Kollegin,Anna,Miriam,3,Es war okay.,okay
Gitarre,entfernte Kollegin,Katharina,Luisa,3,Es war okay.,okay
Gitarre,entfernte Kollegin,Luisa,Miriam,3,Es war okay.,okay
Gitarre,entfernte Kollegin,Miriam,Katharina,3,Es war okay.,okay
Gitarre,entfernte Kollegin,Anna,Luisa,3,Es war okay.,okay
Gitarre,entfernte Kollegin,Anna,Sophie,3,Es war okay.,okay
Gitarre,entfernte Kollegin,Luisa,Katharina,3,Es war okay.,okay
Gitarre,entfernte Kollegin,Katharina,Luisa,3,Es war okay.,okay
Gitarre,entfernte Kollegin,Katharina,Luisa,3,Es war okay.,okay
Gitarre,entfernte Kollegin,Miriam,Katharina,3,Es war okay.,okay
Gitarre,entfernte Kollegin,Katharina,Sophie,3,Es war okay.,okay
Gitarre,entfernte Kollegin,Miriam,Katharina,3,Es war okay.,okay
Gitarre,entfernte Kollegin,Luisa,Anna,3,Es war okay.,okay
Gitarre,entfernte Kollegin,Anna,Luisa,3,Es war okay.,okay
Gitarre,entfernte Kollegin,Katharina,Sophie,3,Es war okay.,okay
Gitarre,entfernte Kollegin,Miriam,Sophie,3,Es war okay.,okay
Gitarre,entfernte Kollegin,Luisa,Miriam,3,Es war okay.,okay
Gitarre,entfernte Kollegin,Luisa,Anna,4,Es war gut.,gut
Gitarre,entfernte Kollegin,Katharina,Sophie,4,Es war gut.,gut
Gitarre,entfernte Kollegin,Anna,Katharina,4,Es war gut.,gut
Gitarre,entfernte Kollegin,Sophie,Anna,4,Es war gut.,gut
Gitarre,entfernte Kollegin,Miriam,Anna,4,Es war gut.,gut
Gitarre,entfernte Kollegin,Luisa,Sophie,4,Es war gut.,gut
Gitarre,entfernte Kollegin,Miriam,Katharina,4,Es war gut.,gut
Gitarre,entfernte Kollegin,Miriam,Katharina,4,Es war gut.,gut
Gitarre,entfernte Kollegin,Anna,Miriam,4,Es war gut.,gut
Gitarre,entfernte Kollegin,Katharina,Luisa,4,Es war gut.,gut
Gitarre,entfernte Kollegin,Luisa,Sophie,4,Es war gut.,gut
Gitarre,entfernte Kollegin,Anna,Katharina,4,Es war gut.,gut
Gitarre,entfernte Kollegin,Katharina,Miriam,4,Es war gut.,gut
Gitarre,entfernte Kollegin,Luisa,Miriam,4,Es war gut.,gut
Gitarre,entfernte Kollegin,Sophie,Katharina,4,Es war gut.,gut
Gitarre,entfernte Kollegin,Katharina,Anna,4,Es war gut.,gut
Gitarre,entfernte Kollegin,Luisa,Sophie,4,Es war gut.,gut
Gitarre,entfernte Kollegin,Katharina,Miriam,4,Es war gut.,gut
Gitarre,entfernte Kollegin,Katharina,Luisa,4,Es war gut.,gut
Gitarre,entfernte Kollegin,Miriam,Sophie,4,Es war gut.,gut
Gitarre,entfernte Kollegin,Miriam,Sophie,4,Es war gut.,gut
Gitarre,entfernte Kollegin,Sophie,Katharina,4,Es war gut.,gut
Gitarre,entfernte Kollegin,Anna,Luisa,4,Es war gut.,gut
Gitarre,entfernte Kollegin,Katharina,Luisa,4,Es war gut.,gut
Gitarre,entfernte Kollegin,Miriam,Katharina,4,Es war gut.,gut
Gitarre,entfernte Kollegin,Katharina,Anna,4,Es war gut.,gut
Gitarre,entfernte Kollegin,Katharina,Miriam,4,Es war gut.,gut
Gitarre,entfernte Kollegin,Miriam,Luisa,4,Es war gut.,gut
Gitarre,entfernte Kollegin,Katharina,Anna,4,Es war gut.,gut
Gitarre,entfernte Kollegin,Katharina,Anna,4,Es war gut.,gut
Gitarre,entfernte Kollegin,Anna,Luisa,5,Es war großartig.,großartig
Gitarre,entfernte Kollegin,Katharina,Miriam,5,Es war großartig.,großartig
Gitarre,entfernte Kollegin,Anna,Katharina,5,Es war großartig.,großartig
Gitarre,entfernte Kollegin,Katharina,Anna,5,Es war großartig.,großartig
Gitarre,entfernte Kollegin,Katharina,Miriam,5,Es war großartig.,großartig
Gitarre,entfernte Kollegin,Sophie,Anna,5,Es war großartig.,großartig
Gitarre,entfernte Kollegin,Anna,Luisa,5,Es war großartig.,großartig
Gitarre,entfernte Kollegin,Sophie,Miriam,5,Es war großartig.,großartig
Gitarre,entfernte Kollegin,Anna,Luisa,5,Es war großartig.,großartig
Gitarre,entfernte Kollegin,Sophie,Luisa,5,Es war großartig.,großartig
Gitarre,entfernte Kollegin,Miriam,Sophie,5,Es war großartig.,großartig
Gitarre,entfernte Kollegin,Anna,Katharina,5,Es war großartig.,großartig
Gitarre,entfernte Kollegin,Sophie,Anna,5,Es war großartig.,großartig
Gitarre,entfernte Kollegin,Anna,Miriam,5,Es war großartig.,großartig
Gitarre,entfernte Kollegin,Katharina,Miriam,5,Es war großartig.,großartig
Gitarre,entfernte Kollegin,Katharina,Miriam,5,Es war großartig.,großartig
Gitarre,entfernte Kollegin,Sophie,Anna,5,Es war großartig.,großartig
Gitarre,entfernte Kollegin,Luisa,Miriam,5,Es war großartig.,großartig
Gitarre,entfernte Kollegin,Anna,Miriam,5,Es war großartig.,großartig
Gitarre,entfernte Kollegin,Luisa,Katharina,5,Es war großartig.,großartig
Gitarre,entfernte Kollegin,Katharina,Miriam,5,Es war großartig.,großartig
Gitarre,entfernte Kollegin,Katharina,Luisa,5,Es war großartig.,großartig
Gitarre,entfernte Kollegin,Sophie,Miriam,5,Es war großartig.,großartig
Gitarre,entfernte Kollegin,Katharina,Miriam,5,Es war großartig.,großartig
Gitarre,entfernte Kollegin,Anna,Luisa,5,Es war großartig.,großartig
Gitarre,entfernte Kollegin,Sophie,Katharina,5,Es war großartig.,großartig
Gitarre,entfernte Kollegin,Miriam,Sophie,5,Es war großartig.,großartig
Gitarre,entfernte Kollegin,Miriam,Luisa,5,Es war großartig.,großartig
Gitarre,entfernte Kollegin,Sophie,Luisa,5,Es war großartig.,großartig
Gitarre,entfernte Kollegin,Sophie,Miriam,5,Es war großartig.,großartig
Gitarre,lockere Chefin,Luisa,Katharina,1,Es war schrecklich.,schrecklich
Gitarre,lockere Chefin,Anna,Luisa,1,Es war schrecklich.,schrecklich
Gitarre,lockere Chefin,Luisa,Sophie,1,Es war schrecklich.,schrecklich
Gitarre,lockere Chefin,Luisa,Katharina,1,Es war schrecklich.,schrecklich
Gitarre,lockere Chefin,Miriam,Katharina,1,Es war schrecklich.,schrecklich
Gitarre,lockere Chefin,Miriam,Anna,1,Es war schrecklich.,schrecklich
Gitarre,lockere Chefin,Anna,Katharina,1,Es war schrecklich.,schrecklich
Gitarre,lockere Chefin,Sophie,Katharina,1,Es war schrecklich.,schrecklich
Gitarre,lockere Chefin,Sophie,Miriam,1,Es war schrecklich.,schrecklich
Gitarre,lockere Chefin,Miriam,Luisa,1,Es war schrecklich.,schrecklich
Gitarre,lockere Chefin,Luisa,Sophie,1,Es war schrecklich.,schrecklich
Gitarre,lockere Chefin,Anna,Sophie,1,Es war schrecklich.,schrecklich
Gitarre,lockere Chefin,Luisa,Anna,1,Es war schrecklich.,schrecklich
Gitarre,lockere Chefin,Luisa,Anna,1,Es war schrecklich.,schrecklich
Gitarre,lockere Chefin,Katharina,Miriam,1,Es war schrecklich.,schrecklich
Gitarre,lockere Chefin,Anna,Katharina,1,Es war schrecklich.,schrecklich
Gitarre,lockere Chefin,Anna,Katharina,1,Es war schrecklich.,schrecklich
Gitarre,lockere Chefin,Sophie,Katharina,1,Es war schrecklich.,schrecklich
Gitarre,lockere Chefin,Katharina,Luisa,1,Es war schrecklich.,schrecklich
Gitarre,lockere Chefin,Sophie,Miriam,1,Es war schrecklich.,schrecklich
Gitarre,lockere Chefin,Sophie,Luisa,1,Es war schrecklich.,schrecklich
Gitarre,lockere Chefin,Anna,Luisa,1,Es war schrecklich.,schrecklich
Gitarre,lockere Chefin,Sophie,Miriam,1,Es war schrecklich.,schrecklich
Gitarre,lockere Chefin,Miriam,Katharina,1,Es war schrecklich.,schrecklich
Gitarre,lockere Chefin,Luisa,Miriam,1,Es war schrecklich.,schrecklich
Gitarre,lockere Chefin,Luisa,Anna,1,Es war schrecklich.,schrecklich
Gitarre,lockere Chefin,Miriam,Sophie,1,Es war schrecklich.,schrecklich
Gitarre,lockere Chefin,Anna,Sophie,1,Es war schrecklich.,schrecklich
Gitarre,lockere Chefin,Miriam,Luisa,1,Es war schrecklich.,schrecklich
Gitarre,lockere Chefin,Miriam,Luisa,1,Es war schrecklich.,schrecklich
Gitarre,lockere Chefin,Luisa,Katharina,2,Es war okay.,okay
Gitarre,lockere Chefin,Luisa,Sophie,2,Es war okay.,okay
Gitarre,lockere Chefin,Katharina,Luisa,2,Es war okay.,okay
Gitarre,lockere Chefin,Katharina,Miriam,2,Es war okay.,okay
Gitarre,lockere Chefin,Sophie,Miriam,2,Es war okay.,okay
Gitarre,lockere Chefin,Sophie,Luisa,2,Es war schlecht.,schlecht
Gitarre,lockere Chefin,Katharina,Luisa,2,Es war schlecht.,schlecht
Gitarre,lockere Chefin,Luisa,Anna,2,Es war schlecht.,schlecht
Gitarre,lockere Chefin,Sophie,Luisa,2,Es war okay.,okay
Gitarre,lockere Chefin,Katharina,Anna,2,Es war schlecht,schlecht
Gitarre,lockere Chefin,Miriam,Luisa,2,Es war okay.,okay
Gitarre,lockere Chefin,Sophie,Katharina,2,Es war okay.,okay
Gitarre,lockere Chefin,Sophie,Luisa,2,Es war schlecht,schlecht
Gitarre,lockere Chefin,Luisa,Miriam,2,Es war schlecht,schlecht
Gitarre,lockere Chefin,Anna,Sophie,2,Es war okay.,okay
Gitarre,lockere Chefin,Luisa,Anna,2,Es war schlecht.,schlecht
Gitarre,lockere Chefin,Katharina,Luisa,2,Es war schlecht,schlecht
Gitarre,lockere Chefin,Luisa,Katharina,2,Es war okay.,okay
Gitarre,lockere Chefin,Luisa,Sophie,2,Es war schlecht.,schlecht
Gitarre,lockere Chefin,Miriam,Katharina,2,Es war okay.,okay
Gitarre,lockere Chefin,Luisa,Katharina,2,Es war schlecht,schlecht
Gitarre,lockere Chefin,Luisa,Sophie,2,Es war schlecht.,schlecht
Gitarre,lockere Chefin,Luisa,Miriam,2,Es war schlecht.,schlecht
Gitarre,lockere Chefin,Miriam,Anna,2,Es war okay.,okay
Gitarre,lockere Chefin,Luisa,Miriam,2,Es war schlecht,schlecht
Gitarre,lockere Chefin,Miriam,Anna,2,Es war schlecht.,schlecht
Gitarre,lockere Chefin,Miriam,Anna,2,Es war okay.,okay
Gitarre,lockere Chefin,Anna,Katharina,2,Es war okay.,okay
Gitarre,lockere Chefin,Katharina,Sophie,2,Es war okay.,okay
Gitarre,lockere Chefin,Luisa,Anna,2,Es war schlecht.,schlecht
Gitarre,lockere Chefin,Sophie,Miriam,3,Es war okay.,okay
Gitarre,lockere Chefin,Anna,Katharina,3,Es war okay.,okay
Gitarre,lockere Chefin,Luisa,Anna,3,Es war okay.,okay
Gitarre,lockere Chefin,Katharina,Sophie,3,Es war okay.,okay
Gitarre,lockere Chefin,Anna,Sophie,3,Es war okay.,okay
Gitarre,lockere Chefin,Katharina,Luisa,3,Es war okay.,okay
Gitarre,lockere Chefin,Luisa,Anna,3,Es war okay.,okay
Gitarre,lockere Chefin,Anna,Katharina,3,Es war okay.,okay
Gitarre,lockere Chefin,Katharina,Miriam,3,Es war okay.,okay
Gitarre,lockere Chefin,Sophie,Luisa,3,Es war okay.,okay
Gitarre,lockere Chefin,Miriam,Katharina,3,Es war okay.,okay
Gitarre,lockere Chefin,Sophie,Luisa,3,Es war okay.,okay
Gitarre,lockere Chefin,Sophie,Katharina,3,Es war okay.,okay
Gitarre,lockere Chefin,Luisa,Katharina,3,Es war okay.,okay
Gitarre,lockere Chefin,Miriam,Anna,3,Es war okay.,okay
Gitarre,lockere Chefin,Anna,Luisa,3,Es war okay.,okay
Gitarre,lockere Chefin,Luisa,Miriam,3,Es war okay.,okay
Gitarre,lockere Chefin,Katharina,Miriam,3,Es war okay.,okay
Gitarre,lockere Chefin,Miriam,Katharina,3,Es war okay.,okay
Gitarre,lockere Chefin,Sophie,Luisa,3,Es war okay.,okay
Gitarre,lockere Chefin,Miriam,Luisa,3,Es war okay.,okay
Gitarre,lockere Chefin,Katharina,Anna,3,Es war okay.,okay
Gitarre,lockere Chefin,Sophie,Anna,3,Es war okay.,okay
Gitarre,lockere Chefin,Miriam,Anna,3,Es war okay.,okay
Gitarre,lockere Chefin,Luisa,Sophie,3,Es war okay.,okay
Gitarre,lockere Chefin,Anna,Katharina,3,Es war okay.,okay
Gitarre,lockere Chefin,Miriam,Sophie,3,Es war okay.,okay
Gitarre,lockere Chefin,Katharina,Anna,3,Es war okay.,okay
Gitarre,lockere Chefin,Katharina,Sophie,3,Es war okay.,okay
Gitarre,lockere Chefin,Sophie,Katharina,3,Es war okay.,okay
Gitarre,lockere Chefin,Luisa,Sophie,4,Es war gut.,gut
Gitarre,lockere Chefin,Miriam,Anna,4,Es war gut.,gut
Gitarre,lockere Chefin,Luisa,Anna,4,Es war gut.,gut
Gitarre,lockere Chefin,Sophie,Miriam,4,Es war gut.,gut
Gitarre,lockere Chefin,Anna,Katharina,4,Es war gut.,gut
Gitarre,lockere Chefin,Miriam,Katharina,4,Es war gut.,gut
Gitarre,lockere Chefin,Sophie,Katharina,4,Es war gut.,gut
Gitarre,lockere Chefin,Luisa,Miriam,4,Es war gut.,gut
Gitarre,lockere Chefin,Anna,Sophie,4,Es war gut.,gut
Gitarre,lockere Chefin,Anna,Miriam,4,Es war gut.,gut
Gitarre,lockere Chefin,Anna,Sophie,4,Es war gut.,gut
Gitarre,lockere Chefin,Miriam,Sophie,4,Es war gut.,gut
Gitarre,lockere Chefin,Miriam,Anna,4,Es war gut.,gut
Gitarre,lockere Chefin,Sophie,Miriam,4,Es war gut.,gut
Gitarre,lockere Chefin,Miriam,Katharina,4,Es war gut.,gut
Gitarre,lockere Chefin,Miriam,Sophie,4,Es war gut.,gut
Gitarre,lockere Chefin,Katharina,Miriam,4,Es war gut.,gut
Gitarre,lockere Chefin,Sophie,Luisa,4,Es war gut.,gut
Gitarre,lockere Chefin,Miriam,Katharina,4,Es war gut.,gut
Gitarre,lockere Chefin,Katharina,Miriam,4,Es war gut.,gut
Gitarre,lockere Chefin,Anna,Miriam,4,Es war gut.,gut
Gitarre,lockere Chefin,Anna,Miriam,4,Es war gut.,gut
Gitarre,lockere Chefin,Luisa,Anna,4,Es war gut.,gut
Gitarre,lockere Chefin,Luisa,Katharina,4,Es war gut.,gut
Gitarre,lockere Chefin,Sophie,Katharina,4,Es war gut.,gut
Gitarre,lockere Chefin,Katharina,Luisa,4,Es war gut.,gut
Gitarre,lockere Chefin,Miriam,Luisa,4,Es war gut.,gut
Gitarre,lockere Chefin,Miriam,Sophie,4,Es war gut.,gut
Gitarre,lockere Chefin,Anna,Sophie,4,Es war gut.,gut
Gitarre,lockere Chefin,Katharina,Miriam,4,Es war gut.,gut
Gitarre,lockere Chefin,Katharina,Miriam,5,Es war großartig.,großartig
Gitarre,lockere Chefin,Sophie,Miriam,5,Es war großartig.,großartig
Gitarre,lockere Chefin,Sophie,Katharina,5,Es war großartig.,großartig
Gitarre,lockere Chefin,Anna,Sophie,5,Es war großartig.,großartig
Gitarre,lockere Chefin,Katharina,Luisa,5,Es war großartig.,großartig
Gitarre,lockere Chefin,Katharina,Anna,5,Es war großartig.,großartig
Gitarre,lockere Chefin,Miriam,Anna,5,Es war großartig.,großartig
Gitarre,lockere Chefin,Luisa,Sophie,5,Es war großartig.,großartig
Gitarre,lockere Chefin,Luisa,Miriam,5,Es war großartig.,großartig
Gitarre,lockere Chefin,Miriam,Luisa,5,Es war großartig.,großartig
Gitarre,lockere Chefin,Miriam,Luisa,5,Es war großartig.,großartig
Gitarre,lockere Chefin,Miriam,Katharina,5,Es war großartig.,großartig
Gitarre,lockere Chefin,Luisa,Sophie,5,Es war großartig.,großartig
Gitarre,lockere Chefin,Sophie,Miriam,5,Es war großartig.,großartig
Gitarre,lockere Chefin,Sophie,Katharina,5,Es war großartig.,großartig
Gitarre,lockere Chefin,Sophie,Luisa,5,Es war großartig.,großartig
Gitarre,lockere Chefin,Katharina,Luisa,5,Es war großartig.,großartig
Gitarre,lockere Chefin,Luisa,Anna,5,Es war großartig.,großartig
Gitarre,lockere Chefin,Miriam,Sophie,5,Es war großartig.,großartig
Gitarre,lockere Chefin,Sophie,Luisa,5,Es war großartig.,großartig
Gitarre,lockere Chefin,Katharina,Sophie,5,Es war großartig.,großartig
Gitarre,lockere Chefin,Anna,Katharina,5,Es war großartig.,großartig
Gitarre,lockere Chefin,Anna,Luisa,5,Es war großartig.,großartig
Gitarre,lockere Chefin,Katharina,Sophie,5,Es war großartig.,großartig
Gitarre,lockere Chefin,Katharina,Luisa,5,Es war großartig.,großartig
Gitarre,lockere Chefin,Anna,Luisa,5,Es war großartig.,großartig
Gitarre,lockere Chefin,Sophie,Anna,5,Es war großartig.,großartig
Gitarre,lockere Chefin,Sophie,Miriam,5,Es war großartig.,großartig
Gitarre,lockere Chefin,Luisa,Katharina,5,Es war großartig.,großartig
Gitarre,lockere Chefin,Anna,Miriam,5,Es war großartig.,großartig
Gitarre,gefürchtete Chefin,Anna,Luisa,1,Es war schrecklich.,schrecklich
Gitarre,gefürchtete Chefin,Sophie,Miriam,1,Es war schrecklich.,schrecklich
Gitarre,gefürchtete Chefin,Luisa,Katharina,1,Es war schrecklich.,schrecklich
Gitarre,gefürchtete Chefin,Miriam,Sophie,1,Es war schrecklich.,schrecklich
Gitarre,gefürchtete Chefin,Luisa,Anna,1,Es war schrecklich.,schrecklich
Gitarre,gefürchtete Chefin,Miriam,Anna,1,Es war schrecklich.,schrecklich
Gitarre,gefürchtete Chefin,Sophie,Miriam,1,Es war schrecklich.,schrecklich
Gitarre,gefürchtete Chefin,Miriam,Katharina,1,Es war schrecklich.,schrecklich
Gitarre,gefürchtete Chefin,Luisa,Anna,1,Es war schrecklich.,schrecklich
Gitarre,gefürchtete Chefin,Katharina,Sophie,1,Es war schrecklich.,schrecklich
Gitarre,gefürchtete Chefin,Luisa,Katharina,1,Es war schrecklich.,schrecklich
Gitarre,gefürchtete Chefin,Katharina,Sophie,1,Es war schrecklich.,schrecklich
Gitarre,gefürchtete Chefin,Katharina,Anna,1,Es war schrecklich.,schrecklich
Gitarre,gefürchtete Chefin,Katharina,Luisa,1,Es war schrecklich.,schrecklich
Gitarre,gefürchtete Chefin,Sophie,Luisa,1,Es war schrecklich.,schrecklich
Gitarre,gefürchtete Chefin,Sophie,Katharina,1,Es war schrecklich.,schrecklich
Gitarre,gefürchtete Chefin,Anna,Miriam,1,Es war schrecklich.,schrecklich
Gitarre,gefürchtete Chefin,Anna,Luisa,1,Es war schrecklich.,schrecklich
Gitarre,gefürchtete Chefin,Katharina,Anna,1,Es war schrecklich.,schrecklich
Gitarre,gefürchtete Chefin,Katharina,Anna,1,Es war schrecklich.,schrecklich
Gitarre,gefürchtete Chefin,Katharina,Luisa,1,Es war schrecklich.,schrecklich
Gitarre,gefürchtete Chefin,Miriam,Anna,1,Es war schrecklich.,schrecklich
Gitarre,gefürchtete Chefin,Sophie,Miriam,1,Es war schrecklich.,schrecklich
Gitarre,gefürchtete Chefin,Anna,Luisa,1,Es war schrecklich.,schrecklich
Gitarre,gefürchtete Chefin,Miriam,Sophie,1,Es war schrecklich.,schrecklich
Gitarre,gefürchtete Chefin,Katharina,Luisa,1,Es war schrecklich.,schrecklich
Gitarre,gefürchtete Chefin,Miriam,Luisa,1,Es war schrecklich.,schrecklich
Gitarre,gefürchtete Chefin,Miriam,Anna,1,Es war schrecklich.,schrecklich
Gitarre,gefürchtete Chefin,Anna,Miriam,1,Es war schrecklich.,schrecklich
Gitarre,gefürchtete Chefin,Miriam,Anna,1,Es war schrecklich.,schrecklich
Gitarre,gefürchtete Chefin,Katharina,Anna,2,Es war schlecht.,schlecht
Gitarre,gefürchtete Chefin,Katharina,Miriam,2,Es war schlecht,schlecht
Gitarre,gefürchtete Chefin,Luisa,Anna,2,Es war schlecht,schlecht
Gitarre,gefürchtete Chefin,Sophie,Katharina,2,Es war schlecht.,schlecht
Gitarre,gefürchtete Chefin,Anna,Miriam,2,Es war okay.,okay
Gitarre,gefürchtete Chefin,Miriam,Luisa,2,Es war schlecht,schlecht
Gitarre,gefürchtete Chefin,Sophie,Miriam,2,Es war schlecht,schlecht
Gitarre,gefürchtete Chefin,Luisa,Miriam,2,Es war schlecht,schlecht
Gitarre,gefürchtete Chefin,Anna,Miriam,2,Es war schlecht.,schlecht
Gitarre,gefürchtete Chefin,Sophie,Luisa,2,Es war schlecht.,schlecht
Gitarre,gefürchtete Chefin,Miriam,Sophie,2,Es war schlecht.,schlecht
Gitarre,gefürchtete Chefin,Luisa,Katharina,2,Es war schlecht,schlecht
Gitarre,gefürchtete Chefin,Miriam,Anna,2,Es war schlecht,schlecht
Gitarre,gefürchtete Chefin,Miriam,Sophie,2,Es war schlecht.,schlecht
Gitarre,gefürchtete Chefin,Anna,Luisa,2,Es war schlecht,schlecht
Gitarre,gefürchtete Chefin,Sophie,Anna,2,Es war schlecht.,schlecht
Gitarre,gefürchtete Chefin,Katharina,Anna,2,Es war schlecht,schlecht
Gitarre,gefürchtete Chefin,Katharina,Luisa,2,Es war schlecht.,schlecht
Gitarre,gefürchtete Chefin,Luisa,Miriam,2,Es war schlecht.,schlecht
Gitarre,gefürchtete Chefin,Katharina,Luisa,2,Es war schlecht,schlecht
Gitarre,gefürchtete Chefin,Anna,Katharina,2,Es war schlecht.,schlecht
Gitarre,gefürchtete Chefin,Luisa,Sophie,2,Es war schlecht.,schlecht
Gitarre,gefürchtete Chefin,Miriam,Katharina,2,Es war schlecht.,schlecht
Gitarre,gefürchtete Chefin,Miriam,Katharina,2,Es war schlecht.,schlecht
Gitarre,gefürchtete Chefin,Sophie,Luisa,2,Es war schlecht.,schlecht
Gitarre,gefürchtete Chefin,Anna,Katharina,2,Es war schlecht,schlecht
Gitarre,gefürchtete Chefin,Katharina,Sophie,2,Es war schlecht,schlecht
Gitarre,gefürchtete Chefin,Katharina,Miriam,2,Es war schlecht.,schlecht
Gitarre,gefürchtete Chefin,Miriam,Luisa,2,Es war schlecht,schlecht
Gitarre,gefürchtete Chefin,Anna,Katharina,2,Es war schlecht,schlecht
Gitarre,gefürchtete Chefin,Miriam,Katharina,3,Es war okay.,okay
Gitarre,gefürchtete Chefin,Anna,Katharina,3,Es war okay.,okay
Gitarre,gefürchtete Chefin,Miriam,Luisa,3,Es war okay.,okay
Gitarre,gefürchtete Chefin,Miriam,Luisa,3,Es war okay.,okay
Gitarre,gefürchtete Chefin,Anna,Miriam,3,Es war okay.,okay
Gitarre,gefürchtete Chefin,Miriam,Luisa,3,Es war okay.,okay
Gitarre,gefürchtete Chefin,Katharina,Anna,3,Es war okay.,okay
Gitarre,gefürchtete Chefin,Luisa,Miriam,3,Es war okay.,okay
Gitarre,gefürchtete Chefin,Miriam,Katharina,3,Es war okay.,okay
Gitarre,gefürchtete Chefin,Katharina,Anna,3,Es war okay.,okay
Gitarre,gefürchtete Chefin,Miriam,Luisa,3,Es war okay.,okay
Gitarre,gefürchtete Chefin,Katharina,Anna,3,Es war okay.,okay
Gitarre,gefürchtete Chefin,Sophie,Anna,3,Es war okay.,okay
Gitarre,gefürchtete Chefin,Anna,Sophie,3,Es war okay.,okay
Gitarre,gefürchtete Chefin,Anna,Luisa,3,Es war okay.,okay
Gitarre,gefürchtete Chefin,Katharina,Anna,3,Es war okay.,okay
Gitarre,gefürchtete Chefin,Sophie,Miriam,3,Es war okay.,okay
Gitarre,gefürchtete Chefin,Katharina,Sophie,3,Es war okay.,okay
Gitarre,gefürchtete Chefin,Miriam,Luisa,3,Es war okay.,okay
Gitarre,gefürchtete Chefin,Sophie,Luisa,3,Es war okay.,okay
Gitarre,gefürchtete Chefin,Anna,Miriam,3,Es war okay.,okay
Gitarre,gefürchtete Chefin,Sophie,Anna,3,Es war okay.,okay
Gitarre,gefürchtete Chefin,Katharina,Miriam,3,Es war okay.,okay
Gitarre,gefürchtete Chefin,Luisa,Miriam,3,Es war okay.,okay
Gitarre,gefürchtete Chefin,Sophie,Luisa,3,Es war okay.,okay
Gitarre,gefürchtete Chefin,Sophie,Miriam,3,Es war okay.,okay
Gitarre,gefürchtete Chefin,Anna,Miriam,3,Es war okay.,okay
Gitarre,gefürchtete Chefin,Anna,Luisa,3,Es war okay.,okay
Gitarre,gefürchtete Chefin,Miriam,Luisa,3,Es war okay.,okay
Gitarre,gefürchtete Chefin,Luisa,Katharina,3,Es war okay.,okay
Gitarre,gefürchtete Chefin,Anna,Miriam,4,Es war großartig.,großartig
Gitarre,gefürchtete Chefin,Miriam,Anna,4,Es war gut.,gut
Gitarre,gefürchtete Chefin,Miriam,Anna,4,Es war gut.,gut
Gitarre,gefürchtete Chefin,Luisa,Sophie,4,Es war großartig.,großartig
Gitarre,gefürchtete Chefin,Miriam,Luisa,4,Es war gut.,gut
Gitarre,gefürchtete Chefin,Miriam,Luisa,4,Es war gut.,gut
Gitarre,gefürchtete Chefin,Luisa,Miriam,4,Es war gut.,gut
Gitarre,gefürchtete Chefin,Luisa,Anna,4,Es war gut.,gut
Gitarre,gefürchtete Chefin,Miriam,Luisa,4,Es war gut.,gut
Gitarre,gefürchtete Chefin,Sophie,Miriam,4,Es war gut.,gut
Gitarre,gefürchtete Chefin,Luisa,Katharina,4,Es war großartig.,großartig
Gitarre,gefürchtete Chefin,Miriam,Luisa,4,Es war gut.,gut
Gitarre,gefürchtete Chefin,Anna,Miriam,4,Es war großartig.,großartig
Gitarre,gefürchtete Chefin,Anna,Miriam,4,Es war großartig.,großartig
Gitarre,gefürchtete Chefin,Katharina,Miriam,4,Es war gut.,gut
Gitarre,gefürchtete Chefin,Luisa,Miriam,4,Es war gut.,gut
Gitarre,gefürchtete Chefin,Anna,Katharina,4,Es war gut.,gut
Gitarre,gefürchtete Chefin,Miriam,Katharina,4,Es war gut.,gut
Gitarre,gefürchtete Chefin,Luisa,Sophie,4,Es war gut.,gut
Gitarre,gefürchtete Chefin,Katharina,Luisa,4,Es war gut.,gut
Gitarre,gefürchtete Chefin,Luisa,Miriam,4,Es war gut.,gut
Gitarre,gefürchtete Chefin,Miriam,Katharina,4,Es war gut.,gut
Gitarre,gefürchtete Chefin,Katharina,Sophie,4,Es war gut.,gut
Gitarre,gefürchtete Chefin,Anna,Katharina,4,Es war gut.,gut
Gitarre,gefürchtete Chefin,Miriam,Sophie,4,Es war gut.,gut
Gitarre,gefürchtete Chefin,Miriam,Katharina,4,Es war gut.,gut
Gitarre,gefürchtete Chefin,Miriam,Katharina,4,Es war gut.,gut
Gitarre,gefürchtete Chefin,Sophie,Miriam,4,Es war gut.,gut
Gitarre,gefürchtete Chefin,Sophie,Luisa,4,Es war gut.,gut
Gitarre,gefürchtete Chefin,Katharina,Sophie,4,Es war gut.,gut
Gitarre,gefürchtete Chefin,Katharina,Sophie,5,Es war großartig.,großartig
Gitarre,gefürchtete Chefin,Katharina,Luisa,5,Es war großartig.,großartig
Gitarre,gefürchtete Chefin,Miriam,Katharina,5,Es war großartig.,großartig
Gitarre,gefürchtete Chefin,Anna,Katharina,5,Es war großartig.,großartig
Gitarre,gefürchtete Chefin,Katharina,Miriam,5,Es war großartig.,großartig
Gitarre,gefürchtete Chefin,Miriam,Luisa,5,Es war großartig.,großartig
Gitarre,gefürchtete Chefin,Luisa,Miriam,5,Es war großartig.,großartig
Gitarre,gefürchtete Chefin,Katharina,Luisa,5,Es war großartig.,großartig
Gitarre,gefürchtete Chefin,Anna,Sophie,5,Es war großartig.,großartig
Gitarre,gefürchtete Chefin,Sophie,Luisa,5,Es war großartig.,großartig
Gitarre,gefürchtete Chefin,Luisa,Katharina,5,Es war großartig.,großartig
Gitarre,gefürchtete Chefin,Luisa,Sophie,5,Es war großartig.,großartig
Gitarre,gefürchtete Chefin,Anna,Miriam,5,Es war großartig.,großartig
Gitarre,gefürchtete Chefin,Anna,Luisa,5,Es war großartig.,großartig
Gitarre,gefürchtete Chefin,Sophie,Anna,5,Es war großartig.,großartig
Gitarre,gefürchtete Chefin,Sophie,Miriam,5,Es war großartig.,großartig
Gitarre,gefürchtete Chefin,Katharina,Miriam,5,Es war großartig.,großartig
Gitarre,gefürchtete Chefin,Miriam,Luisa,5,Es war großartig.,großartig
Gitarre,gefürchtete Chefin,Miriam,Anna,5,Es war großartig.,großartig
Gitarre,gefürchtete Chefin,Anna,Miriam,5,Es war großartig.,großartig
Gitarre,gefürchtete Chefin,Sophie,Luisa,5,Es war großartig.,großartig
Gitarre,gefürchtete Chefin,Anna,Luisa,5,Es war großartig.,großartig
Gitarre,gefürchtete Chefin,Sophie,Miriam,5,Es war großartig.,großartig
Gitarre,gefürchtete Chefin,Anna,Katharina,5,Es war großartig.,großartig
Gitarre,gefürchtete Chefin,Anna,Katharina,5,Es war großartig.,großartig
Gitarre,gefürchtete Chefin,Anna,Miriam,5,Es war großartig.,großartig
Gitarre,gefürchtete Chefin,Katharina,Anna,5,Es war großartig.,großartig
Gitarre,gefürchtete Chefin,Miriam,Anna,5,Es war großartig.,großartig
Gitarre,gefürchtete Chefin,Luisa,Miriam,5,Es war großartig.,großartig
Gitarre,gefürchtete Chefin,Anna,Luisa,5,Es war großartig.,großartig
Kuchen,enge Freundin,Luisa,Anna,1,Es war schrecklich.,schrecklich
Kuchen,enge Freundin,Sophie,Anna,1,Es war schrecklich.,schrecklich
Kuchen,enge Freundin,Miriam,Luisa,1,Es war schrecklich.,schrecklich
Kuchen,enge Freundin,Miriam,Katharina,1,Es war schrecklich.,schrecklich
Kuchen,enge Freundin,Sophie,Luisa,1,Es war schrecklich.,schrecklich
Kuchen,enge Freundin,Katharina,Anna,1,Es war schrecklich.,schrecklich
Kuchen,enge Freundin,Miriam,Katharina,1,Es war schrecklich.,schrecklich
Kuchen,enge Freundin,Sophie,Luisa,1,Es war schrecklich.,schrecklich
Kuchen,enge Freundin,Sophie,Luisa,1,Es war schrecklich.,schrecklich
Kuchen,enge Freundin,Katharina,Anna,1,Es war schrecklich.,schrecklich
Kuchen,enge Freundin,Luisa,Miriam,1,Es war schrecklich.,schrecklich
Kuchen,enge Freundin,Luisa,Sophie,1,Es war schrecklich.,schrecklich
Kuchen,enge Freundin,Luisa,Anna,1,Es war schrecklich.,schrecklich
Kuchen,enge Freundin,Miriam,Katharina,1,Es war schrecklich.,schrecklich
Kuchen,enge Freundin,Luisa,Anna,1,Es war schrecklich.,schrecklich
Kuchen,enge Freundin,Katharina,Luisa,1,Es war schrecklich.,schrecklich
Kuchen,enge Freundin,Luisa,Sophie,1,Es war schrecklich.,schrecklich
Kuchen,enge Freundin,Miriam,Anna,1,Es war schrecklich.,schrecklich
Kuchen,enge Freundin,Miriam,Katharina,1,Es war schrecklich.,schrecklich
Kuchen,enge Freundin,Luisa,Katharina,1,Es war schrecklich.,schrecklich
Kuchen,enge Freundin,Luisa,Sophie,2,Es war schlecht,schlecht
Kuchen,enge Freundin,Miriam,Katharina,2,Es war schlecht.,schlecht
Kuchen,enge Freundin,Luisa,Sophie,2,Es war schlecht.,schlecht
Kuchen,enge Freundin,Miriam,Katharina,2,Es war okay.,okay
Kuchen,enge Freundin,Sophie,Anna,2,Es war okay.,okay
Kuchen,enge Freundin,Miriam,Luisa,2,Es war okay.,okay
Kuchen,enge Freundin,Miriam,Anna,2,Es war okay.,okay
Kuchen,enge Freundin,Anna,Katharina,2,Es war schlecht.,schlecht
Kuchen,enge Freundin,Anna,Luisa,2,Es war okay.,okay
Kuchen,enge Freundin,Anna,Miriam,2,Es war schlecht.,schlecht
Kuchen,enge Freundin,Miriam,Sophie,2,Es war schlecht.,schlecht
Kuchen,enge Freundin,Anna,Miriam,2,Es war okay.,okay
Kuchen,enge Freundin,Anna,Luisa,2,Es war okay.,okay
Kuchen,enge Freundin,Sophie,Katharina,2,Es war schrecklich.,schrecklich
Kuchen,enge Freundin,Katharina,Anna,2,Es war schlecht.,schlecht
Kuchen,enge Freundin,Luisa,Miriam,2,Es war okay.,okay
Kuchen,enge Freundin,Anna,Miriam,2,Es war schlecht.,schlecht
Kuchen,enge Freundin,Sophie,Miriam,2,Es war schlecht.,schlecht
Kuchen,enge Freundin,Katharina,Miriam,2,Es war schlecht.,schlecht
Kuchen,enge Freundin,Katharina,Anna,2,Es war schlecht.,schlecht
Kuchen,enge Freundin,Anna,Luisa,3,Es war okay.,okay
Kuchen,enge Freundin,Anna,Luisa,3,Es war okay.,okay
Kuchen,enge Freundin,Miriam,Katharina,3,Es war okay.,okay
Kuchen,enge Freundin,Katharina,Miriam,3,Es war okay.,okay
Kuchen,enge Freundin,Sophie,Luisa,3,Es war okay.,okay
Kuchen,enge Freundin,Katharina,Miriam,3,Es war okay.,okay
Kuchen,enge Freundin,Luisa,Sophie,3,Es war okay.,okay
Kuchen,enge Freundin,Katharina,Sophie,3,Es war okay.,okay
Kuchen,enge Freundin,Luisa,Katharina,3,Es war okay.,okay
Kuchen,enge Freundin,Anna,Sophie,3,Es war okay.,okay
Kuchen,enge Freundin,Miriam,Luisa,3,Es war okay.,okay
Kuchen,enge Freundin,Anna,Miriam,3,Es war okay.,okay
Kuchen,enge Freundin,Anna,Luisa,3,Es war okay.,okay
Kuchen,enge Freundin,Sophie,Katharina,3,Es war okay.,okay
Kuchen,enge Freundin,Luisa,Sophie,3,Es war okay.,okay
Kuchen,enge Freundin,Miriam,Anna,3,Es war okay.,okay
Kuchen,enge Freundin,Sophie,Katharina,3,Es war okay.,okay
Kuchen,enge Freundin,Anna,Luisa,3,Es war okay.,okay
Kuchen,enge Freundin,Sophie,Anna,3,Es war okay.,okay
Kuchen,enge Freundin,Miriam,Luisa,3,Es war okay.,okay
Kuchen,enge Freundin,Anna,Miriam,4,Es war großartig.,großartig
Kuchen,enge Freundin,Miriam,Sophie,4,Es war großartig.,großartig
Kuchen,enge Freundin,Katharina,Luisa,4,Es war gut.,gut
Kuchen,enge Freundin,Anna,Miriam,4,Es war großartig.,großartig
Kuchen,enge Freundin,Katharina,Luisa,4,Es war großartig.,großartig
Kuchen,enge Freundin,Katharina,Sophie,4,Es war großartig.,großartig
Kuchen,enge Freundin,Sophie,Anna,4,Es war großartig.,großartig
Kuchen,enge Freundin,Anna,Katharina,4,Es war großartig.,großartig
Kuchen,enge Freundin,Sophie,Anna,4,Es war großartig.,großartig
Kuchen,enge Freundin,Miriam,Luisa,4,Es war großartig.,großartig
Kuchen,enge Freundin,Sophie,Anna,4,Es war großartig.,großartig
Kuchen,enge Freundin,Miriam,Sophie,4,Es war großartig.,großartig
Kuchen,enge Freundin,Anna,Luisa,4,Es war großartig.,großartig
Kuchen,enge Freundin,Miriam,Katharina,4,Es war großartig.,großartig
Kuchen,enge Freundin,Katharina,Anna,4,Es war großartig.,großartig
Kuchen,enge Freundin,Miriam,Luisa,4,Es war großartig.,großartig
Kuchen,enge Freundin,Miriam,Luisa,4,Es war großartig.,großartig
Kuchen,enge Freundin,Luisa,Anna,4,Es war großartig.,großartig
Kuchen,enge Freundin,Anna,Luisa,4,Es war großartig.,großartig
Kuchen,enge Freundin,Katharina,Miriam,4,Es war großartig.,großartig
Kuchen,enge Freundin,Sophie,Anna,5,Es war großartig.,großartig
Kuchen,enge Freundin,Luisa,Sophie,5,Es war großartig.,großartig
Kuchen,enge Freundin,Miriam,Katharina,5,Es war großartig.,großartig
Kuchen,enge Freundin,Katharina,Luisa,5,Es war großartig.,großartig
Kuchen,enge Freundin,Anna,Sophie,5,Es war großartig.,großartig
Kuchen,enge Freundin,Anna,Miriam,5,Es war großartig.,großartig
Kuchen,enge Freundin,Sophie,Miriam,5,Es war großartig.,großartig
Kuchen,enge Freundin,Luisa,Sophie,5,Es war großartig.,großartig
Kuchen,enge Freundin,Luisa,Miriam,5,Es war großartig.,großartig
Kuchen,enge Freundin,Sophie,Miriam,5,Es war großartig.,großartig
Kuchen,enge Freundin,Luisa,Anna,5,Es war großartig.,großartig
Kuchen,enge Freundin,Sophie,Anna,5,Es war großartig.,großartig
Kuchen,enge Freundin,Anna,Sophie,5,Es war großartig.,großartig
Kuchen,enge Freundin,Miriam,Sophie,5,Es war großartig.,großartig
Kuchen,enge Freundin,Luisa,Miriam,5,Es war großartig.,großartig
Kuchen,enge Freundin,Luisa,Miriam,5,Es war großartig.,großartig
Kuchen,enge Freundin,Katharina,Sophie,5,Es war großartig.,großartig
Kuchen,enge Freundin,Miriam,Katharina,5,Es war großartig.,großartig
Kuchen,enge Freundin,Katharina,Anna,5,Es war großartig.,großartig
Kuchen,enge Freundin,Katharina,Luisa,5,Es war großartig.,großartig
Kuchen,entfernte Kollegin,Katharina,Miriam,1,Es war schrecklich.,schrecklich
Kuchen,entfernte Kollegin,Anna,Katharina,1,Es war schrecklich.,schrecklich
Kuchen,entfernte Kollegin,Anna,Katharina,1,Es war schrecklich.,schrecklich
Kuchen,entfernte Kollegin,Miriam,Luisa,1,Es war schrecklich.,schrecklich
Kuchen,entfernte Kollegin,Luisa,Katharina,1,Es war schrecklich.,schrecklich
Kuchen,entfernte Kollegin,Katharina,Sophie,1,Es war schrecklich.,schrecklich
Kuchen,entfernte Kollegin,Luisa,Katharina,1,Es war schrecklich.,schrecklich
Kuchen,entfernte Kollegin,Katharina,Luisa,1,Es war schrecklich.,schrecklich
Kuchen,entfernte Kollegin,Katharina,Luisa,1,Es war schrecklich.,schrecklich
Kuchen,entfernte Kollegin,Katharina,Sophie,1,Es war schrecklich.,schrecklich
Kuchen,entfernte Kollegin,Katharina,Miriam,1,Es war schrecklich.,schrecklich
Kuchen,entfernte Kollegin,Luisa,Katharina,1,Es war schrecklich.,schrecklich
Kuchen,entfernte Kollegin,Anna,Luisa,1,Es war schrecklich.,schrecklich
Kuchen,entfernte Kollegin,Katharina,Luisa,1,Es war schrecklich.,schrecklich
Kuchen,entfernte Kollegin,Sophie,Anna,1,Es war schrecklich.,schrecklich
Kuchen,entfernte Kollegin,Miriam,Anna,1,Es war schrecklich.,schrecklich
Kuchen,entfernte Kollegin,Miriam,Luisa,1,Es war schrecklich.,schrecklich
Kuchen,entfernte Kollegin,Miriam,Luisa,1,Es war schrecklich.,schrecklich
Kuchen,entfernte Kollegin,Luisa,Anna,1,Es war schrecklich.,schrecklich
Kuchen,entfernte Kollegin,Anna,Luisa,1,Es war schrecklich.,schrecklich
Kuchen,entfernte Kollegin,Luisa,Miriam,2,Es war okay.,okay
Kuchen,entfernte Kollegin,Katharina,Anna,2,Es war okay.,okay
Kuchen,entfernte Kollegin,Katharina,Luisa,2,Es war okay.,okay
Kuchen,entfernte Kollegin,Sophie,Miriam,2,Es war okay.,okay
Kuchen,entfernte Kollegin,Sophie,Miriam,2,Es war schlecht.,schlecht
Kuchen,entfernte Kollegin,Sophie,Anna,2,Es war okay.,okay
Kuchen,entfernte Kollegin,Katharina,Anna,2,Es war schlecht.,schlecht
Kuchen,entfernte Kollegin,Miriam,Sophie,2,Es war schlecht.,schlecht
Kuchen,entfernte Kollegin,Miriam,Katharina,2,Es war okay.,okay
Kuchen,entfernte Kollegin,Sophie,Anna,2,Es war okay.,okay
Kuchen,entfernte Kollegin,Katharina,Luisa,2,Es war okay.,okay
Kuchen,entfernte Kollegin,Katharina,Anna,2,Es war okay.,okay
Kuchen,entfernte Kollegin,Anna,Katharina,2,Es war schlecht.,schlecht
Kuchen,entfernte Kollegin,Katharina,Miriam,2,Es war schlecht.,schlecht
Kuchen,entfernte Kollegin,Anna,Miriam,2,Es war schlecht.,schlecht
Kuchen,entfernte Kollegin,Katharina,Anna,2,Es war okay.,okay
Kuchen,entfernte Kollegin,Anna,Luisa,2,Es war okay.,okay
Kuchen,entfernte Kollegin,Katharina,Anna,2,Es war okay.,okay
Kuchen,entfernte Kollegin,Sophie,Katharina,2,Es war schlecht.,schlecht
Kuchen,entfernte Kollegin,Anna,Sophie,2,Es war okay.,okay
Kuchen,entfernte Kollegin,Miriam,Luisa,3,Es war okay.,okay
Kuchen,entfernte Kollegin,Sophie,Miriam,3,Es war okay.,okay
Kuchen,entfernte Kollegin,Miriam,Luisa,3,Es war okay.,okay
Kuchen,entfernte Kollegin,Katharina,Anna,3,Es war okay.,okay
Kuchen,entfernte Kollegin,Katharina,Anna,3,Es war okay.,okay
Kuchen,entfernte Kollegin,Sophie,Luisa,3,Es war okay.,okay
Kuchen,entfernte Kollegin,Luisa,Sophie,3,Es war okay.,okay
Kuchen,entfernte Kollegin,Anna,Luisa,3,Es war okay.,okay
Kuchen,entfernte Kollegin,Luisa,Miriam,3,Es war okay.,okay
Kuchen,entfernte Kollegin,Anna,Miriam,3,Es war okay.,okay
Kuchen,entfernte Kollegin,Sophie,Luisa,3,Es war okay.,okay
Kuchen,entfernte Kollegin,Luisa,Katharina,3,Es war okay.,okay
Kuchen,entfernte Kollegin,Katharina,Miriam,3,Es war okay.,okay
Kuchen,entfernte Kollegin,Anna,Miriam,3,Es war okay.,okay
Kuchen,entfernte Kollegin,Anna,Luisa,3,Es war okay.,okay
Kuchen,entfernte Kollegin,Anna,Luisa,3,Es war okay.,okay
Kuchen,entfernte Kollegin,Sophie,Luisa,3,Es war okay.,okay
Kuchen,entfernte Kollegin,Sophie,Katharina,3,Es war okay.,okay
Kuchen,entfernte Kollegin,Anna,Luisa,3,Es war okay.,okay
Kuchen,entfernte Kollegin,Sophie,Katharina,3,Es war okay.,okay
Kuchen,entfernte Kollegin,Katharina,Anna,4,Es war gut.,gut
Kuchen,entfernte Kollegin,Miriam,Sophie,4,Es war großartig.,großartig
Kuchen,entfernte Kollegin,Miriam,Anna,4,Es war großartig.,großartig
Kuchen,entfernte Kollegin,Anna,Miriam,4,Es war großartig.,großartig
Kuchen,entfernte Kollegin,Katharina,Miriam,4,Es war großartig.,großartig
Kuchen,entfernte Kollegin,Katharina,Sophie,4,Es war gut.,gut
Kuchen,entfernte Kollegin,Sophie,Katharina,4,Es war großartig.,großartig
Kuchen,entfernte Kollegin,Anna,Luisa,4,Es war großartig.,großartig
Kuchen,entfernte Kollegin,Sophie,Katharina,4,Es war großartig.,großartig
Kuchen,entfernte Kollegin,Luisa,Miriam,4,Es war großartig.,großartig
Kuchen,entfernte Kollegin,Katharina,Anna,4,Es war großartig.,großartig
Kuchen,entfernte Kollegin,Anna,Sophie,4,Es war großartig.,großartig
Kuchen,entfernte Kollegin,Luisa,Katharina,4,Es war großartig.,großartig
Kuchen,entfernte Kollegin,Miriam,Sophie,4,Es war großartig.,großartig
Kuchen,entfernte Kollegin,Miriam,Luisa,4,Es war großartig.,großartig
Kuchen,entfernte Kollegin,Miriam,Luisa,4,Es war großartig.,großartig
Kuchen,entfernte Kollegin,Anna,Luisa,4,Es war großartig.,großartig
Kuchen,entfernte Kollegin,Luisa,Anna,4,Es war großartig.,großartig
Kuchen,entfernte Kollegin,Luisa,Katharina,4,Es war gut.,gut
Kuchen,entfernte Kollegin,Luisa,Sophie,4,Es war großartig.,großartig
Kuchen,entfernte Kollegin,Miriam,Luisa,5,Es war großartig.,großartig
Kuchen,entfernte Kollegin,Miriam,Katharina,5,Es war großartig.,großartig
Kuchen,entfernte Kollegin,Anna,Sophie,5,Es war großartig.,großartig
Kuchen,entfernte Kollegin,Katharina,Sophie,5,Es war großartig.,großartig
Kuchen,entfernte Kollegin,Anna,Katharina,5,Es war großartig.,großartig
Kuchen,entfernte Kollegin,Anna,Sophie,5,Es war großartig.,großartig
Kuchen,entfernte Kollegin,Anna,Miriam,5,Es war großartig.,großartig
Kuchen,entfernte Kollegin,Anna,Luisa,5,Es war großartig.,großartig
Kuchen,entfernte Kollegin,Sophie,Anna,5,Es war großartig.,großartig
Kuchen,entfernte Kollegin,Anna,Sophie,5,Es war großartig.,großartig
Kuchen,entfernte Kollegin,Anna,Katharina,5,Es war großartig.,großartig
Kuchen,entfernte Kollegin,Katharina,Miriam,5,Es war großartig.,großartig
Kuchen,entfernte Kollegin,Luisa,Anna,5,Es war großartig.,großartig
Kuchen,entfernte Kollegin,Katharina,Sophie,5,Es war großartig.,großartig
Kuchen,entfernte Kollegin,Luisa,Anna,5,Es war großartig.,großartig
Kuchen,entfernte Kollegin,Anna,Luisa,5,Es war großartig.,großartig
Kuchen,entfernte Kollegin,Anna,Luisa,5,Es war großartig.,großartig
Kuchen,entfernte Kollegin,Katharina,Luisa,5,Es war großartig.,großartig
Kuchen,entfernte Kollegin,Miriam,Sophie,5,Es war großartig.,großartig
Kuchen,entfernte Kollegin,Miriam,Luisa,5,Es war großartig.,großartig
Kuchen,lockere Chefin,Anna,Katharina,1,Es war schrecklich.,schrecklich
Kuchen,lockere Chefin,Miriam,Sophie,1,Es war schrecklich.,schrecklich
Kuchen,lockere Chefin,Anna,Katharina,1,Es war schrecklich.,schrecklich
Kuchen,lockere Chefin,Luisa,Sophie,1,Es war schrecklich.,schrecklich
Kuchen,lockere Chefin,Luisa,Sophie,1,Es war schrecklich.,schrecklich
Kuchen,lockere Chefin,Anna,Katharina,1,Es war schrecklich.,schrecklich
Kuchen,lockere Chefin,Luisa,Miriam,1,Es war schrecklich.,schrecklich
Kuchen,lockere Chefin,Sophie,Katharina,1,Es war schrecklich.,schrecklich
Kuchen,lockere Chefin,Katharina,Anna,1,Es war schrecklich.,schrecklich
Kuchen,lockere Chefin,Anna,Luisa,1,Es war schrecklich.,schrecklich
Kuchen,lockere Chefin,Miriam,Katharina,1,Es war schrecklich.,schrecklich
Kuchen,lockere Chefin,Anna,Miriam,1,Es war schrecklich.,schrecklich
Kuchen,lockere Chefin,Anna,Luisa,1,Es war schrecklich.,schrecklich
Kuchen,lockere Chefin,Sophie,Anna,1,Es war schrecklich.,schrecklich
Kuchen,lockere Chefin,Luisa,Sophie,1,Es war schrecklich.,schrecklich
Kuchen,lockere Chefin,Katharina,Anna,1,Es war schrecklich.,schrecklich
Kuchen,lockere Chefin,Katharina,Miriam,1,Es war schrecklich.,schrecklich
Kuchen,lockere Chefin,Luisa,Miriam,1,Es war schrecklich.,schrecklich
Kuchen,lockere Chefin,Miriam,Sophie,1,Es war schrecklich.,schrecklich
Kuchen,lockere Chefin,Anna,Sophie,1,Es war schrecklich.,schrecklich
Kuchen,lockere Chefin,Luisa,Miriam,2,Es war schlecht.,schlecht
Kuchen,lockere Chefin,Luisa,Katharina,2,Es war schlecht.,schlecht
Kuchen,lockere Chefin,Katharina,Luisa,2,Es war schlecht,schlecht
Kuchen,lockere Chefin,Miriam,Anna,2,Es war okay.,okay
Kuchen,lockere Chefin,Sophie,Miriam,2,Es war schlecht.,schlecht
Kuchen,lockere Chefin,Anna,Sophie,2,Es war okay.,okay
Kuchen,lockere Chefin,Luisa,Anna,2,Es war okay.,okay
Kuchen,lockere Chefin,Katharina,Luisa,2,Es war schlecht.,schlecht
Kuchen,lockere Chefin,Luisa,Miriam,2,Es war schlecht,schlecht
Kuchen,lockere Chefin,Miriam,Katharina,2,Es war okay.,okay
Kuchen,lockere Chefin,Anna,Luisa,2,Es war schlecht.,schlecht
Kuchen,lockere Chefin,Katharina,Luisa,2,Es war okay.,okay
Kuchen,lockere Chefin,Luisa,Anna,2,Es war okay.,okay
Kuchen,lockere Chefin,Miriam,Sophie,2,Es war schlecht.,schlecht
Kuchen,lockere Chefin,Sophie,Katharina,2,Es war schlecht.,schlecht
Kuchen,lockere Chefin,Luisa,Sophie,2,Es war schlecht.,schlecht
Kuchen,lockere Chefin,Katharina,Sophie,2,Es war okay.,okay
Kuchen,lockere Chefin,Sophie,Luisa,2,Es war schrecklich.,schrecklich
Kuchen,lockere Chefin,Luisa,Anna,2,Es war schlecht.,schlecht
Kuchen,lockere Chefin,Anna,Katharina,2,Es war schlecht.,schlecht
Kuchen,lockere Chefin,Miriam,Anna,3,Es war okay.,okay
Kuchen,lockere Chefin,Anna,Miriam,3,Es war okay.,okay
Kuchen,lockere Chefin,Anna,Miriam,3,Es war okay.,okay
Kuchen,lockere Chefin,Luisa,Sophie,3,Es war okay.,okay
Kuchen,lockere Chefin,Katharina,Luisa,3,Es war okay.,okay
Kuchen,lockere Chefin,Sophie,Miriam,3,Es war okay.,okay
Kuchen,lockere Chefin,Katharina,Sophie,3,Es war okay.,okay
Kuchen,lockere Chefin,Luisa,Sophie,3,Es war okay.,okay
Kuchen,lockere Chefin,Katharina,Anna,3,Es war okay.,okay
Kuchen,lockere Chefin,Katharina,Miriam,3,Es war okay.,okay
Kuchen,lockere Chefin,Anna,Miriam,3,Es war okay.,okay
Kuchen,lockere Chefin,Katharina,Miriam,3,Es war okay.,okay
Kuchen,lockere Chefin,Anna,Katharina,3,Es war okay.,okay
Kuchen,lockere Chefin,Luisa,Sophie,3,Es war okay.,okay
Kuchen,lockere Chefin,Luisa,Miriam,3,Es war okay.,okay
Kuchen,lockere Chefin,Luisa,Anna,3,Es war okay.,okay
Kuchen,lockere Chefin,Anna,Luisa,3,Es war okay.,okay
Kuchen,lockere Chefin,Katharina,Luisa,3,Es war okay.,okay
Kuchen,lockere Chefin,Sophie,Luisa,3,Es war okay.,okay
Kuchen,lockere Chefin,Sophie,Anna,3,Es war okay.,okay
Kuchen,lockere Chefin,Katharina,Anna,4,Es war gut.,gut
Kuchen,lockere Chefin,Katharina,Anna,4,Es war gut.,gut
Kuchen,lockere Chefin,Sophie,Miriam,4,Es war gut.,gut
Kuchen,lockere Chefin,Anna,Sophie,4,Es war gut.,gut
Kuchen,lockere Chefin,Miriam,Luisa,4,Es war gut.,gut
Kuchen,lockere Chefin,Miriam,Sophie,4,Es war gut.,gut
Kuchen,lockere Chefin,Anna,Miriam,4,Es war gut.,gut
Kuchen,lockere Chefin,Anna,Katharina,4,Es war gut.,gut
Kuchen,lockere Chefin,Katharina,Miriam,4,Es war großartig.,großartig
Kuchen,lockere Chefin,Miriam,Luisa,4,Es war gut.,gut
Kuchen,lockere Chefin,Sophie,Katharina,4,Es war gut.,gut
Kuchen,lockere Chefin,Anna,Miriam,4,Es war gut.,gut
Kuchen,lockere Chefin,Sophie,Miriam,4,Es war großartig.,großartig
Kuchen,lockere Chefin,Sophie,Anna,4,Es war gut.,gut
Kuchen,lockere Chefin,Miriam,Sophie,4,Es war gut.,gut
Kuchen,lockere Chefin,Luisa,Miriam,4,Es war großartig.,großartig
Kuchen,lockere Chefin,Katharina,Anna,4,Es war gut.,gut
Kuchen,lockere Chefin,Katharina,Anna,4,Es war großartig.,großartig
Kuchen,lockere Chefin,Sophie,Katharina,4,Es war gut.,gut
Kuchen,lockere Chefin,Luisa,Miriam,4,Es war großartig.,großartig
Kuchen,lockere Chefin,Anna,Miriam,5,Es war großartig.,großartig
Kuchen,lockere Chefin,Luisa,Anna,5,Es war großartig.,großartig
Kuchen,lockere Chefin,Luisa,Sophie,5,Es war großartig.,großartig
Kuchen,lockere Chefin,Miriam,Anna,5,Es war großartig.,großartig
Kuchen,lockere Chefin,Anna,Miriam,5,Es war großartig.,großartig
Kuchen,lockere Chefin,Miriam,Anna,5,Es war großartig.,großartig
Kuchen,lockere Chefin,Katharina,Anna,5,Es war großartig.,großartig
Kuchen,lockere Chefin,Miriam,Luisa,5,Es war großartig.,großartig
Kuchen,lockere Chefin,Miriam,Anna,5,Es war großartig.,großartig
Kuchen,lockere Chefin,Katharina,Anna,5,Es war großartig.,großartig
Kuchen,lockere Chefin,Katharina,Luisa,5,Es war großartig.,großartig
Kuchen,lockere Chefin,Anna,Miriam,5,Es war großartig.,großartig
Kuchen,lockere Chefin,Miriam,Katharina,5,Es war großartig.,großartig
Kuchen,lockere Chefin,Luisa,Anna,5,Es war großartig.,großartig
Kuchen,lockere Chefin,Katharina,Anna,5,Es war großartig.,großartig
Kuchen,lockere Chefin,Sophie,Miriam,5,Es war großartig.,großartig
Kuchen,lockere Chefin,Katharina,Sophie,5,Es war großartig.,großartig
Kuchen,lockere Chefin,Katharina,Miriam,5,Es war großartig.,großartig
Kuchen,lockere Chefin,Miriam,Anna,5,Es war großartig.,großartig
Kuchen,lockere Chefin,Miriam,Luisa,5,Es war großartig.,großartig
Kuchen,gefürchtete Chefin,Katharina,Miriam,1,Es war schrecklich.,schrecklich
Kuchen,gefürchtete Chefin,Luisa,Katharina,1,Es war schrecklich.,schrecklich
Kuchen,gefürchtete Chefin,Katharina,Luisa,1,Es war schrecklich.,schrecklich
Kuchen,gefürchtete Chefin,Katharina,Miriam,1,Es war schrecklich.,schrecklich
Kuchen,gefürchtete Chefin,Luisa,Anna,1,Es war schrecklich.,schrecklich
Kuchen,gefürchtete Chefin,Miriam,Luisa,1,Es war schrecklich.,schrecklich
Kuchen,gefürchtete Chefin,Anna,Miriam,1,Es war schrecklich.,schrecklich
Kuchen,gefürchtete Chefin,Miriam,Sophie,1,Es war schrecklich.,schrecklich
Kuchen,gefürchtete Chefin,Anna,Luisa,1,Es war schrecklich.,schrecklich
Kuchen,gefürchtete Chefin,Miriam,Sophie,1,Es war schrecklich.,schrecklich
Kuchen,gefürchtete Chefin,Miriam,Anna,1,Es war schrecklich.,schrecklich
Kuchen,gefürchtete Chefin,Anna,Miriam,1,Es war schrecklich.,schrecklich
Kuchen,gefürchtete Chefin,Luisa,Miriam,1,Es war schrecklich.,schrecklich
Kuchen,gefürchtete Chefin,Katharina,Luisa,1,Es war schrecklich.,schrecklich
Kuchen,gefürchtete Chefin,Katharina,Luisa,1,Es war schrecklich.,schrecklich
Kuchen,gefürchtete Chefin,Luisa,Sophie,1,Es war schrecklich.,schrecklich
Kuchen,gefürchtete Chefin,Miriam,Luisa,1,Es war schrecklich.,schrecklich
Kuchen,gefürchtete Chefin,Miriam,Anna,1,Es war schrecklich.,schrecklich
Kuchen,gefürchtete Chefin,Katharina,Luisa,1,Es war schrecklich.,schrecklich
Kuchen,gefürchtete Chefin,Katharina,Luisa,1,Es war schrecklich.,schrecklich
Kuchen,gefürchtete Chefin,Anna,Katharina,2,Es war schlecht.,schlecht
Kuchen,gefürchtete Chefin,Miriam,Luisa,2,Es war schrecklich.,schrecklich
Kuchen,gefürchtete Chefin,Miriam,Sophie,2,Es war schlecht.,schlecht
Kuchen,gefürchtete Chefin,Anna,Sophie,2,Es war schlecht.,schlecht
Kuchen,gefürchtete Chefin,Sophie,Miriam,2,Es war schlecht.,schlecht
Kuchen,gefürchtete Chefin,Anna,Luisa,2,Es war schlecht.,schlecht
Kuchen,gefürchtete Chefin,Miriam,Katharina,2,Es war schlecht.,schlecht
Kuchen,gefürchtete Chefin,Katharina,Anna,2,Es war schlecht.,schlecht
Kuchen,gefürchtete Chefin,Katharina,Luisa,2,Es war schlecht,schlecht
Kuchen,gefürchtete Chefin,Luisa,Sophie,2,Es war schlecht.,schlecht
Kuchen,gefürchtete Chefin,Luisa,Anna,2,Es war schlecht.,schlecht
Kuchen,gefürchtete Chefin,Katharina,Luisa,2,Es war schlecht,schlecht
Kuchen,gefürchtete Chefin,Miriam,Anna,2,Es war schlecht.,schlecht
Kuchen,gefürchtete Chefin,Miriam,Anna,2,Es war schlecht.,schlecht
Kuchen,gefürchtete Chefin,Miriam,Katharina,2,Es war schlecht.,schlecht
Kuchen,gefürchtete Chefin,Sophie,Anna,2,Es war schlecht.,schlecht
Kuchen,gefürchtete Chefin,Luisa,Katharina,2,Es war schrecklich.,schrecklich
Kuchen,gefürchtete Chefin,Anna,Luisa,2,Es war schlecht.,schlecht
Kuchen,gefürchtete Chefin,Miriam,Sophie,2,Es war schlecht.,schlecht
Kuchen,gefürchtete Chefin,Katharina,Miriam,2,Es war schlecht.,schlecht
Kuchen,gefürchtete Chefin,Katharina,Miriam,3,Es war okay.,okay
Kuchen,gefürchtete Chefin,Luisa,Katharina,3,Es war okay.,okay
Kuchen,gefürchtete Chefin,Luisa,Sophie,3,Es war okay.,okay
Kuchen,gefürchtete Chefin,Katharina,Anna,3,Es war okay.,okay
Kuchen,gefürchtete Chefin,Sophie,Miriam,3,Es war okay.,okay
Kuchen,gefürchtete Chefin,Miriam,Katharina,3,Es war okay.,okay
Kuchen,gefürchtete Chefin,Katharina,Sophie,3,Es war okay.,okay
Kuchen,gefürchtete Chefin,Sophie,Miriam,3,Es war okay.,okay
Kuchen,gefürchtete Chefin,Luisa,Miriam,3,Es war okay.,okay
Kuchen,gefürchtete Chefin,Anna,Katharina,3,Es war okay.,okay
Kuchen,gefürchtete Chefin,Sophie,Anna,3,Es war okay.,okay
Kuchen,gefürchtete Chefin,Katharina,Anna,3,Es war okay.,okay
Kuchen,gefürchtete Chefin,Anna,Luisa,3,Es war okay.,okay
Kuchen,gefürchtete Chefin,Sophie,Luisa,3,Es war okay.,okay
Kuchen,gefürchtete Chefin,Anna,Katharina,3,Es war okay.,okay
Kuchen,gefürchtete Chefin,Anna,Sophie,3,Es war okay.,okay
Kuchen,gefürchtete Chefin,Miriam,Anna,3,Es war okay.,okay
Kuchen,gefürchtete Chefin,Katharina,Miriam,3,Es war okay.,okay
Kuchen,gefürchtete Chefin,Sophie,Katharina,3,Es war okay.,okay
Kuchen,gefürchtete Chefin,Katharina,Miriam,3,Es war okay.,okay
Kuchen,gefürchtete Chefin,Miriam,Sophie,4,Es war gut.,gut
Kuchen,gefürchtete Chefin,Katharina,Sophie,4,Es war gut.,gut
Kuchen,gefürchtete Chefin,Sophie,Katharina,4,Es war großartig.,großartig
Kuchen,gefürchtete Chefin,Sophie,Luisa,4,Es war gut.,gut
Kuchen,gefürchtete Chefin,Luisa,Miriam,4,Es war großartig.,großartig
Kuchen,gefürchtete Chefin,Katharina,Miriam,4,Es war großartig.,großartig
Kuchen,gefürchtete Chefin,Katharina,Sophie,4,Es war gut.,gut
Kuchen,gefürchtete Chefin,Miriam,Luisa,4,Es war gut.,gut
Kuchen,gefürchtete Chefin,Anna,Katharina,4,Es war großartig.,großartig
Kuchen,gefürchtete Chefin,Sophie,Katharina,4,Es war gut.,gut
Kuchen,gefürchtete Chefin,Katharina,Luisa,4,Es war gut.,gut
Kuchen,gefürchtete Chefin,Miriam,Luisa,4,Es war großartig.,großartig
Kuchen,gefürchtete Chefin,Miriam,Luisa,4,Es war gut.,gut
Kuchen,gefürchtete Chefin,Luisa,Miriam,4,Es war großartig.,großartig
Kuchen,gefürchtete Chefin,Miriam,Sophie,4,Es war gut.,gut
Kuchen,gefürchtete Chefin,Luisa,Anna,4,Es war großartig.,großartig
Kuchen,gefürchtete Chefin,Luisa,Anna,4,Es war großartig.,großartig
Kuchen,gefürchtete Chefin,Anna,Sophie,4,Es war gut.,gut
Kuchen,gefürchtete Chefin,Miriam,Anna,4,Es war gut.,gut
Kuchen,gefürchtete Chefin,Sophie,Luisa,4,Es war gut.,gut
Kuchen,gefürchtete Chefin,Katharina,Miriam,5,Es war großartig.,großartig
Kuchen,gefürchtete Chefin,Anna,Sophie,5,Es war großartig.,großartig
Kuchen,gefürchtete Chefin,Miriam,Katharina,5,Es war großartig.,großartig
Kuchen,gefürchtete Chefin,Katharina,Sophie,5,Es war großartig.,großartig
Kuchen,gefürchtete Chefin,Luisa,Miriam,5,Es war großartig.,großartig
Kuchen,gefürchtete Chefin,Sophie,Miriam,5,Es war großartig.,großartig
Kuchen,gefürchtete Chefin,Sophie,Luisa,5,Es war großartig.,großartig
Kuchen,gefürchtete Chefin,Miriam,Luisa,5,Es war großartig.,großartig
Kuchen,gefürchtete Chefin,Anna,Miriam,5,Es war großartig.,großartig
Kuchen,gefürchtete Chefin,Sophie,Miriam,5,Es war großartig.,großartig
Kuchen,gefürchtete Chefin,Sophie,Katharina,5,Es war großartig.,großartig
Kuchen,gefürchtete Chefin,Katharina,Miriam,5,Es war großartig.,großartig
Kuchen,gefürchtete Chefin,Anna,Luisa,5,Es war großartig.,großartig
Kuchen,gefürchtete Chefin,Luisa,Sophie,5,Es war großartig.,großartig
Kuchen,gefürchtete Chefin,Miriam,Anna,5,Es war großartig.,großartig
Kuchen,gefürchtete Chefin,Luisa,Anna,5,Es war großartig.,großartig
Kuchen,gefürchtete Chefin,Luisa,Miriam,5,Es war großartig.,großartig
Kuchen,gefürchtete Chefin,Miriam,Sophie,5,Es war großartig.,großartig
Kuchen,gefürchtete Chefin,Sophie,Luisa,5,Es war großartig.,großartig
Kuchen,gefürchtete Chefin,Anna,Luisa,5,Es war großartig.,großartig
Lied,enge Freundin,Luisa,Miriam,1,Es war schrecklich.,schrecklich
Lied,enge Freundin,Sophie,Miriam,1,Es war schrecklich.,schrecklich
Lied,enge Freundin,Sophie,Luisa,1,Es war schrecklich.,schrecklich
Lied,enge Freundin,Sophie,Anna,1,Es war schrecklich.,schrecklich
Lied,enge Freundin,Anna,Miriam,1,Es war schrecklich.,schrecklich
Lied,enge Freundin,Katharina,Anna,1,Es war schrecklich.,schrecklich
Lied,enge Freundin,Sophie,Luisa,1,Es war schrecklich.,schrecklich
Lied,enge Freundin,Sophie,Anna,1,Es war schrecklich.,schrecklich
Lied,enge Freundin,Luisa,Sophie,1,Es war schrecklich.,schrecklich
Lied,enge Freundin,Miriam,Anna,1,Es war schrecklich.,schrecklich
Lied,enge Freundin,Miriam,Katharina,1,Es war schrecklich.,schrecklich
Lied,enge Freundin,Luisa,Sophie,1,Es war schrecklich.,schrecklich
Lied,enge Freundin,Miriam,Katharina,1,Es war schrecklich.,schrecklich
Lied,enge Freundin,Luisa,Anna,1,Es war schrecklich.,schrecklich
Lied,enge Freundin,Luisa,Anna,1,Es war schrecklich.,schrecklich
Lied,enge Freundin,Luisa,Anna,1,Es war schrecklich.,schrecklich
Lied,enge Freundin,Sophie,Katharina,1,Es war schrecklich.,schrecklich
Lied,enge Freundin,Sophie,Luisa,1,Es war schrecklich.,schrecklich
Lied,enge Freundin,Miriam,Sophie,1,Es war schrecklich.,schrecklich
Lied,enge Freundin,Luisa,Anna,1,Es war schrecklich.,schrecklich
Lied,enge Freundin,Katharina,Luisa,2,Es war schlecht,schlecht
Lied,enge Freundin,Luisa,Anna,2,Es war okay.,okay
Lied,enge Freundin,Anna,Katharina,2,Es war okay.,okay
Lied,enge Freundin,Katharina,Luisa,2,Es war schlecht.,schlecht
Lied,enge Freundin,Sophie,Katharina,2,Es war schlecht.,schlecht
Lied,enge Freundin,Luisa,Sophie,2,Es war okay.,okay
Lied,enge Freundin,Katharina,Anna,2,Es war okay.,okay
Lied,enge Freundin,Katharina,Miriam,2,Es war okay.,okay
Lied,enge Freundin,Anna,Miriam,2,Es war okay.,okay
Lied,enge Freundin,Anna,Sophie,2,Es war okay.,okay
Lied,enge Freundin,Anna,Miriam,2,Es war okay.,okay
Lied,enge Freundin,Anna,Luisa,2,Es war okay.,okay
Lied,enge Freundin,Sophie,Miriam,2,Es war schlecht.,schlecht
Lied,enge Freundin,Luisa,Katharina,2,Es war schlecht,schlecht
Lied,enge Freundin,Sophie,Luisa,2,Es war okay.,okay
Lied,enge Freundin,Luisa,Miriam,2,Es war okay.,okay
Lied,enge Freundin,Sophie,Anna,2,Es war schlecht.,schlecht
Lied,enge Freundin,Katharina,Anna,2,Es war schlecht.,schlecht
Lied,enge Freundin,Anna,Luisa,2,Es war okay.,okay
Lied,enge Freundin,Sophie,Miriam,2,Es war okay.,okay
Lied,enge Freundin,Luisa,Miriam,3,Es war okay.,okay
Lied,enge Freundin,Miriam,Sophie,3,Es war okay.,okay
Lied,enge Freundin,Katharina,Luisa,3,Es war okay.,okay
Lied,enge Freundin,Anna,Sophie,3,Es war okay.,okay
Lied,enge Freundin,Anna,Katharina,3,Es war okay.,okay
Lied,enge Freundin,Katharina,Sophie,3,Es war okay.,okay
Lied,enge Freundin,Sophie,Miriam,3,Es war okay.,okay
Lied,enge Freundin,Miriam,Katharina,3,Es war okay.,okay
Lied,enge Freundin,Luisa,Anna,3,Es war okay.,okay
Lied,enge Freundin,Sophie,Katharina,3,Es war okay.,okay
Lied,enge Freundin,Luisa,Katharina,3,Es war okay.,okay
Lied,enge Freundin,Anna,Luisa,3,Es war okay.,okay
Lied,enge Freundin,Anna,Luisa,3,Es war okay.,okay
Lied,enge Freundin,Anna,Luisa,3,Es war okay.,okay
Lied,enge Freundin,Luisa,Anna,3,Es war okay.,okay
Lied,enge Freundin,Sophie,Anna,3,Es war okay.,okay
Lied,enge Freundin,Anna,Luisa,3,Es war okay.,okay
Lied,enge Freundin,Miriam,Luisa,3,Es war okay.,okay
Lied,enge Freundin,Anna,Katharina,3,Es war okay.,okay
Lied,enge Freundin,Anna,Sophie,3,Es war okay.,okay
Lied,enge Freundin,Katharina,Anna,4,Es war großartig.,großartig
Lied,enge Freundin,Miriam,Luisa,4,Es war großartig.,großartig
Lied,enge Freundin,Katharina,Luisa,4,Es war großartig.,großartig
Lied,enge Freundin,Katharina,Luisa,4,Es war großartig.,großartig
Lied,enge Freundin,Sophie,Katharina,4,Es war großartig.,großartig
Lied,enge Freundin,Katharina,Anna,4,Es war großartig.,großartig
Lied,enge Freundin,Katharina,Luisa,4,Es war großartig.,großartig
Lied,enge Freundin,Anna,Miriam,4,Es war großartig.,großartig
Lied,enge Freundin,Katharina,Sophie,4,Es war großartig.,großartig
Lied,enge Freundin,Miriam,Katharina,4,Es war großartig.,großartig
Lied,enge Freundin,Katharina,Miriam,4,Es war großartig.,großartig
Lied,enge Freundin,Luisa,Sophie,4,Es war großartig.,großartig
Lied,enge Freundin,Luisa,Miriam,4,Es war großartig.,großartig
Lied,enge Freundin,Sophie,Katharina,4,Es war großartig.,großartig
Lied,enge Freundin,Luisa,Anna,4,Es war großartig.,großartig
Lied,enge Freundin,Katharina,Anna,4,Es war großartig.,großartig
Lied,enge Freundin,Luisa,Anna,4,Es war großartig.,großartig
Lied,enge Freundin,Miriam,Katharina,4,Es war großartig.,großartig
Lied,enge Freundin,Katharina,Sophie,4,Es war großartig.,großartig
Lied,enge Freundin,Miriam,Katharina,4,Es war großartig.,großartig
Lied,enge Freundin,Luisa,Anna,5,Es war großartig.,großartig
Lied,enge Freundin,Sophie,Miriam,5,Es war großartig.,großartig
Lied,enge Freundin,Sophie,Luisa,5,Es war großartig.,großartig
Lied,enge Freundin,Miriam,Sophie,5,Es war großartig.,großartig
Lied,enge Freundin,Miriam,Anna,5,Es war großartig.,großartig
Lied,enge Freundin,Miriam,Anna,5,Es war großartig.,großartig
Lied,enge Freundin,Sophie,Anna,5,Es war großartig.,großartig
Lied,enge Freundin,Luisa,Katharina,5,Es war großartig.,großartig
Lied,enge Freundin,Sophie,Miriam,5,Es war großartig.,großartig
Lied,enge Freundin,Sophie,Luisa,5,Es war großartig.,großartig
Lied,enge Freundin,Miriam,Sophie,5,Es war großartig.,großartig
Lied,enge Freundin,Sophie,Luisa,5,Es war großartig.,großartig
Lied,enge Freundin,Anna,Luisa,5,Es war großartig.,großartig
Lied,enge Freundin,Katharina,Miriam,5,Es war großartig.,großartig
Lied,enge Freundin,Sophie,Anna,5,Es war großartig.,großartig
Lied,enge Freundin,Sophie,Anna,5,Es war großartig.,großartig
Lied,enge Freundin,Katharina,Sophie,5,Es war großartig.,großartig
Lied,enge Freundin,Luisa,Miriam,5,Es war großartig.,großartig
Lied,enge Freundin,Sophie,Katharina,5,Es war großartig.,großartig
Lied,enge Freundin,Sophie,Luisa,5,Es war großartig.,großartig
Lied,entfernte Kollegin,Luisa,Sophie,1,Es war schrecklich.,schrecklich
Lied,entfernte Kollegin,Miriam,Sophie,1,Es war schrecklich.,schrecklich
Lied,entfernte Kollegin,Sophie,Katharina,1,Es war schrecklich.,schrecklich
Lied,entfernte Kollegin,Luisa,Miriam,1,Es war schrecklich.,schrecklich
Lied,entfernte Kollegin,Anna,Sophie,1,Es war schrecklich.,schrecklich
Lied,entfernte Kollegin,Katharina,Miriam,1,Es war schrecklich.,schrecklich
Lied,entfernte Kollegin,Katharina,Luisa,1,Es war schrecklich.,schrecklich
Lied,entfernte Kollegin,Luisa,Miriam,1,Es war schrecklich.,schrecklich
Lied,entfernte Kollegin,Anna,Katharina,1,Es war schrecklich.,schrecklich
Lied,entfernte Kollegin,Miriam,Sophie,1,Es war schrecklich.,schrecklich
Lied,entfernte Kollegin,Miriam,Katharina,1,Es war schrecklich.,schrecklich
Lied,entfernte Kollegin,Miriam,Sophie,1,Es war schrecklich.,schrecklich
Lied,entfernte Kollegin,Miriam,Sophie,1,Es war schrecklich.,schrecklich
Lied,entfernte Kollegin,Anna,Sophie,1,Es war schrecklich.,schrecklich
Lied,entfernte Kollegin,Luisa,Katharina,1,Es war schrecklich.,schrecklich
Lied,entfernte Kollegin,Anna,Sophie,1,Es war schrecklich.,schrecklich
Lied,entfernte Kollegin,Katharina,Sophie,1,Es war schrecklich.,schrecklich
Lied,entfernte Kollegin,Luisa,Miriam,1,Es war schrecklich.,schrecklich
Lied,entfernte Kollegin,Luisa,Sophie,1,Es war schrecklich.,schrecklich
Lied,entfernte Kollegin,Katharina,Sophie,1,Es war schrecklich.,schrecklich
Lied,entfernte Kollegin,Luisa,Anna,2,Es war schlecht.,schlecht
Lied,entfernte Kollegin,Sophie,Katharina,2,Es war schlecht.,schlecht
Lied,entfernte Kollegin,Katharina,Luisa,2,Es war okay.,okay
Lied,entfernte Kollegin,Luisa,Sophie,2,Es war okay.,okay
Lied,entfernte Kollegin,Sophie,Anna,2,Es war schlecht.,schlecht
Lied,entfernte Kollegin,Miriam,Katharina,2,Es war okay.,okay
Lied,entfernte Kollegin,Miriam,Anna,2,Es war okay.,okay
Lied,entfernte Kollegin,Katharina,Anna,2,Es war okay.,okay
Lied,entfernte Kollegin,Sophie,Katharina,2,Es war schlecht.,schlecht
Lied,entfernte Kollegin,Anna,Sophie,2,Es war okay.,okay
Lied,entfernte Kollegin,Luisa,Sophie,2,Es war okay.,okay
Lied,entfernte Kollegin,Anna,Katharina,2,Es war schlecht.,schlecht
Lied,entfernte Kollegin,Luisa,Sophie,2,Es war okay.,okay
Lied,entfernte Kollegin,Anna,Katharina,2,Es war okay.,okay
Lied,entfernte Kollegin,Anna,Luisa,2,Es war okay.,okay
Lied,entfernte Kollegin,Miriam,Anna,2,Es war okay.,okay
Lied,entfernte Kollegin,Katharina,Anna,2,Es war okay.,okay
Lied,entfernte Kollegin,Katharina,Sophie,2,Es war okay.,okay
Lied,entfernte Kollegin,Luisa,Sophie,2,Es war okay.,okay
Lied,entfernte Kollegin,Sophie,Luisa,2,Es war schlecht.,schlecht
Lied,entfernte Kollegin,Anna,Miriam,3,Es war okay.,okay
Lied,entfernte Kollegin,Katharina,Miriam,3,Es war okay.,okay
Lied,entfernte Kollegin,Miriam,Sophie,3,Es war okay.,okay
Lied,entfernte Kollegin,Katharina,Sophie,3,Es war okay.,okay
Lied,entfernte Kollegin,Miriam,Luisa,3,Es war okay.,okay
Lied,entfernte Kollegin,Katharina,Luisa,3,Es war okay.,okay
Lied,entfernte Kollegin,Anna,Miriam,3,Es war okay.,okay
Lied,entfernte Kollegin,Katharina,Sophie,3,Es war okay.,okay
Lied,entfernte Kollegin,Miriam,Katharina,3,Es war okay.,okay
Lied,entfernte Kollegin,Luisa,Katharina,3,Es war okay.,okay
Lied,entfernte Kollegin,Katharina,Miriam,3,Es war okay.,okay
Lied,entfernte Kollegin,Katharina,Anna,3,Es war okay.,okay
Lied,entfernte Kollegin,Sophie,Luisa,3,Es war okay.,okay
Lied,entfernte Kollegin,Katharina,Anna,3,Es war okay.,okay
Lied,entfernte Kollegin,Katharina,Miriam,3,Es war okay.,okay
Lied,entfernte Kollegin,Luisa,Sophie,3,Es war okay.,okay
Lied,entfernte Kollegin,Miriam,Katharina,3,Es war okay.,okay
Lied,entfernte Kollegin,Katharina,Miriam,3,Es war okay.,okay
Lied,entfernte Kollegin,Luisa,Katharina,3,Es war okay.,okay
Lied,entfernte Kollegin,Sophie,Anna,3,Es war okay.,okay
Lied,entfernte Kollegin,Luisa,Sophie,4,Es war großartig.,großartig
Lied,entfernte Kollegin,Katharina,Miriam,4,Es war gut.,gut
Lied,entfernte Kollegin,Katharina,Sophie,4,Es war großartig.,großartig
Lied,entfernte Kollegin,Luisa,Miriam,4,Es war großartig.,großartig
Lied,entfernte Kollegin,Miriam,Sophie,4,Es war gut.,gut
Lied,entfernte Kollegin,Miriam,Luisa,4,Es war großartig.,großartig
Lied,entfernte Kollegin,Miriam,Luisa,4,Es war großartig.,großartig
Lied,entfernte Kollegin,Miriam,Sophie,4,Es war gut.,gut
Lied,entfernte Kollegin,Anna,Sophie,4,Es war großartig.,großartig
Lied,entfernte Kollegin,Luisa,Anna,4,Es war großartig.,großartig
Lied,entfernte Kollegin,Anna,Katharina,4,Es war großartig.,großartig
Lied,entfernte Kollegin,Katharina,Miriam,4,Es war großartig.,großartig
Lied,entfernte Kollegin,Sophie,Miriam,4,Es war großartig.,großartig
Lied,entfernte Kollegin,Luisa,Katharina,4,Es war großartig.,großartig
Lied,entfernte Kollegin,Luisa,Anna,4,Es war großartig.,großartig
Lied,entfernte Kollegin,Miriam,Katharina,4,Es war gut.,gut
Lied,entfernte Kollegin,Miriam,Katharina,4,Es war gut.,gut
Lied,entfernte Kollegin,Miriam,Anna,4,Es war großartig.,großartig
Lied,entfernte Kollegin,Miriam,Luisa,4,Es war großartig.,großartig
Lied,entfernte Kollegin,Sophie,Luisa,4,Es war großartig.,großartig
Lied,entfernte Kollegin,Sophie,Luisa,5,Es war großartig.,großartig
Lied,entfernte Kollegin,Miriam,Sophie,5,Es war großartig.,großartig
Lied,entfernte Kollegin,Katharina,Sophie,5,Es war großartig.,großartig
Lied,entfernte Kollegin,Luisa,Sophie,5,Es war großartig.,großartig
Lied,entfernte Kollegin,Miriam,Luisa,5,Es war großartig.,großartig
Lied,entfernte Kollegin,Anna,Sophie,5,Es war großartig.,großartig
Lied,entfernte Kollegin,Luisa,Miriam,5,Es war großartig.,großartig
Lied,entfernte Kollegin,Miriam,Katharina,5,Es war großartig.,großartig
Lied,entfernte Kollegin,Sophie,Katharina,5,Es war großartig.,großartig
Lied,entfernte Kollegin,Luisa,Sophie,5,Es war großartig.,großartig
Lied,entfernte Kollegin,Luisa,Anna,5,Es war großartig.,großartig
Lied,entfernte Kollegin,Luisa,Sophie,5,Es war großartig.,großartig
Lied,entfernte Kollegin,Katharina,Miriam,5,Es war großartig.,großartig
Lied,entfernte Kollegin,Sophie,Katharina,5,Es war großartig.,großartig
Lied,entfernte Kollegin,Sophie,Luisa,5,Es war großartig.,großartig
Lied,entfernte Kollegin,Katharina,Anna,5,Es war großartig.,großartig
Lied,entfernte Kollegin,Katharina,Miriam,5,Es war großartig.,großartig
Lied,entfernte Kollegin,Miriam,Anna,5,Es war großartig.,großartig
Lied,entfernte Kollegin,Luisa,Anna,5,Es war großartig.,großartig
Lied,entfernte Kollegin,Sophie,Katharina,5,Es war großartig.,großartig
Lied,lockere Chefin,Sophie,Luisa,1,Es war schrecklich.,schrecklich
Lied,lockere Chefin,Miriam,Katharina,1,Es war schrecklich.,schrecklich
Lied,lockere Chefin,Anna,Miriam,1,Es war schrecklich.,schrecklich
Lied,lockere Chefin,Sophie,Katharina,1,Es war schrecklich.,schrecklich
Lied,lockere Chefin,Sophie,Miriam,1,Es war schrecklich.,schrecklich
Lied,lockere Chefin,Luisa,Sophie,1,Es war schrecklich.,schrecklich
Lied,lockere Chefin,Sophie,Anna,1,Es war schrecklich.,schrecklich
Lied,lockere Chefin,Anna,Luisa,1,Es war schrecklich.,schrecklich
Lied,lockere Chefin,Anna,Miriam,1,Es war schrecklich.,schrecklich
Lied,lockere Chefin,Luisa,Sophie,1,Es war schrecklich.,schrecklich
Lied,lockere Chefin,Luisa,Katharina,1,Es war schrecklich.,schrecklich
Lied,lockere Chefin,Sophie,Anna,1,Es war schrecklich.,schrecklich
Lied,lockere Chefin,Miriam,Sophie,1,Es war schrecklich.,schrecklich
Lied,lockere Chefin,Sophie,Katharina,1,Es war schrecklich.,schrecklich
Lied,lockere Chefin,Sophie,Miriam,1,Es war schrecklich.,schrecklich
Lied,lockere Chefin,Sophie,Anna,1,Es war schrecklich.,schrecklich
Lied,lockere Chefin,Luisa,Sophie,1,Es war schrecklich.,schrecklich
Lied,lockere Chefin,Sophie,Katharina,1,Es war schrecklich.,schrecklich
Lied,lockere Chefin,Sophie,Katharina,1,Es war schrecklich.,schrecklich
Lied,lockere Chefin,Miriam,Luisa,1,Es war schrecklich.,schrecklich
Lied,lockere Chefin,Anna,Luisa,2,Es war schlecht.,schlecht
Lied,lockere Chefin,Sophie,Anna,2,Es war okay.,okay
Lied,lockere Chefin,Anna,Luisa,2,Es war okay.,okay
Lied,lockere Chefin,Luisa,Katharina,2,Es war okay.,okay
Lied,lockere Chefin,Anna,Katharina,2,Es war schlecht.,schlecht
Lied,lockere Chefin,Anna,Katharina,2,Es war schlecht.,schlecht
Lied,lockere Chefin,Luisa,Sophie,2,Es war okay.,okay
Lied,lockere Chefin,Sophie,Miriam,2,Es war okay.,okay
Lied,lockere Chefin,Sophie,Katharina,2,Es war okay.,okay
Lied,lockere Chefin,Luisa,Miriam,2,Es war schlecht.,schlecht
Lied,lockere Chefin,Anna,Luisa,2,Es war okay.,okay
Lied,lockere Chefin,Miriam,Sophie,2,Es war schlecht.,schlecht
Lied,lockere Chefin,Sophie,Katharina,2,Es war okay.,okay
Lied,lockere Chefin,Miriam,Katharina,2,Es war schlecht.,schlecht
Lied,lockere Chefin,Luisa,Anna,2,Es war schlecht.,schlecht
Lied,lockere Chefin,Luisa,Anna,2,Es war schlecht.,schlecht
Lied,lockere Chefin,Sophie,Katharina,2,Es war schlecht.,schlecht
Lied,lockere Chefin,Sophie,Katharina,2,Es war okay.,okay
Lied,lockere Chefin,Katharina,Sophie,2,Es war schlecht.,schlecht
Lied,lockere Chefin,Anna,Luisa,2,Es war okay.,okay
Lied,lockere Chefin,Miriam,Katharina,3,Es war okay.,okay
Lied,lockere Chefin,Anna,Sophie,3,Es war okay.,okay
Lied,lockere Chefin,Katharina,Miriam,3,Es war okay.,okay
Lied,lockere Chefin,Katharina,Sophie,3,Es war okay.,okay
Lied,lockere Chefin,Anna,Luisa,3,Es war okay.,okay
Lied,lockere Chefin,Luisa,Katharina,3,Es war okay.,okay
Lied,lockere Chefin,Sophie,Katharina,3,Es war okay.,okay
Lied,lockere Chefin,Katharina,Anna,3,Es war okay.,okay
Lied,lockere Chefin,Luisa,Anna,3,Es war okay.,okay
Lied,lockere Chefin,Miriam,Sophie,3,Es war okay.,okay
Lied,lockere Chefin,Katharina,Luisa,3,Es war okay.,okay
Lied,lockere Chefin,Anna,Luisa,3,Es war okay.,okay
Lied,lockere Chefin,Sophie,Miriam,3,Es war okay.,okay
Lied,lockere Chefin,Luisa,Katharina,3,Es war okay.,okay
Lied,lockere Chefin,Sophie,Katharina,3,Es war okay.,okay
Lied,lockere Chefin,Anna,Miriam,3,Es war okay.,okay
Lied,lockere Chefin,Katharina,Miriam,3,Es war okay.,okay
Lied,lockere Chefin,Sophie,Luisa,3,Es war okay.,okay
Lied,lockere Chefin,Anna,Katharina,3,Es war okay.,okay
Lied,lockere Chefin,Anna,Miriam,3,Es war okay.,okay
Lied,lockere Chefin,Katharina,Luisa,4,Es war gut.,gut
Lied,lockere Chefin,Miriam,Sophie,4,Es war gut.,gut
Lied,lockere Chefin,Sophie,Katharina,4,Es war großartig.,großartig
Lied,lockere Chefin,Luisa,Katharina,4,Es war gut.,gut
Lied,lockere Chefin,Katharina,Anna,4,Es war gut.,gut
Lied,lockere Chefin,Anna,Luisa,4,Es war großartig.,großartig
Lied,lockere Chefin,Sophie,Anna,4,Es war großartig.,großartig
Lied,lockere Chefin,Miriam,Anna,4,Es war großartig.,großartig
Lied,lockere Chefin,Luisa,Katharina,4,Es war großartig.,großartig
Lied,lockere Chefin,Miriam,Luisa,4,Es war gut.,gut
Lied,lockere Chefin,Anna,Miriam,4,Es war großartig.,großartig
Lied,lockere Chefin,Anna,Katharina,4,Es war großartig.,großartig
Lied,lockere Chefin,Anna,Katharina,4,Es war gut.,gut
Lied,lockere Chefin,Miriam,Luisa,4,Es war großartig.,großartig
Lied,lockere Chefin,Sophie,Luisa,4,Es war gut.,gut
Lied,lockere Chefin,Luisa,Anna,4,Es war gut.,gut
Lied,lockere Chefin,Katharina,Luisa,4,Es war gut.,gut
Lied,lockere Chefin,Katharina,Luisa,4,Es war großartig.,großartig
Lied,lockere Chefin,Luisa,Katharina,4,Es war großartig.,großartig
Lied,lockere Chefin,Anna,Sophie,4,Es war großartig.,großartig
Lied,lockere Chefin,Sophie,Luisa,5,Es war großartig.,großartig
Lied,lockere Chefin,Anna,Katharina,5,Es war großartig.,großartig
Lied,lockere Chefin,Luisa,Katharina,5,Es war großartig.,großartig
Lied,lockere Chefin,Miriam,Sophie,5,Es war großartig.,großartig
Lied,lockere Chefin,Sophie,Miriam,5,Es war großartig.,großartig
Lied,lockere Chefin,Sophie,Luisa,5,Es war großartig.,großartig
Lied,lockere Chefin,Miriam,Sophie,5,Es war großartig.,großartig
Lied,lockere Chefin,Luisa,Sophie,5,Es war großartig.,großartig
Lied,lockere Chefin,Miriam,Sophie,5,Es war großartig.,großartig
Lied,lockere Chefin,Anna,Katharina,5,Es war großartig.,großartig
Lied,lockere Chefin,Miriam,Sophie,5,Es war großartig.,großartig
Lied,lockere Chefin,Sophie,Katharina,5,Es war großartig.,großartig
Lied,lockere Chefin,Anna,Miriam,5,Es war großartig.,großartig
Lied,lockere Chefin,Katharina,Miriam,5,Es war großartig.,großartig
Lied,lockere Chefin,Sophie,Miriam,5,Es war großartig.,großartig
Lied,lockere Chefin,Miriam,Katharina,5,Es war großartig.,großartig
Lied,lockere Chefin,Miriam,Luisa,5,Es war großartig.,großartig
Lied,lockere Chefin,Katharina,Anna,5,Es war großartig.,großartig
Lied,lockere Chefin,Sophie,Miriam,5,Es war großartig.,großartig
Lied,lockere Chefin,Anna,Luisa,5,Es war großartig.,großartig
Lied,gefürchtete Chefin,Miriam,Sophie,1,Es war schrecklich.,schrecklich
Lied,gefürchtete Chefin,Katharina,Sophie,1,Es war schrecklich.,schrecklich
Lied,gefürchtete Chefin,Anna,Luisa,1,Es war schrecklich.,schrecklich
Lied,gefürchtete Chefin,Luisa,Katharina,1,Es war schrecklich.,schrecklich
Lied,gefürchtete Chefin,Miriam,Katharina,1,Es war schrecklich.,schrecklich
Lied,gefürchtete Chefin,Miriam,Anna,1,Es war schrecklich.,schrecklich
Lied,gefürchtete Chefin,Anna,Luisa,1,Es war schrecklich.,schrecklich
Lied,gefürchtete Chefin,Anna,Katharina,1,Es war schrecklich.,schrecklich
Lied,gefürchtete Chefin,Sophie,Katharina,1,Es war schrecklich.,schrecklich
Lied,gefürchtete Chefin,Katharina,Anna,1,Es war schrecklich.,schrecklich
Lied,gefürchtete Chefin,Anna,Katharina,1,Es war schrecklich.,schrecklich
Lied,gefürchtete Chefin,Sophie,Anna,1,Es war schrecklich.,schrecklich
Lied,gefürchtete Chefin,Katharina,Sophie,1,Es war schrecklich.,schrecklich
Lied,gefürchtete Chefin,Luisa,Miriam,1,Es war schrecklich.,schrecklich
Lied,gefürchtete Chefin,Miriam,Sophie,1,Es war schrecklich.,schrecklich
Lied,gefürchtete Chefin,Miriam,Anna,1,Es war schrecklich.,schrecklich
Lied,gefürchtete Chefin,Miriam,Katharina,1,Es war schrecklich.,schrecklich
Lied,gefürchtete Chefin,Katharina,Miriam,1,Es war schrecklich.,schrecklich
Lied,gefürchtete Chefin,Katharina,Luisa,1,Es war schrecklich.,schrecklich
Lied,gefürchtete Chefin,Katharina,Anna,1,Es war schrecklich.,schrecklich
Lied,gefürchtete Chefin,Miriam,Sophie,2,Es war schlecht,schlecht
Lied,gefürchtete Chefin,Miriam,Luisa,2,Es war schlecht,schlecht
Lied,gefürchtete Chefin,Sophie,Anna,2,Es war schlecht.,schlecht
Lied,gefürchtete Chefin,Sophie,Luisa,2,Es war schlecht.,schlecht
Lied,gefürchtete Chefin,Anna,Miriam,2,Es war schlecht.,schlecht
Lied,gefürchtete Chefin,Sophie,Katharina,2,Es war schrecklich.,schrecklich
Lied,gefürchtete Chefin,Miriam,Anna,2,Es war schlecht.,schlecht
Lied,gefürchtete Chefin,Luisa,Katharina,2,Es war schlecht.,schlecht
Lied,gefürchtete Chefin,Luisa,Miriam,2,Es war okay.,okay
Lied,gefürchtete Chefin,Anna,Katharina,2,Es war schlecht.,schlecht
Lied,gefürchtete Chefin,Miriam,Sophie,2,Es war schlecht.,schlecht
Lied,gefürchtete Chefin,Katharina,Luisa,2,Es war schlecht,schlecht
Lied,gefürchtete Chefin,Katharina,Luisa,2,Es war schlecht.,schlecht
Lied,gefürchtete Chefin,Katharina,Miriam,2,Es war schlecht,schlecht
Lied,gefürchtete Chefin,Sophie,Miriam,2,Es war schlecht.,schlecht
Lied,gefürchtete Chefin,Katharina,Sophie,2,Es war schlecht.,schlecht
Lied,gefürchtete Chefin,Luisa,Anna,2,Es war schlecht.,schlecht
Lied,gefürchtete Chefin,Anna,Miriam,2,Es war schlecht,schlecht
Lied,gefürchtete Chefin,Miriam,Sophie,2,Es war schlecht.,schlecht
Lied,gefürchtete Chefin,Anna,Sophie,2,Es war schrecklich.,schrecklich
Lied,gefürchtete Chefin,Sophie,Miriam,3,Es war okay.,okay
Lied,gefürchtete Chefin,Katharina,Anna,3,Es war okay.,okay
Lied,gefürchtete Chefin,Katharina,Anna,3,Es war okay.,okay
Lied,gefürchtete Chefin,Miriam,Anna,3,Es war okay.,okay
Lied,gefürchtete Chefin,Luisa,Anna,3,Es war okay.,okay
Lied,gefürchtete Chefin,Luisa,Miriam,3,Es war okay.,okay
Lied,gefürchtete Chefin,Anna,Luisa,3,Es war okay.,okay
Lied,gefürchtete Chefin,Miriam,Katharina,3,Es war okay.,okay
Lied,gefürchtete Chefin,Luisa,Sophie,3,Es war okay.,okay
Lied,gefürchtete Chefin,Luisa,Sophie,3,Es war okay.,okay
Lied,gefürchtete Chefin,Katharina,Anna,3,Es war okay.,okay
Lied,gefürchtete Chefin,Luisa,Miriam,3,Es war okay.,okay
Lied,gefürchtete Chefin,Katharina,Luisa,3,Es war okay.,okay
Lied,gefürchtete Chefin,Anna,Sophie,3,Es war okay.,okay
Lied,gefürchtete Chefin,Sophie,Luisa,3,Es war okay.,okay
Lied,gefürchtete Chefin,Miriam,Katharina,3,Es war okay.,okay
Lied,gefürchtete Chefin,Sophie,Luisa,3,Es war okay.,okay
Lied,gefürchtete Chefin,Sophie,Anna,3,Es war okay.,okay
Lied,gefürchtete Chefin,Luisa,Sophie,3,Es war okay.,okay
Lied,gefürchtete Chefin,Sophie,Anna,3,Es war okay.,okay
Lied,gefürchtete Chefin,Miriam,Sophie,4,Es war gut.,gut
Lied,gefürchtete Chefin,Katharina,Luisa,4,Es war großartig.,großartig
Lied,gefürchtete Chefin,Sophie,Miriam,4,Es war großartig.,großartig
Lied,gefürchtete Chefin,Anna,Katharina,4,Es war großartig.,großartig
Lied,gefürchtete Chefin,Katharina,Luisa,4,Es war gut.,gut
Lied,gefürchtete Chefin,Sophie,Katharina,4,Es war gut.,gut
Lied,gefürchtete Chefin,Luisa,Miriam,4,Es war großartig.,großartig
Lied,gefürchtete Chefin,Sophie,Luisa,4,Es war großartig.,großartig
Lied,gefürchtete Chefin,Miriam,Sophie,4,Es war großartig.,großartig
Lied,gefürchtete Chefin,Sophie,Miriam,4,Es war großartig.,großartig
Lied,gefürchtete Chefin,Katharina,Anna,4,Es war großartig.,großartig
Lied,gefürchtete Chefin,Sophie,Luisa,4,Es war großartig.,großartig
Lied,gefürchtete Chefin,Sophie,Katharina,4,Es war großartig.,großartig
Lied,gefürchtete Chefin,Anna,Miriam,4,Es war großartig.,großartig
Lied,gefürchtete Chefin,Katharina,Sophie,4,Es war großartig.,großartig
Lied,gefürchtete Chefin,Miriam,Katharina,4,Es war großartig.,großartig
Lied,gefürchtete Chefin,Anna,Miriam,4,Es war großartig.,großartig
Lied,gefürchtete Chefin,Katharina,Miriam,4,Es war großartig.,großartig
Lied,gefürchtete Chefin,Anna,Sophie,4,Es war großartig.,großartig
Lied,gefürchtete Chefin,Katharina,Miriam,4,Es war großartig.,großartig
Lied,gefürchtete Chefin,Anna,Luisa,5,Es war großartig.,großartig
Lied,gefürchtete Chefin,Katharina,Anna,5,Es war großartig.,großartig
Lied,gefürchtete Chefin,Luisa,Sophie,5,Es war großartig.,großartig
Lied,gefürchtete Chefin,Luisa,Katharina,5,Es war großartig.,großartig
Lied,gefürchtete Chefin,Katharina,Luisa,5,Es war großartig.,großartig
Lied,gefürchtete Chefin,Katharina,Miriam,5,Es war großartig.,großartig
Lied,gefürchtete Chefin,Anna,Luisa,5,Es war großartig.,großartig
Lied,gefürchtete Chefin,Luisa,Miriam,5,Es war großartig.,großartig
Lied,gefürchtete Chefin,Sophie,Miriam,5,Es war großartig.,großartig
Lied,gefürchtete Chefin,Katharina,Sophie,5,Es war großartig.,großartig
Lied,gefürchtete Chefin,Sophie,Miriam,5,Es war großartig.,großartig
Lied,gefürchtete Chefin,Miriam,Katharina,5,Es war großartig.,großartig
Lied,gefürchtete Chefin,Anna,Luisa,5,Es war großartig.,großartig
Lied,gefürchtete Chefin,Anna,Sophie,5,Es war großartig.,großartig
Lied,gefürchtete Chefin,Sophie,Luisa,5,Es war großartig.,großartig
Lied,gefürchtete Chefin,Luisa,Miriam,5,Es war großartig.,großartig
Lied,gefürchtete Chefin,Anna,Katharina,5,Es war großartig.,großartig
Lied,gefürchtete Chefin,Miriam,Sophie,5,Es war großartig.,großartig
Lied,gefürchtete Chefin,Katharina,Miriam,5,Es war großartig.,großartig
Lied,gefürchtete Chefin,Luisa,Anna,5,Es war großartig.,großartig
Film,enge Freundin,Katharina,Miriam,1,Es war schrecklich.,schrecklich
Film,enge Freundin,Miriam,Luisa,1,Es war schrecklich.,schrecklich
Film,enge Freundin,Miriam,Luisa,1,Es war schrecklich.,schrecklich
Film,enge Freundin,Luisa,Miriam,1,Es war schrecklich.,schrecklich
Film,enge Freundin,Sophie,Katharina,1,Es war schrecklich.,schrecklich
Film,enge Freundin,Katharina,Miriam,1,Es war schrecklich.,schrecklich
Film,enge Freundin,Anna,Katharina,1,Es war schrecklich.,schrecklich
Film,enge Freundin,Katharina,Anna,1,Es war schrecklich.,schrecklich
Film,enge Freundin,Miriam,Anna,1,Es war schrecklich.,schrecklich
Film,enge Freundin,Anna,Sophie,1,Es war schrecklich.,schrecklich
Film,enge Freundin,Katharina,Sophie,1,Es war schrecklich.,schrecklich
Film,enge Freundin,Luisa,Anna,1,Es war schrecklich.,schrecklich
Film,enge Freundin,Anna,Katharina,1,Es war schrecklich.,schrecklich
Film,enge Freundin,Katharina,Luisa,1,Es war schrecklich.,schrecklich
Film,enge Freundin,Luisa,Miriam,1,Es war schrecklich.,schrecklich
Film,enge Freundin,Miriam,Katharina,1,Es war schrecklich.,schrecklich
Film,enge Freundin,Sophie,Katharina,1,Es war schrecklich.,schrecklich
Film,enge Freundin,Anna,Luisa,1,Es war schrecklich.,schrecklich
Film,enge Freundin,Sophie,Luisa,1,Es war schrecklich.,schrecklich
Film,enge Freundin,Luisa,Sophie,1,Es war schrecklich.,schrecklich
Film,enge Freundin,Miriam,Luisa,2,Es war schlecht.,schlecht
Film,enge Freundin,Miriam,Katharina,2,Es war schlecht.,schlecht
Film,enge Freundin,Anna,Luisa,2,Es war schlecht.,schlecht
Film,enge Freundin,Miriam,Luisa,2,Es war schlecht.,schlecht
Film,enge Freundin,Sophie,Miriam,2,Es war okay.,okay
Film,enge Freundin,Katharina,Sophie,2,Es war schlecht.,schlecht
Film,enge Freundin,Luisa,Miriam,2,Es war schlecht.,schlecht
Film,enge Freundin,Sophie,Anna,2,Es war schlecht.,schlecht
Film,enge Freundin,Anna,Miriam,2,Es war schlecht.,schlecht
Film,enge Freundin,Katharina,Luisa,2,Es war schlecht.,schlecht
Film,enge Freundin,Anna,Miriam,2,Es war schlecht.,schlecht
Film,enge Freundin,Katharina,Anna,2,Es war schlecht.,schlecht
Film,enge Freundin,Luisa,Miriam,2,Es war schlecht.,schlecht
Film,enge Freundin,Luisa,Anna,2,Es war schlecht.,schlecht
Film,enge Freundin,Katharina,Anna,2,Es war schlecht.,schlecht
Film,enge Freundin,Luisa,Sophie,2,Es war schlecht.,schlecht
Film,enge Freundin,Miriam,Sophie,2,Es war schlecht.,schlecht
Film,enge Freundin,Anna,Miriam,2,Es war schlecht.,schlecht
Film,enge Freundin,Luisa,Katharina,2,Es war schlecht.,schlecht
Film,enge Freundin,Miriam,Luisa,2,Es war schlecht.,schlecht
Film,enge Freundin,Miriam,Sophie,3,Es war okay.,okay
Film,enge Freundin,Luisa,Katharina,3,Es war okay.,okay
Film,enge Freundin,Luisa,Sophie,3,Es war okay.,okay
Film,enge Freundin,Anna,Sophie,3,Es war okay.,okay
Film,enge Freundin,Miriam,Anna,3,Es war okay.,okay
Film,enge Freundin,Luisa,Miriam,3,Es war okay.,okay
Film,enge Freundin,Sophie,Katharina,3,Es war okay.,okay
Film,enge Freundin,Miriam,Sophie,3,Es war okay.,okay
Film,enge Freundin,Miriam,Sophie,3,Es war okay.,okay
Film,enge Freundin,Anna,Katharina,3,Es war okay.,okay
Film,enge Freundin,Katharina,Anna,3,Es war okay.,okay
Film,enge Freundin,Luisa,Sophie,3,Es war okay.,okay
Film,enge Freundin,Katharina,Sophie,3,Es war okay.,okay
Film,enge Freundin,Miriam,Luisa,3,Es war okay.,okay
Film,enge Freundin,Anna,Miriam,3,Es war okay.,okay
Film,enge Freundin,Sophie,Katharina,3,Es war okay.,okay
Film,enge Freundin,Luisa,Anna,3,Es war okay.,okay
Film,enge Freundin,Katharina,Miriam,3,Es war okay.,okay
Film,enge Freundin,Luisa,Katharina,3,Es war okay.,okay
Film,enge Freundin,Anna,Katharina,3,Es war okay.,okay
Film,enge Freundin,Katharina,Miriam,4,Es war großartig.,großartig
Film,enge Freundin,Sophie,Anna,4,Es war großartig.,großartig
Film,enge Freundin,Sophie,Miriam,4,Es war großartig.,großartig
Film,enge Freundin,Anna,Katharina,4,Es war großartig.,großartig
Film,enge Freundin,Luisa,Miriam,4,Es war großartig.,großartig
Film,enge Freundin,Miriam,Anna,4,Es war großartig.,großartig
Film,enge Freundin,Katharina,Sophie,4,Es war großartig.,großartig
Film,enge Freundin,Anna,Miriam,4,Es war großartig.,großartig
Film,enge Freundin,Katharina,Miriam,4,Es war großartig.,großartig
Film,enge Freundin,Miriam,Katharina,4,Es war großartig.,großartig
Film,enge Freundin,Katharina,Sophie,4,Es war großartig.,großartig
Film,enge Freundin,Katharina,Anna,4,Es war großartig.,großartig
Film,enge Freundin,Anna,Miriam,4,Es war großartig.,großartig
Film,enge Freundin,Katharina,Sophie,4,Es war großartig.,großartig
Film,enge Freundin,Anna,Miriam,4,Es war großartig.,großartig
Film,enge Freundin,Katharina,Sophie,4,Es war großartig.,großartig
Film,enge Freundin,Anna,Katharina,4,Es war großartig.,großartig
Film,enge Freundin,Luisa,Anna,4,Es war großartig.,großartig
Film,enge Freundin,Luisa,Anna,4,Es war großartig.,großartig
Film,enge Freundin,Miriam,Luisa,4,Es war großartig.,großartig
Film,enge Freundin,Katharina,Miriam,5,Es war großartig.,großartig
Film,enge Freundin,Sophie,Miriam,5,Es war großartig.,großartig
Film,enge Freundin,Anna,Miriam,5,Es war großartig.,großartig
Film,enge Freundin,Sophie,Katharina,5,Es war großartig.,großartig
Film,enge Freundin,Luisa,Sophie,5,Es war großartig.,großartig
Film,enge Freundin,Luisa,Anna,5,Es war großartig.,großartig
Film,enge Freundin,Luisa,Miriam,5,Es war großartig.,großartig
Film,enge Freundin,Miriam,Luisa,5,Es war großartig.,großartig
Film,enge Freundin,Sophie,Katharina,5,Es war großartig.,großartig
Film,enge Freundin,Katharina,Sophie,5,Es war großartig.,großartig
Film,enge Freundin,Sophie,Luisa,5,Es war großartig.,großartig
Film,enge Freundin,Luisa,Miriam,5,Es war großartig.,großartig
Film,enge Freundin,Katharina,Anna,5,Es war großartig.,großartig
Film,enge Freundin,Miriam,Katharina,5,Es war großartig.,großartig
Film,enge Freundin,Anna,Luisa,5,Es war großartig.,großartig
Film,enge Freundin,Sophie,Miriam,5,Es war großartig.,großartig
Film,enge Freundin,Sophie,Luisa,5,Es war großartig.,großartig
Film,enge Freundin,Luisa,Sophie,5,Es war großartig.,großartig
Film,enge Freundin,Sophie,Miriam,5,Es war großartig.,großartig
Film,enge Freundin,Miriam,Anna,5,Es war großartig.,großartig
Film,entfernte Kollegin,Sophie,Anna,1,Es war schrecklich.,schrecklich
Film,entfernte Kollegin,Sophie,Katharina,1,Es war schrecklich.,schrecklich
Film,entfernte Kollegin,Anna,Katharina,1,Es war schrecklich.,schrecklich
Film,entfernte Kollegin,Anna,Luisa,1,Es war schrecklich.,schrecklich
Film,entfernte Kollegin,Anna,Miriam,1,Es war schrecklich.,schrecklich
Film,entfernte Kollegin,Luisa,Sophie,1,Es war schrecklich.,schrecklich
Film,entfernte Kollegin,Miriam,Anna,1,Es war schrecklich.,schrecklich
Film,entfernte Kollegin,Katharina,Anna,1,Es war schrecklich.,schrecklich
Film,entfernte Kollegin,Katharina,Sophie,1,Es war schrecklich.,schrecklich
Film,entfernte Kollegin,Luisa,Sophie,1,Es war schrecklich.,schrecklich
Film,entfernte Kollegin,Katharina,Miriam,1,Es war schrecklich.,schrecklich
Film,entfernte Kollegin,Miriam,Katharina,1,Es war schrecklich.,schrecklich
Film,entfernte Kollegin,Anna,Katharina,1,Es war schrecklich.,schrecklich
Film,entfernte Kollegin,Miriam,Sophie,1,Es war schrecklich.,schrecklich
Film,entfernte Kollegin,Katharina,Miriam,1,Es war schrecklich.,schrecklich
Film,entfernte Kollegin,Sophie,Miriam,1,Es war schrecklich.,schrecklich
Film,entfernte Kollegin,Luisa,Sophie,1,Es war schrecklich.,schrecklich
Film,entfernte Kollegin,Anna,Luisa,1,Es war schrecklich.,schrecklich
Film,entfernte Kollegin,Sophie,Luisa,1,Es war schrecklich.,schrecklich
Film,entfernte Kollegin,Anna,Sophie,1,Es war schrecklich.,schrecklich
Film,entfernte Kollegin,Katharina,Miriam,2,Es war schlecht.,schlecht
Film,entfernte Kollegin,Miriam,Anna,2,Es war schlecht.,schlecht
Film,entfernte Kollegin,Miriam,Anna,2,Es war schlecht.,schlecht
Film,entfernte Kollegin,Sophie,Luisa,2,Es war schlecht.,schlecht
Film,entfernte Kollegin,Sophie,Luisa,2,Es war schlecht.,schlecht
Film,entfernte Kollegin,Miriam,Katharina,2,Es war schlecht.,schlecht
Film,entfernte Kollegin,Anna,Luisa,2,Es war schlecht.,schlecht
Film,entfernte Kollegin,Miriam,Katharina,2,Es war schlecht.,schlecht
Film,entfernte Kollegin,Miriam,Sophie,2,Es war schlecht.,schlecht
Film,entfernte Kollegin,Katharina,Anna,2,Es war okay.,okay
Film,entfernte Kollegin,Anna,Sophie,2,Es war schlecht.,schlecht
Film,entfernte Kollegin,Luisa,Miriam,2,Es war schlecht.,schlecht
Film,entfernte Kollegin,Katharina,Miriam,2,Es war schlecht.,schlecht
Film,entfernte Kollegin,Sophie,Luisa,2,Es war schlecht.,schlecht
Film,entfernte Kollegin,Anna,Miriam,2,Es war schlecht.,schlecht
Film,entfernte Kollegin,Luisa,Anna,2,Es war schlecht.,schlecht
Film,entfernte Kollegin,Katharina,Sophie,2,Es war schlecht.,schlecht
Film,entfernte Kollegin,Sophie,Miriam,2,Es war schlecht.,schlecht
Film,entfernte Kollegin,Anna,Miriam,2,Es war schlecht.,schlecht
Film,entfernte Kollegin,Anna,Luisa,2,Es war schlecht.,schlecht
Film,entfernte Kollegin,Luisa,Anna,3,Es war okay.,okay
Film,entfernte Kollegin,Anna,Sophie,3,Es war okay.,okay
Film,entfernte Kollegin,Katharina,Anna,3,Es war okay.,okay
Film,entfernte Kollegin,Luisa,Anna,3,Es war okay.,okay
Film,entfernte Kollegin,Katharina,Miriam,3,Es war okay.,okay
Film,entfernte Kollegin,Miriam,Katharina,3,Es war okay.,okay
Film,entfernte Kollegin,Sophie,Luisa,3,Es war okay.,okay
Film,entfernte Kollegin,Miriam,Anna,3,Es war okay.,okay
Film,entfernte Kollegin,Katharina,Luisa,3,Es war okay.,okay
Film,entfernte Kollegin,Katharina,Sophie,3,Es war okay.,okay
Film,entfernte Kollegin,Miriam,Sophie,3,Es war okay.,okay
Film,entfernte Kollegin,Luisa,Sophie,3,Es war okay.,okay
Film,entfernte Kollegin,Luisa,Anna,3,Es war okay.,okay
Film,entfernte Kollegin,Miriam,Luisa,3,Es war okay.,okay
Film,entfernte Kollegin,Sophie,Luisa,3,Es war okay.,okay
Film,entfernte Kollegin,Katharina,Sophie,3,Es war okay.,okay
Film,entfernte Kollegin,Luisa,Miriam,3,Es war okay.,okay
Film,entfernte Kollegin,Katharina,Sophie,3,Es war okay.,okay
Film,entfernte Kollegin,Anna,Katharina,3,Es war okay.,okay
Film,entfernte Kollegin,Sophie,Luisa,3,Es war okay.,okay
Film,entfernte Kollegin,Sophie,Katharina,4,Es war großartig.,großartig
Film,entfernte Kollegin,Miriam,Sophie,4,Es war gut.,gut
Film,entfernte Kollegin,Anna,Sophie,4,Es war großartig.,großartig
Film,entfernte Kollegin,Sophie,Katharina,4,Es war großartig.,großartig
Film,entfernte Kollegin,Sophie,Katharina,4,Es war großartig.,großartig
Film,entfernte Kollegin,Katharina,Sophie,4,Es war großartig.,großartig
Film,entfernte Kollegin,Miriam,Katharina,4,Es war großartig.,großartig
Film,entfernte Kollegin,Katharina,Sophie,4,Es war großartig.,großartig
Film,entfernte Kollegin,Katharina,Luisa,4,Es war großartig.,großartig
Film,entfernte Kollegin,Katharina,Miriam,4,Es war großartig.,großartig
Film,entfernte Kollegin,Katharina,Luisa,4,Es war großartig.,großartig
Film,entfernte Kollegin,Anna,Katharina,4,Es war großartig.,großartig
Film,entfernte Kollegin,Sophie,Anna,4,Es war großartig.,großartig
Film,entfernte Kollegin,Katharina,Miriam,4,Es war großartig.,großartig
Film,entfernte Kollegin,Miriam,Anna,4,Es war großartig.,großartig
Film,entfernte Kollegin,Katharina,Anna,4,Es war großartig.,großartig
Film,entfernte Kollegin,Anna,Miriam,4,Es war großartig.,großartig
Film,entfernte Kollegin,Luisa,Sophie,4,Es war gut.,gut
Film,entfernte Kollegin,Katharina,Miriam,4,Es war großartig.,großartig
Film,entfernte Kollegin,Luisa,Miriam,4,Es war großartig.,großartig
Film,entfernte Kollegin,Luisa,Katharina,5,Es war großartig.,großartig
Film,entfernte Kollegin,Luisa,Anna,5,Es war großartig.,großartig
Film,entfernte Kollegin,Luisa,Katharina,5,Es war großartig.,großartig
Film,entfernte Kollegin,Katharina,Luisa,5,Es war großartig.,großartig
Film,entfernte Kollegin,Sophie,Luisa,5,Es war großartig.,großartig
Film,entfernte Kollegin,Anna,Luisa,5,Es war großartig.,großartig
Film,entfernte Kollegin,Miriam,Sophie,5,Es war großartig.,großartig
Film,entfernte Kollegin,Katharina,Luisa,5,Es war großartig.,großartig
Film,entfernte Kollegin,Luisa,Katharina,5,Es war großartig.,großartig
Film,entfernte Kollegin,Anna,Katharina,5,Es war großartig.,großartig
Film,entfernte Kollegin,Katharina,Sophie,5,Es war großartig.,großartig
Film,entfernte Kollegin,Sophie,Katharina,5,Es war großartig.,großartig
Film,entfernte Kollegin,Luisa,Miriam,5,Es war großartig.,großartig
Film,entfernte Kollegin,Sophie,Katharina,5,Es war großartig.,großartig
Film,entfernte Kollegin,Miriam,Katharina,5,Es war großartig.,großartig
Film,entfernte Kollegin,Anna,Miriam,5,Es war großartig.,großartig
Film,entfernte Kollegin,Sophie,Anna,5,Es war großartig.,großartig
Film,entfernte Kollegin,Anna,Miriam,5,Es war großartig.,großartig
Film,entfernte Kollegin,Sophie,Miriam,5,Es war großartig.,großartig
Film,entfernte Kollegin,Miriam,Luisa,5,Es war großartig.,großartig
Film,lockere Chefin,Sophie,Luisa,1,Es war schrecklich.,schrecklich
Film,lockere Chefin,Miriam,Anna,1,Es war schrecklich.,schrecklich
Film,lockere Chefin,Anna,Luisa,1,Es war schrecklich.,schrecklich
Film,lockere Chefin,Sophie,Miriam,1,Es war schrecklich.,schrecklich
Film,lockere Chefin,Miriam,Sophie,1,Es war schrecklich.,schrecklich
Film,lockere Chefin,Luisa,Katharina,1,Es war schrecklich.,schrecklich
Film,lockere Chefin,Sophie,Luisa,1,Es war schrecklich.,schrecklich
Film,lockere Chefin,Katharina,Miriam,1,Es war schrecklich.,schrecklich
Film,lockere Chefin,Miriam,Luisa,1,Es war schrecklich.,schrecklich
Film,lockere Chefin,Anna,Sophie,1,Es war schrecklich.,schrecklich
Film,lockere Chefin,Anna,Miriam,1,Es war schrecklich.,schrecklich
Film,lockere Chefin,Sophie,Luisa,1,Es war schrecklich.,schrecklich
Film,lockere Chefin,Katharina,Anna,1,Es war schrecklich.,schrecklich
Film,lockere Chefin,Miriam,Luisa,1,Es war schrecklich.,schrecklich
Film,lockere Chefin,Sophie,Anna,1,Es war schrecklich.,schrecklich
Film,lockere Chefin,Katharina,Anna,1,Es war schrecklich.,schrecklich
Film,lockere Chefin,Luisa,Katharina,1,Es war schrecklich.,schrecklich
Film,lockere Chefin,Anna,Luisa,1,Es war schrecklich.,schrecklich
Film,lockere Chefin,Sophie,Anna,1,Es war schrecklich.,schrecklich
Film,lockere Chefin,Luisa,Katharina,1,Es war schrecklich.,schrecklich
Film,lockere Chefin,Miriam,Anna,2,Es war schlecht.,schlecht
Film,lockere Chefin,Katharina,Sophie,2,Es war schlecht.,schlecht
Film,lockere Chefin,Miriam,Katharina,2,Es war schlecht.,schlecht
Film,lockere Chefin,Katharina,Anna,2,Es war schlecht.,schlecht
Film,lockere Chefin,Luisa,Sophie,2,Es war schlecht.,schlecht
Film,lockere Chefin,Sophie,Miriam,2,Es war schlecht.,schlecht
Film,lockere Chefin,Luisa,Anna,2,Es war schlecht.,schlecht
Film,lockere Chefin,Luisa,Miriam,2,Es war schlecht.,schlecht
Film,lockere Chefin,Miriam,Anna,2,Es war schlecht.,schlecht
Film,lockere Chefin,Sophie,Katharina,2,Es war schrecklich.,schrecklich
Film,lockere Chefin,Luisa,Katharina,2,Es war schlecht.,schlecht
Film,lockere Chefin,Anna,Luisa,2,Es war schlecht.,schlecht
Film,lockere Chefin,Sophie,Katharina,2,Es war schlecht.,schlecht
Film,lockere Chefin,Katharina,Miriam,2,Es war schlecht.,schlecht
Film,lockere Chefin,Katharina,Miriam,2,Es war schlecht.,schlecht
Film,lockere Chefin,Luisa,Miriam,2,Es war schlecht.,schlecht
Film,lockere Chefin,Katharina,Sophie,2,Es war schlecht.,schlecht
Film,lockere Chefin,Luisa,Anna,2,Es war schlecht.,schlecht
Film,lockere Chefin,Luisa,Miriam,2,Es war schlecht.,schlecht
Film,lockere Chefin,Luisa,Sophie,2,Es war schlecht.,schlecht
Film,lockere Chefin,Katharina,Sophie,3,Es war okay.,okay
Film,lockere Chefin,Luisa,Sophie,3,Es war okay.,okay
Film,lockere Chefin,Luisa,Katharina,3,Es war okay.,okay
Film,lockere Chefin,Anna,Sophie,3,Es war okay.,okay
Film,lockere Chefin,Katharina,Miriam,3,Es war okay.,okay
Film,lockere Chefin,Sophie,Miriam,3,Es war okay.,okay
Film,lockere Chefin,Katharina,Miriam,3,Es war okay.,okay
Film,lockere Chefin,Miriam,Katharina,3,Es war okay.,okay
Film,lockere Chefin,Luisa,Sophie,3,Es war okay.,okay
Film,lockere Chefin,Sophie,Luisa,3,Es war okay.,okay
Film,lockere Chefin,Miriam,Sophie,3,Es war okay.,okay
Film,lockere Chefin,Katharina,Miriam,3,Es war okay.,okay
Film,lockere Chefin,Sophie,Luisa,3,Es war okay.,okay
Film,lockere Chefin,Luisa,Anna,3,Es war okay.,okay
Film,lockere Chefin,Miriam,Luisa,3,Es war okay.,okay
Film,lockere Chefin,Anna,Luisa,3,Es war okay.,okay
Film,lockere Chefin,Luisa,Miriam,3,Es war okay.,okay
Film,lockere Chefin,Katharina,Sophie,3,Es war okay.,okay
Film,lockere Chefin,Miriam,Sophie,3,Es war okay.,okay
Film,lockere Chefin,Miriam,Luisa,3,Es war okay.,okay
Film,lockere Chefin,Luisa,Sophie,4,Es war gut.,gut
Film,lockere Chefin,Katharina,Sophie,4,Es war gut.,gut
Film,lockere Chefin,Miriam,Sophie,4,Es war gut.,gut
Film,lockere Chefin,Anna,Miriam,4,Es war großartig.,großartig
Film,lockere Chefin,Sophie,Luisa,4,Es war gut.,gut
Film,lockere Chefin,Sophie,Katharina,4,Es war gut.,gut
Film,lockere Chefin,Katharina,Anna,4,Es war großartig.,großartig
Film,lockere Chefin,Miriam,Luisa,4,Es war gut.,gut
Film,lockere Chefin,Katharina,Luisa,4,Es war gut.,gut
Film,lockere Chefin,Miriam,Sophie,4,Es war gut.,gut
Film,lockere Chefin,Luisa,Anna,4,Es war großartig.,großartig
Film,lockere Chefin,Luisa,Sophie,4,Es war gut.,gut
Film,lockere Chefin,Katharina,Sophie,4,Es war gut.,gut
Film,lockere Chefin,Katharina,Sophie,4,Es war großartig.,großartig
Film,lockere Chefin,Miriam,Anna,4,Es war großartig.,großartig
Film,lockere Chefin,Anna,Katharina,4,Es war großartig.,großartig
Film,lockere Chefin,Luisa,Miriam,4,Es war großartig.,großartig
Film,lockere Chefin,Miriam,Anna,4,Es war gut.,gut
Film,lockere Chefin,Miriam,Anna,4,Es war großartig.,großartig
Film,lockere Chefin,Sophie,Anna,4,Es war großartig.,großartig
Film,lockere Chefin,Anna,Miriam,5,Es war großartig.,großartig
Film,lockere Chefin,Anna,Katharina,5,Es war großartig.,großartig
Film,lockere Chefin,Anna,Miriam,5,Es war großartig.,großartig
Film,lockere Chefin,Sophie,Anna,5,Es war großartig.,großartig
Film,lockere Chefin,Miriam,Anna,5,Es war großartig.,großartig
Film,lockere Chefin,Miriam,Anna,5,Es war großartig.,großartig
Film,lockere Chefin,Luisa,Katharina,5,Es war großartig.,großartig
Film,lockere Chefin,Miriam,Anna,5,Es war großartig.,großartig
Film,lockere Chefin,Katharina,Sophie,5,Es war großartig.,großartig
Film,lockere Chefin,Sophie,Anna,5,Es war großartig.,großartig
Film,lockere Chefin,Anna,Luisa,5,Es war großartig.,großartig
Film,lockere Chefin,Luisa,Anna,5,Es war großartig.,großartig
Film,lockere Chefin,Katharina,Luisa,5,Es war großartig.,großartig
Film,lockere Chefin,Anna,Katharina,5,Es war großartig.,großartig
Film,lockere Chefin,Luisa,Miriam,5,Es war großartig.,großartig
Film,lockere Chefin,Anna,Katharina,5,Es war großartig.,großartig
Film,lockere Chefin,Luisa,Miriam,5,Es war großartig.,großartig
Film,lockere Chefin,Katharina,Anna,5,Es war großartig.,großartig
Film,lockere Chefin,Anna,Luisa,5,Es war großartig.,großartig
Film,lockere Chefin,Katharina,Sophie,5,Es war großartig.,großartig
Film,gefürchtete Chefin,Luisa,Anna,1,Es war schrecklich.,schrecklich
Film,gefürchtete Chefin,Katharina,Anna,1,Es war schrecklich.,schrecklich
Film,gefürchtete Chefin,Luisa,Sophie,1,Es war schrecklich.,schrecklich
Film,gefürchtete Chefin,Katharina,Sophie,1,Es war schrecklich.,schrecklich
Film,gefürchtete Chefin,Katharina,Luisa,1,Es war schrecklich.,schrecklich
Film,gefürchtete Chefin,Miriam,Luisa,1,Es war schrecklich.,schrecklich
Film,gefürchtete Chefin,Luisa,Sophie,1,Es war schrecklich.,schrecklich
Film,gefürchtete Chefin,Miriam,Sophie,1,Es war schrecklich.,schrecklich
Film,gefürchtete Chefin,Luisa,Anna,1,Es war schrecklich.,schrecklich
Film,gefürchtete Chefin,Luisa,Anna,1,Es war schrecklich.,schrecklich
Film,gefürchtete Chefin,Anna,Sophie,1,Es war schrecklich.,schrecklich
Film,gefürchtete Chefin,Anna,Katharina,1,Es war schrecklich.,schrecklich
Film,gefürchtete Chefin,Sophie,Anna,1,Es war schrecklich.,schrecklich
Film,gefürchtete Chefin,Anna,Luisa,1,Es war schrecklich.,schrecklich
Film,gefürchtete Chefin,Katharina,Anna,1,Es war schrecklich.,schrecklich
Film,gefürchtete Chefin,Luisa,Sophie,1,Es war schrecklich.,schrecklich
Film,gefürchtete Chefin,Miriam,Luisa,1,Es war schrecklich.,schrecklich
Film,gefürchtete Chefin,Miriam,Anna,1,Es war schrecklich.,schrecklich
Film,gefürchtete Chefin,Miriam,Katharina,1,Es war schrecklich.,schrecklich
Film,gefürchtete Chefin,Sophie,Miriam,1,Es war schrecklich.,schrecklich
Film,gefürchtete Chefin,Katharina,Sophie,2,Es war schrecklich.,schrecklich
Film,gefürchtete Chefin,Miriam,Luisa,2,Es war schlecht.,schlecht
Film,gefürchtete Chefin,Luisa,Sophie,2,Es war schlecht.,schlecht
Film,gefürchtete Chefin,Miriam,Luisa,2,Es war schrecklich.,schrecklich
Film,gefürchtete Chefin,Miriam,Anna,2,Es war schrecklich.,schrecklich
Film,gefürchtete Chefin,Miriam,Katharina,2,Es war schrecklich.,schrecklich
Film,gefürchtete Chefin,Miriam,Katharina,2,Es war schlecht.,schlecht
Film,gefürchtete Chefin,Miriam,Sophie,2,Es war schrecklich.,schrecklich
Film,gefürchtete Chefin,Miriam,Anna,2,Es war schlecht.,schlecht
Film,gefürchtete Chefin,Sophie,Luisa,2,Es war schrecklich.,schrecklich
Film,gefürchtete Chefin,Luisa,Anna,2,Es war schlecht.,schlecht
Film,gefürchtete Chefin,Luisa,Sophie,2,Es war schlecht.,schlecht
Film,gefürchtete Chefin,Katharina,Luisa,2,Es war schrecklich.,schrecklich
Film,gefürchtete Chefin,Anna,Katharina,2,Es war schrecklich.,schrecklich
Film,gefürchtete Chefin,Luisa,Anna,2,Es war schlecht.,schlecht
Film,gefürchtete Chefin,Katharina,Luisa,2,Es war schrecklich.,schrecklich
Film,gefürchtete Chefin,Katharina,Luisa,2,Es war schlecht.,schlecht
Film,gefürchtete Chefin,Miriam,Anna,2,Es war schlecht.,schlecht
Film,gefürchtete Chefin,Miriam,Luisa,2,Es war schlecht.,schlecht
Film,gefürchtete Chefin,Miriam,Luisa,2,Es war schlecht.,schlecht
Film,gefürchtete Chefin,Miriam,Sophie,3,Es war okay.,okay
Film,gefürchtete Chefin,Katharina,Miriam,3,Es war okay.,okay
Film,gefürchtete Chefin,Luisa,Miriam,3,Es war okay.,okay
Film,gefürchtete Chefin,Anna,Luisa,3,Es war okay.,okay
Film,gefürchtete Chefin,Katharina,Luisa,3,Es war okay.,okay
Film,gefürchtete Chefin,Anna,Miriam,3,Es war okay.,okay
Film,gefürchtete Chefin,Luisa,Katharina,3,Es war okay.,okay
Film,gefürchtete Chefin,Sophie,Anna,3,Es war okay.,okay
Film,gefürchtete Chefin,Miriam,Anna,3,Es war okay.,okay
Film,gefürchtete Chefin,Miriam,Luisa,3,Es war okay.,okay
Film,gefürchtete Chefin,Katharina,Luisa,3,Es war okay.,okay
Film,gefürchtete Chefin,Katharina,Miriam,3,Es war okay.,okay
Film,gefürchtete Chefin,Luisa,Katharina,3,Es war okay.,okay
Film,gefürchtete Chefin,Miriam,Katharina,3,Es war okay.,okay
Film,gefürchtete Chefin,Sophie,Katharina,3,Es war okay.,okay
Film,gefürchtete Chefin,Anna,Katharina,3,Es war okay.,okay
Film,gefürchtete Chefin,Anna,Luisa,3,Es war okay.,okay
Film,gefürchtete Chefin,Luisa,Katharina,3,Es war okay.,okay
Film,gefürchtete Chefin,Luisa,Anna,3,Es war okay.,okay
Film,gefürchtete Chefin,Miriam,Katharina,3,Es war okay.,okay
Film,gefürchtete Chefin,Katharina,Anna,4,Es war großartig.,großartig
Film,gefürchtete Chefin,Anna,Katharina,4,Es war großartig.,großartig
Film,gefürchtete Chefin,Anna,Luisa,4,Es war großartig.,großartig
Film,gefürchtete Chefin,Sophie,Luisa,4,Es war großartig.,großartig
Film,gefürchtete Chefin,Sophie,Luisa,4,Es war großartig.,großartig
Film,gefürchtete Chefin,Katharina,Miriam,4,Es war gut.,gut
Film,gefürchtete Chefin,Miriam,Sophie,4,Es war großartig.,großartig
Film,gefürchtete Chefin,Sophie,Anna,4,Es war großartig.,großartig
Film,gefürchtete Chefin,Anna,Luisa,4,Es war großartig.,großartig
Film,gefürchtete Chefin,Sophie,Anna,4,Es war großartig.,großartig
Film,gefürchtete Chefin,Sophie,Luisa,4,Es war großartig.,großartig
Film,gefürchtete Chefin,Sophie,Miriam,4,Es war großartig.,großartig
Film,gefürchtete Chefin,Luisa,Sophie,4,Es war großartig.,großartig
Film,gefürchtete Chefin,Miriam,Katharina,4,Es war großartig.,großartig
Film,gefürchtete Chefin,Miriam,Sophie,4,Es war gut.,gut
Film,gefürchtete Chefin,Sophie,Anna,4,Es war großartig.,großartig
Film,gefürchtete Chefin,Anna,Sophie,4,Es war großartig.,großartig
Film,gefürchtete Chefin,Sophie,Katharina,4,Es war großartig.,großartig
Film,gefürchtete Chefin,Katharina,Miriam,4,Es war großartig.,großartig
Film,gefürchtete Chefin,Miriam,Katharina,4,Es war großartig.,großartig
Film,gefürchtete Chefin,Anna,Miriam,5,Es war großartig.,großartig
Film,gefürchtete Chefin,Anna,Sophie,5,Es war großartig.,großartig
Film,gefürchtete Chefin,Miriam,Sophie,5,Es war großartig.,großartig
Film,gefürchtete Chefin,Sophie,Miriam,5,Es war großartig.,großartig
Film,gefürchtete Chefin,Miriam,Luisa,5,Es war großartig.,großartig
Film,gefürchtete Chefin,Sophie,Katharina,5,Es war großartig.,großartig
Film,gefürchtete Chefin,Miriam,Sophie,5,Es war großartig.,großartig
Film,gefürchtete Chefin,Sophie,Anna,5,Es war großartig.,großartig
Film,gefürchtete Chefin,Luisa,Sophie,5,Es war großartig.,großartig
Film,gefürchtete Chefin,Anna,Katharina,5,Es war großartig.,großartig
Film,gefürchtete Chefin,Luisa,Anna,5,Es war großartig.,großartig
Film,gefürchtete Chefin,Anna,Miriam,5,Es war großartig.,großartig
Film,gefürchtete Chefin,Sophie,Luisa,5,Es war großartig.,großartig
Film,gefürchtete Chefin,Luisa,Sophie,5,Es war großartig.,großartig
Film,gefürchtete Chefin,Sophie,Miriam,5,Es war großartig.,großartig
Film,gefürchtete Chefin,Sophie,Anna,5,Es war großartig.,großartig
Film,gefürchtete Chefin,Anna,Katharina,5,Es war großartig.,großartig
Film,gefürchtete Chefin,Sophie,Miriam,5,Es war großartig.,großartig
Film,gefürchtete Chefin,Sophie,Anna,5,Es war großartig.,großartig
Film,gefürchtete Chefin,Luisa,Anna,5,Es war großartig.,großartig
Theater,enge Freundin,Katharina,Luisa,1,Es war schrecklich.,schrecklich
Theater,enge Freundin,Luisa,Miriam,1,Es war schrecklich.,schrecklich
Theater,enge Freundin,Luisa,Anna,1,Es war schrecklich.,schrecklich
Theater,enge Freundin,Miriam,Luisa,1,Es war schrecklich.,schrecklich
Theater,enge Freundin,Katharina,Sophie,1,Es war schrecklich.,schrecklich
Theater,enge Freundin,Miriam,Anna,1,Es war schrecklich.,schrecklich
Theater,enge Freundin,Sophie,Anna,1,Es war schrecklich.,schrecklich
Theater,enge Freundin,Sophie,Katharina,1,Es war schrecklich.,schrecklich
Theater,enge Freundin,Luisa,Katharina,1,Es war schrecklich.,schrecklich
Theater,enge Freundin,Sophie,Luisa,1,Es war schrecklich.,schrecklich
Theater,enge Freundin,Anna,Katharina,1,Es war schrecklich.,schrecklich
Theater,enge Freundin,Anna,Miriam,1,Es war schrecklich.,schrecklich
Theater,enge Freundin,Katharina,Anna,1,Es war schrecklich.,schrecklich
Theater,enge Freundin,Katharina,Luisa,1,Es war schrecklich.,schrecklich
Theater,enge Freundin,Miriam,Anna,1,Es war schrecklich.,schrecklich
Theater,enge Freundin,Katharina,Anna,1,Es war schrecklich.,schrecklich
Theater,enge Freundin,Miriam,Luisa,1,Es war schrecklich.,schrecklich
Theater,enge Freundin,Katharina,Anna,1,Es war schrecklich.,schrecklich
Theater,enge Freundin,Katharina,Luisa,1,Es war schrecklich.,schrecklich
Theater,enge Freundin,Miriam,Anna,1,Es war schrecklich.,schrecklich
Theater,enge Freundin,Sophie,Anna,2,Es war schlecht.,schlecht
Theater,enge Freundin,Katharina,Sophie,2,Es war schlecht.,schlecht
Theater,enge Freundin,Miriam,Anna,2,Es war schlecht.,schlecht
Theater,enge Freundin,Anna,Miriam,2,Es war schlecht.,schlecht
Theater,enge Freundin,Miriam,Sophie,2,Es war schlecht.,schlecht
Theater,enge Freundin,Luisa,Katharina,2,Es war schlecht.,schlecht
Theater,enge Freundin,Luisa,Anna,2,Es war schlecht.,schlecht
Theater,enge Freundin,Sophie,Miriam,2,Es war schlecht.,schlecht
Theater,enge Freundin,Katharina,Miriam,2,Es war schlecht.,schlecht
Theater,enge Freundin,Anna,Sophie,2,Es war schlecht.,schlecht
Theater,enge Freundin,Sophie,Miriam,2,Es war schlecht.,schlecht
Theater,enge Freundin,Katharina,Anna,2,Es war schlecht.,schlecht
Theater,enge Freundin,Anna,Katharina,2,Es war schlecht.,schlecht
Theater,enge Freundin,Anna,Luisa,2,Es war schlecht.,schlecht
Theater,enge Freundin,Katharina,Sophie,2,Es war okay.,okay
Theater,enge Freundin,Katharina,Anna,2,Es war schlecht.,schlecht
Theater,enge Freundin,Anna,Miriam,2,Es war schlecht.,schlecht
Theater,enge Freundin,Katharina,Anna,2,Es war schlecht.,schlecht
Theater,enge Freundin,Luisa,Miriam,2,Es war okay.,okay
Theater,enge Freundin,Anna,Katharina,2,Es war schlecht.,schlecht
Theater,enge Freundin,Luisa,Sophie,3,Es war okay.,okay
Theater,enge Freundin,Anna,Sophie,3,Es war okay.,okay
Theater,enge Freundin,Luisa,Miriam,3,Es war okay.,okay
Theater,enge Freundin,Katharina,Sophie,3,Es war okay.,okay
Theater,enge Freundin,Sophie,Luisa,3,Es war okay.,okay
Theater,enge Freundin,Sophie,Katharina,3,Es war okay.,okay
Theater,enge Freundin,Luisa,Sophie,3,Es war okay.,okay
Theater,enge Freundin,Luisa,Sophie,3,Es war okay.,okay
Theater,enge Freundin,Luisa,Miriam,3,Es war okay.,okay
Theater,enge Freundin,Sophie,Luisa,3,Es war okay.,okay
Theater,enge Freundin,Luisa,Anna,3,Es war okay.,okay
Theater,enge Freundin,Luisa,Sophie,3,Es war okay.,okay
Theater,enge Freundin,Katharina,Sophie,3,Es war okay.,okay
Theater,enge Freundin,Luisa,Miriam,3,Es war okay.,okay
Theater,enge Freundin,Katharina,Sophie,3,Es war okay.,okay
Theater,enge Freundin,Katharina,Luisa,3,Es war okay.,okay
Theater,enge Freundin,Sophie,Luisa,3,Es war okay.,okay
Theater,enge Freundin,Luisa,Miriam,3,Es war okay.,okay
Theater,enge Freundin,Miriam,Sophie,3,Es war okay.,okay
Theater,enge Freundin,Anna,Miriam,3,Es war okay.,okay
Theater,enge Freundin,Anna,Miriam,4,Es war großartig.,großartig
Theater,enge Freundin,Katharina,Anna,4,Es war großartig.,großartig
Theater,enge Freundin,Miriam,Sophie,4,Es war großartig.,großartig
Theater,enge Freundin,Miriam,Luisa,4,Es war großartig.,großartig
Theater,enge Freundin,Miriam,Luisa,4,Es war gut.,gut
Theater,enge Freundin,Sophie,Katharina,4,Es war großartig.,großartig
Theater,enge Freundin,Luisa,Anna,4,Es war großartig.,großartig
Theater,enge Freundin,Anna,Sophie,4,Es war großartig.,großartig
Theater,enge Freundin,Katharina,Miriam,4,Es war großartig.,großartig
Theater,enge Freundin,Sophie,Katharina,4,Es war großartig.,großartig
Theater,enge Freundin,Miriam,Katharina,4,Es war großartig.,großartig
Theater,enge Freundin,Sophie,Luisa,4,Es war großartig.,großartig
Theater,enge Freundin,Katharina,Anna,4,Es war großartig.,großartig
Theater,enge Freundin,Anna,Katharina,4,Es war großartig.,großartig
Theater,enge Freundin,Katharina,Luisa,4,Es war großartig.,großartig
Theater,enge Freundin,Anna,Miriam,4,Es war großartig.,großartig
Theater,enge Freundin,Luisa,Anna,4,Es war großartig.,großartig
Theater,enge Freundin,Luisa,Miriam,4,Es war großartig.,großartig
Theater,enge Freundin,Miriam,Anna,4,Es war gut.,gut
Theater,enge Freundin,Anna,Miriam,4,Es war großartig.,großartig
Theater,enge Freundin,Luisa,Anna,5,Es war großartig.,großartig
Theater,enge Freundin,Anna,Miriam,5,Es war großartig.,großartig
Theater,enge Freundin,Anna,Sophie,5,Es war großartig.,großartig
Theater,enge Freundin,Luisa,Miriam,5,Es war großartig.,großartig
Theater,enge Freundin,Luisa,Katharina,5,Es war großartig.,großartig
Theater,enge Freundin,Anna,Miriam,5,Es war großartig.,großartig
Theater,enge Freundin,Anna,Miriam,5,Es war großartig.,großartig
Theater,enge Freundin,Sophie,Miriam,5,Es war großartig.,großartig
Theater,enge Freundin,Sophie,Luisa,5,Es war großartig.,großartig
Theater,enge Freundin,Luisa,Miriam,5,Es war großartig.,großartig
Theater,enge Freundin,Sophie,Luisa,5,Es war großartig.,großartig
Theater,enge Freundin,Luisa,Sophie,5,Es war großartig.,großartig
Theater,enge Freundin,Sophie,Luisa,5,Es war großartig.,großartig
Theater,enge Freundin,Anna,Miriam,5,Es war großartig.,großartig
Theater,enge Freundin,Katharina,Miriam,5,Es war großartig.,großartig
Theater,enge Freundin,Anna,Luisa,5,Es war großartig.,großartig
Theater,enge Freundin,Sophie,Miriam,5,Es war großartig.,großartig
Theater,enge Freundin,Miriam,Sophie,5,Es war großartig.,großartig
Theater,enge Freundin,Luisa,Miriam,5,Es war großartig.,großartig
Theater,enge Freundin,Miriam,Anna,5,Es war großartig.,großartig
Theater,entfernte Kollegin,Anna,Sophie,1,Es war schrecklich.,schrecklich
Theater,entfernte Kollegin,Miriam,Anna,1,Es war schrecklich.,schrecklich
Theater,entfernte Kollegin,Miriam,Luisa,1,Es war schrecklich.,schrecklich
Theater,entfernte Kollegin,Anna,Sophie,1,Es war schrecklich.,schrecklich
Theater,entfernte Kollegin,Miriam,Katharina,1,Es war schrecklich.,schrecklich
Theater,entfernte Kollegin,Katharina,Luisa,1,Es war schrecklich.,schrecklich
Theater,entfernte Kollegin,Katharina,Sophie,1,Es war schrecklich.,schrecklich
Theater,entfernte Kollegin,Sophie,Anna,1,Es war schrecklich.,schrecklich
Theater,entfernte Kollegin,Miriam,Sophie,1,Es war schrecklich.,schrecklich
Theater,entfernte Kollegin,Miriam,Anna,1,Es war schrecklich.,schrecklich
Theater,entfernte Kollegin,Sophie,Katharina,1,Es war schrecklich.,schrecklich
Theater,entfernte Kollegin,Miriam,Sophie,1,Es war schrecklich.,schrecklich
Theater,entfernte Kollegin,Anna,Luisa,1,Es war schrecklich.,schrecklich
Theater,entfernte Kollegin,Katharina,Luisa,1,Es war schrecklich.,schrecklich
Theater,entfernte Kollegin,Miriam,Luisa,1,Es war schrecklich.,schrecklich
Theater,entfernte Kollegin,Katharina,Luisa,1,Es war schrecklich.,schrecklich
Theater,entfernte Kollegin,Anna,Miriam,1,Es war schrecklich.,schrecklich
Theater,entfernte Kollegin,Luisa,Katharina,1,Es war schrecklich.,schrecklich
Theater,entfernte Kollegin,Anna,Luisa,1,Es war schrecklich.,schrecklich
Theater,entfernte Kollegin,Miriam,Luisa,1,Es war schrecklich.,schrecklich
Theater,entfernte Kollegin,Luisa,Sophie,2,Es war schlecht,schlecht
Theater,entfernte Kollegin,Luisa,Sophie,2,Es war okay.,okay
Theater,entfernte Kollegin,Anna,Sophie,2,Es war schlecht.,schlecht
Theater,entfernte Kollegin,Sophie,Anna,2,Es war schlecht.,schlecht
Theater,entfernte Kollegin,Miriam,Katharina,2,Es war okay.,okay
Theater,entfernte Kollegin,Miriam,Luisa,2,Es war schlecht.,schlecht
Theater,entfernte Kollegin,Sophie,Katharina,2,Es war schlecht.,schlecht
Theater,entfernte Kollegin,Katharina,Anna,2,Es war okay.,okay
Theater,entfernte Kollegin,Anna,Miriam,2,Es war schlecht.,schlecht
Theater,entfernte Kollegin,Luisa,Katharina,2,Es war schlecht.,schlecht
Theater,entfernte Kollegin,Luisa,Sophie,2,Es war schlecht.,schlecht
Theater,entfernte Kollegin,Miriam,Anna,2,Es war okay.,okay
Theater,entfernte Kollegin,Sophie,Miriam,2,Es war schlecht.,schlecht
Theater,entfernte Kollegin,Luisa,Anna,2,Es war okay.,okay
Theater,entfernte Kollegin,Anna,Sophie,2,Es war schlecht.,schlecht
Theater,entfernte Kollegin,Miriam,Sophie,2,Es war okay.,okay
Theater,entfernte Kollegin,Luisa,Katharina,2,Es war schlecht.,schlecht
Theater,entfernte Kollegin,Miriam,Anna,2,Es war schlecht.,schlecht
Theater,entfernte Kollegin,Katharina,Luisa,2,Es war schlecht.,schlecht
Theater,entfernte Kollegin,Luisa,Sophie,2,Es war schlecht.,schlecht
Theater,entfernte Kollegin,Anna,Katharina,3,Es war okay.,okay
Theater,entfernte Kollegin,Anna,Luisa,3,Es war okay.,okay
Theater,entfernte Kollegin,Luisa,Miriam,3,Es war okay.,okay
Theater,entfernte Kollegin,Luisa,Sophie,3,Es war okay.,okay
Theater,entfernte Kollegin,Anna,Miriam,3,Es war okay.,okay
Theater,entfernte Kollegin,Miriam,Katharina,3,Es war okay.,okay
Theater,entfernte Kollegin,Miriam,Anna,3,Es war okay.,okay
Theater,entfernte Kollegin,Anna,Miriam,3,Es war okay.,okay
Theater,entfernte Kollegin,Anna,Luisa,3,Es war okay.,okay
Theater,entfernte Kollegin,Sophie,Anna,3,Es war okay.,okay
Theater,entfernte Kollegin,Luisa,Sophie,3,Es war okay.,okay
Theater,entfernte Kollegin,Katharina,Luisa,3,Es war okay.,okay
Theater,entfernte Kollegin,Sophie,Anna,3,Es war okay.,okay
Theater,entfernte Kollegin,Sophie,Miriam,3,Es war okay.,okay
Theater,entfernte Kollegin,Sophie,Katharina,3,Es war okay.,okay
Theater,entfernte Kollegin,Anna,Miriam,3,Es war okay.,okay
Theater,entfernte Kollegin,Sophie,Miriam,3,Es war okay.,okay
Theater,entfernte Kollegin,Katharina,Sophie,3,Es war okay.,okay
Theater,entfernte Kollegin,Anna,Miriam,3,Es war okay.,okay
Theater,entfernte Kollegin,Luisa,Anna,3,Es war okay.,okay
Theater,entfernte Kollegin,Katharina,Sophie,4,Es war gut.,gut
Theater,entfernte Kollegin,Miriam,Katharina,4,Es war großartig.,großartig
Theater,entfernte Kollegin,Katharina,Luisa,4,Es war großartig.,großartig
Theater,entfernte Kollegin,Sophie,Anna,4,Es war großartig.,großartig
Theater,entfernte Kollegin,Anna,Miriam,4,Es war gut.,gut
Theater,entfernte Kollegin,Miriam,Sophie,4,Es war gut.,gut
Theater,entfernte Kollegin,Katharina,Luisa,4,Es war gut.,gut
Theater,entfernte Kollegin,Anna,Sophie,4,Es war gut.,gut
Theater,entfernte Kollegin,Luisa,Anna,4,Es war großartig.,großartig
Theater,entfernte Kollegin,Luisa,Miriam,4,Es war gut.,gut
Theater,entfernte Kollegin,Sophie,Anna,4,Es war gut.,gut
Theater,entfernte Kollegin,Katharina,Sophie,4,Es war großartig.,großartig
Theater,entfernte Kollegin,Anna,Miriam,4,Es war großartig.,großartig
Theater,entfernte Kollegin,Anna,Katharina,4,Es war gut.,gut
Theater,entfernte Kollegin,Katharina,Anna,4,Es war großartig.,großartig
Theater,entfernte Kollegin,Miriam,Katharina,4,Es war großartig.,großartig
Theater,entfernte Kollegin,Miriam,Sophie,4,Es war gut.,gut
Theater,entfernte Kollegin,Katharina,Anna,4,Es war großartig.,großartig
Theater,entfernte Kollegin,Sophie,Anna,4,Es war großartig.,großartig
Theater,entfernte Kollegin,Luisa,Anna,4,Es war gut.,gut
Theater,entfernte Kollegin,Sophie,Luisa,5,Es war großartig.,großartig
Theater,entfernte Kollegin,Anna,Sophie,5,Es war großartig.,großartig
Theater,entfernte Kollegin,Miriam,Luisa,5,Es war großartig.,großartig
Theater,entfernte Kollegin,Katharina,Miriam,5,Es war großartig.,großartig
Theater,entfernte Kollegin,Luisa,Sophie,5,Es war großartig.,großartig
Theater,entfernte Kollegin,Luisa,Anna,5,Es war großartig.,großartig
Theater,entfernte Kollegin,Anna,Luisa,5,Es war großartig.,großartig
Theater,entfernte Kollegin,Anna,Katharina,5,Es war großartig.,großartig
Theater,entfernte Kollegin,Katharina,Sophie,5,Es war großartig.,großartig
Theater,entfernte Kollegin,Miriam,Luisa,5,Es war großartig.,großartig
Theater,entfernte Kollegin,Katharina,Sophie,5,Es war großartig.,großartig
Theater,entfernte Kollegin,Katharina,Miriam,5,Es war großartig.,großartig
Theater,entfernte Kollegin,Katharina,Anna,5,Es war großartig.,großartig
Theater,entfernte Kollegin,Katharina,Sophie,5,Es war großartig.,großartig
Theater,entfernte Kollegin,Luisa,Katharina,5,Es war großartig.,großartig
Theater,entfernte Kollegin,Sophie,Luisa,5,Es war großartig.,großartig
Theater,entfernte Kollegin,Sophie,Miriam,5,Es war großartig.,großartig
Theater,entfernte Kollegin,Sophie,Luisa,5,Es war großartig.,großartig
Theater,entfernte Kollegin,Sophie,Luisa,5,Es war großartig.,großartig
Theater,entfernte Kollegin,Miriam,Katharina,5,Es war großartig.,großartig
Theater,lockere Chefin,Sophie,Luisa,1,Es war schrecklich.,schrecklich
Theater,lockere Chefin,Luisa,Miriam,1,Es war schrecklich.,schrecklich
Theater,lockere Chefin,Katharina,Miriam,1,Es war schrecklich.,schrecklich
Theater,lockere Chefin,Miriam,Anna,1,Es war schrecklich.,schrecklich
Theater,lockere Chefin,Luisa,Sophie,1,Es war schrecklich.,schrecklich
Theater,lockere Chefin,Anna,Katharina,1,Es war schrecklich.,schrecklich
Theater,lockere Chefin,Anna,Sophie,1,Es war schrecklich.,schrecklich
Theater,lockere Chefin,Luisa,Katharina,1,Es war schrecklich.,schrecklich
Theater,lockere Chefin,Sophie,Anna,1,Es war schrecklich.,schrecklich
Theater,lockere Chefin,Luisa,Miriam,1,Es war schrecklich.,schrecklich
Theater,lockere Chefin,Luisa,Anna,1,Es war schrecklich.,schrecklich
Theater,lockere Chefin,Katharina,Sophie,1,Es war schrecklich.,schrecklich
Theater,lockere Chefin,Sophie,Anna,1,Es war schrecklich.,schrecklich
Theater,lockere Chefin,Sophie,Anna,1,Es war schrecklich.,schrecklich
Theater,lockere Chefin,Miriam,Katharina,1,Es war schrecklich.,schrecklich
Theater,lockere Chefin,Sophie,Anna,1,Es war schrecklich.,schrecklich
Theater,lockere Chefin,Miriam,Katharina,1,Es war schrecklich.,schrecklich
Theater,lockere Chefin,Luisa,Anna,1,Es war schrecklich.,schrecklich
Theater,lockere Chefin,Luisa,Katharina,1,Es war schrecklich.,schrecklich
Theater,lockere Chefin,Sophie,Katharina,1,Es war schrecklich.,schrecklich
Theater,lockere Chefin,Katharina,Sophie,2,Es war schlecht.,schlecht
Theater,lockere Chefin,Luisa,Anna,2,Es war schlecht.,schlecht
Theater,lockere Chefin,Miriam,Luisa,2,Es war schlecht.,schlecht
Theater,lockere Chefin,Katharina,Anna,2,Es war schlecht.,schlecht
Theater,lockere Chefin,Anna,Katharina,2,Es war schlecht.,schlecht
Theater,lockere Chefin,Luisa,Miriam,2,Es war schlecht.,schlecht
Theater,lockere Chefin,Sophie,Katharina,2,Es war schlecht.,schlecht
Theater,lockere Chefin,Miriam,Sophie,2,Es war schlecht.,schlecht
Theater,lockere Chefin,Miriam,Sophie,2,Es war schlecht.,schlecht
Theater,lockere Chefin,Anna,Miriam,2,Es war okay.,okay
Theater,lockere Chefin,Katharina,Sophie,2,Es war schlecht.,schlecht
Theater,lockere Chefin,Miriam,Anna,2,Es war schlecht,schlecht
Theater,lockere Chefin,Miriam,Anna,2,Es war okay.,okay
Theater,lockere Chefin,Miriam,Katharina,2,Es war okay.,okay
Theater,lockere Chefin,Katharina,Miriam,2,Es war okay.,okay
Theater,lockere Chefin,Anna,Katharina,2,Es war okay.,okay
Theater,lockere Chefin,Katharina,Miriam,2,Es war okay.,okay
Theater,lockere Chefin,Sophie,Luisa,2,Es war schlecht.,schlecht
Theater,lockere Chefin,Miriam,Anna,2,Es war schlecht.,schlecht
Theater,lockere Chefin,Sophie,Luisa,2,Es war schlecht.,schlecht
Theater,lockere Chefin,Katharina,Miriam,3,Es war okay.,okay
Theater,lockere Chefin,Anna,Luisa,3,Es war okay.,okay
Theater,lockere Chefin,Katharina,Anna,3,Es war okay.,okay
Theater,lockere Chefin,Katharina,Anna,3,Es war okay.,okay
Theater,lockere Chefin,Luisa,Sophie,3,Es war okay.,okay
Theater,lockere Chefin,Luisa,Katharina,3,Es war okay.,okay
Theater,lockere Chefin,Luisa,Katharina,3,Es war okay.,okay
Theater,lockere Chefin,Anna,Sophie,3,Es war okay.,okay
Theater,lockere Chefin,Luisa,Anna,3,Es war okay.,okay
Theater,lockere Chefin,Anna,Miriam,3,Es war okay.,okay
Theater,lockere Chefin,Anna,Miriam,3,Es war okay.,okay
Theater,lockere Chefin,Sophie,Katharina,3,Es war okay.,okay
Theater,lockere Chefin,Katharina,Anna,3,Es war okay.,okay
Theater,lockere Chefin,Miriam,Anna,3,Es war okay.,okay
Theater,lockere Chefin,Anna,Sophie,3,Es war okay.,okay
Theater,lockere Chefin,Anna,Katharina,3,Es war okay.,okay
Theater,lockere Chefin,Luisa,Sophie,3,Es war okay.,okay
Theater,lockere Chefin,Katharina,Miriam,3,Es war okay.,okay
Theater,lockere Chefin,Anna,Miriam,3,Es war okay.,okay
Theater,lockere Chefin,Anna,Miriam,3,Es war okay.,okay
Theater,lockere Chefin,Luisa,Katharina,4,Es war gut.,gut
Theater,lockere Chefin,Anna,Miriam,4,Es war gut.,gut
Theater,lockere Chefin,Luisa,Sophie,4,Es war gut.,gut
Theater,lockere Chefin,Katharina,Luisa,4,Es war gut.,gut
Theater,lockere Chefin,Sophie,Miriam,4,Es war gut.,gut
Theater,lockere Chefin,Anna,Katharina,4,Es war gut.,gut
Theater,lockere Chefin,Sophie,Anna,4,Es war gut.,gut
Theater,lockere Chefin,Katharina,Sophie,4,Es war gut.,gut
Theater,lockere Chefin,Sophie,Miriam,4,Es war gut.,gut
Theater,lockere Chefin,Luisa,Miriam,4,Es war gut.,gut
Theater,lockere Chefin,Anna,Katharina,4,Es war gut.,gut
Theater,lockere Chefin,Miriam,Anna,4,Es war gut.,gut
Theater,lockere Chefin,Miriam,Katharina,4,Es war gut.,gut
Theater,lockere Chefin,Luisa,Miriam,4,Es war gut.,gut
Theater,lockere Chefin,Sophie,Katharina,4,Es war gut.,gut
Theater,lockere Chefin,Anna,Katharina,4,Es war gut.,gut
Theater,lockere Chefin,Anna,Miriam,4,Es war großartig.,großartig
Theater,lockere Chefin,Sophie,Anna,4,Es war gut.,gut
Theater,lockere Chefin,Anna,Sophie,4,Es war gut.,gut
Theater,lockere Chefin,Anna,Miriam,4,Es war gut.,gut
Theater,lockere Chefin,Sophie,Luisa,5,Es war großartig.,großartig
Theater,lockere Chefin,Katharina,Luisa,5,Es war großartig.,großartig
Theater,lockere Chefin,Luisa,Sophie,5,Es war großartig.,großartig
Theater,lockere Chefin,Katharina,Anna,5,Es war großartig.,großartig
Theater,lockere Chefin,Miriam,Luisa,5,Es war großartig.,großartig
Theater,lockere Chefin,Miriam,Anna,5,Es war großartig.,großartig
Theater,lockere Chefin,Katharina,Sophie,5,Es war großartig.,großartig
Theater,lockere Chefin,Sophie,Miriam,5,Es war großartig.,großartig
Theater,lockere Chefin,Miriam,Anna,5,Es war großartig.,großartig
Theater,lockere Chefin,Luisa,Sophie,5,Es war großartig.,großartig
Theater,lockere Chefin,Luisa,Miriam,5,Es war großartig.,großartig
Theater,lockere Chefin,Katharina,Luisa,5,Es war großartig.,großartig
Theater,lockere Chefin,Sophie,Miriam,5,Es war großartig.,großartig
Theater,lockere Chefin,Miriam,Anna,5,Es war großartig.,großartig
Theater,lockere Chefin,Miriam,Katharina,5,Es war großartig.,großartig
Theater,lockere Chefin,Katharina,Sophie,5,Es war großartig.,großartig
Theater,lockere Chefin,Miriam,Katharina,5,Es war großartig.,großartig
Theater,lockere Chefin,Anna,Sophie,5,Es war großartig.,großartig
Theater,lockere Chefin,Luisa,Miriam,5,Es war großartig.,großartig
Theater,lockere Chefin,Sophie,Katharina,5,Es war großartig.,großartig
Theater,gefürchtete Chefin,Luisa,Katharina,1,Es war schrecklich.,schrecklich
Theater,gefürchtete Chefin,Anna,Miriam,1,Es war schrecklich.,schrecklich
Theater,gefürchtete Chefin,Luisa,Katharina,1,Es war schrecklich.,schrecklich
Theater,gefürchtete Chefin,Katharina,Sophie,1,Es war schrecklich.,schrecklich
Theater,gefürchtete Chefin,Miriam,Anna,1,Es war schrecklich.,schrecklich
Theater,gefürchtete Chefin,Miriam,Sophie,1,Es war schrecklich.,schrecklich
Theater,gefürchtete Chefin,Luisa,Katharina,1,Es war schrecklich.,schrecklich
Theater,gefürchtete Chefin,Sophie,Katharina,1,Es war schrecklich.,schrecklich
Theater,gefürchtete Chefin,Miriam,Anna,1,Es war schrecklich.,schrecklich
Theater,gefürchtete Chefin,Sophie,Anna,1,Es war schrecklich.,schrecklich
Theater,gefürchtete Chefin,Sophie,Katharina,1,Es war schrecklich.,schrecklich
Theater,gefürchtete Chefin,Anna,Luisa,1,Es war schrecklich.,schrecklich
Theater,gefürchtete Chefin,Luisa,Anna,1,Es war schrecklich.,schrecklich
Theater,gefürchtete Chefin,Luisa,Anna,1,Es war schrecklich.,schrecklich
Theater,gefürchtete Chefin,Katharina,Miriam,1,Es war schrecklich.,schrecklich
Theater,gefürchtete Chefin,Anna,Sophie,1,Es war schrecklich.,schrecklich
Theater,gefürchtete Chefin,Sophie,Miriam,1,Es war schrecklich.,schrecklich
Theater,gefürchtete Chefin,Luisa,Katharina,1,Es war schrecklich.,schrecklich
Theater,gefürchtete Chefin,Luisa,Sophie,1,Es war schrecklich.,schrecklich
Theater,gefürchtete Chefin,Sophie,Miriam,1,Es war schrecklich.,schrecklich
Theater,gefürchtete Chefin,Luisa,Miriam,2,Es war schlecht,schlecht
Theater,gefürchtete Chefin,Miriam,Luisa,2,Es war schlecht.,schlecht
Theater,gefürchtete Chefin,Luisa,Miriam,2,Es war schlecht.,schlecht
Theater,gefürchtete Chefin,Sophie,Katharina,2,Es war schlecht.,schlecht
Theater,gefürchtete Chefin,Anna,Sophie,2,Es war schlecht.,schlecht
Theater,gefürchtete Chefin,Katharina,Miriam,2,Es war schlecht.,schlecht
Theater,gefürchtete Chefin,Anna,Katharina,2,Es war schlecht,schlecht
Theater,gefürchtete Chefin,Miriam,Sophie,2,Es war schlecht.,schlecht
Theater,gefürchtete Chefin,Anna,Luisa,2,Es war schlecht.,schlecht
Theater,gefürchtete Chefin,Katharina,Luisa,2,Es war schlecht.,schlecht
Theater,gefürchtete Chefin,Miriam,Sophie,2,Es war schlecht,schlecht
Theater,gefürchtete Chefin,Miriam,Luisa,2,Es war schlecht.,schlecht
Theater,gefürchtete Chefin,Luisa,Sophie,2,Es war schlecht.,schlecht
Theater,gefürchtete Chefin,Anna,Miriam,2,Es war schlecht.,schlecht
Theater,gefürchtete Chefin,Miriam,Anna,2,Es war schlecht,schlecht
Theater,gefürchtete Chefin,Katharina,Luisa,2,Es war schrecklich.,schrecklich
Theater,gefürchtete Chefin,Luisa,Miriam,2,Es war schlecht.,schlecht
Theater,gefürchtete Chefin,Luisa,Katharina,2,Es war schlecht.,schlecht
Theater,gefürchtete Chefin,Sophie,Anna,2,Es war schlecht.,schlecht
Theater,gefürchtete Chefin,Sophie,Luisa,2,Es war schlecht.,schlecht
Theater,gefürchtete Chefin,Sophie,Katharina,3,Es war okay.,okay
Theater,gefürchtete Chefin,Sophie,Anna,3,Es war okay.,okay
Theater,gefürchtete Chefin,Anna,Luisa,3,Es war okay.,okay
Theater,gefürchtete Chefin,Luisa,Sophie,3,Es war okay.,okay
Theater,gefürchtete Chefin,Luisa,Sophie,3,Es war okay.,okay
Theater,gefürchtete Chefin,Anna,Luisa,3,Es war okay.,okay
Theater,gefürchtete Chefin,Anna,Katharina,3,Es war okay.,okay
Theater,gefürchtete Chefin,Anna,Katharina,3,Es war okay.,okay
Theater,gefürchtete Chefin,Luisa,Anna,3,Es war okay.,okay
Theater,gefürchtete Chefin,Sophie,Luisa,3,Es war okay.,okay
Theater,gefürchtete Chefin,Sophie,Katharina,3,Es war okay.,okay
Theater,gefürchtete Chefin,Katharina,Anna,3,Es war okay.,okay
Theater,gefürchtete Chefin,Sophie,Anna,3,Es war okay.,okay
Theater,gefürchtete Chefin,Sophie,Anna,3,Es war okay.,okay
Theater,gefürchtete Chefin,Sophie,Luisa,3,Es war okay.,okay
Theater,gefürchtete Chefin,Sophie,Katharina,3,Es war okay.,okay
Theater,gefürchtete Chefin,Katharina,Anna,3,Es war okay.,okay
Theater,gefürchtete Chefin,Sophie,Miriam,3,Es war okay.,okay
Theater,gefürchtete Chefin,Anna,Luisa,3,Es war okay.,okay
Theater,gefürchtete Chefin,Anna,Katharina,3,Es war okay.,okay
Theater,gefürchtete Chefin,Sophie,Anna,4,Es war gut.,gut
Theater,gefürchtete Chefin,Anna,Sophie,4,Es war gut.,gut
Theater,gefürchtete Chefin,Sophie,Katharina,4,Es war großartig.,großartig
Theater,gefürchtete Chefin,Sophie,Anna,4,Es war großartig.,großartig
Theater,gefürchtete Chefin,Anna,Luisa,4,Es war großartig.,großartig
Theater,gefürchtete Chefin,Katharina,Anna,4,Es war großartig.,großartig
Theater,gefürchtete Chefin,Miriam,Luisa,4,Es war gut.,gut
Theater,gefürchtete Chefin,Anna,Luisa,4,Es war großartig.,großartig
Theater,gefürchtete Chefin,Luisa,Katharina,4,Es war großartig.,großartig
Theater,gefürchtete Chefin,Sophie,Miriam,4,Es war großartig.,großartig
Theater,gefürchtete Chefin,Luisa,Miriam,4,Es war großartig.,großartig
Theater,gefürchtete Chefin,Luisa,Anna,4,Es war großartig.,großartig
Theater,gefürchtete Chefin,Sophie,Miriam,4,Es war großartig.,großartig
Theater,gefürchtete Chefin,Katharina,Luisa,4,Es war gut.,gut
Theater,gefürchtete Chefin,Sophie,Anna,4,Es war gut.,gut
Theater,gefürchtete Chefin,Sophie,Luisa,4,Es war großartig.,großartig
Theater,gefürchtete Chefin,Anna,Sophie,4,Es war großartig.,großartig
Theater,gefürchtete Chefin,Luisa,Sophie,4,Es war gut.,gut
Theater,gefürchtete Chefin,Miriam,Sophie,4,Es war gut.,gut
Theater,gefürchtete Chefin,Anna,Luisa,4,Es war gut.,gut
Theater,gefürchtete Chefin,Miriam,Anna,5,Es war großartig.,großartig
Theater,gefürchtete Chefin,Luisa,Anna,5,Es war großartig.,großartig
Theater,gefürchtete Chefin,Miriam,Anna,5,Es war großartig.,großartig
Theater,gefürchtete Chefin,Miriam,Sophie,5,Es war großartig.,großartig
Theater,gefürchtete Chefin,Miriam,Katharina,5,Es war großartig.,großartig
Theater,gefürchtete Chefin,Miriam,Katharina,5,Es war großartig.,großartig
Theater,gefürchtete Chefin,Miriam,Luisa,5,Es war großartig.,großartig
Theater,gefürchtete Chefin,Anna,Miriam,5,Es war großartig.,großartig
Theater,gefürchtete Chefin,Katharina,Luisa,5,Es war großartig.,großartig
Theater,gefürchtete Chefin,Luisa,Sophie,5,Es war großartig.,großartig
Theater,gefürchtete Chefin,Sophie,Katharina,5,Es war großartig.,großartig
Theater,gefürchtete Chefin,Sophie,Miriam,5,Es war großartig.,großartig
Theater,gefürchtete Chefin,Katharina,Anna,5,Es war großartig.,großartig
Theater,gefürchtete Chefin,Sophie,Miriam,5,Es war großartig.,großartig
Theater,gefürchtete Chefin,Anna,Miriam,5,Es war großartig.,großartig
Theater,gefürchtete Chefin,Miriam,Katharina,5,Es war großartig.,großartig
Theater,gefürchtete Chefin,Miriam,Luisa,5,Es war großartig.,großartig
Theater,gefürchtete Chefin,Luisa,Sophie,5,Es war großartig.,großartig
Theater,gefürchtete Chefin,Katharina,Sophie,5,Es war großartig.,großartig
Theater,gefürchtete Chefin,Luisa,Katharina,5,Es war großartig.,großartig
Gitarre,enge Freundin,Katharina,Miriam,1,Es war schrecklich.,schrecklich
Gitarre,enge Freundin,Luisa,Katharina,1,Es war schrecklich.,schrecklich
Gitarre,enge Freundin,Sophie,Miriam,1,Es war schrecklich.,schrecklich
Gitarre,enge Freundin,Sophie,Miriam,1,Es war schrecklich.,schrecklich
Gitarre,enge Freundin,Miriam,Sophie,1,Es war schrecklich.,schrecklich
Gitarre,enge Freundin,Luisa,Miriam,1,Es war schrecklich.,schrecklich
Gitarre,enge Freundin,Katharina,Miriam,1,Es war schrecklich.,schrecklich
Gitarre,enge Freundin,Katharina,Anna,1,Es war schrecklich.,schrecklich
Gitarre,enge Freundin,Sophie,Katharina,1,Es war schrecklich.,schrecklich
Gitarre,enge Freundin,Anna,Katharina,1,Es war schrecklich.,schrecklich
Gitarre,enge Freundin,Katharina,Sophie,1,Es war schrecklich.,schrecklich
Gitarre,enge Freundin,Luisa,Anna,1,Es war schrecklich.,schrecklich
Gitarre,enge Freundin,Miriam,Luisa,1,Es war schrecklich.,schrecklich
Gitarre,enge Freundin,Katharina,Anna,1,Es war schrecklich.,schrecklich
Gitarre,enge Freundin,Luisa,Katharina,1,Es war schrecklich.,schrecklich
Gitarre,enge Freundin,Luisa,Sophie,1,Es war schrecklich.,schrecklich
Gitarre,enge Freundin,Katharina,Miriam,1,Es war schrecklich.,schrecklich
Gitarre,enge Freundin,Katharina,Luisa,1,Es war schrecklich.,schrecklich
Gitarre,enge Freundin,Katharina,Sophie,1,Es war schrecklich.,schrecklich
Gitarre,enge Freundin,Katharina,Miriam,1,Es war schrecklich.,schrecklich
Gitarre,enge Freundin,Miriam,Sophie,2,Es war okay.,okay
Gitarre,enge Freundin,Sophie,Katharina,2,Es war schlecht.,schlecht
Gitarre,enge Freundin,Katharina,Sophie,2,Es war okay.,okay
Gitarre,enge Freundin,Sophie,Miriam,2,Es war okay.,okay
Gitarre,enge Freundin,Katharina,Miriam,2,Es war okay.,okay
Gitarre,enge Freundin,Sophie,Anna,2,Es war okay.,okay
Gitarre,enge Freundin,Katharina,Luisa,2,Es war okay.,okay
Gitarre,enge Freundin,Luisa,Anna,2,Es war okay.,okay
Gitarre,enge Freundin,Anna,Miriam,2,Es war schlecht.,schlecht
Gitarre,enge Freundin,Katharina,Luisa,2,Es war okay.,okay
Gitarre,enge Freundin,Miriam,Sophie,2,Es war schlecht.,schlecht
Gitarre,enge Freundin,Anna,Sophie,2,Es war okay.,okay
Gitarre,enge Freundin,Luisa,Sophie,2,Es war okay.,okay
Gitarre,enge Freundin,Sophie,Luisa,2,Es war schlecht,schlecht
Gitarre,enge Freundin,Miriam,Katharina,2,Es war okay.,okay
Gitarre,enge Freundin,Miriam,Sophie,2,Es war okay.,okay
Gitarre,enge Freundin,Katharina,Miriam,2,Es war schlecht.,schlecht
Gitarre,enge Freundin,Katharina,Miriam,2,Es war okay.,okay
Gitarre,enge Freundin,Anna,Katharina,2,Es war schlecht,schlecht
Gitarre,enge Freundin,Luisa,Miriam,2,Es war schlecht.,schlecht
Gitarre,enge Freundin,Sophie,Katharina,3,Es war okay.,okay
Gitarre,enge Freundin,Katharina,Sophie,3,Es war okay.,okay
Gitarre,enge Freundin,Anna,Sophie,3,Es war okay.,okay
Gitarre,enge Freundin,Anna,Miriam,3,Es war okay.,okay
Gitarre,enge Freundin,Luisa,Anna,3,Es war okay.,okay
Gitarre,enge Freundin,Luisa,Anna,3,Es war okay.,okay
Gitarre,enge Freundin,Luisa,Sophie,3,Es war okay.,okay
Gitarre,enge Freundin,Luisa,Katharina,3,Es war okay.,okay
Gitarre,enge Freundin,Katharina,Luisa,3,Es war okay.,okay
Gitarre,enge Freundin,Luisa,Sophie,3,Es war okay.,okay
Gitarre,enge Freundin,Sophie,Katharina,3,Es war okay.,okay
Gitarre,enge Freundin,Anna,Sophie,3,Es war okay.,okay
Gitarre,enge Freundin,Miriam,Sophie,3,Es war okay.,okay
Gitarre,enge Freundin,Miriam,Katharina,3,Es war okay.,okay
Gitarre,enge Freundin,Luisa,Sophie,3,Es war okay.,okay
Gitarre,enge Freundin,Miriam,Luisa,3,Es war okay.,okay
Gitarre,enge Freundin,Miriam,Sophie,3,Es war okay.,okay
Gitarre,enge Freundin,Anna,Sophie,3,Es war okay.,okay
Gitarre,enge Freundin,Katharina,Anna,3,Es war okay.,okay
Gitarre,enge Freundin,Luisa,Miriam,3,Es war okay.,okay
Gitarre,enge Freundin,Luisa,Katharina,4,Es war gut.,gut
Gitarre,enge Freundin,Luisa,Katharina,4,Es war gut.,gut
Gitarre,enge Freundin,Anna,Luisa,4,Es war großartig.,großartig
Gitarre,enge Freundin,Anna,Sophie,4,Es war gut.,gut
Gitarre,enge Freundin,Luisa,Anna,4,Es war gut.,gut
Gitarre,enge Freundin,Luisa,Anna,4,Es war großartig.,großartig
Gitarre,enge Freundin,Sophie,Katharina,4,Es war gut.,gut
Gitarre,enge Freundin,Miriam,Sophie,4,Es war gut.,gut
Gitarre,enge Freundin,Luisa,Sophie,4,Es war gut.,gut
Gitarre,enge Freundin,Luisa,Anna,4,Es war gut.,gut
Gitarre,enge Freundin,Luisa,Sophie,4,Es war gut.,gut
Gitarre,enge Freundin,Anna,Sophie,4,Es war großartig.,großartig
Gitarre,enge Freundin,Sophie,Miriam,4,Es war gut.,gut
Gitarre,enge Freundin,Miriam,Katharina,4,Es war gut.,gut
Gitarre,enge Freundin,Miriam,Sophie,4,Es war gut.,gut
Gitarre,enge Freundin,Sophie,Miriam,4,Es war gut.,gut
Gitarre,enge Freundin,Anna,Sophie,4,Es war großartig.,großartig
Gitarre,enge Freundin,Miriam,Luisa,4,Es war gut.,gut
Gitarre,enge Freundin,Miriam,Anna,4,Es war gut.,gut
Gitarre,enge Freundin,Luisa,Anna,4,Es war gut.,gut
Gitarre,enge Freundin,Miriam,Luisa,5,Es war großartig.,großartig
Gitarre,enge Freundin,Anna,Luisa,5,Es war großartig.,großartig
Gitarre,enge Freundin,Luisa,Katharina,5,Es war großartig.,großartig
Gitarre,enge Freundin,Katharina,Anna,5,Es war großartig.,großartig
Gitarre,enge Freundin,Sophie,Luisa,5,Es war großartig.,großartig
Gitarre,enge Freundin,Anna,Sophie,5,Es war großartig.,großartig
Gitarre,enge Freundin,Anna,Luisa,5,Es war großartig.,großartig
Gitarre,enge Freundin,Katharina,Luisa,5,Es war großartig.,großartig
Gitarre,enge Freundin,Katharina,Miriam,5,Es war großartig.,großartig
Gitarre,enge Freundin,Miriam,Luisa,5,Es war großartig.,großartig
Gitarre,enge Freundin,Miriam,Katharina,5,Es war großartig.,großartig
Gitarre,enge Freundin,Sophie,Miriam,5,Es war großartig.,großartig
Gitarre,enge Freundin,Anna,Luisa,5,Es war großartig.,großartig
Gitarre,enge Freundin,Katharina,Anna,5,Es war großartig.,großartig
Gitarre,enge Freundin,Anna,Sophie,5,Es war großartig.,großartig
Gitarre,enge Freundin,Luisa,Anna,5,Es war großartig.,großartig
Gitarre,enge Freundin,Miriam,Anna,5,Es war großartig.,großartig
Gitarre,enge Freundin,Anna,Luisa,5,Es war großartig.,großartig
Gitarre,enge Freundin,Luisa,Miriam,5,Es war großartig.,großartig
Gitarre,enge Freundin,Anna,Katharina,5,Es war großartig.,großartig
Gitarre,entfernte Kollegin,Anna,Katharina,1,Es war schrecklich.,schrecklich
Gitarre,entfernte Kollegin,Luisa,Anna,1,Es war schrecklich.,schrecklich
Gitarre,entfernte Kollegin,Anna,Miriam,1,Es war schrecklich.,schrecklich
Gitarre,entfernte Kollegin,Katharina,Miriam,1,Es war schrecklich.,schrecklich
Gitarre,entfernte Kollegin,Katharina,Anna,1,Es war schrecklich.,schrecklich
Gitarre,entfernte Kollegin,Luisa,Anna,1,Es war schrecklich.,schrecklich
Gitarre,entfernte Kollegin,Anna,Katharina,1,Es war schrecklich.,schrecklich
Gitarre,entfernte Kollegin,Miriam,Sophie,1,Es war schrecklich.,schrecklich
Gitarre,entfernte Kollegin,Anna,Luisa,1,Es war schrecklich.,schrecklich
Gitarre,entfernte Kollegin,Sophie,Luisa,1,Es war schrecklich.,schrecklich
Gitarre,entfernte Kollegin,Katharina,Luisa,1,Es war schrecklich.,schrecklich
Gitarre,entfernte Kollegin,Sophie,Anna,1,Es war schrecklich.,schrecklich
Gitarre,entfernte Kollegin,Katharina,Luisa,1,Es war schrecklich.,schrecklich
Gitarre,entfernte Kollegin,Luisa,Sophie,1,Es war schrecklich.,schrecklich
Gitarre,entfernte Kollegin,Anna,Katharina,1,Es war schrecklich.,schrecklich
Gitarre,entfernte Kollegin,Anna,Sophie,1,Es war schrecklich.,schrecklich
Gitarre,entfernte Kollegin,Sophie,Luisa,1,Es war schrecklich.,schrecklich
Gitarre,entfernte Kollegin,Sophie,Miriam,1,Es war schrecklich.,schrecklich
Gitarre,entfernte Kollegin,Anna,Sophie,1,Es war schrecklich.,schrecklich
Gitarre,entfernte Kollegin,Anna,Katharina,1,Es war schrecklich.,schrecklich
Gitarre,entfernte Kollegin,Anna,Katharina,2,Es war schlecht.,schlecht
Gitarre,entfernte Kollegin,Luisa,Miriam,2,Es war schlecht.,schlecht
Gitarre,entfernte Kollegin,Luisa,Anna,2,Es war okay.,okay
Gitarre,entfernte Kollegin,Sophie,Miriam,2,Es war schlecht.,schlecht
Gitarre,entfernte Kollegin,Katharina,Luisa,2,Es war okay.,okay
Gitarre,entfernte Kollegin,Katharina,Miriam,2,Es war okay.,okay
Gitarre,entfernte Kollegin,Katharina,Luisa,2,Es war okay.,okay
Gitarre,entfernte Kollegin,Sophie,Anna,2,Es war schlecht.,schlecht
Gitarre,entfernte Kollegin,Anna,Miriam,2,Es war schlecht,schlecht
Gitarre,entfernte Kollegin,Sophie,Miriam,2,Es war okay.,okay
Gitarre,entfernte Kollegin,Sophie,Luisa,2,Es war okay.,okay
Gitarre,entfernte Kollegin,Katharina,Miriam,2,Es war okay.,okay
Gitarre,entfernte Kollegin,Anna,Katharina,2,Es war schlecht.,schlecht
Gitarre,entfernte Kollegin,Sophie,Miriam,2,Es war schlecht.,schlecht
Gitarre,entfernte Kollegin,Katharina,Sophie,2,Es war schlecht.,schlecht
Gitarre,entfernte Kollegin,Anna,Miriam,2,Es war schlecht,schlecht
Gitarre,entfernte Kollegin,Katharina,Miriam,2,Es war okay.,okay
Gitarre,entfernte Kollegin,Miriam,Anna,2,Es war schlecht.,schlecht
Gitarre,entfernte Kollegin,Sophie,Anna,2,Es war okay.,okay
Gitarre,entfernte Kollegin,Luisa,Katharina,2,Es war okay.,okay
Gitarre,entfernte Kollegin,Anna,Katharina,3,Es war okay.,okay
Gitarre,entfernte Kollegin,Miriam,Sophie,3,Es war okay.,okay
Gitarre,entfernte Kollegin,Anna,Miriam,3,Es war okay.,okay
Gitarre,entfernte Kollegin,Luisa,Miriam,3,Es war okay.,okay
Gitarre,entfernte Kollegin,Anna,Katharina,3,Es war okay.,okay
Gitarre,entfernte Kollegin,Katharina,Sophie,3,Es war okay.,okay
Gitarre,entfernte Kollegin,Miriam,Sophie,3,Es war okay.,okay
Gitarre,entfernte Kollegin,Miriam,Sophie,3,Es war okay.,okay
Gitarre,entfernte Kollegin,Luisa,Miriam,3,Es war okay.,okay
Gitarre,entfernte Kollegin,Miriam,Anna,3,Es war okay.,okay
Gitarre,entfernte Kollegin,Luisa,Sophie,3,Es war okay.,okay
Gitarre,entfernte Kollegin,Miriam,Sophie,3,Es war okay.,okay
Gitarre,entfernte Kollegin,Katharina,Anna,3,Es war okay.,okay
Gitarre,entfernte Kollegin,Miriam,Katharina,3,Es war okay.,okay
Gitarre,entfernte Kollegin,Luisa,Sophie,3,Es war okay.,okay
Gitarre,entfernte Kollegin,Katharina,Miriam,3,Es war okay.,okay
Gitarre,entfernte Kollegin,Katharina,Sophie,3,Es war okay.,okay
Gitarre,entfernte Kollegin,Miriam,Anna,3,Es war okay.,okay
Gitarre,entfernte Kollegin,Miriam,Luisa,3,Es war okay.,okay
Gitarre,entfernte Kollegin,Sophie,Katharina,3,Es war okay.,okay
Gitarre,entfernte Kollegin,Luisa,Sophie,4,Es war großartig.,großartig
Gitarre,entfernte Kollegin,Luisa,Anna,4,Es war gut.,gut
Gitarre,entfernte Kollegin,Sophie,Miriam,4,Es war gut.,gut
Gitarre,entfernte Kollegin,Miriam,Sophie,4,Es war gut.,gut
Gitarre,entfernte Kollegin,Sophie,Miriam,4,Es war gut.,gut
Gitarre,entfernte Kollegin,Katharina,Luisa,4,Es war gut.,gut
Gitarre,entfernte Kollegin,Anna,Luisa,4,Es war großartig.,großartig
Gitarre,entfernte Kollegin,Sophie,Anna,4,Es war gut.,gut
Gitarre,entfernte Kollegin,Katharina,Sophie,4,Es war gut.,gut
Gitarre,entfernte Kollegin,Katharina,Luisa,4,Es war gut.,gut
Gitarre,entfernte Kollegin,Katharina,Sophie,4,Es war gut.,gut
Gitarre,entfernte Kollegin,Miriam,Luisa,4,Es war gut.,gut
Gitarre,entfernte Kollegin,Miriam,Katharina,4,Es war gut.,gut
Gitarre,entfernte Kollegin,Katharina,Luisa,4,Es war gut.,gut
Gitarre,entfernte Kollegin,Miriam,Anna,4,Es war großartig.,großartig
Gitarre,entfernte Kollegin,Luisa,Miriam,4,Es war gut.,gut
Gitarre,entfernte Kollegin,Sophie,Luisa,4,Es war gut.,gut
Gitarre,entfernte Kollegin,Miriam,Luisa,4,Es war gut.,gut
Gitarre,entfernte Kollegin,Sophie,Luisa,4,Es war gut.,gut
Gitarre,entfernte Kollegin,Miriam,Katharina,4,Es war gut.,gut
Gitarre,entfernte Kollegin,Anna,Miriam,5,Es war großartig.,großartig
Gitarre,entfernte Kollegin,Katharina,Sophie,5,Es war großartig.,großartig
Gitarre,entfernte Kollegin,Anna,Luisa,5,Es war großartig.,großartig
Gitarre,entfernte Kollegin,Katharina,Sophie,5,Es war großartig.,großartig
Gitarre,entfernte Kollegin,Luisa,Katharina,5,Es war großartig.,großartig
Gitarre,entfernte Kollegin,Sophie,Katharina,5,Es war großartig.,großartig
Gitarre,entfernte Kollegin,Katharina,Anna,5,Es war großartig.,großartig
Gitarre,entfernte Kollegin,Luisa,Miriam,5,Es war großartig.,großartig
Gitarre,entfernte Kollegin,Anna,Luisa,5,Es war großartig.,großartig
Gitarre,entfernte Kollegin,Sophie,Luisa,5,Es war großartig.,großartig
Gitarre,entfernte Kollegin,Miriam,Sophie,5,Es war großartig.,großartig
Gitarre,entfernte Kollegin,Anna,Sophie,5,Es war großartig.,großartig
Gitarre,entfernte Kollegin,Miriam,Sophie,5,Es war großartig.,großartig
Gitarre,entfernte Kollegin,Miriam,Luisa,5,Es war großartig.,großartig
Gitarre,entfernte Kollegin,Anna,Miriam,5,Es war großartig.,großartig
Gitarre,entfernte Kollegin,Katharina,Anna,5,Es war großartig.,großartig
Gitarre,entfernte Kollegin,Luisa,Katharina,5,Es war großartig.,großartig
Gitarre,entfernte Kollegin,Luisa,Katharina,5,Es war großartig.,großartig
Gitarre,entfernte Kollegin,Miriam,Katharina,5,Es war großartig.,großartig
Gitarre,entfernte Kollegin,Miriam,Sophie,5,Es war großartig.,großartig
Gitarre,lockere Chefin,Anna,Miriam,1,Es war schrecklich.,schrecklich
Gitarre,lockere Chefin,Luisa,Sophie,1,Es war schrecklich.,schrecklich
Gitarre,lockere Chefin,Sophie,Katharina,1,Es war schrecklich.,schrecklich
Gitarre,lockere Chefin,Luisa,Sophie,1,Es war schrecklich.,schrecklich
Gitarre,lockere Chefin,Luisa,Miriam,1,Es war schrecklich.,schrecklich
Gitarre,lockere Chefin,Katharina,Luisa,1,Es war schrecklich.,schrecklich
Gitarre,lockere Chefin,Katharina,Luisa,1,Es war schrecklich.,schrecklich
Gitarre,lockere Chefin,Luisa,Miriam,1,Es war schrecklich.,schrecklich
Gitarre,lockere Chefin,Sophie,Katharina,1,Es war schrecklich.,schrecklich
Gitarre,lockere Chefin,Katharina,Luisa,1,Es war schrecklich.,schrecklich
Gitarre,lockere Chefin,Anna,Sophie,1,Es war schrecklich.,schrecklich
Gitarre,lockere Chefin,Anna,Sophie,1,Es war schrecklich.,schrecklich
Gitarre,lockere Chefin,Luisa,Katharina,1,Es war schrecklich.,schrecklich
Gitarre,lockere Chefin,Miriam,Luisa,1,Es war schrecklich.,schrecklich
Gitarre,lockere Chefin,Miriam,Luisa,1,Es war schrecklich.,schrecklich
Gitarre,lockere Chefin,Miriam,Sophie,1,Es war schrecklich.,schrecklich
Gitarre,lockere Chefin,Katharina,Luisa,1,Es war schrecklich.,schrecklich
Gitarre,lockere Chefin,Anna,Luisa,1,Es war schrecklich.,schrecklich
Gitarre,lockere Chefin,Katharina,Anna,1,Es war schrecklich.,schrecklich
Gitarre,lockere Chefin,Katharina,Anna,1,Es war schrecklich.,schrecklich
Gitarre,lockere Chefin,Anna,Luisa,2,Es war schlecht.,schlecht
Gitarre,lockere Chefin,Katharina,Sophie,2,Es war okay.,okay
Gitarre,lockere Chefin,Miriam,Katharina,2,Es war okay.,okay
Gitarre,lockere Chefin,Katharina,Luisa,2,Es war okay.,okay
Gitarre,lockere Chefin,Katharina,Sophie,2,Es war schlecht.,schlecht
Gitarre,lockere Chefin,Luisa,Sophie,2,Es war schlecht.,schlecht
Gitarre,lockere Chefin,Miriam,Anna,2,Es war okay.,okay
Gitarre,lockere Chefin,Luisa,Miriam,2,Es war schlecht,schlecht
Gitarre,lockere Chefin,Luisa,Sophie,2,Es war okay.,okay
Gitarre,lockere Chefin,Luisa,Anna,2,Es war okay.,okay
Gitarre,lockere Chefin,Miriam,Sophie,2,Es war okay.,okay
Gitarre,lockere Chefin,Miriam,Luisa,2,Es war schlecht.,schlecht
Gitarre,lockere Chefin,Luisa,Sophie,2,Es war okay.,okay
Gitarre,lockere Chefin,Katharina,Anna,2,Es war okay.,okay
Gitarre,lockere Chefin,Sophie,Katharina,2,Es war schlecht.,schlecht
Gitarre,lockere Chefin,Anna,Katharina,2,Es war okay.,okay
Gitarre,lockere Chefin,Miriam,Anna,2,Es war okay.,okay
Gitarre,lockere Chefin,Sophie,Luisa,2,Es war schlecht.,schlecht
Gitarre,lockere Chefin,Katharina,Anna,2,Es war okay.,okay
Gitarre,lockere Chefin,Katharina,Luisa,2,Es war okay.,okay
Gitarre,lockere Chefin,Anna,Sophie,3,Es war okay.,okay
Gitarre,lockere Chefin,Anna,Katharina,3,Es war okay.,okay
Gitarre,lockere Chefin,Luisa,Sophie,3,Es war okay.,okay
Gitarre,lockere Chefin,Sophie,Miriam,3,Es war okay.,okay
Gitarre,lockere Chefin,Luisa,Sophie,3,Es war okay.,okay
Gitarre,lockere Chefin,Luisa,Sophie,3,Es war okay.,okay
Gitarre,lockere Chefin,Katharina,Anna,3,Es war okay.,okay
Gitarre,lockere Chefin,Luisa,Katharina,3,Es war okay.,okay
Gitarre,lockere Chefin,Miriam,Anna,3,Es war okay.,okay
Gitarre,lockere Chefin,Anna,Katharina,3,Es war okay.,okay
Gitarre,lockere Chefin,Luisa,Anna,3,Es war okay.,okay
Gitarre,lockere Chefin,Katharina,Luisa,3,Es war okay.,okay
Gitarre,lockere Chefin,Miriam,Luisa,3,Es war okay.,okay
Gitarre,lockere Chefin,Miriam,Katharina,3,Es war okay.,okay
Gitarre,lockere Chefin,Miriam,Sophie,3,Es war okay.,okay
Gitarre,lockere Chefin,Miriam,Sophie,3,Es war okay.,okay
Gitarre,lockere Chefin,Miriam,Katharina,3,Es war okay.,okay
Gitarre,lockere Chefin,Luisa,Katharina,3,Es war okay.,okay
Gitarre,lockere Chefin,Luisa,Miriam,3,Es war okay.,okay
Gitarre,lockere Chefin,Sophie,Miriam,3,Es war okay.,okay
Gitarre,lockere Chefin,Miriam,Katharina,4,Es war gut.,gut
Gitarre,lockere Chefin,Katharina,Luisa,4,Es war gut.,gut
Gitarre,lockere Chefin,Katharina,Anna,4,Es war gut.,gut
Gitarre,lockere Chefin,Miriam,Katharina,4,Es war gut.,gut
Gitarre,lockere Chefin,Katharina,Luisa,4,Es war gut.,gut
Gitarre,lockere Chefin,Sophie,Anna,4,Es war gut.,gut
Gitarre,lockere Chefin,Anna,Luisa,4,Es war gut.,gut
Gitarre,lockere Chefin,Katharina,Miriam,4,Es war gut.,gut
Gitarre,lockere Chefin,Miriam,Katharina,4,Es war gut.,gut
Gitarre,lockere Chefin,Miriam,Luisa,4,Es war gut.,gut
Gitarre,lockere Chefin,Luisa,Katharina,4,Es war gut.,gut
Gitarre,lockere Chefin,Katharina,Anna,4,Es war gut.,gut
Gitarre,lockere Chefin,Miriam,Sophie,4,Es war gut.,gut
Gitarre,lockere Chefin,Katharina,Anna,4,Es war gut.,gut
Gitarre,lockere Chefin,Luisa,Anna,4,Es war gut.,gut
Gitarre,lockere Chefin,Miriam,Sophie,4,Es war gut.,gut
Gitarre,lockere Chefin,Anna,Katharina,4,Es war gut.,gut
Gitarre,lockere Chefin,Anna,Sophie,4,Es war gut.,gut
Gitarre,lockere Chefin,Miriam,Anna,4,Es war gut.,gut
Gitarre,lockere Chefin,Miriam,Katharina,4,Es war gut.,gut
Gitarre,lockere Chefin,Miriam,Luisa,5,Es war großartig.,großartig
Gitarre,lockere Chefin,Sophie,Anna,5,Es war großartig.,großartig
Gitarre,lockere Chefin,Sophie,Anna,5,Es war großartig.,großartig
Gitarre,lockere Chefin,Anna,Sophie,5,Es war großartig.,großartig
Gitarre,lockere Chefin,Anna,Miriam,5,Es war großartig.,großartig
Gitarre,lockere Chefin,Anna,Katharina,5,Es war großartig.,großartig
Gitarre,lockere Chefin,Luisa,Katharina,5,Es war großartig.,großartig
Gitarre,lockere Chefin,Anna,Miriam,5,Es war großartig.,großartig
Gitarre,lockere Chefin,Luisa,Anna,5,Es war großartig.,großartig
Gitarre,lockere Chefin,Sophie,Anna,5,Es war großartig.,großartig
Gitarre,lockere Chefin,Luisa,Katharina,5,Es war großartig.,großartig
Gitarre,lockere Chefin,Sophie,Katharina,5,Es war großartig.,großartig
Gitarre,lockere Chefin,Sophie,Miriam,5,Es war großartig.,großartig
Gitarre,lockere Chefin,Katharina,Luisa,5,Es war großartig.,großartig
Gitarre,lockere Chefin,Katharina,Anna,5,Es war großartig.,großartig
Gitarre,lockere Chefin,Katharina,Sophie,5,Es war großartig.,großartig
Gitarre,lockere Chefin,Miriam,Anna,5,Es war großartig.,großartig
Gitarre,lockere Chefin,Anna,Katharina,5,Es war großartig.,großartig
Gitarre,lockere Chefin,Miriam,Anna,5,Es war großartig.,großartig
Gitarre,lockere Chefin,Katharina,Miriam,5,Es war großartig.,großartig
Gitarre,gefürchtete Chefin,Katharina,Sophie,1,Es war schrecklich.,schrecklich
Gitarre,gefürchtete Chefin,Anna,Miriam,1,Es war schrecklich.,schrecklich
Gitarre,gefürchtete Chefin,Luisa,Katharina,1,Es war schrecklich.,schrecklich
Gitarre,gefürchtete Chefin,Luisa,Anna,1,Es war schrecklich.,schrecklich
Gitarre,gefürchtete Chefin,Sophie,Katharina,1,Es war schrecklich.,schrecklich
Gitarre,gefürchtete Chefin,Luisa,Miriam,1,Es war schrecklich.,schrecklich
Gitarre,gefürchtete Chefin,Luisa,Katharina,1,Es war schrecklich.,schrecklich
Gitarre,gefürchtete Chefin,Luisa,Sophie,1,Es war schrecklich.,schrecklich
Gitarre,gefürchtete Chefin,Anna,Miriam,1,Es war schrecklich.,schrecklich
Gitarre,gefürchtete Chefin,Miriam,Luisa,1,Es war schrecklich.,schrecklich
Gitarre,gefürchtete Chefin,Luisa,Sophie,1,Es war schrecklich.,schrecklich
Gitarre,gefürchtete Chefin,Luisa,Sophie,1,Es war schrecklich.,schrecklich
Gitarre,gefürchtete Chefin,Luisa,Sophie,1,Es war schrecklich.,schrecklich
Gitarre,gefürchtete Chefin,Miriam,Luisa,1,Es war schrecklich.,schrecklich
Gitarre,gefürchtete Chefin,Luisa,Miriam,1,Es war schrecklich.,schrecklich
Gitarre,gefürchtete Chefin,Katharina,Luisa,1,Es war schrecklich.,schrecklich
Gitarre,gefürchtete Chefin,Katharina,Anna,1,Es war schrecklich.,schrecklich
Gitarre,gefürchtete Chefin,Sophie,Katharina,1,Es war schrecklich.,schrecklich
Gitarre,gefürchtete Chefin,Sophie,Miriam,1,Es war schrecklich.,schrecklich
Gitarre,gefürchtete Chefin,Luisa,Miriam,1,Es war schrecklich.,schrecklich
Gitarre,gefürchtete Chefin,Miriam,Katharina,2,Es war schlecht,schlecht
Gitarre,gefürchtete Chefin,Anna,Luisa,2,Es war schlecht.,schlecht
Gitarre,gefürchtete Chefin,Anna,Miriam,2,Es war schlecht.,schlecht
Gitarre,gefürchtete Chefin,Anna,Sophie,2,Es war schlecht.,schlecht
Gitarre,gefürchtete Chefin,Sophie,Katharina,2,Es war schrecklich.,schrecklich
Gitarre,gefürchtete Chefin,Anna,Sophie,2,Es war schlecht.,schlecht
Gitarre,gefürchtete Chefin,Katharina,Luisa,2,Es war schlecht,schlecht
Gitarre,gefürchtete Chefin,Anna,Miriam,2,Es war schlecht.,schlecht
Gitarre,gefürchtete Chefin,Anna,Luisa,2,Es war schlecht,schlecht
Gitarre,gefürchtete Chefin,Luisa,Sophie,2,Es war schlecht.,schlecht
Gitarre,gefürchtete Chefin,Sophie,Anna,2,Es war schlecht.,schlecht
Gitarre,gefürchtete Chefin,Sophie,Luisa,2,Es war schlecht.,schlecht
Gitarre,gefürchtete Chefin,Luisa,Sophie,2,Es war schlecht.,schlecht
Gitarre,gefürchtete Chefin,Luisa,Sophie,2,Es war schlecht.,schlecht
Gitarre,gefürchtete Chefin,Katharina,Luisa,2,Es war schlecht.,schlecht
Gitarre,gefürchtete Chefin,Miriam,Anna,2,Es war schlecht.,schlecht
Gitarre,gefürchtete Chefin,Sophie,Luisa,2,Es war schlecht.,schlecht
Gitarre,gefürchtete Chefin,Sophie,Anna,2,Es war schlecht.,schlecht
Gitarre,gefürchtete Chefin,Katharina,Miriam,2,Es war schlecht,schlecht
Gitarre,gefürchtete Chefin,Anna,Sophie,2,Es war schlecht.,schlecht
Gitarre,gefürchtete Chefin,Miriam,Sophie,3,Es war okay.,okay
Gitarre,gefürchtete Chefin,Katharina,Sophie,3,Es war okay.,okay
Gitarre,gefürchtete Chefin,Katharina,Luisa,3,Es war okay.,okay
Gitarre,gefürchtete Chefin,Katharina,Anna,3,Es war okay.,okay
Gitarre,gefürchtete Chefin,Miriam,Katharina,3,Es war okay.,okay
Gitarre,gefürchtete Chefin,Katharina,Anna,3,Es war okay.,okay
Gitarre,gefürchtete Chefin,Miriam,Luisa,3,Es war okay.,okay
Gitarre,gefürchtete Chefin,Luisa,Katharina,3,Es war okay.,okay
Gitarre,gefürchtete Chefin,Miriam,Anna,3,Es war okay.,okay
Gitarre,gefürchtete Chefin,Anna,Sophie,3,Es war okay.,okay
Gitarre,gefürchtete Chefin,Sophie,Miriam,3,Es war okay.,okay
Gitarre,gefürchtete Chefin,Sophie,Anna,3,Es war okay.,okay
Gitarre,gefürchtete Chefin,Katharina,Luisa,3,Es war okay.,okay
Gitarre,gefürchtete Chefin,Sophie,Miriam,3,Es war okay.,okay
Gitarre,gefürchtete Chefin,Sophie,Katharina,3,Es war okay.,okay
Gitarre,gefürchtete Chefin,Luisa,Miriam,3,Es war okay.,okay
Gitarre,gefürchtete Chefin,Anna,Sophie,3,Es war okay.,okay
Gitarre,gefürchtete Chefin,Luisa,Miriam,3,Es war okay.,okay
Gitarre,gefürchtete Chefin,Miriam,Katharina,3,Es war okay.,okay
Gitarre,gefürchtete Chefin,Miriam,Luisa,3,Es war okay.,okay
Gitarre,gefürchtete Chefin,Miriam,Katharina,4,Es war gut.,gut
Gitarre,gefürchtete Chefin,Miriam,Anna,4,Es war gut.,gut
Gitarre,gefürchtete Chefin,Sophie,Miriam,4,Es war gut.,gut
Gitarre,gefürchtete Chefin,Sophie,Anna,4,Es war gut.,gut
Gitarre,gefürchtete Chefin,Katharina,Anna,4,Es war gut.,gut
Gitarre,gefürchtete Chefin,Katharina,Luisa,4,Es war großartig.,großartig
Gitarre,gefürchtete Chefin,Luisa,Anna,4,Es war gut.,gut
Gitarre,gefürchtete Chefin,Luisa,Katharina,4,Es war gut.,gut
Gitarre,gefürchtete Chefin,Anna,Sophie,4,Es war gut.,gut
Gitarre,gefürchtete Chefin,Miriam,Katharina,4,Es war gut.,gut
Gitarre,gefürchtete Chefin,Sophie,Luisa,4,Es war gut.,gut
Gitarre,gefürchtete Chefin,Miriam,Sophie,4,Es war gut.,gut
Gitarre,gefürchtete Chefin,Anna,Miriam,4,Es war gut.,gut
Gitarre,gefürchtete Chefin,Katharina,Sophie,4,Es war gut.,gut
Gitarre,gefürchtete Chefin,Katharina,Anna,4,Es war gut.,gut
Gitarre,gefürchtete Chefin,Miriam,Sophie,4,Es war gut.,gut
Gitarre,gefürchtete Chefin,Sophie,Miriam,4,Es war gut.,gut
Gitarre,gefürchtete Chefin,Luisa,Katharina,4,Es war großartig.,großartig
Gitarre,gefürchtete Chefin,Katharina,Sophie,4,Es war gut.,gut
Gitarre,gefürchtete Chefin,Katharina,Sophie,4,Es war gut.,gut
Gitarre,gefürchtete Chefin,Katharina,Sophie,5,Es war großartig.,großartig
Gitarre,gefürchtete Chefin,Miriam,Sophie,5,Es war großartig.,großartig
Gitarre,gefürchtete Chefin,Anna,Luisa,5,Es war großartig.,großartig
Gitarre,gefürchtete Chefin,Luisa,Anna,5,Es war großartig.,großartig
Gitarre,gefürchtete Chefin,Sophie,Miriam,5,Es war großartig.,großartig
Gitarre,gefürchtete Chefin,Luisa,Miriam,5,Es war großartig.,großartig
Gitarre,gefürchtete Chefin,Anna,Luisa,5,Es war großartig.,großartig
Gitarre,gefürchtete Chefin,Miriam,Luisa,5,Es war großartig.,großartig
Gitarre,gefürchtete Chefin,Katharina,Miriam,5,Es war großartig.,großartig
Gitarre,gefürchtete Chefin,Miriam,Anna,5,Es war großartig.,großartig
Gitarre,gefürchtete Chefin,Miriam,Anna,5,Es war großartig.,großartig
Gitarre,gefürchtete Chefin,Anna,Luisa,5,Es war großartig.,großartig
Gitarre,gefürchtete Chefin,Sophie,Miriam,5,Es war großartig.,großartig
Gitarre,gefürchtete Chefin,Miriam,Katharina,5,Es war großartig.,großartig
Gitarre,gefürchtete Chefin,Miriam,Sophie,5,Es war großartig.,großartig
Gitarre,gefürchtete Chefin,Miriam,Sophie,5,Es war großartig.,großartig
Gitarre,gefürchtete Chefin,Anna,Katharina,5,Es war großartig.,großartig
Gitarre,gefürchtete Chefin,Anna,Miriam,5,Es war großartig.,großartig
Gitarre,gefürchtete Chefin,Luisa,Sophie,5,Es war großartig.,großartig
Gitarre,gefürchtete Chefin,Katharina,Sophie,5,Es war großartig.,großartig
